,kategori_label,PC1,PC2,PC3,PC4,PC5,PC6,PC7,PC8,PC9,PC10,PC11,PC12,PC13,PC14,PC15,PC16,PC17,PC18,PC19,PC20,PC21,PC22,PC23,PC24,PC25,PC26,PC27,PC28,PC29,PC30,PC31,PC32,PC33,PC34,PC35,PC36,PC37,PC38,PC39,PC40,PC41,PC42,PC43,PC44,PC45,PC46,PC47,PC48,PC49,PC50,PC51,PC52,PC53,PC54,PC55,PC56,PC57,PC58,PC59,PC60,PC61,PC62,PC63,PC64,PC65,PC66,PC67,PC68,PC69,PC70,PC71,PC72,PC73,PC74,PC75,PC76,PC77,PC78,PC79,PC80,PC81,PC82,PC83,PC84,PC85,PC86,PC87,PC88,PC89,PC90,PC91,PC92,PC93,PC94,PC95,PC96,PC97,PC98,PC99,PC100
0,sport,-0.0717795972968742,-0.06419856847015953,-0.08023781492803175,0.11603952613382817,-0.03197127683144076,0.29502732358661293,0.06342387317509242,0.16578609811109923,0.1821334977146391,-0.1514193159622435,-0.1822822713155968,-0.07063724522858753,0.051160421506473666,0.6351648671643224,0.15740908248110588,0.11514012740706717,0.11415616506342727,0.03234177085817972,-0.002758438794987699,0.011284759891588806,-0.1315879303626159,-0.055239374532728806,-0.000521532239250593,0.04906395542971176,0.03444934310736809,-0.00014047442315147647,-0.010511134624974822,0.024208781434611526,0.00512983193020715,-0.0030750185341534538,0.007872271022010402,-0.011718204146472433,0.022293456730959307,-0.012578880256066778,0.001831406845710565,-0.03523632439980102,0.032021284161233385,-0.013337334470684956,-0.003993380713163414,-0.013609412239597087,0.0063485748419178116,0.044665355384783736,-0.011556328618198887,0.019076590024402623,0.003905124293011976,0.018638584868611762,0.007678620913307374,-0.012585988899724758,0.0005567284079469268,-0.022864716264708214,0.005634566233555332,-0.03325143526429963,-0.04610724713471825,-0.007012645831947872,-0.01520130898673763,0.012023673614296522,-0.015123581921657641,0.0002308594168953222,-0.010140470137475764,0.001492979561173171,-0.00043036801321349555,-0.004099281666472186,0.01935131993166611,-0.006200637754551144,-0.005632586278512622,0.013824404176630951,-0.002688449159287877,-0.0030165707150590893,0.004010479514233557,-0.01333756289303828,-0.006703351763241584,0.010279491509610673,-0.010814696041957573,-0.0004494309997011167,-0.016459802634702377,-0.028015232753196836,-0.01678214030753396,-0.000967715907446106,0.002130605179477647,-0.011033880763494867,-0.014451721989178497,0.00930393370283564,-0.0019864428563689646,-0.014439237712871632,0.015481192076742152,-0.006881732716608267,0.008744314904837671,0.01372923298560588,0.007235106279089886,0.015726485803435292,0.01085284127031368,0.007049649155813231,-0.02216901033817683,-0.0025903231580829745,0.004471332984429429,0.006670891791964092,0.007956608219178148,0.014395634118906465,-0.028862885147630073,0.014913204208688802
1,sport,-0.07886755054496651,0.0007014778266920986,-0.024529933638990056,0.0897445906694541,-0.05495918032883988,0.2619466873333548,0.02976065786636096,0.155310121081077,0.16974688824635492,-0.15879127720510355,-0.2142517429052191,-0.07197989494738506,0.06610187501889356,0.7024194255138329,0.16294817564370287,0.09772924020228191,0.11673170567484926,0.04637832303921571,-0.01929276704338445,0.014709959044358966,-0.11769583518021072,-0.06578263282373871,0.02236543345898384,0.014798729185751244,0.06454815723336922,-0.0034552257224192253,0.0015859010654057902,0.040060739242935704,0.009010983824751732,-0.00958939192375545,0.0412724412577438,0.005266088014224554,0.022718300576509916,-0.03498724750241377,0.026812478752197624,-0.001518526087414169,0.0035614362483238873,-0.029641301905672598,0.009058428659182645,-0.023042293176514905,0.0031915839601079675,0.014845300508865664,0.004963915239818597,0.012160190846967546,-0.03238991459252492,-0.014127973133814302,0.009697484159590024,0.007411987823465278,0.018015321287973615,0.03022620752193034,-0.007148194780710607,-0.02829243614185746,0.008554683319783275,-0.03580921473831855,-0.016323647928046175,0.010080028623916036,0.015894609074127604,0.039727894015640114,-0.01105431353880138,-0.0010314957060362077,0.01775407709540839,-0.007668981255198607,0.003440751058898611,-0.0175349379921056,-0.02026636406376639,-0.04136958276845646,-0.02522148647262911,0.01967866555162987,-0.03123619107041552,-0.006891059146623875,0.0071467391993723164,-0.011743187650708156,0.023139698655257317,-0.018180125384078705,0.023120254434091034,-0.0005859514364277095,-0.012914947277195785,-0.0058922601892024825,-0.00664731421106434,0.0008263109932329818,-0.005487449783094955,0.0032961172134428783,-0.006650139140131461,8.902527700788292e-05,-0.0019734223914634717,-0.006434334580077642,0.03405974482152249,-0.006489184128331904,0.024379696123891625,-0.025228290230213515,-0.02207780639481157,-0.012897451851829785,0.018606853008721478,-0.0022744437766187603,-0.003746510446354668,0.005806645338115602,0.013711765651037808,0.014098080301891542,0.0020801114792754886,-0.014348790307403964
2,sport,-0.0708811390154304,0.05597114294367249,-0.08999014469165056,-0.010246119608283259,-0.022040662642369382,-0.00966507303645975,0.004083892698554045,-0.014058836665846832,-0.0428796970494956,-0.0038703189586678905,0.0550881821469838,-0.058935407270587235,-0.039737365104686846,0.013861250410942457,-0.021154591083567542,-0.059522367957388224,-0.08673582256859304,0.06425253079986651,-0.04092599787972418,0.007597014691164031,0.026019530583821605,0.05523633352712922,-0.13496803415252598,-0.0020071456311208644,-0.19874742271796064,-0.0010636718122812366,0.016784376514060634,0.40392420602000734,0.12308462292755423,0.03943776700520422,-0.18679045555322815,-0.08450570717882502,-0.05000088953399774,-0.10249032839855639,0.07463967217145122,-0.19530107909283465,-0.012548327559007734,-0.006744951521095051,-0.046482031056214616,0.01810867689303518,-0.1068333421978494,-0.19133139295291382,0.027535501092022116,0.06665034140562241,0.05957660487691379,0.019635896173603114,-0.10085128630126107,-0.03157650499430294,-0.07493939821114669,0.06452246072321831,-0.08813588517716371,-0.02576069534930271,0.04374898715934345,-0.10506989511404037,0.07241806339926085,0.0031997453903257426,-0.0013208776922196978,0.01459073638887669,0.01638635303250469,-0.028619151379241828,0.0021731315253325115,-0.019054575676771646,0.03970956604690548,-0.029240247360028487,-0.14096103486072925,-0.07307740870775734,0.12445655527349486,-0.14151655642976624,-0.03774558435716049,0.009539365251518366,0.07144642553475926,0.06428651825544619,0.01179141975679361,-0.015406251782133158,-0.030621023852844497,-0.05338989487938941,-0.04477112301026239,0.05986781128303577,0.05126913647618691,0.03349123281863909,0.10286045540049644,0.06502644559470995,0.021982336268120944,-0.004652713096594381,0.12567058183886395,-0.053709880139723526,0.055370114760970195,-0.04991383334368944,-0.009339169717818023,0.030322523137041344,-0.0007989636200148841,-0.025187938089188552,-0.015447666788753086,-0.036495294610610914,-0.06467890959678381,0.04613645742762168,-0.0030861141820280164,-0.01893039972624669,0.002688459786693749,-0.04613813460588033
3,sport,-0.10520404798546702,0.08457033764368825,-0.0245771750610952,0.03925496988365957,0.012283816465147522,0.018756259267539953,0.0026450150104032665,0.05962100437408324,0.01397942420291209,-0.04191912026874829,-0.11681435221391759,0.03735935985589968,0.07020273079084627,-0.01732060820818237,0.045165122042704856,-0.10606243583629485,-0.007466929524456838,0.11905292563002003,-0.09414218153565783,-0.061390469920508194,0.41435163482532894,0.43716642766725927,0.1356793685293769,0.20668855903419775,0.11035504018790249,-0.011831549521176201,0.026885648852622138,-0.10924460954599713,0.026313577635867783,0.003711988239054059,-0.027676168629891047,0.017572997083772662,-0.07097392148554507,-0.09065372071416382,0.018421643974991964,-0.03196312579019882,-0.04080870530321525,-0.13613524489642118,-0.010975905768347956,0.05838615176335731,-0.003862077572443024,0.05474293572252217,0.03456461579685292,0.01496070756191233,-0.07765271049584539,-0.0007998800543799996,0.054928196901855374,0.06744670761502608,0.061788518313301476,0.023965791618532163,-0.004255300275166495,0.06663318346949304,-0.03980056036820452,-0.052602520207848204,0.01743013094505566,-0.005444956255697606,0.08163309656454576,0.08955115838967664,0.11841160805758187,-0.013431693604422678,0.013444780392300815,0.039929210371412734,0.08744722664159493,0.032804443490449774,-0.06233484615672256,0.06814474766550731,-0.005517537884591862,-0.026439197996460002,-0.04794034290980594,-0.02038801891572969,0.05395976343396198,-0.042106704579398434,0.055150078240628314,-0.10179941601338115,0.024778040307010318,-0.011999829421586157,0.005289375839100845,0.02166785018719884,-0.0017879419852421296,0.06795737554113618,-0.07043321423676278,0.04262529475568488,-0.06816618163069722,0.014723562393960849,0.10628910145933242,0.05534873051136342,-0.10310976793522134,0.08577115598339607,-0.0042269268412443795,0.03742126174014266,-0.09775724956649982,-0.03888816570750081,-0.028447665221790843,-0.014548754056807136,-0.08009381316977578,-0.03234101427543616,0.01132509862550158,0.017926932996938837,0.05665334853419257,0.018730560214625158
4,sport,-0.07358100785381792,-0.03439656925018739,0.047143991679921816,0.062288611090125914,0.012412964327861802,0.07007844595099545,0.0862669197133217,0.07645509483444647,-0.017248720436725287,-0.005431427458561773,-0.0014943396934365303,-0.02681592161843751,-0.022523370248497758,-0.016022941525252403,-0.01171161863828505,0.015938644113069306,0.0037871226516432203,0.002032610869802402,-0.026327539378005877,0.001368528112871284,0.0247915884033247,0.03956324192080584,0.011638048904887791,0.0678520586581595,-0.0022603898431137566,-0.003097696936964075,-0.009984150419674511,-0.038366926917807215,-0.015847517015304468,-0.07038900045960683,0.06168149992247455,-0.021340226116632225,-0.054309729000087216,0.225739109787262,0.023350262774371418,-0.0661196264429586,0.15206258751246587,0.5010303271419992,-0.00022111941663873722,0.025729133362169452,-0.018533509304386426,-0.20613102523553078,-0.12410715547306031,0.19241749893074553,-0.027480891958312992,-0.14410327815960391,0.015538118932709611,0.02569874402897069,0.06610731655692026,0.029806382899258042,0.047167601813328276,0.015302831580236926,-0.022760228145103173,-0.04165426245101523,0.09500128762833564,-0.08966713873825824,0.041852894879731706,0.009125714456914876,0.11267549320017949,0.03786307600914097,0.014372201431747104,-0.011016788599876341,0.019323682749867496,-0.054496438876967916,0.011096109930291143,-0.04430256140257579,-0.016338862910282654,-0.033119271933908324,-0.08558440356124507,0.035904309801774795,-0.026109608106247476,0.01858539002951977,-0.10381775368353546,-0.035045126632903205,0.014901361994690818,-0.0054989073851358285,0.09178229125449072,-0.04665048542055478,0.09153815375703685,0.026562628360045727,-0.0027602551346483915,0.03799142106039352,0.09427097401178997,0.07157344228774903,-0.06520448509269318,0.04391141198593797,-0.17284444047078182,0.13625407643194268,0.018585024880139044,0.017293664909968483,0.04629855331612015,0.05188953582752632,0.12479932762074786,-0.08819003391542464,0.14047577312516726,-0.07088884328337404,0.020811546142594915,-0.0335500006501676,-0.005388624002165064,0.22029407040437074
5,sport,0.022319748939298608,-0.1531431698901984,-0.11439850545073021,0.09220168265710857,-0.26673510064353245,0.4995847481466917,-0.22571060770144247,-0.21638494905529135,0.4353587981975649,0.2500114092892781,0.010804349734426951,0.22976494239546055,-0.06395049049053728,-0.17906660304502237,0.015219037389161305,-0.01473178043750284,0.06293827039032454,0.02257712404196595,-0.0026416925301675216,-0.045854437259778814,-0.05617119150144128,0.0229853658574207,0.01576887597979052,0.02587654467750593,-0.011379964676014596,-0.04963685065218744,0.0077170447768463105,0.010285240359611965,-0.021110026617953682,0.02034367341659487,-0.015644870513541846,-0.020739359866378457,0.006489530700729125,-0.015511409698552765,0.0003685198249340983,0.016700879572630164,0.03378242848680819,0.006959009645199619,-0.004868926510788323,0.00045611909572759285,-0.004623996504637729,-0.0010210966335726347,0.00876200741205972,0.0015696276271553427,-0.0010919104380404821,0.015360385574906755,-0.01988569354272738,0.00015489997074646174,0.011021097172529132,-0.011088418504387463,-0.008700953788204865,-0.00745451300254365,-0.0014809824424286122,0.0038863935061579785,0.004309224075597089,0.0007510433118608902,0.010699688827147358,0.007127450540901314,-0.010958701138859182,-0.005053419483634734,-0.002968283002010136,-0.0001315336880962418,0.0041219056500111356,-0.01484449016389828,0.0003094623620143012,-0.005724238562910505,0.0001612846710048277,-0.006381575137440118,0.0025122744299196473,-0.01232481850826874,-0.014535588576706596,0.003733497621617968,0.001647654567265061,-0.001520514735579735,-0.017571563111027044,-0.002876438875681564,0.014035277857753188,-0.0043781017902161865,-0.0007109195336584007,-0.0069694520621907665,0.0045178188912482296,-0.0009252159829661469,-0.01299375124690126,0.004809703458046723,0.0004298986543256828,-0.007071091117752722,0.000931968317598066,-0.001489781102306658,-0.004099226671764396,-0.0023169760357037578,0.0007546484506156743,0.0002542990061450464,0.009896608522314205,-0.0003749952122643766,-0.004939127313881449,0.005813756174330503,-0.0034155052179336617,0.0022332463669180874,0.006181634933538201,-0.007191057811645077
6,sport,-0.11161755332396839,-0.19875660355879973,-0.05508629553331694,0.6276459153047474,0.24601073230254444,-0.42100999569567776,-0.18742500100328288,-0.2618915398043793,0.13317017774471365,0.1763230082363681,-0.02747150279723484,-0.08931559845917496,0.012495604440406169,0.08688837131575886,0.11894607447856435,-0.15867598694326623,-0.030660204299453785,0.19474011296094199,-0.024510367712466515,0.009905554408233134,-0.056317591725255946,0.01057878595414138,-0.03512668752126846,-0.0004214432191699064,0.02162511817509266,0.0035657837594088556,0.015128352674310843,-0.025343686032676033,-0.002325487014967019,-0.023920049230311786,0.022750164646722137,0.03324618938078405,-0.003024270741682196,0.019086024085385823,0.0362680786513614,0.0015622569443934432,0.004543425678912852,0.012169582541659073,0.012342244998661614,-0.005783782314797785,-0.03738652699386638,-0.003038969589494847,-0.009813159166580624,-0.019311835589394272,-0.009969637345914792,0.0022418248147759285,-0.0004991779949340375,0.005508043061894535,-0.0015457580800787075,-0.002350866262297539,-0.003417156870776875,-0.009316183649596048,0.0031027948620065394,0.007202533205437866,-0.011468539998253561,-0.014925288578390794,0.002141659021574797,0.0016825694268832628,-0.014536032455652803,0.004281687123378075,-0.0010035693533112689,-0.016196926750509343,-0.01451569848181666,-0.006236769991177347,0.006289345111080268,-0.0033695796974718634,0.0011646316881115605,-0.003136728135014268,-0.0022795296645510177,-0.0031574324740615625,0.014240849153290778,-0.004496768525501621,-0.0018930130169683554,0.0004733764651508636,0.0024549806284404805,0.011037531488377631,0.0047971082742960325,-0.0016468169215579388,-0.006325283980923949,2.951642584408022e-05,-0.003374486373436811,0.001491802448883312,-0.0027035293362240396,0.0002200319066865831,-0.0023524630829216756,-0.001238607152514256,0.002363983982485096,0.004738350598792684,-0.0013646117545283447,0.002656830972499528,0.016838674856029575,-0.0003541881372552894,-0.00859306701449392,-0.005286501063829792,0.0055424972007999595,0.0057584182164654675,0.0014026992964681147,-0.0019024368361825722,-0.0018582038787598092,-0.00668856374518839
7,sport,-0.06696408911958349,0.14907275310746404,-0.26370468838448224,-0.08477753796913974,-0.001045110565841282,0.033032512986302644,-0.027639742007758646,-0.06873826392899733,0.017113926143500068,0.006238588149886677,0.05807777877750239,-0.12824896303835956,-0.09772783824976566,0.057200751311224346,-0.15275108742841367,0.10036002831305571,-0.11958081254208723,0.06658789399611317,-0.05740270351198954,0.108533264722337,0.11078157980865615,-0.014649236158752528,-0.12862468757320322,-0.16112524094984387,-0.21129650112467968,-0.050500837904374096,0.060318346122356856,-0.21001135197309434,0.09196071812987486,-0.09918309793696463,-0.13039982174443177,-0.08837040202392388,0.07219252458306653,-0.09735108401902849,0.048228773894724034,0.010813046485843724,-0.020868712196642523,0.041063343277636194,0.08612554780469132,0.01384501225110172,-0.14293618682678538,0.036625471683527304,0.07923797415830279,-0.008679261744856706,-0.05990382430454776,-0.15180100643958047,-0.01634322464169721,0.06262369625962957,0.006428829206962913,-0.015663429095551008,0.10120167609927627,-0.07864824187874482,-0.04066066630849372,-0.03551227692983049,0.037230208209310695,-0.045422415001492245,0.0396690361724515,0.0018102092485364131,-0.06783583009162067,0.03794482602963481,0.024794487970983083,0.08345234815730267,0.05040195597832851,-0.0099311479059258,-0.04798107534307659,-0.007185356896428112,-0.0029307343196388076,0.00656014874404301,0.018447960199683363,-0.07651070855080529,-0.037992508364488656,0.05349115400700236,0.006665871412769974,-0.032254664470511264,-0.06292431507713019,0.07806212844471472,-0.05240929652443005,-0.0037653990403562205,0.003951990511966904,-0.06986913020468309,-0.026400782009863316,0.03147629961837372,0.011638674695874318,-0.08295892223495749,-0.08670205656096515,-0.02032032125524342,0.00039407337403543364,-0.0007379206643301163,-0.03154468251383527,0.014379795573333227,0.0003095653640826666,-0.011677279262117337,-0.0013911226775583016,0.006340777042743119,0.04128236327375031,0.0017034107132517034,-0.019249547249110755,0.019358008880020535,0.0032763799911492693,-0.06056679053436136
8,sport,-0.1092396043497479,-0.19653947342799608,-0.05195860377483914,0.6172703480457068,0.24407527370571874,-0.42301362687934985,-0.18772947266270548,-0.2666494211291342,0.13476970404873737,0.18032888174361258,-0.028932470123314045,-0.09345275334133325,0.013512966289841631,0.09096865109937166,0.12423355521892514,-0.16573427475753588,-0.033325677506401655,0.20504041800239106,-0.024116963063072826,0.0099614630466239,-0.06088682995359142,0.01107988341354115,-0.0375598428426382,-0.0004137098816507399,0.021570268879891875,0.002440167210232621,0.01632136638922729,-0.02449344926503741,-0.0011887246810260946,-0.026014026582663566,0.026474479610256393,0.03764780013847648,-0.002646299431159436,0.021970866264635576,0.0431218498383449,0.00263076877327842,0.004766554227909854,0.015544449530666351,0.014038341374349866,-0.006303191120538313,-0.04016298754763006,-0.003670815041828939,-0.010894428518219089,-0.021256060806362633,-0.010046800314615767,0.003693934833685094,-0.0014026879851726506,0.007029708141125566,0.00043371274324022875,-0.003274038693779488,-0.006170016700552715,-0.010927702357842472,0.004450865576117762,0.00829095529273872,-0.009574295860243718,-0.015931678832246308,0.0006069536455970408,0.002075462506885703,-0.018393909565561667,0.007292331541907297,-0.0004027391621751788,-0.017964842149755734,-0.016506935963254966,-0.012746653247729693,0.009091397645478276,-0.004226476689277261,0.0008380783961622596,-0.004192542617809987,-0.0033861781279402713,-0.003685503608513112,0.016475934579105504,-0.0055988387361350575,-2.0597627328609845e-05,0.0019447414097584802,0.0022784492238505224,0.015748016194517246,0.005705532759571907,-0.0014265266315868531,-0.008568995974996425,0.0004947104690383912,-0.0049382232138102475,-0.0008705328697611136,-0.0014266172142969953,-0.0011820275595833258,-0.0018306532013347716,-0.0038684622012981357,0.0023156557767314966,0.009090615406541916,-0.00013984533914857314,0.006166853120836259,0.024283921178504374,0.0003031618526858311,-0.010793407063991994,-0.00624926965442888,0.005545694769874028,0.007585978099890981,-0.00038721775291507607,-0.001275120567089174,-0.0007314338587796227,-0.007851560034495896
9,sport,0.028069668886943656,-0.1492810424809021,-0.1123202917533477,0.08633209762028637,-0.27813264457192416,0.4980129346013052,-0.22137842445229186,-0.2286908050273186,0.4381016822947445,0.2649099387438918,0.0045850997060816875,0.2454655655592065,-0.07571008273156388,-0.19754783962578004,0.018870855830354413,-0.01047265037147485,0.07525081539768098,0.03200059671447861,0.00883645114256227,-0.04436412752288373,-0.06512965663085171,0.02937632491555671,0.019196407417052717,0.01694793790100719,-0.005792808164782547,-0.04574458548744209,0.01759204244602092,0.014441755674372154,-0.024578898097465347,0.02156144547089542,-0.005666537960157763,-0.021790582504980914,0.008370679716538732,-0.0035566643749374996,0.004047886833831516,0.02131897392102675,0.03229064421919474,0.006757212472866145,-0.014190259562647302,-0.009064705417984022,-0.011797698953729839,0.005991563178564416,0.018386387236229308,0.005335413411477282,0.0039951590956132125,0.012192555523896642,-0.0044380798205556045,0.025551423817825457,0.023953177163256224,-0.012705016840429606,-0.022327978789039606,-0.02477960647854792,0.0032701080351429596,0.010075691567156516,0.00225188735744165,-0.009043795225499182,-0.00019439108605660388,0.0057305655746338075,-0.022521985608504935,-0.013434203722093486,-0.0010754911009416607,-0.0005611030514310768,0.012264436432154151,-0.002535124919156655,0.004315733789836782,-0.015351987079654158,0.002545840024624759,0.0012584849402752813,-0.001996062480678261,-0.002290771095514511,-0.0030736927564175218,0.007821163659868822,-0.009646361387518813,-0.0015335437496291288,-0.013064454338852083,-0.0043291523458681,0.001205848262936455,-0.000543919483230422,-0.004928048598728364,-0.003023297212932867,0.0024468090172568018,-0.00019746543509248216,-0.007256628386344801,-0.00013511824783535759,0.005147229870681554,-0.003280163229030903,0.007747434183439212,0.007574226872734597,-0.007695598190411844,-0.00247779951807498,-0.004468321186331454,0.0007321041650291321,-6.887008759578408e-05,0.004431567855856356,-0.0009924866232784602,-0.004131657510070072,0.004609154288723823,0.004281953441891787,0.010967200624076795,-0.005063187017947018
10,sport,-0.10953504469145359,-0.19773894959919822,-0.052571139296825144,0.6199200235517134,0.2442771908521314,-0.42222991444491104,-0.18811829913193465,-0.2667071641030558,0.13539301216434488,0.17982844001493292,-0.02854524606204269,-0.09249634736689442,0.013223064609935867,0.09023063819884829,0.1236297059184479,-0.1649264339281937,-0.03322082647908038,0.20298507349086042,-0.02447561436189822,0.009621188984889232,-0.059543703116218816,0.01029974145361819,-0.03620638121360576,-0.0006913793240909302,0.02143196813821181,0.0024170264759713826,0.01564353247697539,-0.024620169525055604,-0.0009128472690832472,-0.025605523280028256,0.02665525348843475,0.03698885476247347,-0.0031581741645667193,0.021595688813745816,0.04149443022627135,0.0029755833703653074,0.0046563111135227864,0.015154889785203355,0.014186064878522196,-0.006621140666840042,-0.03892798014457009,-0.0042792632138808975,-0.010707417841414693,-0.021638627069208136,-0.00863593444305693,0.0017821723760435332,-0.001697799081813463,0.00563600320380744,-0.0007491362754319511,-0.002826594949016149,-0.004202241274738158,-0.01108203176701704,0.005028585620264629,0.008730259302692098,-0.01037198324765007,-0.01592492106017077,0.0015112040270907048,0.0007242858476439705,-0.015322739331528548,0.006732328012069396,-0.0011383477910167786,-0.01836832043332216,-0.01802067150499941,-0.009784713054792536,0.008999564801470844,-0.004498533807416082,-0.0003650122043757163,-0.004223030496914505,-0.0023034898105661807,-0.0031222564081252444,0.01535995430656153,-0.006978884316356031,-0.001972692882691161,0.0013165890201868348,0.001196459836219415,0.01424700355759977,0.0043085080656224016,-0.0018334065139164893,-0.0076582407658922,-0.00018037575785327342,-0.004434718594863354,0.00014849561099914872,-0.0013668535074219882,-0.0012813617907765633,-0.0016966243713650814,-0.0030181764894254884,0.0034490462014115314,0.007213785333050076,0.0005872284431768063,0.004158617670088267,0.022679731554833663,-0.000697980178946448,-0.00947735434547679,-0.005547610212158296,0.006191400832157604,0.00660391672741853,0.0009400547225294921,-0.002157334438799496,-0.0006816654633225558,-0.006979089264991213
11,sport,-0.13189868918333336,0.23039765646392438,-0.19507701116466275,-0.1567286478617228,0.07458861205513737,-0.08934982104952138,-0.012345437323535442,-0.14082235099100712,0.0632458943790718,0.12492785850394737,0.028611779567027647,-0.07839642299626606,-0.03995202793495252,0.06052086740040166,-0.14419095879161362,0.15974526090232463,0.01902112862891117,-0.038222371485530544,0.013751918243868035,-0.057573117706988676,-0.04406659235564265,-0.021321267903127904,0.1185833103992071,0.06328090037710135,0.1418834348221734,0.018024883855199,0.01231672231799943,-0.040349330616798164,0.022923570052845007,-0.0014875384855775877,0.016791949691279864,-0.10673797415845755,-0.033042103910482463,0.05794555836640537,0.03368933737807688,0.11035420473642528,-0.06836820168601315,0.009276165239025625,0.0002778362197160268,0.09084031197780665,-0.043939807035789084,0.08401814887680799,-0.013406293562372532,0.01222824697664845,-0.00887665365985293,0.04045039389320448,-0.02592984385687941,-0.0226119189253307,-0.039760105716175276,0.01978342076472183,-0.08902369158898213,0.002669192043818007,0.06543483856770785,-0.13419832602842466,-0.08049623698937636,-0.018702598076307198,-0.028150883071283654,-0.035371721112710634,0.026512141422620136,-0.027104763033849625,-0.04048242526141212,0.0026132241628704245,-0.08865834033902843,0.011729124625098274,0.05637457977293555,-0.014056738834694852,0.0029888068078188354,-0.03571671476287093,-0.13960973187066583,0.06485232384542265,-0.10235339055357211,-0.009968079654538569,-0.11416156665562228,0.012554663814029973,-0.04142007078305373,0.06896418212396133,0.03890650441002376,-0.02862494334612939,0.10047419559320338,0.025849761252301925,-0.06851333200309306,0.053529568171118036,0.018498347094281747,0.006546343991976054,0.003989024334397532,-0.03521701313246391,0.025348663208118485,0.0027322913075824916,-0.09245950076824805,0.03664069335963449,0.07277556828073775,-0.06374566574642701,-0.052899177709881506,-0.04829833536825878,-0.07093198324926688,-0.0913646244816468,-0.1273065363253135,-0.013979292975825262,0.035533557191436534,-0.09384781433444425
12,sport,-0.14834963020817782,0.27924614272652043,-0.2267780314815129,-0.14946061130784097,0.09564257226750073,-0.13247745747603215,-0.0019535219590290477,-0.1464372615412052,0.07694127844392797,0.11904835094626572,0.01107580257212813,-0.0934268935968491,-0.043645938948168254,0.05369704295109316,-0.09307011750152705,0.10426153677540105,0.024552760079847486,-0.058223809668196735,0.03764371538635308,-0.06892835936976782,-0.056268516619305486,-0.015678179786585488,0.0919546165519305,0.10845839437652342,0.12886289764425654,0.0044074666479720324,-0.08603902812646572,-0.022440440366476872,-0.14261704907674727,0.021736717102976092,0.03953861187953566,-0.05513337094408624,-0.010959838704493392,0.021483042559916423,0.0026865376459387635,0.01673794218418454,-0.05810978392970226,-0.01588102101872543,0.02873785458430712,0.03256745488924784,0.06557626276197123,-0.13163976450693018,0.022745351383297783,0.03425774788170615,-0.07990385206265416,-0.04805110518500254,-0.11293638656824681,0.05902305203544733,-0.026500377691291797,-0.10616505334533516,-0.020381268091964735,0.03154872052301878,0.019903611092298726,0.03899137168683259,0.16450875990165223,0.006783484075828153,0.06076631997732686,-0.046087094970989645,-0.060800768163769225,0.07233427018815147,0.06759019813194361,0.11162651074967313,0.04893369689624164,-0.05511619501295734,-0.13068411884158587,-0.04303155874052072,0.03272195605384983,0.00021545200923765015,0.01670560446321394,-0.07407700655252826,0.09211696907231379,-0.10658332080352267,0.07652809095944983,0.05609551896689331,0.01060249253834361,-0.12818805955781476,-0.06813214857444075,0.023956162189504825,-0.03227040555149449,-0.10456328554944962,0.07207648368787022,0.015371804697837433,-0.00027480656822235735,0.02463266129794025,0.044139098771036486,0.055363862228255026,0.0030247943167080035,-0.004717232083115396,0.026182797269635134,0.021832958561867902,0.007364137318441582,0.0022427698064659256,0.03694963296843533,0.018616239795654136,0.018448972480776937,0.12924969938090364,0.03358162492168113,0.07039388807467671,-0.06201528188667272,-0.02230779737572702
13,sport,0.033934151725362384,-0.15009315962082964,-0.10311769130474756,0.08097256781344057,-0.2835197393326698,0.5032966140085569,-0.22888936547149819,-0.23243203504708485,0.4521011846980728,0.2793672250599972,0.0029190270365073378,0.2574661062906187,-0.07716224907608295,-0.204588613961353,0.02197811029588891,-0.01245353964453372,0.0830611154525775,0.03841843338570871,0.007480857094644133,-0.047517276446107655,-0.05899803708462093,0.037861243454875175,0.025116180450225643,0.02841659953460918,-0.012488496849721527,-0.05389630943976264,0.010599859867522356,0.02374181682612373,-0.029353839093312618,0.02931798822917112,0.004609689063645244,-0.026336509322672598,0.00800288509248237,-0.006896639698907169,0.0028072628579633697,0.03761281155988809,0.040830815810479544,0.008896356567594783,-0.012772409809733714,-0.005511981306459593,-0.010814836865388117,0.0028569359380032373,0.01784958827528891,0.0033919508143346756,-0.0029324054481582864,0.008763444899512543,-0.01924806936999352,0.019963261020783406,0.02739049136232873,-0.013684891461594751,-0.013142278522477558,-0.022183328718094614,-0.0021122843347283478,0.011798337649476652,0.014507361924429333,-0.01872795718162881,-0.009804276894748443,0.014882032545244119,-0.01614987760788679,-0.010313836729632169,-0.0007338781382577169,-0.0009505003447057855,0.019434268324169265,-0.013288884766850223,0.003015485601453901,-0.011850732643135645,0.0043682758420162315,0.0027522659473422926,0.0025735460510936206,-0.00700369858936712,-0.005895971828165658,0.010160889701929432,-0.009006442268455065,-0.006957609465549095,-0.01866344473014844,0.0010732679901996126,-0.0007063426574743148,-0.006802031228572605,-0.006966438534627813,-0.0023050004917419867,-0.0014992741744465328,-0.010536223555858489,-0.013790940143456434,0.006191381707275576,-0.00442301833779039,0.001472084475107926,0.012868116375382526,0.0010969273352600976,0.0032841261132879208,0.0006189675887118959,0.003205788435819974,-0.0027892735067083585,0.000590826878608989,-0.00888884719864852,-0.009304342382420222,-0.008026699574221238,0.0005765467552745955,0.0034196881310957264,0.00680490948215171,0.001720289089220835
14,sport,-0.09265627885327113,0.15015345412934303,0.13978773241152526,0.03459796770225439,-0.029086226997375,0.021426619388460126,-0.012160267034790435,0.0016966915099031262,0.0015580796313675216,-0.014945306103759532,-0.04554726858709907,0.02933721198620674,0.04874125297846047,0.0021794991162343643,-0.04418321515985779,-0.047625300242487595,-0.0626739121187954,0.0245351487974002,-0.03653582117222724,-0.004699944119376618,-0.008948019788336294,0.012782882261679932,-0.052935451360736005,-0.0215127595356348,-0.10466754776172742,0.015348332816712225,-0.021468638263317522,0.15910059137641425,0.01107162382028702,0.05667514034382513,-0.1624388015074385,0.09592404860790811,-0.03080461212592614,-0.1690316948375983,-0.04989790715249849,-0.11060824808922302,-0.07695325932984991,-0.08286030404864243,-0.024922325380536278,0.0734117330362492,-0.16525361615420592,-0.10549162043002346,0.016244242996045755,0.04855684597193033,-0.03972581036537832,-0.1265288599216847,-0.2144615115463348,-0.03442316097550933,0.021235783937711823,0.008517273176219909,-0.17042890628755822,0.03439428585452575,0.0520517683111404,-0.11941269162879702,0.1049654017183766,-0.1793144307222668,0.042939014210156536,-0.08359739428073086,0.07523151338584387,0.016751022771293405,-0.07110627354223865,-0.0744406045928004,0.03483946534753083,0.061307950700294885,-0.05710283014536622,0.030752895144340934,0.08050805632293932,-0.23849283348644373,0.0762780748002118,0.06672803914666564,0.1226108461377965,0.13009361086795013,-0.06971982845532235,-0.06797734666267168,-0.04278668225264025,-0.03877902913422419,0.0446798568696337,-0.07468483618654917,-0.11190912416891478,0.028228082675178817,0.10067206760118526,0.08254016874439868,0.1025666230590611,-0.01192239424858031,0.003260134767913468,-0.09125533843282811,0.05794251994315282,-0.03293036652741522,-0.1151685670369535,0.04269974591836602,0.017204827017133096,0.0019230720174458471,-0.05861749063949193,-0.018005678804411177,-0.016393129889317955,0.06657578662543977,0.0568640771081719,0.011548788215063445,0.061087844719413954,-0.03741957917924912
15,sport,-0.0789539739778622,-0.06289351213557925,-0.04764247108535562,0.22204397128383416,0.04470441631236137,-0.023139706923299766,-0.02082311813011325,0.10009885363621608,-0.06577650485135601,-0.08161276114093076,-0.0014471211506556134,0.10966088127150356,-0.004092715768231465,-0.05311505716520121,-0.13185464891409276,0.15647393072511995,0.08266434677003362,-0.20100753669927174,-0.017578472645940535,0.03343963290911049,0.00941308952943561,0.012467166754828288,0.04947135213497329,0.028696233258274237,-0.02398867323424107,0.0630842515219424,0.045861367827689375,0.08487534784119838,-0.007222830659872575,0.03445968538000393,0.037481788927148006,0.03013642746541035,0.03337057628129044,-0.08042852911427194,0.10556175856052408,0.017888934640168414,0.08131793600468352,0.006055977106473767,-0.030248258915507448,-0.10844651020865205,-0.05509859614977535,0.08316779654433763,0.11263720813815595,-0.020566713393972178,-0.025686499752046524,0.026942231057606663,-0.05726172874980808,0.04165948437917358,0.0018176481573300247,-0.04590444658859019,0.04123542335833108,0.12454237714780665,0.026089750188600738,0.09842368871887984,-0.019379561078702243,-0.017605634226915415,0.09386944618108113,-0.06735018859556524,0.1026903603931904,-0.009253532317462216,-0.07488738973396607,0.009825874239863948,0.11150416256637274,-0.07658925713752747,-0.000644307870336119,-0.023678193824690018,0.05776523183919305,-0.00848615634287527,-0.02493831437422772,0.11078771022442208,-0.026977364344529214,-0.12177934146884208,-0.10602806492000612,0.045196008200166865,0.0017555766909253963,-0.006555330792653661,-0.14357025896067588,-0.14534931945467722,-0.055901100685331294,-0.008602695137816353,-0.03354107921176853,0.044067468480367,-0.133369215329153,-0.017707065021058524,0.05050771689081062,-0.0850361685646367,-0.020953343033225595,0.24003526559625366,0.12853509838355082,0.20022666951484464,0.058140388557709,-0.11098149072186084,-0.034660537497485544,-0.035885212178133195,0.15742253641440648,0.03842187343342209,0.021211596107629394,0.031040620702522424,0.0037130038490856758,-0.06610360864148498
16,sport,-0.10007949293669478,-0.046145981603758664,-0.061969053012027146,0.2250915590492633,0.04500617474287579,-0.007620417953575256,-0.024079393753609145,0.05722498039347358,-0.018175985270847763,-0.08520256109157058,-0.019329511496676426,0.0860969090067292,0.02868247791451864,-0.05803495367927532,-0.10873647344852823,0.10816990689838418,0.0631955194391697,-0.11745660155889454,-0.01568875589383778,0.03292021493582308,0.061781253979491975,-0.003967907594522948,0.10697855370689416,-0.06909143589178722,-0.05783001951746824,0.07589239814155085,-0.0757803957471133,0.025973982440853763,-0.08704340493897048,0.054294818213249545,-0.10661955544254491,-0.1712808838874965,0.14250052162060964,-0.0489409260470323,-0.4181572310153473,-0.0018777845859647777,-0.07007682376236743,0.03532445339882208,0.005043846596221339,-0.02708159382859171,0.09107104778566259,0.05163243218640525,0.11767374133646873,0.1311168215438622,-0.02859480309544227,-0.014464022414645023,0.07103456458140066,-0.01563426493839466,0.006656527180504932,0.09181222014327933,0.04105487513798608,0.015838603100474878,0.08342180425358028,-0.06291212579566437,0.023451451561096473,-0.01827308692512332,-0.06469598445187305,0.09875000269779562,0.015309775998926156,0.06446456823526482,0.041036133492419316,-0.10668705443810482,-0.16538490604886988,-0.08085917264474075,-0.016562724873014554,-0.05814177156812269,-0.05339794716737634,0.0010073254578078427,-0.08385612777631993,0.025730755524321268,0.12602043421748654,-0.009609437382801154,0.03460662110510925,-0.03307943568955478,-0.00450510269826855,0.07952094141116928,0.0022773008024783836,0.017485191767969744,-0.0372700626117792,-0.004360961795905452,-0.043455981663463164,-0.008323666756801745,0.030234676350140457,0.027550755587327457,0.043511936401617504,0.00310046160460814,0.005716676188323454,-0.027477618968221113,-0.049479399099490985,-0.05375156191533156,-0.01882218481313947,-0.03751346759316705,-0.011239041622526728,-0.0003717669298540139,-0.016041473466900148,0.07316563048324817,0.04449278685329311,0.028081804773699055,-0.03171986808740925,-0.030598567464179875
17,sport,-0.10019264045898266,0.13544394297688886,0.11422895700629816,0.013296265861332836,-0.07308133641689929,-0.03990954264590168,-0.03582928323772683,0.026395514957367514,-0.06187351489569428,0.010842901929079718,-0.2422486883049497,0.3727697655415993,0.36046652931317213,0.02834519677107475,-0.3432510185720166,0.01587926950772449,-0.27762272891375095,0.19168147199712776,0.00855685377328187,-0.11237037489613215,-0.08123867420222551,-0.0857731521493787,-0.11328354510585509,0.0597500535044703,0.03869505854877761,0.09118194026327707,-0.062026835201452635,-0.0661862889056162,0.038061089193650297,0.007381954931965124,-0.029662901551630094,-0.0067193784496724935,0.030756012032840372,0.021781586977502883,0.05443161174447355,0.013934097645675112,0.007129645980326717,0.026185514704914432,0.04098444618388182,-0.003751195740483393,0.008105256500007199,-0.001773723709768019,-0.017509546586687057,-0.025442824087347254,0.0019745729941148837,0.029258004620180345,0.042238257045807706,-0.005198777835734336,-0.030814669926892895,-0.03821686562248332,0.04205725229373633,-0.036911752569039724,-0.03185725322694012,-0.008522967563189782,-0.005734494719565713,0.05050383506677832,-0.016220878932602698,0.03149637478991095,0.009589216473468169,0.011479742589147761,0.015554312015780447,-0.0172393710645609,0.017423265027427658,0.025512885961069938,-0.03423044097480883,-0.05135871447241916,-0.008490982621655178,0.019933725075382904,0.0555654653045148,0.004244496378209363,0.02949726898924502,0.04867368091808384,-0.04826689819563101,0.0016255694028418715,-0.00909120450000276,-0.007670347743004248,0.028714829476015915,0.020984476558023615,-0.02401287599616707,0.01512825370027414,-0.0335218683769169,0.04761380339661745,0.00019215950109811102,0.05435852515367796,-0.03161485414088302,0.008363016683104458,0.03079479560922922,0.03551811787442451,0.005348909804648095,0.010857311065546068,-0.042016476044284705,-0.00594478246570524,-0.008458396133155596,0.012514379519418199,-0.007436504638634037,0.012232756231894822,0.010471496339289945,-0.013052751410795718,-0.02192993941215951,-0.021407176261568395
18,sport,-0.10035341538713528,0.08055729795930795,-0.15946343859030127,-0.003543434654010873,-0.027303130611710708,0.07629430886770364,-0.025492615684433784,-0.018213087695005892,0.03032408670206317,-0.031285681760028765,0.018826489844511178,-0.04354858829833711,-0.052804904815190526,0.012428690470280123,-0.03952135666728969,-0.008048699026526007,-0.051121010710047605,0.06348202754701888,-0.011689293762923821,0.06361333270017415,0.0922639442241531,0.031193844797908477,-0.12194575987000428,-0.08782907041611519,-0.14978529233663096,-0.07309316056630606,-0.021246126752332797,-0.10354727651383813,0.10197021331917534,-0.0441688102491398,-0.022881598244262478,0.0009665144049408508,-0.06170286707318585,-0.05626830046456976,-0.07440629641052951,0.06878060890618214,0.0376208927523456,-0.055355365495215025,-0.0332604961053607,-0.03226447519802731,-0.1868613702546265,-0.11345520143621665,0.059520102120005615,-0.008660021628299056,-0.10596248847471147,-0.011150288546772597,0.2417273420441595,0.021950808311037635,0.009131145610544381,0.04999581634732403,-0.1400229842862548,0.13564599068398328,0.05718904905792849,0.18941753514947182,-0.04796236289598312,0.02638879627542288,-0.1338611511061791,-0.02710177117271897,-0.00718907992450624,-0.03331884626076233,0.10727410993227324,0.025051451676226362,-0.08786156006734042,0.09444505894979716,-0.025610556168117426,0.06345779514416282,0.07487464502887031,-0.05820105521160608,0.0917895113242541,0.0017330054486973422,-0.08836220417012502,-0.0661717135419641,0.030295278089474017,0.035928545012910075,0.010678405934730706,-4.637258254264266e-06,0.03414232324725057,-0.07421361716458809,0.09736974787675774,-0.04590756306152981,-0.0214408498970314,0.030160430501655736,0.00891200431735698,0.12876812996762563,-0.014795700817618496,-0.06946805306950643,-0.10783309142109665,-0.03663151604602775,0.05828036375371292,-0.06918871509825959,-0.07162024316794231,-0.025412601169624474,0.03580522272765047,-0.1402539451825024,-0.005000856188412143,0.04796017906313235,-0.01401162311465559,0.005813702216241984,-0.17768137170234896,-0.04198286836302735
19,sport,-0.0967223168828468,-0.08607964130871323,-0.1039052114045711,0.2294307390199267,0.02373013467522843,0.05270081699106723,-0.02712317525499642,0.10856218254076153,-0.08670487254116162,-0.11702188370045084,0.060490649691816556,0.05091719442351021,-0.051315369410362695,-0.05606792721971051,-0.04671986910511789,0.1097796350105121,0.041879895063097056,-0.10381834967045207,0.06829067022319874,-0.015099649157478984,-0.026145070370325967,-0.017576683908923262,-0.022879490791851614,-0.015358545370716539,0.04825774254382574,-0.03157279285911506,0.029127821614852497,-0.016920610201851864,0.03105502433561501,0.013282843626895522,-0.0018316276721216287,0.15942114989916972,-0.11246266889221951,0.1681277222815391,-0.05419917391888119,0.058979265548787706,-0.13493597528896928,-0.08467061988545503,0.022708390670529554,0.21210772528770586,0.11611230899641507,-0.18690009339260338,-0.14271838797906805,-0.13503444091250072,0.006216175839625854,-0.14011554049471145,0.036145274163048205,0.01263132362033709,0.09619800538124255,-0.028815779322501157,-0.048937901252725964,-0.16816735246283218,-0.06413175540076324,-0.062017989307722614,0.06879925650993114,0.004987197489486334,-0.06820534048878889,0.1636343961484851,-0.03811757632545257,-0.006524837500286875,-0.10969267175336991,0.0668044759538849,0.05767801157764122,0.004531529786595279,0.07653202135057131,0.004776205993978884,0.13122036425337455,0.07691320308616009,0.011552872284267792,-0.02074694615075354,-0.05340629456381798,-0.05134169052459598,0.02744945834400276,0.1132034801568928,-0.015203864662210827,0.11974542541905314,0.07557706324803329,-0.01930200858826248,0.019310781324060583,-0.025017707971154216,0.08160739054335234,-0.020630281555085676,-0.10236138972474977,0.11620001561985945,-0.034145671291456486,0.04556246470954823,0.05437424811023147,0.010151672389203068,0.0038518684934272427,-0.04484846692414154,-0.08348980110954096,-0.0411998745782074,0.021210900701299613,-0.08962758290322383,-0.05565187811533087,-0.04183510041420355,0.01680369753434851,0.05953017838150736,0.08147069649349033,-0.06515804691353648
20,sport,-0.1372116463754247,0.030604736927157507,-0.16621732334674652,0.06821709825286296,0.00497250488469545,0.13145909596107788,0.07198337310139838,0.15699980994758153,-0.11478181619085923,-0.17385788742040856,0.077591459981171,-0.09097428107619895,-0.013350560482430995,-0.25530671709660335,0.24491266697475722,-0.1071681895331758,-0.15611394320291505,0.2181280912575685,0.021860033157882295,-0.07157003306229856,-0.2529699610477437,-0.1084319115214074,0.023107399279298748,0.02010314051295065,0.1620675216719372,-0.016373664866430517,0.02661205790842795,-0.06805290688821569,-0.017613981746939202,0.012520164766772755,0.007420630358156381,-0.10831370159245175,0.03301100641751319,-0.034971963592521985,0.052186360186809486,-0.03592507454436242,0.017173814541916754,-0.018450805087028354,-0.06159433714481179,0.010043306166298569,-0.03183178520284827,0.06444740436689672,0.017234436237341035,0.047215131539978424,-0.06546853506578285,0.11791952803065979,-0.05090441007332471,-0.0029782891450850636,0.0029881002999762466,0.01734770907015925,0.01578221707015927,0.0031149553108905798,-0.07127635307451363,-0.034058956900975906,0.07782021638499628,0.016293483305365817,0.011155767955388151,0.033212743810375665,0.023862969441301726,-0.0036323006747749046,0.00019040211483138442,-0.0018970237712671824,-0.005980902723005382,-0.0343155559069705,-0.012764471825164093,0.04775494904878078,-0.01573098589936679,-0.00775110576397022,-0.02627150977490983,0.07013772266131504,0.013661354745445681,-0.04243726392617847,-0.008065491313668367,0.05782576553152682,0.0028988837377534543,-0.06795046829257796,-0.08573764463078744,0.03588099225482581,-0.035118289925601454,-0.027153439941644725,-0.011685156314703994,0.015541131639945265,-0.01394829373628698,-0.0010033428101406977,-0.00010445605531917432,-0.017041727365896802,0.0005203453635424976,-0.02589684816940643,0.012821922231873981,-0.011767598756241171,-0.01629690465442653,0.08817422659175504,0.056304388942445195,-0.05513847497270337,-0.08868548141798567,-0.038638131827372905,0.02038012256159166,-0.05742846194472484,0.015065324988284478,-0.0034163855380028494
21,sport,-0.08030187713434753,-0.029368215973190108,-0.059375199144614844,0.056993044194788886,-0.008019832761742385,0.05669942847105803,0.04712671094193129,0.05628287859649974,-0.02717462339045476,-0.011295368487101658,0.0073278162821954086,-0.009147837271146578,-0.01091174362514595,-0.022499243068002515,0.008551348343790887,-0.0008696760411445731,-0.019772954954417495,-0.012148444821173015,-0.010251289859467678,0.0011402204952959839,0.0351187293969907,0.012354645277978787,-0.08123463734733527,-0.010828019727051549,-0.03152914322379341,-0.054198368346677114,-0.012415955227500573,-0.019876073827125373,0.03797121455844283,-0.05595162980215301,-0.014375512081801935,-0.021656715901510578,-0.06728230033865283,0.05456712055407966,-0.004747015066123695,-0.07596171033751845,0.04064857017898941,0.19658441773276458,-0.06864766649345927,0.01290211994553279,-0.008910969756003506,-0.08666570341338488,-0.10764091481857892,0.04338648171679623,0.10651784908581281,0.15892052740693205,-0.13834770618390094,-0.10084294253252063,-0.09000453154280781,0.04362449992998506,-0.028212216296624973,0.10738153736300185,-0.045928574371284614,0.05638547345864382,0.09631842048214154,0.11639849317733461,-0.1699143566163269,-0.19622421929788433,-0.1667056251942706,0.14418015170515946,0.05207741621465443,0.27370730827534645,-0.12653661706536354,0.01647261148556429,0.20687429919988037,-0.06863804797253954,0.15397584333381573,-0.08982493789739866,0.02934772909779028,0.12110278829542356,0.1411472710671464,-0.10462920803070178,-0.002641085903121562,0.04868828595011093,0.1725542686993404,0.04736123143530088,-0.06496294765923892,0.05991763034746092,-0.1988238737754766,0.0819029437182353,-0.22926144110277116,-0.0011690639208204424,-0.15974232379092124,-0.08263801810168828,-0.01483822624387084,-0.06487996259006451,0.0026696144581790397,0.0382007639486603,-0.055119541376268226,-0.06688769048651366,-0.15165996749993768,-0.1427247519853489,0.045273569375631185,0.034552207943333614,-0.015731112414046802,-0.05876620353603632,-0.006398931625757926,0.06755595764079315,0.020659175213189586,-0.04563260582007577
22,sport,-0.11755269394551886,-0.1615513446124961,-0.11117714698306119,0.3839708412322285,0.0856456119524595,0.04637862715901849,0.041390377883359405,0.10406700199421418,-0.02261514236713248,-0.024084186759325294,0.05443472429076393,0.04511082000779804,-0.018940344761811823,-0.06538202737183059,-0.10310151537106563,0.15773342670983836,0.07996403946748627,-0.18485648222871087,-0.015684418783902702,-0.013480609736749683,-0.0037273284774350674,-0.05207096851586835,-0.004748323644550739,-0.004561758859787535,0.03564231175870222,0.05622346143570244,-0.03365617711575312,0.03519950976725184,-0.041240603655346535,-0.02617238776726095,-0.07756214857185256,-0.0879904603395691,0.041562399000478624,0.03628286314312597,-0.09731595793245411,-0.07208558523382995,0.0511114425463405,-0.012037963663920655,-0.03119960585542622,-0.013435664406519795,0.024640602893333995,0.014119700398119035,0.0049214923385781035,0.05035555977563697,-0.011320906794057117,0.02001916807636709,-0.011000073180958768,-0.06281661724373094,-0.06877131767157901,-0.02272159967139382,-0.028786799314138665,0.006204964060910591,-0.14045130663056654,-0.01346445621899318,-0.028723962124074565,0.04471254242694463,0.04632147706546789,-0.08994959364407207,-0.040830486592367654,-0.08743368093231321,-0.01920478164553939,0.08599707677738039,0.11316539398890668,0.07832869652481769,-0.04787526840045856,0.03839546639080428,-0.04247525543380662,0.04976739284515088,-0.013454595001321444,-0.027580242608274345,-0.057130544829666396,0.078730866934156,-0.047861530244769135,0.006679042940297072,0.03321282610100855,-0.09422119600599188,0.0847661092640116,0.031194296746217067,0.032505941064486045,-0.003206639494474652,0.051644230879689626,0.05966989606322806,0.039521352190999275,-0.05443686550549553,0.0030849255645871492,0.004312806475044696,0.002826793022519607,0.03565969913120834,-0.05150836114199985,-0.027321968896754718,-0.07772561737868644,0.004322661997921541,-0.05578284223741036,-0.02619361265514629,0.020935608658060528,0.03804052958540526,0.006039870245737872,0.028236365476573457,-0.057917003462857296,0.07098220016211315
23,sport,-0.10606505537299966,-0.11049706309873078,-0.0799937384429247,0.2665655951094144,0.040750489610316014,0.011769284570710923,-0.01336766786947267,0.12786030444049803,-0.11031761405102547,-0.12241316552045262,0.005233952626402349,0.08471068331774877,-0.03563094347864338,-0.11721409979886704,-0.14355317629269881,0.20934534410896177,0.1318210116451427,-0.24550847653151528,0.014516448682153621,-0.036852616649197,0.022295180523575462,-0.018098324410700205,0.049765918019131924,0.06334472011010261,0.032184705332764865,0.04158431521817818,-0.014415426386872418,0.05873004034285548,0.027939598154144294,0.04013934112588296,0.10713656712177905,0.09426206939739833,-0.055361049025712726,-0.1533845835411163,0.4417776207580033,-0.005188532437604811,0.058356088734329715,0.056011691943991644,0.09438351595829467,-0.11708335163974488,-0.10660535364523602,0.08636681605822005,0.10476161946407445,-0.035852179707542,-0.00453809887518742,0.0029848640809610884,0.026952306601066695,0.04074911395070681,0.030724838248937365,-0.052883772587191395,0.03531621469768446,0.02002322601705708,0.09974219513697502,0.020007542370135512,0.03426683768827978,-0.05200511989982508,-0.01410811659232316,0.01730988721646548,-0.02661198558248654,0.0763849950788511,0.07665104247303305,-0.07676644527717204,-0.1634509557889658,0.002531790932908463,0.004391841516754381,-0.01077434191206816,0.008007046039827225,-0.045914046359277656,0.03378094313167911,-0.04586459351655123,0.08145241942291186,0.012305971760768718,-0.012060266695412722,-0.03485251522552705,-0.03702369113540028,-0.037217245994026385,-0.004482760718058126,0.030346675981599992,0.029149679650870605,-0.003704507220257358,-0.06521671629708164,-0.04408348440058388,0.06732609408233035,0.005942703963749369,-0.030023701336709598,0.015487051552042948,-0.00630254435862174,-0.08626002007475492,-0.05110074567343759,-0.0394688073522241,0.008045624805836985,0.04335262274094653,0.001001784429369366,-0.039245926113769,-0.08173327625087631,0.016220414700087397,-0.011175161176062896,-0.016914409370281873,-0.019946856122879286,-0.0038153752540147773
24,sport,-0.11460856370057443,-0.06963180006692112,-0.19245140347053177,0.27220293096507264,0.006969248904840461,0.0975723726316056,-0.03296000525046347,0.0692890515818386,-0.04203592277126877,-0.10889257225899261,0.09188380446984828,-0.0031792200985678106,-0.03629099618767983,-0.04435502510677062,-0.11127831443448961,0.12265011077984658,0.015095471209790098,-0.09887371625572931,0.02160923712201091,0.03725080498548627,0.03770068373942874,-0.025942747449386013,-0.056225636732354214,-0.07830154014545815,-0.0038878990501447323,0.006520105648070422,0.03461400365816253,-0.1347208691431462,0.06485863576472557,-0.019883275648280855,-0.13495108032415823,-0.02394666339335198,-0.060621948162917556,0.07639332054391892,-0.07395393632789354,-0.0710738385796625,-0.05136071712524949,-0.04163923986513708,-0.010228965856271553,0.1413856723311549,0.04822437034893056,0.0006933100434153108,-0.13821497232146923,-0.0660168946870911,0.101065837509528,-0.012357560384233563,0.025569476683569608,-0.041023935963179915,0.0006264929797664962,-0.030136146886777508,0.047791012432411004,-0.10071620133826051,-0.036527677215269186,-0.007811515292549573,-0.08090994329437706,0.06841801942901683,0.05327176201332818,-0.06670468050910973,-0.022261084611081502,0.045258518705033196,0.03156100164910126,0.01367998284692227,0.07863872867727521,0.09238220146662064,0.016514194319879494,0.07422446315366002,0.06621680247413815,-0.0019080214592607583,0.02946000037885834,0.002017006911473096,-0.05962702655618294,0.0637184899071562,0.07074330397842853,0.013574601276696567,-0.0362118611224177,-0.03762727705532992,0.01992519329416505,0.055280836184123924,0.0008831784196863014,-0.09316991112046893,0.01052422453718882,-0.03656259166797018,-0.08963178076670657,0.09742181556344937,0.034318007568868734,0.09193481354939814,-0.002870491280799945,-0.025265612924114205,-0.06008713919975336,-0.007033537239719563,-0.008994348324911835,0.03601310596709316,0.028538183099417587,-6.143094305470235e-05,0.036335879514806935,0.06894913507357665,0.05102042168393715,-0.14402992584983562,0.07349708666295136,-0.09001128023127104
25,sport,-0.10598571473673046,0.08351725543046877,-0.09738012164932057,-0.020096303707896772,-0.0012748012535608896,0.02977728606322772,0.001265426352235674,0.05203345954338704,-0.01955202879010387,-0.025085917540646305,0.02469098380391053,-0.007799087314888965,0.019466627939523626,-0.042634708494658086,0.05328738456805181,-0.05873823821569244,-0.0017921327717831436,0.07785630583070952,0.009560383860022281,-0.007535576556715158,0.02022842473222352,0.06781940788014074,0.008371372107060609,0.0013558165973243212,-0.0818321837083789,0.040675913679627244,0.008692923742336229,0.32898735614465785,0.0010839899650976358,0.08574692671125496,0.09279957097556978,0.08959607663394079,-0.054855548591713744,0.19153054200720554,-0.0327777276735812,-0.0039496251619099525,-0.07787693815665245,0.030248323512678428,0.08511676499464545,-0.010205165499932698,0.1634471257287058,0.08045922890439301,0.1226690632931624,0.020212519137741518,0.008471146243764409,0.019599672644850623,0.08264166701405738,0.09194646950420707,0.024751490529442727,-0.0028033969950543003,0.04508239295563203,-0.058981558231352774,-0.12575359208209957,0.1358838238389428,-0.14383972684567153,0.08724715767680237,0.17833853533318558,-0.1609272633239584,-0.030304757079071605,0.11544709592833502,0.13827470213233775,0.06783739403308904,0.05510103581131135,0.16241257658445982,-0.09930053197283782,0.0414080651125579,-0.09416400046305408,-0.15684341413950015,0.0851103911120309,-0.08503055626385918,0.07236085745879349,0.0997363985568591,0.02584919067393386,-0.07919500322157978,0.020293143632330864,0.1296215735702468,0.03645680070136416,-0.09192315779311236,0.10664906982813925,0.07661508403358484,-0.013292385314225913,0.02691952988104347,-0.008576616619226514,0.05035286739961013,-0.0994783279879515,-0.10286794158518152,0.017245967780503833,0.030006611150482115,-0.024358738854760562,-0.1298186061886692,0.10320065863140954,-0.16409928932919113,0.0063333013603747166,0.0686024072199654,0.1127235143621029,0.07572715483882755,0.0179555245257163,0.05695229904197918,0.018196676837390645,0.017893325277273366
26,sport,-0.12625243058360358,0.17485083615461103,0.3848351882790467,0.054905283757012265,-0.0035513491902348345,0.06585348016585632,0.0001736010518410923,-0.08186292622969703,0.01387903754345107,0.02239433252786022,0.1073211251138059,-0.09225155453555445,-0.09902369781088251,-0.013201066214305912,0.039122086198498114,0.019366267277356606,0.01210081170204297,-0.041485029828178394,0.005171136152834407,0.0069919631526946715,-0.016388891734540497,-0.033187949811265105,-0.08466092737617781,0.12839455397512503,-0.04132250818167601,0.06960592474494687,0.009120521469425673,-0.049436156090542,0.006492105455800599,0.021402106757936926,-0.028530691856890483,-0.019621021458808646,0.03578006375112446,0.008541887361627865,0.02513412298691994,0.06045984352386731,-0.010785732818363217,-0.0813562009286653,0.034863893277816284,-0.041001258704582835,0.02930623510523406,0.041858546691291444,-0.016985320103610948,-0.12582495170090283,0.013245040963722483,0.08926813351868297,0.07405100219946091,0.059980121721614085,-0.0807794923068957,0.06736944403875342,0.09473687931935039,0.009651532337441112,-0.05973995034679721,0.019043040541266754,0.033552512248892594,0.024997806384318283,-0.03343558606377388,0.0073467547413479505,0.0003704098165621839,0.12065178273636235,-0.09010993956011101,-0.0044429820487588995,0.0483775865884602,-0.018768704519884938,-0.007868457621571822,-0.02175997898264092,-0.020951285699848242,0.00931378357509318,0.011273086567819689,0.021767291952290897,0.07842977655990556,0.004366022605509264,0.05865597061952435,-0.126337235343057,-0.06763867841289666,-0.10449011503311696,0.08801530955244535,-0.11991268239850565,0.014900674922107175,-0.008950075086870098,0.007722496131849348,0.04643057953927859,0.0115074165044461,-0.025917623560142176,-0.020803109163832195,-0.058553133408959616,0.019387233567344606,0.045915659176318346,0.013066693888344135,0.10586507412881234,-0.12391407114009458,-0.019897437049666747,0.03250366157575495,0.011555240946363624,-0.10961307000553558,-0.06937516454396088,-0.2355239600609863,0.009163712024837106,-0.08217923676359636,0.1363049117757301
27,sport,-0.09603855002265721,0.04612585474759224,-0.07326842043584914,-0.04678263209449924,0.023887377443845316,0.00877643868598273,-0.011309547205226402,0.013072448038314328,-0.004874267820546602,0.005929377578453425,-0.008653514986665107,-0.0572088345853283,-0.03506078642994069,0.005823403567304597,-0.018603603724989544,0.009504744154593344,-0.0025495703082871963,0.0555538784757887,0.026070551372041336,0.02583797311718418,0.05322230321118235,0.05629242978982021,-0.050678946750957576,-0.0361414044771363,-0.1076483495229638,-0.038147152845601724,0.03610028823913972,0.20602845416117155,-0.0322716439193746,0.03198073661137842,0.19242570708092993,0.1318701772663888,-0.03264865153118178,0.2889900933676058,-0.03873770208776807,0.11228521319690041,-0.015649085021725476,0.029452241898284128,0.18066952923131632,-0.2857887337934588,0.18847067706277656,0.24676556316906834,0.13008664679847712,-0.005728910489542366,-0.17173217357376513,0.06072071465573543,-0.10604252228580867,-0.11659505849905083,-0.12627851669826773,-0.025758411000862843,-0.09972465331559936,-0.03064080680130472,-0.1018347458867338,-0.03487358194157454,0.035040898311656986,-0.036028872652463594,-0.03404009697431843,0.0387377437929154,-0.0086637929621441,-0.027568620332262088,0.040023390209884255,0.0404461511895521,0.07204236839334478,0.0717002589125523,-0.020853103962020548,0.12257466529398858,0.08638352902639164,-0.08146887437996649,0.05485586254569997,0.014126089351344665,-0.061929120243178426,0.008165307121508937,0.08458580198983925,0.07276578490366009,-0.013688705132174793,0.02410305487474829,0.0912803876268292,0.06227455341482392,-0.059043315899742176,0.02693752723131809,-0.05716020568914012,0.0047824176671245645,0.06118059588205476,0.004539812686118714,0.03628562556333391,-0.01442610141174072,-0.005019370920569797,0.03346793498467284,-0.1205908346090381,0.038969460501926005,-0.0789475248206013,0.028962802070902398,0.18205280275198513,-0.03802274208774563,-0.05485670323955647,0.0517212600714741,0.084758602014615,-0.12468983962758616,0.11072127524559197,0.05552665096491246
28,sport,-0.1388530716600477,0.27714190931098476,-0.24491365551899968,-0.1953165039856787,0.10650587858538872,-0.12552075914019198,-0.00314470395712141,-0.14743864832264444,0.10649195202540622,0.12864386004609993,0.015548417875673131,-0.10827871235740641,-0.06348554966056515,0.060345496611536376,-0.11487017866460807,0.1382535942976875,0.023539612735022326,-0.05091155395215845,0.03238648340900993,-0.07945998223422401,-0.038106601991203394,-0.0022223221366491704,0.1556451501127252,0.08891352597469984,0.15247357780806073,0.003006021561091069,-0.08948614880200799,-0.006488456778447448,-0.1614356950895669,0.03471817448866382,0.08400165929397944,-0.03245705535827027,-0.004837883597265194,0.06610153672373256,0.010523766746870227,0.06542809648021018,-0.055334881981335626,-0.0042615036192599695,0.05465094716788252,0.021681633701172848,0.09139215304819034,-0.0820309724225623,0.0379515821221182,-0.017301313917599002,-0.07366401960268752,-0.06913190675130312,-0.12391641851090873,0.06190842381853819,-0.06831208910260578,-0.08775283164905245,-0.003799931229227395,0.053531893971283086,0.02178242771574641,0.03429121432887381,0.13258203867771026,0.003369700092166281,0.04750727794827302,-0.055234168447548596,-0.022386159866894153,0.12082646375372144,0.06377878930690625,0.11834785264993802,0.0853766011600518,-0.022090962317937834,-0.1345949095704541,0.0007865524961649072,0.07585204885700443,0.008827370006783635,0.049301097901223015,-0.05605642161282824,0.046898323075153764,-0.08108273530173914,0.08496558460999001,0.07073228336841589,-0.036644798489148124,-0.09579982491492978,-0.03016021890321767,0.07387478749361742,-0.0435934246161183,-0.062341542442565324,0.066696519981089,0.004848762567069328,-0.007782301920080674,0.04946615012089314,0.01903980656205741,0.013183535251559495,-0.010867321636197594,-0.0066337149689180246,-0.009642874027084674,0.020053911585574423,-0.016291822382508828,0.002905089701979911,0.0031003972759883736,0.1106098642241224,0.07330006754348771,0.06926379356648647,0.04700974521777455,0.0724940762530986,0.017664272200137523,-0.015428865063229855
29,sport,-0.10785941031820188,0.0942008230195486,-0.13585654547981998,-0.04330831131298106,0.0204031861026578,0.0008668253079722176,-0.001843214153014004,-0.007470804807760801,-0.008532259278276206,0.007294660993810768,-0.010023511550724343,-0.057829030685081224,-0.021761309722046786,-0.0066282269970562085,0.006600314311011492,-0.05388856169461773,-0.03950073463757633,0.08502908197630889,-0.020048773646903,-0.0004653559527831896,0.037315482248782054,0.08109077034868363,-0.04581022453240931,0.010011926442842104,-0.13950910767168986,0.04738483488817437,0.048737877976423996,0.4412441635217548,0.1165640462197268,0.04896583701350449,-0.05195689812169022,-0.06968326015628912,0.024549346143621493,0.06641357722870214,0.04654770107663671,-0.058940183018820855,-0.036831821095414184,0.05049346722889774,-0.005674928169936506,-0.053754136640401295,-0.024625829920249146,-0.11135739873103168,0.06803320496910828,-0.027408263037326255,0.14651609173430738,-0.0214977642453025,0.09647784048404659,0.03470908322381184,-0.02011048450852004,0.016906815525803007,0.0787422317936575,-0.14590399257434256,-0.004314312536633762,0.018476143822574703,-0.01581938989782183,0.07608401844563803,-0.05909336314164348,0.05633005112826245,-0.1071403532708441,0.02896318929004873,0.11187527006435063,-0.04556831085074417,-0.002341832073158744,-0.0532066275063939,-0.09775531322884844,-0.08484883041628603,-0.008342011790823684,0.027105595746278535,-0.03822410638341635,-0.04643721412200818,-0.041724714277902884,0.0013497314553489821,0.11240873824229965,0.15709402052168003,-0.11027872043122847,0.07795800051343663,0.00471711054794778,0.03059157108659877,0.08928820158716246,0.14038454655124827,-0.03067314979670818,-0.18195156931117135,-0.006653557378290038,-0.07474754285215846,0.12916844489690177,0.05633558646917344,-0.04739428887451239,0.00779022550410921,0.16584160242003582,0.0025880499823315696,-0.06601309190601429,-0.035620464319128166,0.04870296556100088,-0.029156202550821728,-0.067819606231448,-0.22843351074938215,0.0069401179708182235,-0.022823355231407563,-0.025461221006737502,-0.01630717327063538
30,sport,-0.10238372665335713,-0.10652190443930658,-0.09368277705598846,0.29310619581979663,0.03961650465693244,0.025969450072844142,-0.014482019072903715,0.07934746034196112,-0.07020630462287064,-0.09922308327444275,0.028665266225499465,0.07111449425064369,-0.02361511908503766,-0.09145291110563941,-0.13965419311459587,0.1541306613679391,0.06095802061893662,-0.18085642929682033,0.0292371413533689,0.010166077530526648,-0.009783421434116724,-0.05656562049091353,0.013101687959327334,0.009817215364544907,0.009452370446966894,0.018915789925040845,0.045099621158267565,0.02008162835089853,-0.016847026804079547,0.034134379764134935,-0.01341136547416465,-0.014011058584240892,-0.01428908328516121,-0.016035616451839034,0.052948108165782916,-0.03371773559506272,0.04482397363896822,-0.05318656603542117,-0.04799021929738985,-0.011222798276080973,-0.0048478054413105655,-0.038254554819759395,0.020128921510510232,0.013086262095863947,-0.03535316108540532,-0.0003153453781806238,-0.02411582844990645,-0.033005910045913425,-0.09944827395469454,0.05117546925080218,-0.025036233658383908,0.06584103663409682,-0.10146720114618592,0.0020110068947009454,-0.055668975912842304,0.0009841728685890602,-0.011300237932113955,-0.0535512350253309,0.059737063114722384,-0.14701043656166518,-0.004993349991892442,0.08277270265363448,0.192753545599261,0.0020740083518588884,-0.09733730724087246,0.02857859436616403,-0.15913429245730554,-0.0022021103466912622,-0.017153611618407828,0.05778807135912135,-0.1405226133190816,0.047703229772550274,0.003961539877847131,-0.020384513898550297,0.05258135580134506,-0.05977165392207256,0.017548434820440943,0.027846147867827194,-0.026335416065795387,0.05697966643761221,-0.017940589834532297,0.03171103604469258,0.04365836724573667,-0.10136574168648568,0.11596828051618355,-0.016649469756513238,-0.08536645789360936,-0.02507787050509596,-0.035240675272743334,0.029468359935851948,0.014593171676360175,-0.007565828876109914,0.022754951431692247,0.2927624873249044,0.10297648172129063,-0.1519406738555737,-0.02404695509255717,-0.018898557277536965,-0.0027643354701272264,0.025881808836223645
31,sport,-0.12789186443754472,-0.10400357775654485,-0.10868784082093097,0.3091019068048252,0.05139128755324372,0.04917681342676311,0.011856166328820068,0.14335592279053347,-0.09085139136297549,-0.13556180609423796,0.02036683914871573,0.07235138692829252,-0.04437570750201178,-0.11017620571821081,-0.15477038495183298,0.21387452641968924,0.10531169176337833,-0.25175600144776034,0.021722164975871445,-0.03741456119993598,0.0072371343609348,-0.014155921248211514,0.078463402979899,0.05451019591586742,0.036272936385930064,0.04042198457461129,-0.019170343392576155,0.060760786400062834,0.03374003166701281,0.03785624231913402,0.09058421594697895,0.11143099477678721,-0.07129864595866349,-0.16950949279109234,0.413900603379037,0.027335616400425953,0.05479064149533846,0.04721031094762079,0.08070948381987925,-0.0858683535902443,-0.0930267334364274,0.10399611583495627,0.10530719548218695,-0.05509428411052108,0.03804213994382415,0.0017791227722558538,0.03253684522216591,0.07120780816113101,0.053102163408618855,-0.0719010147585625,-0.002046509166774816,-0.006973219287927613,0.10863237785089706,0.020110761922967957,-0.0033262879002463703,-0.022194802316292353,0.029576353122613603,0.0028139902084438574,-0.04077543939331062,0.031094803624909823,0.04296531302108934,-0.036328296374145336,-0.14755401456241798,0.028953456124384148,0.028977924803561664,-0.01072722894195403,0.04537596744913433,-0.05075699135708876,0.029260689573434494,-0.0366022834127923,0.04672761056635257,0.013045744943416236,-0.0012884067774558638,-0.010246010312681754,-0.03423828438802407,0.005935801412535997,0.014214405813552423,0.048019782162608785,0.03687798746046502,-0.030805518777774578,-0.019454079906033886,-0.021036431847358282,0.0336216535060419,0.015949024718997378,-0.03986120560591645,0.01577307743688517,0.036631809359097524,-0.05285852945795157,-0.06029584252942597,-0.05566231480573198,-0.0114393488497876,0.031523213169445466,0.011563614509616698,-0.029204018175611333,-0.07128075893774437,-0.022937866460919127,-0.002359833376821587,0.002550395871715364,-0.0010052261857354285,-0.012724126276878082
32,sport,-0.08179454256885547,0.07247710851821974,-0.030408863832937217,-0.038473033202349606,-0.0017159664667358455,0.0001446021498728779,0.006963812586714556,-0.005104946363975905,-0.014487011344938749,-0.01920582496132487,0.007780310838258244,-0.052278268273224286,-0.007244062442339718,-0.02675448242110482,0.014391723048333034,-0.06838006715195949,-0.04145367507619722,0.0541497434743999,-0.019063594802792894,-0.00969929468139995,-0.010034948939040495,0.049481052222800206,-0.10260208157361138,0.06068618041776901,-0.15311612043552164,0.06065055030728407,0.0028187846128372718,0.39668979531604653,0.0554292865900822,0.06831969628405218,-0.09052290199248304,-0.04316265731210508,-0.015981502940360673,-0.1196386528228196,0.07435467729054944,-0.14807302544487047,0.006259663851223649,-0.007249246673220705,-0.1020997002332221,0.03532674034631294,0.03141574678366992,-0.06968539223901793,-0.050695929816217726,0.02661170421054858,0.08167107610593616,0.06707867836781839,-0.04663144912797781,-0.0008734414257016758,0.0024642141380051895,0.022169025391522667,0.0035958036755459103,-0.08795987485407422,0.037657356188147105,-0.07879584830825306,0.03702499792687514,-0.034343703490437395,0.0561780043894375,0.08643789160148042,0.0033548320196154138,-0.11059740433693278,-0.009516556520758567,0.05872451363307381,-0.0890276644105902,-0.1274442575308118,-0.0007910831022308909,-0.060206688634976725,-0.020902254850334836,0.13110862133002185,-0.01918557618019213,0.06822151923613878,-0.10184878153536873,-0.09621198895483746,0.01584168697049846,-0.019802100332457374,0.1344241212577238,-0.028942508268772416,0.0336269741810403,0.043636672490452375,0.031410361276922046,-0.18480490674045408,-0.09538921781547464,0.20963893907779574,-0.13215657645357692,0.16925357250487294,-0.1595969331461917,0.1578120841883909,0.013670309467703569,-0.07186508656236304,-0.023969885946081605,0.054637716454925926,0.04177793562053848,0.13137433562497744,0.024981546266461704,0.07725523761915969,0.08462853961581021,-0.05949734239264152,0.01072598418995587,0.1208899028320602,0.042735487465792726,0.05109497312433739
33,sport,-0.12054405445413882,0.0648122953569188,-0.10915348262023741,0.012355609378011606,0.012710231920878674,0.08398930390563995,0.042860524244544985,0.11688794081931587,-0.06805140459372053,-0.11247598231447958,0.060453309371376315,-0.03960756258521081,-0.0013626841629334663,-0.16147431454085892,0.16421912051223803,-0.08225504987024268,-0.08447289851459346,0.1770598468969222,0.06286171222156584,-0.035571166461601626,-0.1452892044965443,-0.035914515676223606,0.03308111494002752,0.02366184360425662,0.08763495960431242,0.004111576696794105,0.00014244911125822326,-0.0016227134115576554,-0.03528802088033436,0.06317341280074294,0.08686455642939123,-0.04620307800991114,0.004938370273119366,0.04522047926005457,-0.046210710853340504,0.03660809319107239,-0.04730439008157177,-0.043083827548204716,-0.006640392787897162,0.0255512490457915,0.018084684447714116,0.0400867826856211,0.07283607234083662,0.058834310683733515,-0.11119433093839043,0.04476294798123538,-0.0014051401861430377,0.07586880154872017,0.06450898969541281,0.018224773675713665,0.010354337228145447,-0.04086536519187007,0.023456873668884028,0.061603328086839486,0.06323602051098294,0.048245521608103484,0.20882615637540966,-0.09801283826191451,0.0066631329428745,0.08586434182862367,0.13509778735363398,0.04745189616060763,0.0014029901444959983,0.03429039830782126,-0.10860219673682299,-0.00520422011605156,-0.13224600739875225,-0.16451116999153753,-0.011744942859725927,0.06461393545876962,0.05680980375939371,0.07610122970233876,-0.14732835080083184,-0.04594087204814087,0.07989560004763502,0.08026075792143893,-0.01937426770887544,-0.14036960986276895,-0.02160064028318944,-0.07268096484704123,-0.08194734530940284,0.06067019249821918,-0.17545547231785544,-0.049149558725702744,-0.062486497740247386,0.019559259244483772,0.025995795679965922,-0.2447270466715858,0.14225506997606951,-0.08962861642142243,-0.042439479819544344,0.10783305228724237,-0.14696100089573666,-0.21037773745699773,0.021996772516771065,-0.04778291708725851,-0.13603644886182967,-0.026218184399381967,0.0554327079195202,-0.0008241680762113515
34,sport,-0.1564692351167915,0.20752386399620557,0.4524629347902291,0.08773807705502443,0.006566536630932029,0.055394749306288876,-0.008261690722715511,-0.02400275928395604,0.01993224386109855,0.014074438424331571,0.04363102656870534,-0.04450490423995298,0.0009314793760426613,-0.008373344371767866,-0.04358562389599534,-0.006438652916936498,-0.009533093360549942,0.0030730481102452627,0.0008374004595375541,0.033079925695223326,0.018009907092981836,0.03814177169917432,0.17437440696663237,-0.272231714808281,0.11667146686615999,-0.15954799611158,0.006971861472456853,0.017315490601602417,0.03131501415570998,-0.045752336353144844,-0.000502863051938766,-0.0587347316559043,-0.0180535894679822,-0.00493673967709084,0.03353389762321782,-0.040766055676661785,-0.0002623122070464298,-0.05264524009635597,-0.024527291004502984,0.0034885883071254604,0.0017795397659493095,0.012677121732258143,-0.00944582231254942,0.05624685688243041,0.0014937874821228658,0.00015406974494261208,0.01829318526053789,-0.06097261386018916,0.02655423475384998,-0.060760362795874136,-0.04130954806617919,-0.07517509999426762,0.046045901380204986,-0.05386079858049097,-0.04355754805807604,-0.023806003535611558,0.022071735144119368,-0.021592619217207988,0.011392445530131462,-0.10511006892593856,0.08530483583609004,0.020010593935906876,-0.013233408947615904,0.03411615978935684,-0.014909745480902906,-0.019143775347900994,0.03256840668198445,0.020060603055953592,0.06668833231800522,-0.06474561161828574,-0.026362280236864082,0.00510937492201613,0.048395284656967415,0.1346635613439734,0.00760634528730979,0.0031066180709547093,-0.04727469293433645,0.004200509334176431,-0.025958431239449173,0.023840829328087402,-0.07261646840273102,-0.08247502367286319,0.020854485668973608,-0.029830501814572804,-0.005880925736418695,-0.015728822855413375,0.09426563819937131,-0.02950319924145142,-0.012114621353107325,0.011428495804260674,0.006153046709293133,-0.028685397133877622,-0.08743850171134193,0.040488640828168936,0.058881133899290186,-0.0001264332303647646,-0.009670234572883952,-0.03061825070877091,-0.02090253726339014,-0.03806502229647275
35,sport,-0.09404888157765773,0.020414955260295756,-0.140226084285786,0.14240298783123467,0.01847394754029419,0.1129853832394911,0.016735806288360897,0.08647412974673148,-0.007793972558403914,-0.09252557144505688,0.024813332979661398,-0.001928602068606136,0.00241035911740725,0.028759783586026634,-0.028131506895631674,0.039649517785119465,-0.025849267408149777,-0.013782457008368224,-0.02512436505484703,0.04869518671965476,0.043592785897557114,-0.005078373456374916,-0.08056436751178672,-0.011147449771705066,-0.016064170875358375,-0.0003011355853532505,0.015143589988887275,-0.03911056866391773,0.03645114704906442,0.0141646126629162,-0.09666639174748803,-0.07054931774934468,-0.02937914437257233,0.017639180779616445,-0.12351036106710121,-0.04665187962021151,0.07914397686591125,0.1083391663417242,-0.12689701894486635,0.006037153192083639,0.02753685792298878,0.03016121681090685,-0.09782748936008832,0.05994024162699396,0.10709555718317015,0.0974134258550378,-0.11003721080995318,-0.06155415054430412,-0.016255482523680167,-0.0015119715752094003,-0.0014137170040592621,0.10797481303820017,-0.05037042269706964,0.07025558891892816,-0.07302666229143702,-0.02835018478689974,-0.0420802219807739,-0.1020347222404713,-0.06489311753989967,0.08671228859295708,-0.04031499528727061,0.17459394510489423,0.00704857464733986,0.21604893417379348,0.1561500851464584,0.006341319433429108,0.13649724833791174,0.05610353532353795,0.10616137826730593,0.012062638034610457,0.11209464707221208,-0.08658935943177981,0.008667055047666399,-0.08073432613585697,-0.12571533754337547,-0.03392712971929657,-0.07828210029951183,-0.15841445261770645,0.16606839006803137,-0.0018031502184200723,0.11522807797345412,0.008585604833515897,0.1289110546024876,0.014634927651422939,-0.04425447709042433,0.07790612242889512,0.020154646470954527,-0.055673756111573415,0.06628603080144396,0.14404462598936735,0.2088682857673535,-0.006962355693578665,-0.12410276555243419,-0.07679334272204956,-0.12683825939570884,0.016883035886526045,-0.07659932629744516,-0.03556148726073391,0.04422259946493556,0.02710800758739787
36,sport,-0.12724878914127627,-0.058914512072728464,-0.1014472058422037,0.3240982904636719,0.12058569381103366,-0.12036168552850683,-0.07990805265339641,0.026544688610149043,-0.0468116884502185,-0.03888625303412665,0.051847680997894996,0.12139538008601472,-0.035151324453319525,-0.048311819555143534,-0.06104257227561651,0.12603486613171186,0.11581391986126569,-0.1486066397084897,0.0375040424485926,0.05479765702456684,0.015104506950376491,-0.07900586226482505,-0.058361077533670355,-0.045370731378246446,-0.011624163666987902,-0.007227326354540565,-0.03858065371401439,0.010146327671621888,-0.04321407581947525,0.0354613089274512,-0.09301724360075567,-0.1509365650584928,0.02449065127870819,-0.06396654270667576,-0.18807363565237742,-0.08641027172261528,0.024841897756758463,-0.11220380123065692,-0.08827867125882399,0.02316837597946426,0.12849253176313044,0.058097279104807026,-0.03311166737928444,0.08568747514518532,-0.04593724011809485,0.05614021169853535,-0.0072417036110661,-0.017763412283842494,-0.02748608333718493,0.07040833778926948,0.062494796178035904,-0.005278863127684279,-0.03653352756861518,-0.08651894380379221,-0.0009141046143111576,-0.01800686844559953,0.04279999802415213,-0.009407684757659109,-0.02884716261364858,-0.035837073014753654,0.07433731702501709,0.07260771929118594,0.08040010148744302,0.1075731234586052,-0.0537170243951626,-0.005727098810252818,-0.0025492411547452624,0.06890775238721736,0.021827971890714407,0.0002531388874665622,-0.018828706010876488,0.07583255761241273,-0.015256142767879934,-0.04819650971359684,0.002393804251417529,-0.07648109230548485,-0.024133294355873698,-0.020745839795125353,0.08889584923126971,0.04505194691665928,0.005929596385588491,-0.03181516071253415,0.03847257503879151,0.014278470620238291,-0.09104974382050889,0.03539285254957472,-0.03821452474012998,-0.15917563791124817,-0.02571911962875353,0.02821097317124155,-0.15548492718183995,0.06815044436075383,0.10307261774308656,0.06857972814473023,-0.05642323418713814,-0.1323830174369953,-0.0395802134976011,-0.02553913960280697,-0.042733744353539736,0.0365746938319349
37,sport,-0.15192874644421447,0.08996055291066793,-0.2569168861284717,0.07024093514576668,0.04374666555535944,0.17352155457976068,0.06601802245787662,0.1480372577584823,-0.0606764519437812,-0.19374653556859373,0.10298054624708548,-0.12636329718758768,-0.04954300274574297,-0.21256823112912696,0.17162236905419395,-0.06271809317385277,-0.18364981653951779,0.22212752102754593,-0.0005187403390626016,-0.03803587723460784,-0.19257231011848977,-0.11504262745560119,0.005751791892976054,-0.015385132351226953,0.09779489297335404,-0.02211741885803919,0.005273889388396609,-0.10277445797622838,-0.029186595267972033,-0.00435333900642132,-0.05749453821751767,-0.08390736783447274,0.02111122306748365,-0.03296040539879691,-0.004394988128014994,-0.030600016872009323,0.05134774892580096,0.013398709107605057,-0.029912674154288506,-0.04448530710243055,-0.08229595969178785,0.08035582161113762,0.031149304283966464,0.026047835866252377,-0.024148222815013613,0.03739625452041713,-0.004513826940629882,0.01108116882193171,-0.017293823762896773,-0.02463202788096978,0.0017198855697659631,0.014729121325973558,-0.04511205932072531,-0.02502907134463159,-0.009978663886810315,0.01863663797549739,-0.017447068467297284,-0.014425005977219135,0.022788163690375153,-0.007498019813789101,-0.02768844010271639,0.018937088639734055,-0.002144274184225309,-0.030404713391219706,-0.024233416332254447,0.01697144602161363,0.014053024204117649,-0.00789151351535233,-0.0237214912412832,0.007248946259489357,-0.03083242264958563,0.01840664316510152,-0.05154829483493536,0.019151718774174514,-0.018948079198116335,-0.08012143211187546,0.026892178127199413,0.024565925139123247,-0.01660064814985305,0.006654267194495069,-0.016788409007345524,0.03556183532571483,0.05542536649993802,-0.03834827625362446,0.010073629033165978,-0.050981659844680824,-0.018320718769964116,0.04350536777840694,-0.027591658046101766,0.052115704206244964,-0.027259282950639504,0.048294332948717336,0.008595000409031356,0.03687781223362527,0.02080425828725115,0.012422723109586803,0.056963845664080845,0.01593216555768303,-0.04537926500814765,0.06267545930078117
38,sport,-0.12020324068026011,0.17861591253530634,0.4327499882254741,0.04573594627975939,0.017035829068831547,0.07057370415938463,-0.012434147423823047,-0.08861052801913537,0.04151811513734937,-0.018877827633049894,0.11713020060931427,-0.08960089006746769,-0.11060278847337876,-0.027393118876608537,0.04181873013945908,0.011700033923297855,0.0073402527066071905,-0.04042033875013598,-0.00436515426323862,0.008192942918149681,-0.04834785162451634,-0.04036407307029599,-0.10878034705989767,0.15961541906796187,-0.06740663757227075,0.10352619446040176,0.018942720536743094,-0.06539808844249496,0.010854499398813267,0.022845415231529904,0.006805313881736254,-0.0008020972570388492,0.050126604150211834,-0.013389150780527475,0.014546409373499722,0.0041395920394803115,-0.07045285404561905,-0.13767614982032772,-0.053129028348735334,-0.028303226845078196,0.03995451294998392,0.02899118562278573,0.06136083312571805,-0.10357581960503877,0.0901066855445286,-0.028000001191691867,-0.07798289981748219,0.013392148809982567,-0.03335160371401421,0.0075443835656869235,0.10191792068426204,0.056223661959982824,-0.08036490480761045,0.09140458944627869,-0.03463514414640058,0.009465135400429635,-0.06084645427599491,0.0020085886597296034,-0.03617476370298224,-0.02361836527264959,0.002390926681328815,0.04688532727156634,-0.06967751379415409,-0.03460093940094212,0.0070579981715910315,0.05913283908240697,0.020297156090762335,-0.0953391755770178,-0.06645956930681259,-0.03160560191493045,-0.01489424999289171,0.025555511881680374,-0.03208693310591242,0.021104629148493807,0.009679946137267345,-0.0464640257452345,0.049815183396961664,0.04360062836536012,0.027175775013233344,0.003254878704111147,0.11860849784525741,0.04719149367108621,0.05513890326608794,0.06733706497302241,-0.02220739780489401,0.0011450409350627195,0.01223964436323439,0.06525223741231635,0.03866489285001303,-0.025411569659869054,0.009313084746094795,-0.010792550503439883,0.04573312776993542,-0.04051697298860484,0.08342551102703957,-0.005886688666244021,-0.010954130123888194,0.01703318538723362,-0.03720437264370153,0.0266864639459148
39,sport,-0.05829817432976207,0.024540887252689984,-0.06639020520085212,0.002798134104752015,-0.00020606463376112252,0.04045811019339774,-0.0035205222514472015,0.01939738140593837,-0.010641567680249984,-0.04530996734897583,0.006221940312777815,-0.0029355381501644964,-0.022559968282528847,0.032037029968263485,-0.029533894898998124,0.01726265983992659,-0.03230902156075261,0.01613539412096393,-0.023679634264007307,0.052379366626808796,0.06045644973519414,0.011630724717939647,-0.051208801721273886,-0.07856119200913673,-0.11333193994842765,-0.02035534603272637,0.05740242170090041,-0.06651774005520864,0.03693228100645918,-0.05421312729468656,-0.0003615857787679921,0.018666476241869744,0.01748278285956067,0.015327661438434377,0.00869224299615336,0.03056157502449887,-0.027215028184484576,-0.006914442853323576,-0.07635848795473725,0.029427297396150635,-0.02631932659590371,0.015016646544637554,-0.02781344214180024,-0.013986809744872278,0.10383254925725724,0.08281666489242386,-0.1380300000743523,0.08213209321769455,0.032122854023475665,0.08131894943277639,0.07439380789336703,0.11395638911663405,0.17769082333497455,0.17012179316398848,-0.03886297118989417,-0.004416240636915872,0.31083502516323297,-0.2274196009898269,0.004856872405908023,0.015819307527017303,-0.07779058891705899,-0.1034711260235983,0.09514072745576013,-0.18850513816719616,-0.008337672538272202,-0.012932847910092249,0.003900694747039805,0.10758557267852882,-0.13217565815671053,0.13305023053779486,-0.017474144876182464,-0.2101655353893412,0.1413748298279293,0.09245949539126397,-0.14285964307025303,0.16787540316588134,0.20645755374246028,-0.09709786563152188,-0.14437132067989566,0.32523162443391374,0.013061058574030797,0.01959838002456274,0.10481954477144828,0.1327718221169783,-0.0776963938004738,0.03745465814017932,0.1539485802169686,-0.008383286176394153,0.00394788393853667,-0.06177586677341339,-0.13372972620522852,0.07863064635508274,0.0024869751996218947,0.01404736070640499,-0.09164687514978657,0.09559806333140222,-0.004110289884058433,-0.002980922886209271,0.03393406353158008,-0.01747241654224754
40,sport,-0.06882745813001954,0.03977893799454801,-0.14062990188024804,-0.05614216376467828,-0.04127291906983296,0.028436032511856703,-0.03334297285204949,-0.040620294970069776,-0.028833099032804295,-0.0013224889997357223,0.03238651074241341,-0.09318547152503265,-0.07935682549675038,0.05139589599958481,-0.10977819546183429,0.04138478966405798,-0.07062064225304641,0.08752745434908399,-0.05324465236247067,0.12422375696302418,0.13651800480469184,0.0026015704789477297,-0.15672478330583148,-0.1421669364648781,-0.23184181333368403,-0.08023037126014122,0.10687837769495397,-0.14822943329811705,0.07425638527210142,-0.08610527185523856,-0.10495329375016717,-0.04707332677970799,0.16027627437468583,-0.09103599273224128,0.09044955594794796,0.08045290770099889,0.08226445892675682,-0.02199090837975142,0.15615152768920568,-0.0061171076256242045,-0.11292406204568305,-0.0010398585502363123,0.11594664960133443,0.023587919065157475,-0.0366970621758775,-0.11729950074305148,0.07111334945878638,0.0710289614163776,0.0548458573607164,-0.059355764806591986,0.17635458594557293,-0.08246489723813992,-0.1594776059566104,-0.042207780948209137,0.24199176335976252,-0.061259860131542776,0.08071500052244089,-0.026566215272690243,-0.05362536500507857,0.1170090649623199,0.018767226939984904,0.1255108103135327,0.04417393375689398,-0.03539011002117924,0.038267241943930004,-0.009292232954847626,-0.15850800795518233,0.044409857190905545,-0.050757704714825824,-0.06500997039993557,-0.04815751783347857,0.04784528774507792,0.041032021036638854,0.03620590655882848,0.011572384743565992,0.09668500235615175,-0.057484680844928394,-0.05284304253790661,-0.03246853182433917,-0.03466859789029387,0.04673266691395885,-0.029368708250870745,0.03259941348723699,-0.11868110315178185,-0.10547589670506102,0.08950430495012818,-0.03731922754526951,-0.01783900510775896,-0.016559190170833214,-0.026584207925262105,0.01775019345873174,-0.04888701297177314,0.04932460009158012,0.019795236691195938,0.07492285828276964,-0.01984150750359726,-0.06798436695961416,0.03597974240764178,0.04709852030717207,-0.05343169393575158
41,sport,-0.05662414905112915,0.008752648584735788,0.02098296308078389,0.0005885170873367362,-0.027664094476657217,-0.01313639004490913,-0.022781084699792342,0.020021695604595498,-0.005763525985767342,0.01294342502464708,-0.02100370409602237,0.059503504461743136,0.04017796800469376,-0.02320624075453134,-0.018257927649015925,0.0027607268784915207,0.02626302603571472,-0.025727566059154997,-0.000867555207716978,0.015753011991173262,0.005382618282428473,0.015467735112151064,-0.060536220232756975,0.0008068617034979908,-0.0272916033987586,0.001461996492804557,0.03576236909668285,0.024302715030287116,0.04847276735159242,0.03451452688664672,0.03622063908558794,0.007916646067908713,-0.05294928611918611,0.030377053362257243,0.05071685630057896,0.0009138981306481603,0.05691767981225649,-0.019781891740121935,0.020098542784968868,0.06572931794782956,-0.055059963863471624,0.07589378252930605,-0.08833121280976426,0.04896384252345301,-0.020353763297934487,0.1165922878615945,0.0003245855097320215,-0.12703506614613755,0.055881682886988866,0.22082574896485835,0.1150407698843085,0.0508527662204051,0.26673562251903205,-0.021636874489877958,-0.01983606882180701,0.1334228678185531,-0.09183358129991417,0.10027232379422449,0.11674472647897965,0.33914448593000435,0.022761992565615105,-0.1597556053805986,0.3595642550658161,-0.11259509497862889,0.01309928048129461,0.11562967019862039,-0.0637317584173044,0.10480627925123506,0.26207784242749116,-0.002866482092757995,0.19716006829662644,0.0153915333472362,0.006428912939051867,0.14974944620667954,0.11367736248728384,-0.01571175182447725,0.11406373956271966,0.06837111264455999,-0.05409599491297263,-0.10033631953230342,0.2508026345707825,0.05222204272211857,0.041694091990597294,-0.10732233657770658,-0.03749978506112054,0.031719107858620824,-0.0462300379125358,-0.01631736813555735,-0.011870930961190128,-0.08300651566306773,0.060381111143182856,-0.04207120361720179,0.026275487201077162,-0.06195324488542708,0.024031762565168768,-0.0910596784234296,-0.016855964557625443,0.02238946683357697,-0.014022889248722713,0.013597847605246405
42,sport,-0.09123515157252386,0.07343549923809665,-0.06491291474082476,-0.07678839719413734,0.01027066061241832,-0.07010470076431184,-0.0038635333057009114,-0.0005455880280015292,-0.02494125002674402,0.028751429697048445,-0.03627538273507473,0.0665223561837977,0.04152797502176262,-0.04786001113572126,0.138447333251609,-0.10060897941529577,0.08320511708134458,-0.05144782885156719,0.05465333116225231,0.06126711224763447,0.0276534490815837,-0.017971699345274903,-0.11359592340784208,-0.0175811782767975,-0.01616382829987595,-0.10416980298510187,-0.1005693861956585,0.0067287892542090616,-0.12457515295730165,0.03934899764059183,0.04662473399080851,-0.26015183287310456,0.08649291795856505,-0.15975492067582198,0.20714334476044546,-0.06748230083701967,0.1078430876629637,-0.060757867650888205,-0.0700182253182409,-0.14730950086692396,0.40216299983689985,-0.07512274533327776,-0.2694488985110679,-0.04084412443380434,-0.18138836652780765,-0.08725998052758754,0.015841312061017708,0.027481341884911862,0.07541341526875187,-0.01904368081029643,-0.08030649998013786,0.012667999848141284,-0.03224022387427001,0.044340996173436904,0.00666747034679423,0.061615945500554825,0.02657569095906288,-0.023215796906267232,0.03999223267591434,0.02742341256130756,-0.03197943669087527,-0.06597473902732708,-0.08565261590939435,-0.05895869856218974,-0.029146399737452717,0.014415004505240582,0.06794830708577568,0.037474747611851815,0.06076558029186399,0.08017603672471979,-0.033484417284624854,0.027383653542146048,0.02301001687329241,-0.025683904456350055,-0.06497437818088936,0.053912123795661446,0.014870812378668791,0.013229973275014621,-0.004786929202656172,0.009609977064342815,0.05438885718505063,-0.06198826726727698,0.00896167735856921,-0.04488247907878248,-0.02228027088258889,-0.034109944175474076,-0.04237452652698848,0.001184450538314229,0.04166318155827601,-0.003061124677055479,0.014000431780629187,-0.08905846944306299,-0.009637006891803135,-0.03961467693474441,0.03155302279712933,0.018621525967288263,-0.005479226205541143,0.057987529836693794,-0.0019111024382074604,-0.02298361344470847
43,sport,-0.13871580276772527,0.19640146858727467,-0.0639715119810135,-0.024072528233576706,0.02956517556084496,0.012956921812218521,0.0007960465619180228,0.014659111024379801,0.013522549897398718,-0.0036403071911879103,-0.030967801258055865,0.01722590848968069,0.02955089620047353,-0.048366708848081294,0.014132286526148119,-0.038435601155065155,-0.03138939345401046,0.057368658314389136,0.00986917493216281,-0.0088233686945885,0.00785847526145528,0.03167230356751725,0.025865142778257664,-0.06822180319835403,-0.06411233769643708,-0.027694987407190064,-0.08960647527919235,0.07619060359956457,-0.1866984776212598,-0.0630428657277408,-0.0362373135673358,0.481366611012518,0.042258262277404104,-0.16489778219281362,-0.14341275512060142,-0.12911574692041744,0.12925123492451657,0.011029412394532217,-0.08842994620701844,-0.11146116087758508,-0.0003194319053639789,0.025320063500476407,-0.0411589075411007,-0.007835505084366682,0.05712262310606287,-0.032157113766722284,0.05965260579392715,0.032132253188694115,0.11922178987468754,0.08427449696495506,0.001510345600798887,0.02885960518641741,-0.010673309148435365,-0.023401078421237606,-0.14343293945931448,-0.022273036309210716,0.022317601125213745,0.04082932264458944,0.023446048168266825,-0.0518456099060433,-0.0723250645997294,-0.05337782186151519,-0.05650779267417889,0.003185898297187028,0.05352947363232917,0.023166069724309474,-0.07139998033232375,0.05050695111962647,-0.010447512613429997,0.06741881745169036,-0.0031804221319827707,0.03955656873468809,-0.023351270617281327,-0.09536751889627645,0.016298452245652417,0.02506939743142579,-0.01867916282359326,-0.1057442178174898,-0.03812864112299006,-0.01942916844252324,-0.015979879299391903,-0.06824724987811644,0.08969888804337733,-0.05683073915392009,-0.09606494954431573,0.02230708442100342,-0.025931791151024033,0.02520385049675217,0.007251998634291575,-0.009283134130296284,0.02398116890915008,-0.05946396889178442,0.014200310165733768,0.027425286970292086,0.060353850127188656,0.06846775058339755,0.049575227384310645,0.10178357442912996,-0.007897020680983764,0.01214089518664918
44,sport,-0.12786552920288166,0.18642078089381423,-0.029629997058717897,-0.07417584458409802,0.03210122160972719,-0.08601312407075848,0.017252420790869104,0.038488137739189646,-0.004571649099825088,0.06891556902773274,-0.1136334300605847,0.16352118080781725,0.11777757469036669,-0.09191396272875335,0.22598682612370125,-0.18002541617393691,0.1615333465032508,-0.15693092185252144,-0.00979438207991695,-0.017142060498038455,-0.11624908323774831,-0.0436657895775854,0.10973423103469718,-0.03717449230697398,0.03600384483073584,0.07598628336251645,0.24746198170688233,-0.009126232122321842,0.31381433974044076,-0.22034970998433534,-0.10816836412651094,0.11349102092703255,0.06044285854948433,-0.0492164401926408,-0.09346793853787923,0.0012033848166068612,0.06968325898025413,0.043124890194443974,0.010376212605040156,-0.07300779404848146,0.00623741020674114,0.0336852805701698,-0.011073926648664268,-0.0008313077347933465,0.019632173557266413,-0.007987383117744667,0.04338352149629513,0.0354494401053912,-0.027039849853355124,-0.0004982787593875012,-0.012361783972913789,-0.0417262206147657,-0.014516391214609754,-0.046738787032749196,-0.04301813586694957,0.010246305738992791,0.022163770451621954,-0.009221867109529488,0.046014601554183576,-0.053664166738059675,-0.01534653288540134,0.020724115844453075,-0.006099038956371844,0.003097735600706159,-0.0053606719902639524,0.03613665878544953,0.01608487301498248,0.027139009442750286,0.02005142267695633,-0.054015450475901845,0.0023011961123393376,-0.005524082000286095,0.012432437036262059,0.01231092727841065,0.005026476596324494,-0.07286465101619187,-0.02112605015447478,0.04207119437690453,0.010849002154990052,-0.043560154443318656,-0.004741122121508241,-0.020935976622190936,0.1195386871469586,-0.03340778721353466,-0.038069268341066796,-0.05877805033684324,0.010782274145886441,-0.032771194568192635,-0.012701049097969413,-0.05984573141203532,-0.039512654810282065,-0.05024416050226217,0.013351354483187363,-0.002233442187393728,-0.002677838414359734,0.07686049283798112,-0.03876248051302844,0.07270719535514282,0.04717339061004349,0.03529984604631988
45,sport,-0.011268575784359351,-0.14042100751863246,0.03511127517145038,-0.049472262354014244,-0.18144848590031934,-0.04927855906949282,-0.05180999768198829,-0.05723718223780796,-0.08566935342407937,-0.04064139394002016,-0.182974796612718,-0.0876973500746518,-0.0406832790178668,-0.06634018462088663,-0.0013725111134493414,0.015560940273069071,0.10907133517581194,-0.007754069846194053,0.06750618227427764,-0.030772103140498445,-0.018466652915954417,0.01002114698480766,-0.0721031626296875,0.03401200356519229,0.13587392235333404,-0.06315626330461002,-0.0187270922681712,-0.05517025313035721,0.005009268082481222,-0.1176005657925607,-0.0807051178455614,0.07799529359600665,0.04170637397590196,0.007205204348472574,0.0722639365939596,-0.15026287088450135,-0.26959556598114165,-0.07385779876923328,0.14698915430070197,-0.1035411112763892,-0.014123616784478989,-0.08599382977187336,0.05635433126429604,0.2418446185399275,-0.0012829323585445342,0.13196002451643205,-0.05799320997827524,0.05197682294740971,0.03149211833921058,0.07553736486893506,0.024787348689001718,-0.05510323084144028,-0.11988026648722916,-0.02472281428160027,-0.015806033308134727,-0.05070632010352958,-0.11115485282275199,-0.19690174508144873,0.12871490389677068,0.08623505952819041,-0.05647602196528176,-0.02267019205602959,-0.07326991385985249,-0.013286417274273732,0.03755290614811094,-0.015913719207834645,-0.08165880418763917,0.06437717478951635,-0.03141154218499921,-0.062301598845221726,-0.015832402599847684,0.03336931450575231,0.010884798217904532,0.10438924905603394,0.04987243612159184,0.010499246899083063,-0.031013883122226037,0.01575898752127738,0.00042416392415734687,-0.09678345931879163,0.09793212920425619,-0.08010388658761501,0.010071007051866414,0.1488841175839704,-0.030575356786537108,-0.022888623052720845,0.003015761034724775,0.08848856589436647,0.024676703918561343,0.11622082412863219,-0.07695364714805347,0.03710877158066057,-0.04373415680921072,-0.0024974419160438575,-0.06374581630503619,0.037781181849399305,-0.06695549719419577,0.042844799099389375,0.12099256114260276,0.0032052362945319277
46,sport,-0.10263466916966885,0.021936414549598066,-0.051139544153841046,0.07802805238673044,0.029441757197897316,0.08553438944260393,0.06225243680616063,0.11820846949767003,-0.01390341021410747,-0.07978803039554229,-0.060695776755855045,0.023847579491575597,0.060936056343807936,-0.04706227924742678,0.0575066429463584,-0.060194343226689644,0.0012346414976069258,0.05680346443777317,-0.07805572209547905,-0.06359771737025711,0.294912328680971,0.324029452471607,0.08505553478422394,0.19706477526248664,0.09167388944524749,0.023736615521734124,0.01462204629077342,-0.054382279344498,-0.003161894911440621,-0.047663752395682955,0.011336563780462976,-0.02663381876581186,0.026771392697850768,-0.008381737007243064,-0.0004623775070373164,-0.019925241575799113,0.006969714109215821,0.05543471495346701,-0.024300260491709455,-0.03732784465502723,0.05148122641483446,0.03388164966858847,-0.02315585535181513,-0.0032685111823890695,0.022373398323466135,0.053505432712810344,-0.06698068377657718,-0.07133170242171367,-0.03840298365228161,-0.028543604082327298,-0.03418556557231887,-0.1128555844149964,-0.041335645187860905,0.019113121989146775,-0.019940219377269565,0.005096208672866753,-0.050113574360637646,-0.09840040096522124,-0.13842089170004565,-0.021958086257070703,-0.026736831876061684,-0.028526248469727247,-0.054282310944616365,-0.056392756495987684,0.0869662596114231,-0.11307497465115289,0.005342935869129436,0.04110911531121652,-0.009671674619568344,-0.0020305218858472336,-0.07340401046635525,0.04300129408657148,-0.04198138001995674,0.12395619847062707,-0.037827085746157035,0.055841018728789674,-0.05634027666252727,-0.034680700708481005,0.01040271983260478,-0.08271679157583443,0.11886785291308702,-0.04999040583853017,0.07391707176126053,-0.05325016667882999,-0.15486095694021146,-0.06842910704183709,0.09864702425369383,-0.05538268328103968,0.007937901739376392,-0.0588546626218443,0.05266298370872932,0.024978972413878878,0.11466473161005745,0.027503629538028016,0.08818765541270854,-0.003249588445429474,0.04370041585063788,-0.04650191371926072,0.05123576887037113,0.03292543115333446
47,sport,-0.114865581323325,0.13792747324807844,-0.22239521891311828,-0.004179290842775828,0.02218893118409068,0.10388430574652209,0.023765657117881867,0.06999080880172612,-0.007559729992988476,-0.11206556482680798,0.07585839926493868,-0.14845306950221537,-0.044465357121390964,-0.07177525119611462,0.035716549209837876,-0.07156529024963464,-0.1391079821586325,0.1997877886102968,-0.03492910905130437,0.021279294833350358,-0.0045214821155824024,-0.04608335496935934,0.009628490840288256,-0.10184224394440183,-0.016732959891004956,-0.05003596669238798,-0.011560086912868934,-0.013053696271518641,-0.008251024974887163,-0.0296153329254742,-0.0646117375212775,-0.10165370064631618,0.042039682421044,-0.04361701353542136,-0.05467615234127389,0.07141164331555905,0.06845990548139379,-0.00047773880093486873,0.1289776348163053,-0.16390040216823404,-0.09546480218445905,-0.05043431996339224,0.12093006495109365,-0.02571229827341086,-0.03971132624267438,-0.08431942911684458,0.014290682755109,-0.0025690022363358917,-0.0290919978164318,-0.02839842457606097,0.06505819463371708,-0.0002681895895945815,0.06561616503131507,0.08094469229010157,-0.0602462476687899,-0.024629037345383176,-0.0852477084748077,0.01801821785507969,0.06889756194283328,0.027784082212184,-0.03144505850585669,0.012562588537436862,0.058970486593450416,0.05906662050477134,0.07467134760383726,-0.03546481846349749,0.07302579023471353,0.05258392995358703,0.01958365288988088,0.001745641120587505,-0.0768131876636158,-0.03861916053811214,0.09435656278351695,0.07565145650011247,-0.10991521319770804,-0.08813477936814897,0.004198131813336303,0.03934054017250643,0.09122202465827116,0.027612066459723545,-0.023024826202935642,0.06135846767479306,0.08458601936039765,0.017392447593841457,0.041096946608291204,-0.059930259000946784,-0.029649685452086464,0.02498518515039288,-0.08417035457576748,-0.020718976804094045,-0.0432090646105776,0.06459626486515359,-0.12082490435886707,-0.0006468855589938553,-0.041774770666745065,-0.04121530122840246,0.16115455192021758,0.13620186597587577,-0.07830923130249184,0.1626110658960891
48,sport,-0.05720391368832935,0.08430941767693861,-0.09972099655856888,-0.04698462590474373,0.007699281897910825,0.00783775167833503,-0.041396384004831255,-0.03359194979783917,-0.004681926028594548,0.009147562692131916,0.07526100887036494,0.028470161193154077,-0.046441626272677505,0.01887073627459429,-0.04956073175785023,0.09394378482611482,-0.018477574561034275,-0.01626597911087673,-0.02048190086018568,0.06414480519951449,0.03310121168951826,-0.05201716960899538,-0.09037832433375284,-0.016319986264517767,-3.391357995035773e-05,-0.021455357137796487,0.038479782916131515,-0.1446875595389471,0.11510075474532261,-0.043186640920189076,0.07133276444679132,-0.07331940459914194,-0.0983936912031889,0.046461631064695745,-0.01435695760936295,-0.03663812328112051,0.02201117779115516,-0.12133432477236489,-0.08415365137148012,0.11152022608485763,0.029915189360662946,0.07738308986892929,-0.14502177434482635,0.11855452255753365,0.1713815794416954,0.164782037917979,-0.011964444915836757,-0.03579453495000603,-0.036427252233754946,-0.03198387963283691,0.09475441851558955,-0.08171559612375141,0.11323646189203272,0.04510075748295925,-0.06861556502284666,0.004651489075136614,0.1892145227761005,-0.06581971483781525,0.026545699515661776,-0.03010894513666953,0.11943357762777926,-0.12945057843661478,-0.028567407869306977,0.06243007153474148,-0.07400660965840525,-0.021759760842390896,-0.02893386532775835,-0.08461697797906992,0.01767986859199408,0.03333633587033561,0.06682276159744406,-0.01497358640842836,0.12329279258972053,-0.0956703837058739,0.12071745124499104,0.01868008507072618,-0.006488076286732861,0.08177681347194644,0.00020237298156124361,-0.08686547832240217,-0.12297365123527183,-0.1576188281481056,0.0322365570920231,-0.03527731195429021,0.019863986450292328,-0.09532336694408884,-0.08081789305190595,0.18411728704928185,-0.025241773153513156,0.19686565728618693,0.04383064194244763,0.04366045451884298,0.05257785370515478,-0.12182673403895547,0.0970496829423102,-0.14172320051658108,0.13025277360795792,0.04216414505642673,0.0698448522648545,0.09238736452207219
49,sport,-0.17945710438670032,0.30298217341568323,-0.23303476990406938,-0.19367917070478088,0.10686948804876774,-0.13776387927170633,0.017861870147332037,-0.07641031747386134,0.05253058990375048,0.14682450741551736,-0.05170071309930275,0.07147738033028657,0.039927530501386276,-0.01652242700744881,0.10128525075506858,-0.0024800255168451616,0.1541558882358073,-0.20704845789583212,-0.021416257822255255,-0.05328986516435315,-0.11339958995569492,-0.055310600222226516,0.1586338200038081,0.057914379325193645,0.11363916409384443,0.08262689313814488,0.20689870321028214,-0.08134086903547083,0.2741394648093653,-0.15105479008760964,-0.06951233666068313,-0.013529544934924679,0.052312598271234086,-0.019446856579315355,-0.03974361297032303,0.08756743900490495,-0.0060123569712323835,0.03556468403849202,-0.003636986458960942,-0.009399084191303832,0.028454900938622,0.015572114530435775,-0.009471038446794875,-0.04273805652750584,-0.01193332728673048,-0.03693742663525392,-0.020456751149213595,-0.002760730640152368,-0.05427680122372533,-0.0033854851433300997,-0.011330713181833783,-0.03640574816268558,-0.03944714510505201,-0.0485133259422832,-0.0007259239352951408,0.0012558514869253708,-0.02945732599886989,-0.002662677030074507,0.05133275920970775,-0.01960502913373426,-0.029061862877019253,-0.026156644338223248,-0.050675119574904955,0.0013397795123670183,-0.009276579576531887,-0.025817150503499676,0.05049531403338252,-0.040664498148690775,-0.003462263508020866,0.027814768006011965,0.025386209216235873,0.026461093921982624,-0.03168363327230163,-0.04051164543220774,-0.03317712741385278,0.04150177642044668,0.053177032120215816,-0.021583942157721258,-0.011558015465639624,0.02515598196925124,-0.0037785591261954477,0.03339977589806083,-0.027644580752869897,9.949725924471876e-05,-0.06324302003652718,-0.013003626123674858,-0.016227799207938126,-0.024621522999204993,0.011140056973369046,-0.027878184394199083,0.01187654758293771,0.019070044688227,-0.04865042878169949,-0.015664512993868066,0.00904480347226453,-0.013204753876210179,-0.014606025585858976,-0.030446806351462383,0.04390422988393572,-0.018611050516090803
50,sport,-0.07505761065690984,0.013146746997701938,-0.12253321398472107,0.004671774409212364,-0.017133768280622075,0.0901904461644295,-0.03339046526509493,0.014132307868476402,-0.016889285118607038,-0.02330919845469469,0.06076355855329985,-0.0419352092220502,-0.059750630404815694,0.012191677241750035,-0.03545146961844204,0.03755015023880043,-0.078950176244059,0.052097197296463046,-0.023265305392215493,0.10079811811183564,0.07922121426791162,-0.011658709051403295,-0.16891499969429963,-0.08454587397652753,-0.14831021919712664,-0.07115993869106048,0.08712516247761067,-0.08967541548480153,0.1023705829189503,-0.0802236556749498,0.01779272813401119,0.10293895330271466,-0.09266891025505837,0.16687664532995536,0.005489915076967833,0.029566067680079494,-0.07572277355126492,0.030904870019795156,-0.026670598626418855,-0.04663015935728702,0.10268515623641582,0.15627329377411464,-0.10487602389549718,-0.00649544361462193,-0.007222394287514595,0.19303780576415902,-0.12756636873028243,0.01697967275480082,-0.07109120261184715,-0.10891950124614418,-0.04187476671820818,0.04611492159684588,-0.052824231219420814,-0.11087018958868382,0.06436288032010992,-0.04079488405106509,0.051654223162782086,0.023772088150071934,0.07726363651785266,-0.014987516621232976,0.031211799877339574,-0.14569094780165753,-0.161556281682823,-0.07719113077119912,0.029104135173868728,-0.037649497986176936,-0.13239342891482175,0.01576610448028903,0.019365620226012122,-0.02868110874463118,-0.03176008833134096,0.020030125172246706,0.06059713990431338,0.007768096894395505,-0.13956171074583765,-0.11356286628906492,-0.028283104488055856,-0.06011315000007512,-0.027382003334344335,0.0025985934167129647,0.0383580735920004,0.10770917583071325,0.11516111360225291,0.0005083147337437327,0.09720426466678019,-0.040326899232813004,-0.1376247680725967,-0.02160002417879798,-0.042654765814864395,0.033819113071030596,-0.007976031659361255,-0.10588009614550047,-0.07944063043360874,0.1748403798747986,-0.03256295892005871,-0.05462893610558228,0.03232079441279881,-0.02385199784052153,-0.0822126862782012,-0.173373220654504
51,sport,-0.13939717846756494,0.1863790186954157,-0.09047014882498355,-0.055231218550565675,0.0371790622328403,-0.04250982974167243,0.017148577632789513,0.08257544406074922,0.0003588327719979379,0.014058006083453325,-0.1249925362594894,0.19090012118514937,0.13024668482898147,-0.01555768935679125,0.2709700805526707,-0.2065137009693023,0.18709136505946747,-0.16115161900541974,0.003017510235203619,0.05975721960857695,0.0781251763100384,-0.04502583646701722,-0.04688455857792912,-0.16689789189971632,-0.17022890499730334,-0.03548030831173975,-0.21048680298079217,-0.12544766322810644,-0.28363094105587433,0.19138899926792044,-0.015112775585247127,-0.0035500257904116043,-0.014507792492023401,0.10611068495952299,0.08988304416297468,-0.009003713641039633,-0.09868018588759445,0.08168548726561356,0.06598133309461378,0.1208163269722166,-0.15635353178385242,0.01820644030392495,0.09492256420967178,-0.05890613451963557,0.09249207145783298,0.06700163996717191,0.017184235906579234,-0.02193428631131413,-0.0844339758109756,0.003795473482225731,0.05917348482494647,-0.10633463167787555,-0.058769907149338226,-0.05034012718375364,-0.028510648980435368,-0.02091326884691599,0.002522850515584274,0.0023298218468768978,0.08385022299307009,-0.08823634162767591,0.01825505044590844,0.03636885286181378,0.005473660442576913,-0.010728756280674098,-0.01419389454296735,-0.03108642598515139,0.052912509953273755,0.004481379923337399,-0.05905817669524017,0.010608763288455196,0.03517937522491801,-0.043702059178099585,-0.007760125635313947,-0.0131887320152595,-0.056780590073554606,-0.009862034959240496,-0.010493689732691316,-0.002833877149197352,-0.07352748497049515,-0.026053314398565515,0.04392291422699031,-0.032996401614273196,0.0033965362863825005,-0.0033676134168719326,-0.039093791746878805,-0.011500455290393966,-0.06867204577046372,-0.0011797833995851052,0.0412332658402859,0.0015231902022948152,0.011326378543577676,-0.03395775267648156,0.0037389143392524025,-0.03104599922344529,-0.026851809022752963,-0.006442668954293094,-0.03134255589419276,-0.03210603311139856,0.013976209372890257,-0.0467178256387608
52,sport,-0.09115338481956496,0.09773738704505433,0.13091076933205192,0.0452244989747401,-0.028582165041245472,-0.013438264715278132,-0.015010233276303124,0.03444921621962442,-0.0281401427230381,-5.898884381312243e-05,-0.14447618406689466,0.18086076567708884,0.1759931895841912,0.02728002818311761,-0.1702652888294097,0.015722741555570165,-0.11045120700266164,0.06900774489466836,0.016454669677640716,-0.07787868134692395,-0.020860304937886945,-0.03430490841154252,-0.02733653894278244,0.021762997706299036,-0.0019537092296286933,0.032678108343002756,0.023755684265408257,-0.018319458570970452,-0.014543060357368909,-0.009830984637463793,-0.015517711334289946,-0.018775379659172867,0.0024129542657685757,0.022199040196301954,-0.03835477024214644,-0.0031515658936821485,-0.00011764435738845467,-0.04545104979204528,0.00828889119792683,-0.021736305117104525,-0.0068277904844204155,-0.010656094934484757,-0.008154062822592125,0.00515374021086265,-0.005957039390286899,-0.055910070948111304,-0.0497831605794426,-0.010982148635722942,0.07334988119310716,-0.028336705182349976,-0.022943573129545446,0.010666952654649127,-0.01858246620031508,0.07949221011081671,0.044411631889865306,-0.05235065388165091,0.04910330592630949,-0.026009893981825946,-0.023794915929389017,-0.03646051364109137,-0.009619116809071591,0.021047093414169507,-0.07484601853402674,-0.0114760399704261,0.06423051673233884,0.12010649159525151,0.06173488990947665,-0.05042223449607981,-0.004696774163367852,-0.0335334659679459,-0.07321260486286846,-0.019259889897373362,0.17887462914031452,0.06533343913789601,0.04877443786099379,0.13851145135565263,-0.2410651839227147,-0.25032609261394656,-0.010941514584346857,-0.0764811811731735,0.12952735425605422,0.10179158397313175,0.04042472847740575,-0.06755036044631817,0.1894684113922922,-0.018810040545666602,-0.08280634595586985,0.02336411110372632,0.18182972911935263,-0.10501851902655505,0.26074706729039715,0.0946942331168572,0.05141196195326973,0.1258388086590594,-0.1441964133760381,-0.075786027766691,-0.04005228069092854,-0.1324257780765534,0.08405061486914073,0.10604119345173743
53,sport,-0.0909706634106293,0.15117319697395845,0.2939961908845735,0.014701415447718608,-0.0025675029798586696,0.0001122994214590429,-0.013641659781132673,-0.018789090123293727,-0.000454895574104408,0.04939930939552773,0.05578505490128195,-0.0335190430812353,0.005626207033233172,-0.03657268007092518,0.04708115433215077,0.022480712638456756,0.019792228883077745,-0.021643698702685368,0.026555257384311064,0.0028396198960120057,0.006994298491089098,-0.05866205608293245,-0.10100242947681644,0.16024994256728753,-0.04498246254371356,0.04749749242722808,-0.018405209682933306,-0.03840757813731296,0.0262913389118981,0.013412837011010655,0.07148603998975318,0.028652260869930526,-0.16833111883021196,0.05296259147436308,-0.043311247507077044,-0.05801322751394434,0.11334218480081407,0.035660731211767036,-0.08095334519363337,0.06038480843387211,-0.1076427508716418,0.03036362870644989,0.05644506807569047,0.2869577040764059,-0.15745289224773462,-0.15809070457903102,-0.1305798291281384,-0.20671576898773786,0.18397033147399425,-0.2344236243521546,0.031711382024105256,-0.060133844723706434,0.02306398572626343,0.07133140667690606,0.016609036819267228,0.13216562535967943,-0.008088176580495418,-0.026807454356455124,0.10959860561687915,-0.07085424465228943,0.05686397042776979,-0.05568941134075142,-0.010665034542438763,0.020435178691193545,-0.05414695572503919,-0.0740633458475903,-0.004481133460440979,0.13246577384794544,-0.03925301924216422,-0.0012566743732006765,-0.013605477575899291,0.026629379961454053,0.08924404660903648,0.015179552701236413,0.008413562986314864,-0.016409075087267785,-0.033243408021665165,-0.018977362736621164,0.025565288761803136,0.04104870068208861,-0.0044910514794935154,-0.06605002736255544,0.005612563848146424,-0.04268436459126109,-0.00891108606861009,0.03427853985177366,0.05112768317985693,0.013479389764123044,-0.045605972674408135,-0.05585110459104188,-0.0119048789222571,0.011864904187305876,-0.01964327640798253,-0.013133606759167043,-0.03878252580301304,-0.001309393832780543,0.019865370461698673,-0.027851296143103593,-0.02556171878225695,-0.04765713006018768
54,sport,-0.11836421038454441,-0.07264507868206917,-0.11809087226523053,0.25615511521025464,0.05263790275708382,0.003404223079308004,-0.048555180725499275,0.09894023173242474,-0.1264494188155381,-0.11367629900329415,0.0883494685819272,0.1369019412095098,-0.12852998956382866,-0.03450953708155122,-0.10086577914372911,0.1718821873329525,0.05599377353379457,-0.14412050337207544,0.030077726822471083,-0.04913945359803648,0.03255245904412671,-0.004327177714577936,0.009729564620757459,-0.05262541194338601,-0.03901837486533885,-0.001920900121997168,0.0032290661656882973,0.02767041888060939,-0.004649705704251569,-0.007471285597822856,-0.06717846612259651,0.10211116964565746,-0.046770231575823044,0.08430417331921214,-0.044827945869827183,0.037958362819870216,-0.07585196940303358,-0.08823080264477808,0.0015701301448669581,0.047250092838179256,0.009780106430542545,-0.08673305123685096,-0.019782189744915,-0.09366550363833383,-0.028283063759205494,-0.09439134920430475,0.0500374775186892,0.08406177895230747,0.1167284324842393,-0.0511213869446499,-0.06827436873554299,-0.09532060470866689,-0.04267309662906977,0.03665598610203453,-0.0492491350930757,0.10324693288005479,0.04591038130614138,0.07239860171450245,0.07701387063903768,-0.06166522061099704,-0.10325894983927361,0.04449274683190053,0.12545110907316118,-0.04344195044172355,0.042036304015144944,-0.021732975983850024,0.04231885685057657,0.00034300867710692414,0.0011987260202458575,0.030927647987075802,-0.11868925948284609,-0.05970239203971147,-0.015105837698717763,0.06410858250578705,0.06348244357373257,-0.017266127354050132,-0.04772069583325892,-0.007231522958234407,0.01507972280635425,0.025051642604724804,0.05172712910868776,0.028163323501660852,-0.06320177817132747,-0.05557082528338029,-0.04056247174416049,-0.051911904549698,0.048776155850919226,0.07383428310139827,0.14144168291017642,-0.04745571044857597,0.014516662592156039,0.026791492655650548,-0.03802875665029171,-0.09720714685538417,-0.01241575158084682,0.11357033625679626,0.06741722362174346,0.06584678095016246,0.06518494057239436,0.023698301798664275
55,sport,-0.041250514620677185,0.058368878052526114,0.23249854697984124,0.023576518234540243,0.002313910787606267,0.09467564610258955,0.03555139315120442,-0.048594757569017696,0.044491047582828326,-0.03597378656562976,0.054143749866690204,-0.11777906844849068,-0.09737345554923896,-0.015877989247106022,0.0006885840667637472,-0.011827686447965991,0.0018673936546999025,-0.03836908944727291,0.013464759463736686,0.029992131741594007,0.0045618107059618145,-0.042862659510863176,-0.06495280135234786,0.1593325260091038,-0.06130258617426067,0.13735968864624276,-0.011006426587323896,-0.09151646700867713,-0.06295964297038857,-0.004877322361952526,-0.12486350355171069,-0.0056215042925563015,0.05316163032946239,0.016570028123861717,0.007680508715452023,-0.05432574802852021,-0.015402624421053125,0.015027552156485232,0.11812178299536363,-0.022350662710190664,0.053968427041756216,-0.023100012811021715,-0.017982145716035722,-0.07986087736378764,0.001079306824541948,0.028242464101032132,0.15147204592108826,0.12946788522769614,-0.06274848812601086,0.005199345221083701,0.006305585758794045,-0.027228392665807385,-0.018824396058821132,-0.025633331931628367,-0.11829194234322638,-0.02494877382791807,0.0003757534621820334,-0.0005349287370537881,0.006774309351582075,-0.06459191575467353,0.06923239682741342,-0.07999461526423021,-0.010020756504321614,-0.008564371632161448,-0.026226126176536673,0.1374601603453487,0.06573393946754741,-0.07735752006532877,0.10651726533571891,0.07363579062193605,-0.03048308466723514,-0.009634478758123196,0.020388564329110882,0.10330074446908054,-0.01490786540119882,-0.013203512166176696,-0.07119548323523738,0.07761409663265562,-0.2749972232827187,0.02130492863476203,0.008846464109114514,0.014425610752171095,-0.03306913887319579,-0.1219897887797296,0.017449488141177995,0.09826816816577402,0.14624085241367837,-0.17101845668387217,0.0895126817853009,0.17250646888763316,0.0945428014915282,-0.05631928064528526,-0.131462658094072,-0.003401023178506512,0.09534142676309994,-0.13225098279753564,-0.008700120362664626,0.030824170462685034,0.06816604764315222,0.08437199895979859
56,sport,-0.0876126259143369,0.0963099803734812,0.15524774337451477,0.038728379087751286,-0.055863029981113504,-0.04336788129966528,-0.017706235059601533,0.04082850039622045,-0.04722930694729842,-0.0070045111244220895,-0.22302188730218167,0.30567651820193065,0.3223476740328358,0.026782303717220922,-0.3246305953969883,0.017978628666958277,-0.23218948860523442,0.17598997594549046,0.012016468404422137,-0.09756126465633609,-0.08073544370801869,-0.0778445663748507,-0.056558938868249246,0.010066157397509894,0.043101778557520676,0.05853798248627639,-0.020551161369832278,-0.056517564555060976,-0.01030368299171005,-0.025822493811461098,-0.04008286959837522,-0.03031855257998861,0.05800432492950359,0.021921869219420593,0.009597847792631505,0.03216722121335732,0.009096990444572418,0.02375420964253647,0.016538141813235686,-0.03921374676207482,0.05796086600054564,-0.03868616126369202,0.020019624373039068,-0.05136731583366221,0.016786663643555178,0.050628025874029925,-0.007532638980778314,0.021982559303051746,-0.07614864863281814,0.00028106726652170165,-0.0012997752613603795,-0.04499816416048018,-0.03569902523137903,0.010733202672547106,-0.013363893238761446,0.04273614383314776,0.007040402629337931,0.010137150476145058,0.04697463352941088,-0.03558495366359192,0.030550839554408248,0.012675742619562785,-0.030345878245116784,0.0039432940301973194,0.004810640297072625,-0.048778271160768695,0.0275972581698781,0.007327247545175491,-0.007658224046514962,-0.006054355863967649,-0.01884685338163253,-0.010200736105676988,-0.007357893918128748,0.04697826790379618,-0.013354042762511696,-0.022375222097777796,-0.01077885487355107,0.06204938400108857,0.08177054559480755,0.03835234835097157,-0.042441242111077304,-0.0017666883799522842,-0.009000163370812544,0.009294883611510582,-0.002370423843593809,-0.040951306198954186,0.023066112236368414,0.000980932896243642,-0.0006437674780504247,-0.021502723033465714,-0.03335337105146651,-0.0048236387710359485,0.01578335120844028,-0.020802302715664835,0.029685685603847507,-0.002458321809971938,-0.0035401705883420817,0.04860714464133637,-0.009389500679558727,-0.024494402810178183
57,sport,-0.09323520523462035,0.07023068651169276,-0.11082158682650468,0.06547434203475667,0.023606744004587496,0.06340798240216806,0.01744412274999944,0.07409855631712979,0.03300178976941162,-0.0709225006192916,-0.09597952388621125,0.014022762631568274,0.07059445977041795,-0.0036550350406181855,0.0549330920216346,-0.11810441732159324,-0.019054250429748794,0.10293280696522183,-0.10763699580254783,-0.0548520608642138,0.44502460190000825,0.45044174449659985,0.1307263943366317,0.23679863855220773,0.09308167920132084,0.02285875196521699,0.019939886524203133,-0.13645576923220698,0.025887023497180923,-0.002729097515135535,-0.0738836386537034,-0.015066768534140207,-0.05169325340175483,-0.0880408386672698,0.016808519268985526,-0.031182359527256686,-0.029317060731653567,-0.09483931946533501,-0.018186734718862316,0.06044725509102328,-0.013136419260031493,0.04417295033897516,0.009755081835908735,-0.0102952863643552,-0.047527859479768134,0.019290950317668462,0.043514824613759294,0.053655151369008225,0.022902063926007014,-0.0010642932939342025,0.003210551572292498,0.06656634025514563,-0.038402006270486407,-0.03145607089573463,0.004409986061152343,-0.007208110019367833,0.02512951538956242,0.11216245905256306,0.09038935103183267,-0.018378231237559575,0.0033053526754250532,0.05624912304253208,0.04602414371946623,0.02945213846673415,-0.04832081359442567,0.05471965371641402,0.015446002510492302,-0.020036776096032896,-0.014168076008490332,-0.009400790837151458,0.025289430708660535,-0.04083406379582435,0.05798309027877297,-0.0709611577866261,-0.006759453930643973,-0.023495529842864935,0.012731575578315954,0.021213614148523654,0.017539090857567646,0.027104867993379477,-0.04918018877088975,0.05119736774156887,-0.049171808115167616,0.004455110403806517,0.054767855238980964,0.02908787430290997,-0.05325703868263993,0.03587646788482585,-0.009880181412811884,-0.006003677665758365,-0.03887215370978135,-0.03600225992347313,-0.052207594288470986,-0.013382624470947499,-0.03932071522807261,-0.027660869655156076,-0.002429956563738561,-0.008560478579440154,-0.011102852806966693,-0.021591210413139703
58,sport,-0.07628122095464379,0.07004029802440323,0.07957068359548815,0.017888519627110754,-0.04596086899578523,-0.018314594739995586,-0.019022301899047658,0.022894253399260597,-0.02719911714842167,-0.005009552589640275,-0.13029724680959548,0.17157295680239984,0.1592434073837346,0.037144294527927266,-0.16612866116718844,0.0005410134505733495,-0.12491304798860707,0.09168470404231427,-0.008869934502698311,-0.0013025991035576115,-0.06106924127247971,-0.01876547158130086,0.01607962227549169,-0.0024653248155552354,-0.0002348841519466524,0.020371669402952184,-0.042753283733595375,0.014270400710070845,-0.00348681140478731,0.03726932916059059,-0.02404458214451894,0.019149469916935388,0.02416917719952552,0.01757634368780516,-0.00742520970440198,0.026983535069298695,0.005590506810767809,0.041697365393582556,-0.01551571203156196,0.0026031471452589894,0.055067007106767124,0.04129127821606319,0.01783589786025794,-0.0221551219313914,0.014540145014158021,-0.016839386491120135,-0.03508019529438383,0.02528940434154565,0.017952592111353784,0.06750731089776524,-0.06938824974432382,0.027783563135734653,0.06829013608596647,0.09177064370799819,-0.006587478127706768,-0.056716754107003484,0.033130609167536476,-0.08570407352215499,-0.12609428540875536,-0.05499316670362437,-0.1903370474033287,0.020721146529540713,-0.011298206582985942,-0.11223475081660035,0.00037299378976199887,0.16526347455441637,0.0020072854957519813,-0.07237142132354525,-0.16551661694135938,-0.00045597773149875555,-0.08619976268631818,-0.2684178771348943,0.18617035797651196,-0.1337855851070411,0.0878772381263009,0.05052363776269532,0.004145778823242347,0.14823885415061844,0.07137806168178797,-0.03334846611699493,0.12255643878453114,-0.2175598171556201,-0.023904397171196943,-0.177888689680521,0.0016194906096927953,0.05602721725299332,-0.14281427777021713,-0.2927331995506145,-0.20691209535961552,0.07058468727702617,-0.002421688162639041,-0.026917933067695566,-0.07159857788644548,-0.10828196090509842,0.17361978788021645,-0.023488892933382088,-0.013486727862701135,-0.039621294011621226,-0.009105105318479051,0.007773870692509628
59,sport,-0.10120903517887934,0.1290232343304151,-0.15763468645888343,-0.05789093256561964,-0.004963577668083651,0.01799731402178421,-0.03141438141343246,-0.03831700961358166,0.019115468217508067,0.0228121853466048,-0.0038417995479991664,-0.044136496771336936,-0.03401224437114075,0.043063462797013355,-0.08802301572310041,0.05920620038088787,-0.03262355926093534,0.023260955577076924,-0.003355698566367801,0.042908638992960005,0.008728133108833788,0.013143767094534294,-0.0660431710379652,-0.038580763316505166,-0.03848928011765876,-0.025158107797282517,-0.0009151153126609675,-0.024476294809859606,-0.0007296198966766026,-0.011526306326397725,0.004919510533810807,0.07301092033307804,0.026031504184005946,-0.007281412975438917,-0.028672425129822918,0.02975351899143467,-0.09606128018095013,0.018863191897316268,0.050945296159586574,-0.018101419830577226,-0.03462768071351325,-0.04963415917999127,0.043235679162524146,-0.010108819777737393,-0.1192726641067555,-0.19135061991055338,-0.06034296482752878,0.07494076129956692,0.10471969270463588,0.06915010853144121,-0.11497934744373157,-0.01625450307588634,0.1156091818745017,0.04816791691282373,-0.10909378331848904,0.013650341207828143,0.06494395058257835,-0.05456177013729071,-0.14900111782223346,-0.05108270150677543,-0.2063972243754312,0.10757209525099502,0.012257953795402326,-0.0916017715684834,-0.1017793256825298,-0.06215262115862326,-0.011980406972063684,0.12859874813252156,-0.03722605977480706,-0.10037347729241224,0.08661141842093004,-0.07823226538775276,-0.1256032778341282,-0.14538542487115097,0.06967434220098075,-0.09352489462654093,0.0675168390828835,0.14062404364601122,-0.10678034290891736,-0.10159311418036181,-0.12336376344690213,0.09131548093113187,0.12130090566959408,0.10456057053247766,-0.02444498825519824,-0.002153177402798138,0.011976570071301115,0.05532179604321985,0.05869741504903925,0.07936398605045376,0.03266055099349452,-0.08360813890758055,0.07119463457925808,0.026577380342053494,-0.035215387169081534,-0.18284157163969106,-0.0905317270041088,-0.13722941220565807,0.005892672663769977,0.10822148401008093
60,sport,-0.05757905575466847,0.0030133975186049846,-0.09415584295585293,0.07915194644269338,0.009982335698020746,0.10363384258932402,0.06600972259527788,0.07540249188399104,-0.0233733219550057,-0.0965695137170753,-0.02712077265422246,0.0033237048721885014,0.04509051640847916,-0.014251635007547662,0.0676848428794243,-0.06470707103275469,-0.02096549287950246,0.040907438625507386,-0.09905916423761899,-0.026020912047866565,0.3325346268823907,0.3002060493267302,0.039564832543668875,0.17986563217001783,0.08815271021256056,0.02398906421430208,0.014013063052793139,-0.08042206999730186,0.01039485965140566,-0.01147332309882491,0.01591128397218824,-0.04765027490584068,0.03488826000941307,0.02319909801885312,0.0021299391422635212,0.002521932832159115,0.015933715027324973,0.03740772328249117,-0.04358272563384231,0.013619221509913541,0.03409737551109248,-0.044373709511894364,-0.035278906492179275,-0.03479981973678001,0.06997334995406719,0.01274111382061064,-0.07701826496371227,-0.11229299772797664,-0.13386957930271345,-0.02470289472150274,0.0006776330916175039,-0.09959723826152585,0.034516114961052315,0.0024403328771350984,0.028020236260671162,0.06323084153530865,-0.07857011551831794,-0.074583518057258,-0.1391985693046175,-0.012446810287071657,-0.027570020958539533,-0.06173561418121418,-0.05286151372751095,-0.033584432964629,-0.02433093008214599,-0.10018766241889418,-0.046368436296501045,0.014452442892232596,0.060549470578031866,0.015558471997304079,-0.057269050734147765,0.05816110986117311,-0.08271470391807324,0.06506762258477969,0.0013039565375776462,-0.022776858192577118,0.03535863747106552,0.04246926029376289,-0.049370186760407754,-0.034093994906136384,0.054526673384507625,-0.06012844126088063,0.07498537341866642,-0.0032597241134872694,-0.07586230466684869,-0.07863168002724463,0.1281515029315355,-0.11271231021697412,0.008139917853635362,-0.03430929996210745,0.1119730899538257,0.08705275076376585,0.06276544879917291,0.028949416593926622,0.09794564057455918,0.07295241709931516,-0.05336986910776202,0.008699818163664245,-0.12354011229778938,-0.024637643961509827
61,sport,-0.16656261417498,0.23468422315985465,0.44986157176807373,0.08250727869001241,0.023181661877019755,0.08125431469134566,0.005945003608582418,-0.03260623951524449,0.03942529465936477,0.005631640045360734,0.07890528168853471,-0.0857629678069611,-0.07236682732438468,0.007775870378817757,0.054819918556387265,0.005669779579538306,0.036342649111580444,-0.04927000807912083,-0.00111250557173435,0.00013754904396006627,-0.0010698253499144528,-0.014401644951561527,-0.023582528092728844,0.07307294928444293,-0.024360449029525263,0.04808262833991395,-0.028435734145393857,-0.051966111611095586,-0.052614161239944,0.026792836704953072,-0.06505429906216229,0.01940682968088723,0.02604455109908102,-0.04602337148407116,-0.03960682401780216,0.05358125902051697,-0.03654171121881857,-0.04719687288536013,0.0252716785118615,-0.051238018141261554,-0.013120977909074948,0.05228226865383892,0.0006567502083817181,-0.12144459758535235,0.04865206881816992,0.06518986934572632,0.006189474940388476,0.02530460772915157,-0.055540354733462485,0.09019967218195339,-0.012191403331584683,0.004595473621185625,-0.0009937402363562869,-0.07121609996010934,-0.017677068213743482,0.008639814872375539,-0.008935809543695371,-0.022370971398334157,-0.049915522098262895,0.038401144831332924,-0.05130681027502059,0.010888793316413924,-0.009141576614937204,-0.023064471225402065,-0.002626740185193263,-0.05708256345626662,0.0032598429002240565,-0.016020835564141144,0.013914642604687211,-0.036503016106602344,0.003825432153682695,0.03799549224430171,-0.03744670190189174,0.08314717927976242,0.031286252649937174,0.04538530539155105,-0.0031465227251055617,0.014730195280584798,0.1450310152927654,-0.018235099870192825,-0.10053509094966605,0.05462033499093177,0.09405331262248955,-0.05138828226477634,0.017963206900052542,-0.013153964144748537,0.08948220165496955,-0.052960624416638326,0.10793044912183457,0.009600252783918801,-0.07116481973413474,-0.048752350565894755,-0.04501375854500908,0.04217931167313683,0.030329965150689437,0.04847652442719506,0.061791842707398514,-0.035493741079036155,0.04123315493327956,0.014997703621510372
62,sport,-0.13440412492760723,0.17997422603510035,-0.05786863248455484,-0.07587633766688681,0.03555250169500478,-0.07712693939650227,-0.011547420694930694,0.03980723017780289,-0.00567542193899316,0.026470815636226802,-0.0783417740478595,0.15986445820984893,0.11227890743199324,-0.03227409578739257,0.17848647885762658,-0.1400873057521321,0.14396085301862446,-0.10488324862947561,0.0005773054950506227,0.043969849454883136,0.057763623870233774,-0.01304156232223291,-0.031387091822362184,-0.10726999713387893,-0.11021536972803042,-0.032752310203964075,-0.15180210068132277,-0.0616827699245618,-0.14790887053272667,0.07442780420770172,0.006522412402812348,-0.017172825232814437,-0.059985241246868916,0.058030739073807645,0.013439806008196924,0.0034504694893472652,-0.07009166367012895,-0.023236990499331787,0.044663781574546035,-0.008456766700286118,-0.030197780837896683,-0.0029528311324374195,0.0032042556636426027,-0.041759540899908604,-0.05099990051709583,-0.03811343559765522,-0.015863725196612628,-0.03190571347796444,0.02620242828938809,-0.0052851884055155765,-0.0126770720680591,0.10149576312074436,0.05889115280038086,-0.007307641335784895,0.0006941699591608799,-0.026531032745557164,0.0007850707936350824,-0.024322443925598878,-0.14752235999785102,0.07115187056406996,0.013804544408696497,-0.12212067330719438,0.04434204510535766,0.10940569288097678,0.01575285640729845,-0.06019191667971,-0.016292135887237,-0.03738001522332472,0.05610861317208986,-0.027055486847059166,-0.12483498007370628,0.06038424805855246,0.05625592859917566,-0.013334884075573327,0.025707303580108996,0.055439046988107664,0.11864724723242465,-0.14137550581083974,0.11721376823083271,0.0708076940732681,-0.026351974670931814,0.08933529291332534,-0.14914283506614162,0.04158547264217646,-0.0106435321736819,0.08088781075305403,0.11834881907424676,0.023303124854719973,-0.122116409920228,0.07356435076321326,0.0030088166605832917,0.1947243251894463,-0.09792504545927538,0.19633044975285222,0.08887733168609872,-0.09769357635026771,0.047359559323974655,0.12924964590948132,-0.004825311113959094,0.030721588457214014
63,sport,-0.09825350293094695,0.08310900678721282,-0.15993085185384717,0.024321011262203342,0.025895589612924687,0.12938327610018027,0.05640893332908659,0.07851318953274751,-0.06484456578878223,-0.1648078232940058,0.0992724590148104,-0.08462497377457612,-0.0015489316001286446,-0.16130921879518015,0.13802138666757366,-0.10323789645024847,-0.12671760955026012,0.20080358060455866,0.02053797992354762,-0.03611399801592473,-0.1532143690526091,-0.04095145699116004,0.060886324075299834,-0.014270333406693786,0.11537544512807046,0.09253230517214862,0.07286017255351976,0.05490689013469459,-0.08780860311407512,0.0038235428672334275,0.054739324355842785,0.022252641014913036,0.052675083608689305,0.017369043322879002,-0.04938606074576102,-0.0488679116544786,0.036800783554256,-0.00012655679087138813,-0.10242398817725308,0.01700419008784161,0.015136562022924184,0.1558047310989885,-0.024344504849333547,-0.007642645165279771,0.03410446680724799,-0.003588122940619682,0.0737958431948348,0.076652361298649,0.06862728506607482,0.015583121952284128,0.03163212542778336,0.10584974484511105,-0.05446159727314203,0.044290667057788224,-0.06745568411753404,-0.08379709140519274,0.04658975060719375,-0.056326986525714225,0.11192821415572608,-0.014595370117936362,-0.04116885588741714,-0.009996406745208023,0.012832448320883002,-0.0653662149652004,-0.02532142649719107,0.02587664094844916,0.006564361272348032,0.06115000791919315,0.0339982266646673,-0.055014514823156266,-0.028491584543409006,0.02794827924104923,-0.055974110801796005,-0.029693480222104583,0.024382917051433067,-0.049998346967779196,-0.05402472116236592,0.10170813077271011,-0.044975661350729106,0.0318480361961742,0.05480137030523198,-0.12804807690074202,0.021749355771898186,0.0573249722668716,-0.0949314125234638,0.027889612954180163,0.01755369048061408,0.04657525865339492,-0.004979265327417461,0.011547680445215503,0.05428804383328642,-0.0588032235848116,0.08086940461989187,0.1263025959207707,-0.050720996689878985,0.057381540609303366,0.024809343713671883,-0.008529303808932846,0.021109214182150515,-0.2081877417613673
64,sport,-0.09830226656465574,0.10182974331970855,-0.07986543535722461,-0.08889585192983857,0.00018725763819640385,-0.0705370213025862,-0.028574692990784304,-0.010384211280044105,-0.03819309025692859,0.02424758527170196,-0.017854294155755943,0.074146585092445,0.025269319519029887,-0.025603340129878523,0.09724841541109769,-0.09107391959676232,0.07533071731735322,-0.04203164225529977,0.0009980824804675561,0.11670172092917944,0.03995066310565492,-0.041041865155617564,-0.1741396973629903,-0.05147064290179585,-0.1265919297976488,-0.09897767131890318,-0.07313447142274566,-0.031816169826389594,-0.06149825941904473,-0.0359389078137607,0.04085210073669062,-0.22204167514535603,0.12661847270564133,-0.20298308911209795,0.21806902247936263,-0.08304755697830597,0.0894937503986093,-0.09725978822294241,-0.07913198877495146,-0.17019749588604696,0.3306339490883344,-0.1062278105703164,-0.21940879269330324,0.0039953855020129405,-0.1492103377347545,-0.11975943685730714,0.01265531333375104,-0.010666963087323232,0.04650783153118941,0.002104060100989977,-0.07059114412702226,-0.004017169723756822,-0.0920671252937817,0.048871953628504314,-0.0392218565740361,0.04712937863280361,-0.029335860779128684,0.00751003644090404,0.04273575326724728,-0.007221324263296665,-0.010231972067013045,-0.051690987410746556,-0.025535728376981003,-0.012043510658554333,0.0027291444391452685,0.05607897563949372,-0.002876358624499144,-0.02847001283725151,-0.007711528049045273,-0.011470167181420184,0.06064634741938321,0.013433843053542846,0.004037488419616636,0.003375593279247842,0.0016605197084515759,0.043222395108354864,0.0459139607066622,-0.0365498428101902,-0.016747832215450502,-0.011541306760273831,-0.04742989428732519,0.026593969109855065,0.019850846382083027,0.0461267394123637,-0.06939964939335742,-0.027855118336487666,-0.020376928800686343,0.051587834274334415,0.03449718211886952,-0.014799188667612819,-0.04618722011548509,-0.047467423751685195,0.013974622532059036,-0.01606336199573213,-0.05324496171795432,0.005791301174986452,-0.012131154838352594,-0.12483695134205196,0.010453312104089224,-0.05745101558401332
65,sport,-0.15286336318582555,0.29462309922582186,-0.26998217696636323,-0.189427482723029,0.0970542775076996,-0.09374151755132819,-0.008380355667740952,-0.13121180408179764,0.07742300674919506,0.1186720289281613,0.04496124212364165,-0.09543529936394246,-0.08820002181744747,0.059105382113492665,-0.13926316692882998,0.1496006530560013,0.0003226636703421032,-0.007768773939799047,0.0376775608664143,-0.0497606854957314,-0.019960946723735613,0.008730469375289469,0.09445724548662165,0.04921214062263002,0.08021986274448785,-0.06228618893735813,-0.12948113317849813,-0.03794272145881414,-0.22029833477586705,-0.08987186542366536,0.02155761325990059,0.3036370078775663,0.05895476724664075,-0.11864215167108223,-0.06788499684121148,-0.045205720078427575,0.1300032440499339,0.001662144626206213,-0.07309626108346662,-0.02787687485702089,0.032533921436961585,-0.06480909157268772,-0.037241846884996176,-0.003193672456852197,0.0724051378895573,0.03016245107334968,0.0006114925170478926,-0.03916059138577565,-0.044663616276732675,0.004452879700363319,0.11952760138918449,-0.008279721891232833,-0.02686887951238159,0.012983098781755185,0.05110451644401574,0.04468281200596136,-0.0262640074563362,0.007021872146433052,0.010388854246208378,0.009742227520773788,0.07227883114618473,-0.024895116843700035,0.011983479946148609,0.014017113422539966,-0.03205365341178375,-0.02230676963985278,0.018317348716785465,-0.022307911806193015,0.0033346502442563554,-0.02262486445055167,0.014604971080700933,0.033494147048023344,-0.002515823641395978,0.03960412865541361,-0.018051594846557516,0.009990098705973506,-0.004202136293612509,0.05100112549908056,0.03518163873856159,0.05064657611828994,0.02035283380578211,0.026967891112297523,-0.056343038025183916,-0.013500264167168038,0.05055624089193577,-0.03436099192756483,-0.006727091063050777,-0.03555371164732874,-0.01249658103847476,0.0038748318658761763,-0.016478197812712442,0.021227760810873426,-0.023840195722460853,-0.022909409523641615,-0.04149947237121957,-0.07569350809294262,-0.03614138929197922,-0.07581164263533388,0.015450562992570412,-0.009263671456540142
66,sport,-0.027559102213849447,0.030114905910668278,-0.10410214896478112,-0.05835418294222012,-0.020158695933340267,0.02632050744404992,-0.016535116473353175,-0.05456847656913104,0.0015904886797327928,-0.009397893793842729,0.07520223795346195,-0.06645639207604433,-0.004425598019429884,0.04323294794942912,-0.0676397193921115,-0.006697119086048194,-0.04500924103418412,0.01861664784947591,-0.040019939096890014,0.07358444579052396,0.0967264878010578,-0.0478829934214646,-0.1008939487721324,-0.10170706664224527,-0.11679355297542816,-0.019180039958404654,0.059410844088149395,-0.08991209120191002,0.06539180725220148,-0.08923463798188486,-0.01665152011875163,0.00010447543245024413,-0.07511017886227576,0.04692580693545415,0.0460916877480637,0.01883085794712436,-0.04194485465636248,0.043488496531389496,-0.04534635337640231,0.018145620825461818,0.0026600431304025034,0.15808389393998185,-0.04305663572777104,0.017086315999245958,0.01922727055462298,0.08877764232023622,-0.13116172944229348,0.07716053178170995,-0.04658220096447515,-0.09403972514282255,0.1026048524692259,0.13114297356633486,0.05541940560625221,-0.11708655561099926,0.021766032815262026,-0.16369406192113076,0.03545382277242644,0.12345976877081632,-0.04224083696919251,-0.0227480100110367,0.1204121615510632,-0.13619940111302606,-0.0399708602940086,-0.09556389160396148,-0.11615405224556347,-0.09057908095798671,0.10980422086378086,0.11446620106901491,0.1267665217785396,0.1571416059489335,-0.17810156870906235,-0.025112779671800388,-0.16969449325837127,-0.04599099390821079,0.11542162314193172,0.10994963634228035,0.003103993475319078,0.1133681334902085,0.20266472346230197,-0.09932338461322526,0.11344755580161497,-0.09626181119937638,-0.21948147048950853,0.07317977686148615,0.005931453828298379,-0.109998761531725,-0.04278918023310682,-0.037318898320708796,0.09366126366647093,-0.036810026756738626,-0.0044498661743305875,-0.06945823039777975,-0.058548457445911195,0.07889689614876015,-0.06120911888052602,0.12972260960744067,-0.05500378676493111,0.009663367427656704,0.044846553908494124,0.038454391996569456
67,sport,-0.13648039410134544,0.1826343414754612,0.3272359583221729,0.05521428396527925,0.012142960747487002,0.062171131994353576,0.009232941562217396,-0.03563279886157464,0.01843485320368664,0.009467350468941104,0.08395480762256678,-0.09802873948538982,-0.06231343766513824,-0.026644446663847958,0.019819992848221567,0.010595793998467508,-0.015284013469835418,-0.008919064605406151,-0.0005677784453436799,0.004017100510812613,0.016462253762869077,-0.0012082652136342711,-0.039109028809449865,0.030532459341843753,-0.0078382974520512,0.01539361175312644,-0.03187474005615626,0.060301727440631114,0.03927861491420791,0.041364651935493324,0.007902748452510228,0.027721064740093636,-0.01745896938741263,-0.017673338321284506,0.023762799950603684,0.01771483421787135,0.011862701579508854,0.03295618488773574,0.006262415731035882,0.04228732839686809,-0.0005757082353851654,0.09800390522280923,0.021971263943858944,0.00652562617316392,0.009820919067640215,-0.012301827847183922,0.040872035477121274,-0.05635026780018869,-0.015659002605132522,-0.04969023537479748,0.03234692603770777,0.0087169332762089,-0.08302567669773685,0.12895344752903223,-0.022215877428697788,0.0442551189192411,-0.015774860509139343,-0.008671552467437336,-0.02204451490499841,0.08371546036750419,-0.1572819855535894,-0.05361172856192241,0.015338083031661677,0.014813274878850218,-0.00405856527274646,-0.046403159528732925,0.032993321982940284,0.13373402393547448,0.013392101933095469,0.012202073661448222,0.013771671861115447,-0.07343233591905511,-0.16574269658392562,-0.11667266271078373,0.02717447768270848,0.11561213682083506,-0.03127813125131154,0.06606200890973367,-0.151020859257708,-0.08925205672942073,-0.08605141014835191,-0.0105258075317663,-0.12269836314462328,0.07368146081021758,0.03621197594636055,0.0020149615313383696,-0.1594753069005046,-0.03780732098506357,-0.018347732749533035,-0.2009285311506329,-0.0071628122465660134,-0.03495598976973414,-0.15312574439063184,0.24771333219246552,-0.07607945729704914,0.023293357489220665,0.11550844244207308,-0.004900350112458367,-0.050457880927953655,0.15681541774454505
68,sport,-0.08653487355702648,-0.0603526478834356,-0.0799637272587313,0.23224846298454505,0.10890299742056378,-0.04637610661136936,-0.013302798562480038,0.05995787424296656,-0.0008851606740442183,-0.062251152448767874,-0.0027121306138602023,0.0660117247444485,0.00950526138224057,-0.03311873763008924,-0.11576402632355194,0.15473382546479905,0.06503598365104586,-0.15504128726056868,-0.0020298350855411595,-0.003063748413955969,0.045541502640996705,-0.03428542909710173,0.12332159977790987,-0.02688366297962919,-0.06157304844771975,0.06849623617451198,-0.05232837183928513,0.05066932369269364,-0.08190536823419925,0.04179188785298051,-0.07382389228539615,-0.23109905921967844,0.1626749742232925,-0.040374251143514395,-0.38293936906972015,0.041446154647033856,-0.051861798421395655,0.00929540508154815,-0.0699079292481163,-0.03758971808334057,0.07657616269871964,0.06007045213552867,0.16334073724834233,0.14017956772721535,-0.03468053876761045,0.007331870412792433,0.051542026597949424,0.03681945320973387,-0.010630628358969635,0.017707317579399508,0.08605849315001757,0.04710003149541569,0.03229278789100289,-0.013504264053062232,0.10713396858632052,-0.02381998433805639,-0.09653622395007555,0.1090871494380835,0.04477561937236968,0.042815798037759645,-0.018003534021843355,-0.13653673613185482,-0.17900953317221788,-0.1166801934493536,-0.026587180277068016,-0.05267397556537034,-0.034928966046698075,-0.03204699871532351,-0.030547547449687476,-0.059044948833604,0.08753812332181449,-0.012348187374103122,0.04002356472980892,-0.012868172514952456,-0.028976571371337276,0.09429784024215992,0.009164887075702363,0.007517868982310697,-0.11778249935247453,-0.019141237429252732,-0.025943065898462944,-0.0004673418462569078,-0.0251044414722373,0.04467644902469951,0.022456161673792822,-0.030141990350895955,0.03473860973847208,0.05307482213022896,0.018656903952491918,-0.07242311931073536,0.048933419812175194,-0.037772814313747675,0.01884816410321095,-0.053216976181172417,-0.007477090076645989,0.00981284908704969,-0.03300790818611376,0.015974355799798168,0.006858069848983844,0.027138219697809735
69,sport,-0.10796698181254219,0.1343168376779239,-0.028219558253238665,-0.05791558805151516,0.021816821939783012,-0.054197395687424606,0.0018328759758137964,0.02800933021275403,-0.019428558368046002,0.012196761172490205,-0.06850919477786499,0.1329566169485302,0.08178413300374404,-0.05111278431903951,0.16536558683046415,-0.12576065914537077,0.08518191627707686,-0.06487149920571979,-0.021318265097796014,0.019852897178173273,-0.008616475999180237,0.00026553587280874776,-0.017062404821783256,-0.03506769444179545,-0.07269621461291063,0.01627848843756943,-0.04651110043953984,-0.010915156721416413,-0.0708802931701122,0.010060548411765572,-0.004927283761274651,-0.030421057614501656,0.02357754976602092,-0.04103830667092107,-0.012528497923164614,-0.013550814441671999,-0.0039406473035051934,0.033119121468052855,-0.02822458068983998,-0.03172900488882302,-0.04211697856316728,-0.004482357567630688,-0.04062154486539429,-0.010745687295073757,-0.017690225340806477,0.026562087226758877,0.003615067674841387,0.04622287897579336,0.1016051035705989,0.0009377800154773426,-0.05024380153927808,0.050111486642473474,0.1281292100565984,0.01928935843459977,0.025075879726734668,0.02034002402622079,0.07657715801258795,0.009852574718357716,-0.07603460626019169,0.13388860605011713,-0.03929407049082037,0.052475794682850484,0.03120688669864617,-0.0067947935166712955,0.06776494558602426,0.03353652335686295,-0.26240872749870847,0.16021791482464887,0.011779756731094212,-0.09236507034677527,-0.12256938381721069,-0.022403421565355082,-0.06840567299849815,0.12659224610899644,0.1655094199756153,-0.00876477022354014,-0.22626530470094214,0.12146647165335875,0.2093243770012995,0.08865317065937901,-0.10011330054368427,0.049328920466515366,0.018656759846528002,-0.027856213125347692,0.2804138355107741,-0.12041138250643536,0.2611669949518824,0.026348722797971843,-0.16282489093697125,0.050930931248832,-0.03745185708666634,-0.11066722383682781,0.023632866980620063,-0.05629833705961744,0.0054944908957665845,0.10144224684896755,-0.08021070856633476,-0.01560397089416825,0.05855781217525411,0.07124289686885311
70,sport,-0.12830656090092324,0.2264314531082873,-0.25155532236332606,-0.16861751012623336,0.06361466867274487,-0.06666443730520243,-0.027913617023913716,-0.1147733011364034,0.05335979074686428,0.1115431506421262,0.07565846167242318,-0.05254900734224542,-0.10199619049057804,0.052713448470637074,-0.14956484329702005,0.1330562658288946,-0.021231121680260038,-0.029286980164124975,0.0014939726845593806,-0.0039302718596041265,-0.017965014119660668,-0.03058743443064009,-0.00695314702987868,0.031959089859896816,0.11629158124416324,-0.01053193346039002,0.020082594055110297,-0.16001802740153978,0.10585069488294142,0.06590792752403025,0.03892237533836093,-0.17330289050913622,-0.008766217815616774,0.014882528774207813,0.03378818266415082,-0.09528450752429378,-0.006709212040080538,0.025885047329103503,0.01186161615005066,0.001658412611611675,-0.08889197284068202,0.04632098938425754,-0.01402191716654683,-0.038076833790059855,0.06723995959481134,0.03602010152509544,-0.0002529339888354921,-0.10483712182425844,0.06443743866257287,0.0740509499482846,-0.063048543036695,-0.12339214146626527,-0.0018176010227115452,-0.01958791177704798,-0.09447436712494774,0.05215673857605965,0.03164995161477659,0.025441019560430787,0.04194464791582608,-0.09547421322254937,-0.04466305432750465,-0.07006218496271285,-0.028293952911811516,-0.018640721025656348,0.05216420037071142,0.06635253223493726,-0.08538472597273529,-0.0482911953204324,-0.014053733182988325,0.008366450980645585,0.08153225048515132,0.06736381157275716,-0.025959962474660054,-0.05921071222341474,0.0064199931660069145,0.027695008610447266,0.009053054261429399,0.009114150656573762,-0.07553017302727218,0.07697426068614524,-0.007006452927096947,-0.0071341822546725385,-0.02493857646470516,0.021940450926636188,0.0629249066021448,0.07866082438920888,0.06821671915693145,0.019539581072732033,0.02635971444202331,-0.07817834669733562,0.07347343263826699,0.031156698572872475,0.09956529166544666,-0.025374301183293382,-0.002851909898519376,0.005662830061855521,0.05316766290552216,0.007168089250124942,0.00847474034349951,-0.02476521277062961
71,sport,-0.16184681484258331,0.21072515995935678,-0.22282891234000807,-0.1169568229456373,0.054250290369247986,-0.01972378768401013,0.009974903031475713,-0.08251731221905312,0.05232471469271581,0.07635800180057913,0.03821495885104137,-0.10505102781782799,-0.08653256555978099,0.009043162346422532,-0.11690781648999042,0.12015417685919583,-0.012928393049499793,0.02298608077841775,0.04451063152751794,-0.021028726591633837,-0.028635945579557252,0.03903305805393542,0.03146049344865078,0.005304404504561234,0.016236412797280185,-0.07768403609865569,-0.12820199843329885,-0.011557207493505086,-0.2422454455738098,-0.1221564010852078,-0.01965368603224041,0.47918318114206204,0.08332712160328373,-0.15256852922578637,-0.10492156536833627,-0.11181703051459507,0.178757543166061,-3.529486929335584e-05,-0.10199820650189571,-0.055560981464543295,0.02637221911642226,-0.08154772425762417,-0.06029126475659734,-0.03672941779725706,0.13952165634587171,0.07721637912041111,0.030927934525404953,-0.06651725965956123,-1.0250626877787227e-05,0.039279095984566074,0.10630326075104256,-0.045135976301299806,-0.04226966241701887,0.007615284350018812,0.01914278353541526,0.07402522410312042,-0.019085297214151545,0.019222109665490348,-0.009587971831180158,-0.021871609978371388,0.06981025521726554,-0.057673708222008596,-0.013860118350130353,0.00870512920651016,0.01917426680349393,-0.01669079785612512,-0.023695130289668385,-0.008428734683020661,0.007930581516610332,0.033246475519382195,-0.017536782817915996,0.04378015487889431,0.007977375606444315,0.03197267013607019,0.0022190871767870297,0.03979956377410067,-0.009714212055203694,0.016584202437653444,0.04666749422187167,0.017601284878080648,-0.0033701703050607883,0.03254331603392178,-0.044018873400971124,-0.012776043212329764,0.014509464483089879,-0.023035990094279007,-0.038603311337914385,-0.030175963179667368,8.616425130819399e-05,-0.00590312258851379,-0.016819457502822835,0.04787618866225572,-0.023983060269857602,-0.038740860904190266,-0.05751323543085695,-0.039520427529435506,-0.03377896236187187,-0.061918104177624285,-0.0076851010519392434,0.010086450505154913
72,sport,-0.06639348002573181,-0.011935701307104,-0.07563878629759564,0.09727016279351675,-0.04922933962022424,0.26845536254259644,0.03708888767955701,0.1529301914458485,0.15084401142797615,-0.16358739469775566,-0.18329184112932403,-0.08666335746105124,0.05725499354568925,0.6539410611861918,0.16255811448187021,0.08024812877535235,0.1075976250728164,0.04869651064158835,-0.012737396724550445,0.01868732809895866,-0.10515370715704869,-0.0686177698890156,-0.012713359585531424,0.045843743279534964,0.02748604274535065,-0.010028297599058626,0.0030941630735363285,0.005741639284956367,0.03445225839119182,-0.008402484246478251,0.02323152354819358,-0.0008691529404222363,0.01185041652268641,-0.05771729492880962,0.02809393768760518,-0.007136581661133249,0.032533188814454696,-0.031878670736439615,-0.01344450853862931,-0.02641163844885817,0.004180360119046808,0.022306550413495968,-0.01505780435696701,0.007669685491033939,0.000894002173412647,0.006155288137672534,0.007591058239828484,-0.011037485395472092,-0.019419029380879065,-0.017623973172850735,0.011442556275218046,-0.021390365356796927,0.0023887387466681584,-0.014306375908804691,-0.0065106921622181185,0.014303877261727846,-0.004142534955173947,0.01639285814760468,0.027519645436682463,0.015384624050922857,0.06469798999216354,0.011913592690564863,0.01870706873380105,0.02151577789734661,-0.03129138772538138,-0.03643674226519785,-0.032522813420562895,0.042660903481997706,-0.038514861395864956,-0.015267035454836535,0.015948937303221788,-0.01837792520920038,0.03365830543362451,-0.04590669927964247,-0.017008451435209477,0.0011994698078742585,0.004866006522027276,-0.019471757425965224,-0.012184230971462469,-0.0011958485808877329,0.026145365374875284,0.0020645041187240198,-0.05839687797369837,0.02870741733112013,0.00351432664374414,0.036480677246210194,0.011420755154383786,0.005466492409294804,-0.04531044936854095,-0.0198198185382082,0.003578453491813131,0.004150366727303075,0.0016594186756328094,0.006900168714059364,0.001558022917304006,0.008990897319341842,-0.008725613659250007,0.011100350877260244,0.024122740534415953,-0.013053024998413234
73,sport,-0.1482253227515502,0.22787014840745448,-0.18656123606755035,-0.1326252204296563,0.05086653161981821,-0.04976624099551223,0.007383533039843293,-0.06942059154053343,0.024522611235605413,0.05811710188198494,0.018887825105537673,-0.08219858033271114,-0.028038289170637044,-0.02552802501686921,-0.01845555788445039,-0.01936735234658251,-0.028738347555981612,0.02875281488560739,-0.0011902309793724209,-0.04853676371359507,-0.0709154805344276,0.04316938013778432,0.04301453896874806,0.09059077252275743,0.038872713663669616,0.09530891739052846,0.023981867727590343,0.3136766957862289,0.05281394938104838,0.08945300568755014,-0.06135371628442117,-0.14621930312395628,0.014912159484845198,0.024633233967021356,0.12159194927535631,-0.04782704936517506,-0.01970733280144158,0.002384999169146697,-0.02013040960781415,0.1157057455909098,0.008794840276171256,0.05513217039039301,-0.01875936094472937,0.021760498396170544,0.05860058512857296,0.0568342292935122,0.13693846091277853,0.0035377031941042085,0.03843047863374505,0.03333282153566472,0.047430781397179905,-0.014303850058033835,-0.05219504903894758,0.012168764427991969,-0.08027482143168131,-0.027603337890398757,-0.027230966766387872,0.07259056154812021,0.04830878066660189,-0.025234633961510593,-0.0692703971727373,-0.0012553908514250083,-0.012043142618784223,-0.007550443016678494,0.2194162898155418,0.06675793671939449,-0.05507871132370926,0.11219002159116487,-0.059350218544532415,0.061830653758430075,-0.040167769944910024,-0.028212290280449748,0.013426211695650798,0.019910669334548384,0.012807479566476007,-0.07030129586258063,-0.05603759113722508,-0.043448642001203755,-0.05890610869305895,-0.06288083827187438,0.04538942746742065,-0.0407762734306536,0.03703488993917758,-0.0646302781120313,-0.0014956289820972884,-0.02687512883189408,0.01370221439983401,0.03321458840850575,-0.08208750319603726,0.019310887017867574,-0.021432441339913563,0.058563897751719364,0.020718524364783678,0.01976886806152271,-0.02868989354138494,0.08149000923479406,0.04539683182190231,-0.023853724499631353,-0.040490234140866624,0.01177193326271437
74,sport,-0.09253739139228341,0.12221846093517552,0.09874836456675645,-0.00184761669531725,-0.06122644313147539,-0.03256219016340551,-0.033939686886238954,0.023913668852653093,-0.054955391944089514,0.013523393358212437,-0.23128232511387325,0.3575724349986371,0.3527896889814422,0.020879800793907843,-0.3280893311707575,0.009015695081822355,-0.2623000289272664,0.21763755338981844,0.021899523717860442,-0.10574644016070772,-0.08956951116579909,-0.08070958506208502,-0.12591749410430167,0.0639444767204295,0.014143347220538238,0.09447738727946485,-0.042165320934233336,-0.07311605290518876,0.018455132928213287,0.015636506811882625,-0.033320963043083046,0.025266264119005483,0.0367095594466907,0.03160976619042156,0.05342250515980667,0.017743538799434,-0.009786599903844643,0.023623052981034492,0.03441526461429048,-0.008529987973678528,0.02142764068346849,-0.007392231282783913,-0.00010491409635357186,-0.04449083293683989,-0.0030596196832805528,0.03167723543522592,0.042104242355997815,0.010054115497650139,-0.03356696230471205,-0.028964267718647765,0.05522404789164337,-0.02968084028094815,-0.03968274012059345,-0.016215941924616072,-0.0070593108370352,0.06468464193588752,-0.030255400216843507,0.03156679384251461,0.034510427948478396,0.02593919347126185,0.040280479776164016,-0.009332553555790855,0.01644749961947399,0.048851091864823636,-0.04927825535586134,-0.08832081665192215,-0.009125483283985778,0.03923583611459123,0.04053381722070185,0.013247290502952579,0.04166930567021417,0.06717481994733195,-0.09425957685348817,-0.0002971605410232753,-0.029129200326920353,-0.03202088101208199,0.07583559253304746,0.03893638043650893,-0.032385583623492004,0.02308509593020241,-0.04093384320109631,0.03801319832160703,-0.01844559772721019,0.06687410188352508,-0.05237297012114353,0.0050545469913650404,0.0477838285534197,0.07002907239332345,0.0008701256345039372,0.016348054455153027,-0.052828710034804,0.016637873424573298,-0.010864393318146816,0.008123467763591801,-0.022442166817595328,0.03539396024684349,0.014404551023484825,0.01785288460586527,-0.03310784928117952,-0.013660972822652473
75,sport,-0.15051507959821084,0.22612285913791816,0.38985305442281876,0.06675518533090345,0.018524129453211857,0.0278542348379641,0.0021022727625100777,-0.02307780555818587,0.03171349910709241,0.01564525715459663,0.025530210070226177,-0.003608639616163837,0.008563746091957723,-0.008272009627093698,-0.04044305554126745,0.013876298797050348,-0.013006849674711855,0.005758465368065863,-0.019773554039703035,0.01663370101447306,0.007099709287977769,0.0008340378285842589,0.08558932303262223,-0.13807332959550817,0.10424878494687498,-0.1047907250580778,0.0015159827121737854,0.021754868168617818,0.030834246927847267,-0.001293546768773998,0.02281723965587367,0.01788691694879674,-0.03805340078838447,-0.043176848847877036,-0.0034874482659551075,-0.06593893618388572,0.012140298293116003,-0.07964661067257697,0.008516897228995901,0.004874146820711673,-0.03585319522897184,0.004076761498068798,-0.0232096680844798,0.08887072075783603,-0.03768439470173523,-0.041919830177636626,0.006307266955195586,-0.05353165638036406,0.007704683072816725,-0.06800563375194715,-0.0711905672589035,-0.027303037059742102,-0.038196650748628214,-0.021394428394622793,0.011671917913261352,-0.04788574841848498,0.06570394051178853,-0.017761357014447875,-0.01717379969619903,-0.0750420302330665,0.08496577568938005,-0.0915560063715674,0.03076245217252347,0.028053424404941008,0.014430234218337237,0.037872703848512455,0.069600982750591,-0.01925465188845268,0.059260159071955525,-0.027202115771419313,-0.07015049974970697,-0.0861949478214776,-0.019252499211690068,0.013848680692416166,0.005735830493234089,-0.027233401880575624,0.01608600362607828,-0.08453713609598149,-0.14910534135230533,0.01603556172140166,0.017298774496046453,-0.09487043528206807,-0.025921940336146566,0.06404166150766112,-0.03119721103602041,-0.014969764927181635,0.037089168996468524,0.05431869940871805,-0.018941642526098614,-0.018649785795857063,-0.005384549708068105,-0.06751272871415047,0.11494443886666776,-0.011755923486080448,-0.05265286435496235,-0.06164452435174602,-0.08660054780094581,0.04669183797211942,-0.025025234333032532,-0.012047279235622614
76,sport,-0.05707627186610942,0.04601644741921539,-0.13071096765170706,-0.05219779851905674,-0.05083156159063529,0.0026026217554725073,-0.043703517551769926,-0.022241304973082632,-0.03793317031344432,-0.022021465152543343,0.04176756629379888,-0.06083958908753629,-0.08138668380761911,-0.003141145864573879,-0.07186271269568331,0.04526244690384757,-0.07970790187909955,0.0370445204755352,-0.05783237640892692,0.17112033505494498,0.0094017400242256,0.011400000499385186,-0.15867799698216703,-0.1150681323192069,-0.1070615744763113,-0.05954861913001676,0.01784018477375062,-0.1920371177380414,0.04817040973680432,-0.07030837289325166,-0.0276099517934009,-0.028720109697438205,0.017025622314242067,-0.0340529058216926,0.06340102544335496,-0.1151934710934891,-0.0033811077168053242,-0.011258052578438139,-0.050276765268763304,-0.005404902550706329,0.01570152799481631,0.0704040447013203,-0.000272750799425348,0.06596244416985268,0.030897691460186207,0.0172097049350944,0.02156961867163044,-0.054867085421173994,0.044683250133233605,0.04696003954626438,-0.08421492491073865,-0.14698715981309576,0.11259196695491815,-0.01938175959921065,-0.1332635367148123,0.12007456035004926,-0.06491537814467722,0.005870163129266012,-0.07922469771916932,-0.026447777791044364,-0.12856884153672654,0.007763009713665508,0.05855999688723848,-0.009413506465572567,0.0065509585144372905,0.1153819702251138,-0.04460688161026468,-0.22138137949142012,-0.07959485222949522,-0.26600190431664894,0.07732763931112493,0.07111472071393028,-0.08622025036927186,-0.016990870074612176,0.06094408164785907,-0.13486361823388132,-0.005762453686881928,0.06170899333672314,-8.622312125837986e-05,0.10324638997347259,-0.07063213779941253,-0.16127565091818577,-0.1443565356858911,0.06513850417566022,0.10028994631671034,0.06412746268387587,0.06902983368263896,0.03535362876633084,0.12977639001052957,-0.08730637774692272,0.05525090818948271,0.06190238204658561,0.0006150860263879618,0.05371912781376163,-0.00476806564100274,0.14025026159408246,0.05344408279056776,0.05141380677603261,-0.012990036347039782,0.06437757033089102
77,sport,-0.08216068449338639,0.06953741558752569,-0.090196246598294,-0.035502934322525166,0.007039060934953411,0.019401811574656324,-0.016088895787659072,0.0027248750552482225,-0.010105489858376308,0.013651111734035763,0.014402392477232063,-0.02094203756205563,-0.03007343325936601,0.006562101990236489,-0.07092045198093253,0.03599972119890913,-0.050463796583564216,0.05350604343745325,0.008819127355969243,0.08968738391018462,0.107200050931656,0.05026532974043983,-0.12183119678944196,-0.08363366648526321,-0.1977864046420762,-0.08164464333837451,0.034384867500227484,0.07552201126034394,0.028108869969394375,-0.012867509822222413,0.07151025395127264,0.16957281124332804,-0.05772755043241476,0.13174368333821412,-0.04717978716873727,0.03843734170608167,0.0475524261156191,0.05774281767132056,0.048825547893980484,-0.23304491949651435,0.10008698789335657,0.28410760195003487,0.014042765081004969,0.030342575984159653,-0.14567852423663394,0.05683561952991276,-0.047501746539906124,-0.11234845354671653,-0.012967434423377751,0.007052242547238747,-0.12494333546679762,0.002997800676877006,-0.05053851760642666,-0.1459584799253457,0.015723424256965112,-0.06550765008623735,-0.07162855963112165,0.18433411243808667,0.1299736376508483,-0.037416089779816315,-0.14379565066085154,0.09292716985445676,0.01523379792696885,0.000536128618868288,0.061178776220295286,0.021102583683015076,0.0319059480470492,0.016353583909201882,-0.01823582790060942,0.03074991114873999,0.10717600296719673,-0.1702229744746432,-0.030228333353513968,0.025536127918240864,0.05063999904695293,-0.03777442977142713,-0.021510986141629003,-0.03335409341838075,-0.07221525320000251,-0.07147824259693608,-0.010295939722873923,0.016849903982141912,-0.05335073257891541,0.032376557811619196,0.051529256958730056,0.07038183265226478,0.18971068015627535,-0.02955941037221914,0.07969267884197379,-0.040166836349887096,0.011974792070480602,0.12312705505075044,-0.032239046917441505,-0.1445430253851162,0.11676279588067258,-0.05432483056575261,-0.1100185363432682,0.031907920407093886,-0.06905503744437322,-0.030881815239661
78,sport,-0.09796279813537861,0.17806409402883852,-0.1054850616758342,-0.13272174401350567,0.060973042547107406,-0.1038970429319772,-0.025531063753087904,-0.054339396759309946,0.06233100908116247,0.09866139545976346,-0.010655801611568821,0.008992415519414413,0.0018313882658758437,0.08164234109443316,-0.05666396940487601,0.06713415447937926,0.03892722134030923,-0.04817060176669582,0.004513930567748521,-0.039585158212773766,-0.05351078582198241,-0.03262019015447247,0.08527027908200811,0.05664801767906664,0.14870270300996413,0.03624726299642493,0.015756243618440104,-0.04853882040687335,-0.01522243913276755,0.07644367073262018,0.08163939113757729,-0.09460413317773306,-0.10205658925632699,0.10913993298326873,0.007987253108526302,-0.009505915204958132,-0.0385986964726149,-0.0673732804718573,0.031824223710167035,-0.038904058215727545,-0.05514876877266535,0.06650797805116437,0.02498387320892369,0.058581842330420165,0.037212294428369624,0.07668687006611231,-0.08705880432855219,-0.038454686474146065,0.07443593040386129,0.08212747162925227,-0.15578553915839866,0.04748024514780828,0.04505448889798317,-0.12421527682462495,0.06654827596890642,-0.06288660695645798,0.08736211111034187,0.04780808210618441,-0.10282059168658116,0.0058987549479774136,-0.1101675224714655,-0.06872572221272355,0.02505945923926191,-0.02460826617359943,0.0637753856922612,-0.007482515134497148,-0.0296627014205251,-0.10203905492902864,0.06206332886107182,0.07465996490592278,-0.17879863031544593,0.10404155189893545,-0.017116527506844288,0.01644135132333441,0.13621165922151324,0.027122402276454297,-0.050396046812928794,-0.11833229495417358,0.09558206120756914,0.034606274029844314,-0.047989198186612805,-0.014481782636606422,0.17095052898912344,-0.0006050866219108637,-0.11015290954250581,0.0930643021028603,-0.027281964240128236,-0.11509326192069246,0.29264406486929223,0.029624288903430034,-0.15264707234881736,-0.17937358135768808,0.1305984527503944,-0.008257946707377057,-0.06848537722990879,-0.049509370113402514,0.04125044013984885,0.1093945338247455,-0.13615378854684396,0.05512497256000481
79,sport,-0.12128504840768882,0.1608536347036276,-0.03201298334910508,-0.07633053580801581,0.016235613588079015,-0.10722486189335402,-0.00934341860047798,0.08918520403601872,-0.017370368523032094,0.03346833854062039,-0.09582938826625743,0.2058992641513374,0.09270236623858728,-0.06864924399087777,0.21156046215010316,-0.1505000246977751,0.17472507428318967,-0.1842011660847933,-0.02993377755074772,0.044192357668203876,-0.07520520545425595,-0.04008751440513315,0.019655968109716357,-0.028177023632201093,-0.03895894328105161,0.030163989111808183,0.07094541238877748,-0.034409348323028596,0.17855309588678253,-0.0667464049332422,-0.03725346511140622,0.05465868884272211,-0.037795697605943444,-0.008199627337267541,-0.036207848769106876,-0.00359161381816945,0.03763420894570357,0.002971574849611364,0.04479017069165019,-0.02197753995898039,-0.0402775581352188,-0.019152721367253715,-0.02712705011436538,0.03001770037689804,-0.03241416528941957,-0.02037471680112788,-0.04563900521803922,-0.044124428235814174,0.050571917257108856,-0.05483682284462537,0.009948310666228708,0.05925100616661608,0.011470845504351845,0.0755966938304126,0.04665898696261525,0.04433440520665006,-0.038622865269327206,0.008527072899036847,-0.10525528082701086,0.05820151075927063,0.056345030253910564,0.04737512486456873,0.02483363472266062,0.015181192650335927,-0.01879836349569124,-0.027310794951788845,-0.059785831035991284,-0.037396481017062076,-0.07644755358766557,0.04268566417661306,0.036025710206279954,-0.03117363962669709,-0.027429090949777194,-0.030718043903437627,0.029909800242332394,0.02685589227027597,-0.007751425025985785,-0.016390190312699195,-0.09961705631354731,-0.03740000787588184,0.009393509628253504,0.08490400583127357,-0.11626939687875586,0.05206856526935311,0.07503909273411581,0.09480440194108661,0.01600263912297316,0.05007683324465982,-0.023589595916128445,0.14941262702860922,0.09878218392601688,0.0829065402755697,0.019038508513246073,0.03545409208497754,-0.09689880498104335,-0.044240423222297084,0.06913211990322134,-0.12446469863822482,-0.13526770712177158,-0.039728304402214365
80,sport,-0.1576727771776406,0.1921663534651315,0.4197021915209079,0.1165780427501071,0.01651575405835162,0.10906542972641521,0.04193812193194705,0.012216979061021996,0.014646077325235662,-0.016505056651381602,0.03399658405848527,-0.07194090994932893,-0.017869901359734746,-0.008490653642486615,-0.041813002931425924,0.04566239901582328,0.001243656869700051,0.024936788492523388,-0.06625465292911578,0.022527183920583588,0.028996297498282468,0.050648096190096484,0.17928619959164768,-0.20500976485104547,0.10653815426509232,-0.0888177975151178,-0.02792015308841822,0.00678384739554468,-0.0065021717241154145,-0.08413032757723155,0.0004979339308906115,-0.052057439438474476,0.04975172958352075,0.08986517061235946,0.03730130214368321,-0.0340043464876244,0.03890654668725373,0.30410098060161994,0.05950683917905147,-0.012962006187601417,0.017014391489273608,-0.13227291678027225,-0.07680726651729845,0.08028499096958328,0.005043109638848502,-0.01650616682252809,0.08305153147860833,0.08327272377982525,0.0016760169346682243,0.0670305140320837,-0.023063526416343648,-0.02516076030800613,0.014448042889650448,-0.021169335750373722,-0.04269409985873109,-0.07613799323382157,0.059464134721064446,0.06313509387598482,0.0332158214402932,-0.016416512665778572,0.008135383938250003,-0.020291549877178745,0.02017796423387562,-0.00786613980578608,-0.024633024663436125,0.01611962479433726,0.017638106256669086,-0.049942421080074524,-0.0037610520228244255,-0.02219334028164503,-0.016619754484207574,0.008714517040346986,-0.0067512427324548825,-0.05206302084071447,0.0014693948080359612,-0.028148733039873954,0.024501853436102165,-0.03908415432875955,0.0263866751657795,0.008034556286026845,0.02791445716770825,0.019341981358238315,-0.014767506744788385,0.06811116405300693,-0.0059544878359300505,0.020627993502162992,0.0057491684311547575,-0.005182836693416294,-0.03820967598577298,-0.0016883484395492218,-0.02627878378346057,-0.0037217069804599493,0.0494900664887025,0.0004735460737560667,0.00820538301816465,0.04997940921380809,-0.009983301554867105,0.042560603683041945,0.029509476467049846,-0.05780529296015149
81,sport,-0.09309789819715714,0.06407597421672327,0.005429906996421334,0.052235074490962534,0.005672114600527112,0.08774446443649961,0.010067835995907085,0.044852668713101534,0.04478648348967764,-0.05118712401715881,-0.050170633270726524,-0.0016605193868820679,0.017604494156753695,0.17058355554885862,0.06025677885307693,-0.007871113063307645,0.02943850040001037,-0.003211742140786933,-0.009139187131418845,-0.005484969233039137,0.01703658611937532,0.0035748952110105,-0.027412703534728695,0.0030435753619950114,-0.053661342018535986,0.01691009305741907,-0.031778332538408345,0.045988088630905026,0.0027369039900458046,0.057265971971984964,-0.04554583805969442,0.016738877023894566,-0.05024922430696407,0.021457169405171464,-0.0881194406175537,0.07941618933106734,-0.0718110373044707,-0.0816219775985597,-0.021080424413855395,0.11568236468785521,-0.024217967466903405,-0.07143866196676336,-0.005526655408811811,-0.04704034545278347,0.05353182348529424,-0.1562634498179142,-0.0385622405839576,-0.020894382129163235,0.09618793191420685,-0.0804012252268828,0.09310777052729378,0.0026704993750432744,-0.003640508678469724,0.08467441122325935,0.1264127567589942,-0.08065565544157978,-0.07055980312282761,-0.06337505643111253,0.1199504476252015,0.02157689912345328,-0.22727356380267696,-0.12360916861137254,-0.02775683403312699,-0.11725464256767859,0.09844811382644374,0.21201445792008097,0.11210933463539026,-0.25739750333311534,0.1830517444738903,0.028744436498481084,-0.01702161890836139,0.09915939407100154,-0.1984424064692711,0.18416588743239826,0.07816320955295009,0.07477898769681254,-0.007955587748533445,0.08987428634945879,0.04954653163022646,0.08519022176205379,-0.19266969658388206,-0.05907641488185267,0.015118987609825463,-0.021243016237583248,-0.02351203389429123,-0.08871004386671529,-0.15457180477195925,-0.003992901473561013,-0.05064630341570588,0.0638122373273652,-0.07399129116794026,0.05813487040800246,0.037396022396236524,0.07136531924395008,0.026107089581954318,-0.041029162164329856,-0.056808386594788866,-0.08187342279412951,-0.03201412969020152,-0.006758145691638064
82,sport,-0.1361063160038509,0.16628951056595875,0.3816931432591647,0.08972583205416905,0.0031680792579885106,0.06278272530928214,0.003631929570608425,-0.012661273283508592,0.021703849966658407,0.0024974584029756057,0.008604514031002694,-0.040835333811423784,-0.014829753380327517,-0.004583196749542816,-0.07640467528022074,0.008801206004766405,-0.016611049353607712,0.052050521648567556,-0.031202962441255255,0.019035925827876225,0.05462479870785061,0.0760765145791623,0.2979136344686458,-0.46210325892726634,0.16258106551539822,-0.2346938424200356,0.02241362738021596,0.10160096294278344,0.018022953760788545,-0.040683345839824726,6.491839550143816e-05,-0.052085538792094294,0.0067992131705391255,-0.05516384082894857,0.05966436931465421,0.006738480812470561,-0.061768221035553884,-0.048752212791334015,-0.010539726533333996,0.005610874923909618,0.017599532158370516,-0.02271854652836794,-0.018873843274817125,-0.017321799687671,0.021677032247006612,0.026412020346928893,-0.016326728158282965,-0.029510525583934168,-0.06328612151709767,-0.010914148003772647,-0.04701467525774686,-0.010965868496011784,-0.015163611587470175,-0.022653324269299464,0.009364047605262759,0.024427778821103415,0.030549179651317943,0.015234954818758308,-0.0021700033857950055,0.007172777002040515,0.04853407398691318,0.020514700341343554,0.03492461057045665,-0.02571891128881221,0.00965934804884957,-0.07100991087414615,-0.020765216423370786,0.01403489035198844,0.04128060417483597,-0.04665238832787692,0.018148209028350706,-0.04690790791062423,-0.07017416866598286,0.01897207388263901,0.02166324972489775,0.000979776694416528,-0.05152599352842074,-0.032702427062479174,-0.036350953021483966,0.005210377167258288,0.0058196110792138695,-0.03755571951756654,-0.006494268676629683,-0.014404124467839554,-0.0016594742152223185,0.024152447790969468,-0.04199625037976307,0.011869249564546007,-0.05517158862462657,-0.007724190636704067,0.07581112171446512,0.028709726988599343,-0.03564374830022074,-0.03792763640313538,-0.0002586626812241778,-0.031698291470722645,0.0418692392209026,-0.04565223116866908,-0.009621059926555093,0.012028163020766354
83,sport,-0.09712505632131159,0.09541239880045649,-0.12999641277543383,-0.03146122773318133,0.01629675351720017,0.002442027705933248,-0.005291906579800628,-0.014180603517241647,0.024490429473789547,0.019335724758948753,-0.017429179357997645,-0.04734030098530841,-0.042923287690250514,0.07831349155447159,-0.058964666290652376,0.03182851104810379,0.013755279738074349,-0.007699588753920764,0.02020918551498778,0.01742074850234769,0.0002511047094060264,0.023001947971662898,-0.05372528518883908,-0.06707722194250586,-0.08364713709139338,-0.03414615055642206,-0.015694567965596515,-0.05388251489051777,0.06617816810193006,0.004913641890748407,0.06223548470855033,-0.03310737530589289,-0.10696595477187418,0.02010528386392092,-0.02507180024904448,0.10215924596195819,-0.01860445188109819,-0.014405821605802897,-0.06280808449099043,0.02842222895367827,-0.16324185775383085,-0.11644979446871292,0.05864848640589384,-0.046971277774540375,-0.1297591193347597,0.12252262901040671,0.3071707016429477,0.0206297692960596,-0.010281713943094411,0.12597024288854558,-0.2675314130187302,0.2005748992216025,0.03530251546013213,0.1817011848034709,0.004857066790369421,0.10732234795717786,-0.18991499371894516,-0.009588610163326159,0.11591373840388482,-0.06967278775783099,0.17479738788889923,0.011625350120474031,-0.10268806023271393,0.004000863826898305,-0.13156609419743814,-0.050581923729294674,0.025846425279659926,0.05600462159387985,-0.0025641767757161008,0.048439739284992796,-0.04649832235086535,-0.02178350046647292,-0.0833273196821561,-0.03264635684319938,0.15200286785995534,-0.0024265440065639366,0.01163068534714172,-0.0028251346878612597,-0.044298278848564805,0.04765718181474253,0.20567202511740568,-0.013959661699005683,0.04273622936133653,-0.007976651243020603,-0.06265043814042523,-0.10716314368816376,0.07544514010692714,-0.04897490019486902,-0.03707478389878103,0.04341649132738602,0.02525787289867419,0.034400820643511326,0.11197784098540672,0.10971127145039929,0.038400629180311195,-0.025433314600455177,0.02570401645179724,-0.10223705110177478,0.23205810270788738,-0.002269554507064294
84,sport,-0.09115476873744353,0.08156111892809334,0.12761258344961923,0.029072047034772994,-0.010154665288892344,0.003393647862415783,-0.001576899302359099,0.032996182993586046,-0.008357657556372985,-0.004072003642633476,-0.04300212605555312,0.06181835296486797,0.04856237277794552,0.02766341447512504,-0.033906746239213525,-0.0016870014260713904,0.0008088604739380827,0.015477322953173419,0.012104502808566477,-0.020697713900636683,0.020739165592952084,0.023713734101724827,0.07130711953170572,-0.10635967087661721,-0.01420858626742704,-0.060291200868765105,0.031008353494528292,0.040793808807275546,-0.01669346342105278,-0.00801472905251638,0.016957718801064423,0.020199184295440247,-0.032835460264579105,-0.03244095297821644,-0.04491510366692148,-0.010146391004138848,-0.022878733057045672,-0.04063588676404316,-0.002324016133284059,0.05019331814539439,-0.032411558412886045,-0.021789454676376146,0.012841932847662007,0.04666758015229092,-0.04156140562191092,-0.08894309803361271,-0.036779251807889136,0.013452313454839604,0.12154753845249845,0.014174720226983701,-0.13100845568226974,0.07892947057078349,0.089898185574153,-0.046069532930595826,0.025480265542620794,-0.1824314688146021,0.03935660142395471,-0.019900148008569284,-0.05340723781888222,0.03626063989668483,0.29760137973441936,0.08820474457992301,-0.10027094524002074,0.17014540342758303,0.2891835689160556,0.3285693016910262,-0.17198625511714258,0.08392054157439595,-0.14795683022615863,0.207345703148338,0.0489745021799697,0.08293743539265656,0.0469448492545498,0.07939555680915178,-0.17023835886566938,-0.05848683246054533,0.190126989103985,0.3140953284633408,0.010051979884195672,-0.05504178785821687,0.014664668497209174,0.037520395747493655,-0.09274965561844375,-0.03675427774083564,-0.07647034691446924,-0.018502774625958746,0.01734513732689455,0.06633979523995659,0.20261001000528792,0.005953245514418519,0.011375675393920169,-0.01584636470884536,-0.0032594181866268295,0.07674439917250586,0.03139849121975503,0.0013966630595694362,-0.025631019856788353,0.010797306063449443,-0.04623954950835192,0.03277103170127112
85,sport,-0.12051252640651082,0.15901545965536765,0.38186596669992345,0.03693058452046837,0.003467922005416367,0.05918866188004056,0.0034069402173727507,-0.05232512337592068,0.013306238103795524,-0.01802509964465106,0.10533946499829323,-0.11019978399993388,-0.14256559195943738,-0.018138485339998397,0.059585091174787455,0.019986512540502255,0.031435943167376065,-0.05833935326865315,0.026149025064741017,-0.018553864462299407,-0.06580224498909094,-0.03577354909752609,-0.1574660502097179,0.2822793751836211,-0.10394256672309651,0.14708034754758473,0.011040141870864828,-0.10091000605299941,-0.009617140798808555,0.046348687806813435,-0.04695982262501862,0.014258928468152694,0.09701680145383242,-0.025919554027084585,-0.028351064745248303,0.07053456014262495,-0.008258083228228009,-0.023485355215881965,0.08400341073206755,-0.0312944272038288,0.05462278171686853,-0.05500548248580784,-0.010688075536960995,-0.15987126126197745,0.008343019326093907,0.09806829986351681,0.06644377901776057,0.13528529037385498,-0.10587413691707845,0.09316010278768157,-0.0824185442216937,0.03461757331514686,0.10721538687363387,-0.1261057979646209,0.012046970361157774,-0.06508103221905553,0.04980088518066028,0.042496739870814884,-0.006504021273466723,-0.008138496872729894,0.052957398381949045,0.1024281355711289,0.019302020497534607,0.07374293420931687,0.03957707129471106,-0.05893918652934204,-0.00825469861910419,0.011902756790916602,0.014794541185705343,-0.0149862057161123,-0.011597636888919318,-0.029062162986119303,0.03185769026741269,0.011570726555142219,-0.04031618669002827,0.03148950148489783,0.01326412729787158,-0.010718317282170877,-0.05925793334513612,0.02396365136717377,-0.024157846492288748,-0.1272572983160692,-0.027646546377331587,0.0008116493929645177,-0.016763085105698874,-0.004677807741267365,-0.1050926452651183,0.08100644865254196,-0.03449954152642732,-0.05264889035264638,0.05172590321970061,0.04004905322782987,0.011358750672213137,-0.029701716459338615,0.027667586279812948,0.02680343044550872,0.029228683257137743,-0.011033043451049246,-0.0013702660698803452,-0.03127080726223697
86,sport,-0.07364597699580158,0.144517049138383,-0.06268945170109648,-0.04658324984056793,0.0318307049018216,-0.024346440956823225,3.124535592728668e-05,0.012765169027077786,0.04168803021894726,-0.03165281817547274,-0.047115299450470806,0.011800168763766576,0.04557400686205669,0.02166745613636509,0.02950571719412906,-0.045284713231593506,-0.018671304131501542,0.023528822607880102,-0.020648410152593513,0.0012349543628915273,0.0007145677678922402,0.022038852899434913,-0.002278114724760215,-0.0425327136283174,-0.03996102627613088,0.04013046756248625,-0.03170503525794174,0.07979276796111662,-0.04769831434419275,0.05916395259195384,-0.04205051401416947,-0.016553651936619042,-0.030004920381938034,0.05361854516078228,-0.07178093128905247,0.013833987331022183,-0.06821417818447686,0.007344249786725825,-0.03419524587187933,0.05315359075245665,0.022630024005283935,-0.053239523970829775,0.07348621521011289,0.06716801924845735,0.01432191883742308,-0.026096209438235658,-0.11742036856372658,0.21577636037269501,-0.008720626973728605,-0.12920170384633978,0.021713314802461206,0.31175103051402364,-0.019626817436131344,0.16994412303720507,-0.03483003135084787,-0.13353400649184313,-0.08292181937741996,0.05513438380806102,-0.10608798702636463,0.06519546063692755,-0.05110868164267393,-0.11162973306650874,-0.022775811822472063,-0.0008584491963101619,0.07942096783438077,-0.024464941063181818,0.07321251543681101,0.11215690009598718,0.21630702391420484,-0.15969259568514999,-0.055727053843065234,0.09038212772587177,0.004131318337130567,-0.07585882301236839,-0.07278961677584403,-0.19663086773583988,0.04562165550559632,-0.019590364787655145,-0.03342832044410914,-0.11145504287529635,-0.11681883870951783,-0.22924410274213464,0.02416827046079447,-0.13167974587954062,-0.03781164923743977,0.09897744142969231,0.06076283386409768,0.07513580698040948,0.07096139183802064,-0.05116193863660641,-0.056394923699436175,0.10149795636297197,-0.014920996017122684,-0.09086202405763161,0.04889140458230475,-0.07204315317816445,0.022869925847353003,-0.04611255889759862,0.1198907304548916,-0.06753809922564663
87,sport,-0.15393006834974615,0.04916185339990368,-0.19102554042586556,0.10815183927264911,0.03816362339217248,0.1904697225800426,0.04964294052838538,0.19733374101716197,-0.11887331430131905,-0.2545814978012309,0.09493919854791459,-0.04217024301237262,-0.03519992648223379,-0.24694005011792422,0.1892368015326111,-0.06553937936134067,-0.15385186474763005,0.17234738058029184,0.03950148468334233,-0.061322655772773405,-0.20270340680164492,-0.10537851065177883,0.050010736569570835,0.03491570636515142,0.1304600387456888,-0.018226299198133764,-0.012443885953293876,-0.08453819138741467,-0.041944360310976814,0.010303145834882826,0.0658980793569569,0.06217921062956099,-0.004479603979824675,0.004964714594366492,0.022573994566740245,0.09620698068079558,-0.04171204301079128,-0.09696981052562618,0.012802151685588894,0.020299818389188526,-0.024868330591400544,-0.1299487361798535,0.025045687356632047,-0.03699438340163771,-0.0502451511996867,-0.07864011228284018,-0.05053509297105539,-0.03287999503373901,-0.032905668018780046,0.024731507709399074,-0.017352754580143483,-0.038740720300218634,0.049575552386565,-0.06843731847187665,0.04231152498092291,-0.038345962251744935,-0.04546229469615772,0.11165962342384454,-0.027391528715685783,-0.037313941699776115,0.004971040875871052,-0.05004599711041808,0.03162668953910824,-0.021367640592359502,-0.03840179228053604,-0.0041284606559907145,0.014114518133026669,0.02658501417265766,-0.027804634683744108,0.00742130409097909,0.003911119704233819,-0.03633339975875305,0.05773182810779953,-0.01127186017771955,-0.0021628316520026307,0.09931155677235308,0.045667910463873626,-0.030478373735025356,0.015599137218806125,0.025427295282078273,-0.000546208425477285,-0.005207540045608666,-0.04773024203085498,0.012354769719037744,0.05544542458088297,0.02973890036275637,0.021744315831746252,0.03801417345414312,-0.008731527608028204,0.018466093021734832,0.0067070965578528005,-0.04881752553253547,0.016323615036019194,0.027070443492884535,-0.017923040524312765,-0.06303605265051239,-0.060296996178588386,-0.006805996363647376,0.027254708397187168,-0.05550301064928952
88,sport,-0.09929936119364131,-0.008917488490501982,-0.12712721507528454,0.09609627515297302,-0.002369166814433468,0.12546059012269767,0.05674810303842616,0.10515795957216109,-0.058563147241379024,-0.16102541349621993,0.0736734704812221,-0.06434710303725077,0.024184472315713815,-0.150239976369606,0.13115642318643483,-0.043899122835301715,-0.1400858706961344,0.07959578601445629,0.05746428944857256,-0.02476147281660698,-0.12199753518774252,-0.06479344823620319,0.10337650357277038,0.050689730831462734,0.013733795089974401,-0.046347638879068113,-0.10783428383040347,-0.07199232884261907,0.0529372364847202,0.036970117239305086,0.03512793656934709,0.045629289308013916,-0.00029013713667439304,-0.13230950538146014,0.02723605091654865,0.059287813284344036,-0.0961744113374778,0.03516678626444811,0.10851083328200029,0.005754423625310706,-0.0016529845593142322,0.009495921409253415,-0.04962892536932962,0.0006153226467563408,0.12457683429334857,-0.04019400359672481,-0.0030899062341791976,-0.06842007496382906,0.07409008534962751,-0.037804553929162134,-0.08049511423460985,-0.05037772510271469,0.1317316544475151,-0.08202347473199703,0.0039767423179110275,0.013266484783211184,-0.05864094597240405,0.11875419306812378,-0.15717979442472332,0.022685934852252464,0.010014499717994731,-0.02066166031642381,-0.10323874646182155,0.025235787185575603,0.04028242226309912,-0.04483886903747903,0.1570466990634441,0.01640091344642224,0.015909469574577124,-0.08656500729734,0.10201397030368456,0.0019957368285342513,0.16672589745365987,-0.056337170669369815,0.03430069440344476,0.11671434446033839,0.11893599328900105,-0.09026187385802979,0.01112361854409373,0.0032585518726992264,0.10057204619568193,0.027475236187993326,0.027086509899995313,-0.0014630571154754602,0.11455403552517747,0.02768530654744532,-0.021160632480370124,0.10519306630598738,-0.025073698739924374,0.07811397098689161,0.005272348805847125,-0.21975297757489934,0.07232858184609699,0.1046411665907039,0.20016073552243938,0.057199988023943014,-0.07041013069782381,-0.010811435175004215,-0.04628105432979568,0.08931599499410091
89,sport,-0.13220748445094682,0.18808113291154166,-0.049316792518550555,-0.09259135289748846,0.04229123880348355,-0.09673466204908343,0.00731441354326856,0.027514538664938748,-0.008752411872124492,0.055293939469931316,-0.1046390261281351,0.167545628298342,0.11016455806717393,-0.07724347075513857,0.22141275098950983,-0.16351174876890667,0.1797966335407729,-0.1903657253879928,-0.004412011440367092,-0.02785932813158693,-0.12233614125634813,-0.03149616464202217,0.11390073205274556,-0.025158127343344102,-0.0054015702691375695,0.09814558933120657,0.2628900188502972,0.025297981071479566,0.347299884204266,-0.22017710820632733,-0.09475478914588822,0.13253212077124102,0.048205343247375534,-0.02928746927310305,-0.07819554306610937,0.034756203982056456,0.04419152530867843,0.03855338328958954,0.01998789509755303,-0.0688037234813178,0.04027364460526395,-0.018772099264872673,0.03890232490845954,-0.031417007077725594,0.02411975244994154,-0.02174193000998897,-0.0025978087448851983,0.03257181700568929,-0.041000422610700235,-0.03834714214752805,0.029185269909420837,-0.013553451750091934,-0.03050360980116521,0.04150490194041335,0.015010190296208238,0.02088105070410239,-0.0016833662616860623,-0.0013356147461369076,-0.01749400723702663,0.005226615419693057,-0.014455190279331778,0.013164161116804017,0.03241213437844865,0.013879116820003803,-0.08644287808448928,-0.00899575187583557,0.051215982408750894,-0.01694160085530655,0.027107679310166933,-0.011910311138835008,0.013661733653957737,-0.004696290522355659,0.02886574114254268,0.017030472324377335,-0.03578689899467691,0.002781989121315942,0.03244183735064485,0.03963805156464431,-0.002431666271683114,-0.0070793581075220754,0.030138234691780827,-0.03397818832212712,-0.03053416601474212,0.00720085584974022,0.01430156242310823,0.03361280643849502,-0.05926140303508956,-0.022207871166069395,0.040215110308957046,-0.04809113780134065,-0.028522713388968005,0.004447872053153713,0.012276577443721513,-0.002842946485053467,0.058792035996249076,-0.03728191925899624,0.004838881055790848,0.02567525540782047,-0.0045745825352948724,-0.0015925441454537725
90,sport,-0.1339001663973393,0.17710414972532595,0.43749114457564603,0.08941105495330241,0.0028930347529475173,0.06919643918832961,0.002010451680492249,-0.032918918458694865,0.02390046738673225,0.007395104289401235,0.05640446303493918,-0.06725896742028893,-0.043690050605445827,-0.002135054658810161,-0.05940190163457449,0.019662384598654322,-0.015356113172513137,0.03353717233799833,-0.018205056265288774,0.023761458791147046,0.03226838277855937,0.04394197345436048,0.2105639523793683,-0.3476291097520247,0.1196287701690487,-0.15863676074213415,0.016098065954377436,0.05796889373835657,0.016290521617906083,-0.015951681225925874,0.0026232241631574285,-0.06459114238578757,0.020323330401856448,-0.0278261894129099,0.07384429733092666,0.06313632944139033,-0.07479423690494828,-0.07218765228885334,-0.010028702487380243,0.0019849793900618734,0.030761435460687773,0.01516197868115148,0.005772698879599428,-0.09361719495365106,0.03526369539232248,0.08336175740157495,-0.010401759791578296,-0.004924888298152639,-0.08467730647942703,0.0031535994473682978,0.05757714228253422,0.005835822144307021,-0.08230298681863167,0.028376875037385528,0.016543338437069156,0.1156003211358358,-0.06851443309724964,0.01252334595424033,-0.0518652523650657,0.08491989650751919,-0.05362524495209511,0.018826365873529927,0.041780083668152806,-0.07809312738093672,-0.00767276586301917,-0.07294268687707083,-0.06522402956166305,0.014098563860377349,-0.040658767933414816,0.04328399059470066,0.0621520213191233,-0.0040825850320702775,-0.03292667397211834,-0.0820393360725901,-0.00576787508432005,-0.008060156055813757,0.018309873103959227,-0.006967650465016911,0.10258610474085261,0.00716662266755671,0.041294622523972424,0.09230684900216707,-0.008676943044326153,-0.022936912388641702,0.006785015744265427,0.00675425717454295,-0.05706332570162018,0.019217112183397105,-0.0038638306023630357,0.05049055948856493,0.009366594706785428,0.06484974907019517,0.04726822819920868,-0.08435737617875218,-0.018384180025516977,-0.020419171758013138,-0.0043788227204434906,-0.004853458240294231,0.009684457118700626,-0.010892159540395826
91,sport,-0.11623067952737691,0.15903503014156375,0.2809719634424542,0.017200082475086968,-0.015050325524398835,-0.010753450311349848,-0.012068495515795892,-0.0208163861109754,0.009796720560439585,0.0009253282014127124,0.06027358219276875,-0.06736828477644906,-0.03513932542673598,-0.031628609283829205,0.02338745304566424,-0.008153357585569433,0.019274720006677994,-0.04416534807952102,0.05451933870805788,-0.039888414616487504,-0.07758299424014706,-0.03639278167958202,-0.1666537672967199,0.22196865535607951,-0.099108902679648,0.08354590890124014,0.0022418900222457854,-0.02442613003727181,-0.013489829493800669,0.07040483983181231,-0.053087403392654185,0.004297379095382753,0.02058358177278417,-0.1440810267943302,-0.08105915652597308,0.01110960210789128,0.0038262169171676096,-0.12297004902746435,0.029983822674958534,0.009824642909803111,0.009031910056962548,-0.000652167479270488,0.010399143365228899,-0.043634402710597084,-0.019248657088307655,0.05064893052018028,-0.10698300198823837,-0.02049677080558408,0.013136303682602367,0.01576252346289527,-0.19758701248960878,0.028893631645231642,0.1556582855980728,-0.199383621967842,0.045793929265278886,-0.03618785016829675,0.04477590748646869,-0.036767916648894054,0.005760103101907712,-0.021483915313969607,0.08967206212350329,0.15632991456579012,0.05944871744851923,0.10701769844695923,0.026920072671059014,-0.16482133711117777,-0.09743491572896726,0.07998684096802147,0.018945740711114923,-0.06996896981415572,-0.047485205981312804,-0.05085311098187158,-0.06850942646999122,0.08085679450512415,0.028760483104338156,0.05813867242137241,-0.012481468386291565,-0.04189023893775196,0.03508527117605805,0.0765468986277278,-0.07074418659226336,-0.13985568858397246,0.04925006655398599,0.061068640923991224,-0.0816768451782795,0.021601236599353854,-0.1799015985814884,0.10611468026774741,-0.09601117174864925,-0.1211008576178147,0.13340342426420315,0.08675762503450277,0.042582421169659025,-0.11498373800158207,0.021882867766215595,0.01670497201676225,0.09627719204925457,-0.013660813314338915,0.02621974188447265,-0.053535604551429264
92,sport,-0.13063565294031215,0.15220398609817354,-0.05486110285851513,-0.05498576906561652,0.026223193097765274,-0.0571933356249977,0.015032201936575916,0.07889473304839405,-0.014042974343158062,0.013043493773520789,-0.12762322438732102,0.18993565262471732,0.13528019494883656,-0.037306051281528946,0.275457681347721,-0.21319930067210074,0.17600359320066938,-0.1553166056821736,0.00950725763802213,0.055630169879778195,0.04806829580237228,-0.0569342459856938,-0.05600085415885672,-0.16306623574363263,-0.1607126743539698,-0.030383622536405575,-0.19587364913784375,-0.10744268867655102,-0.2853245732068475,0.18490947287614473,0.007709391347041444,0.014039074059405384,-0.021627506602257162,0.10597871485816415,0.09076717672895959,-0.0373244723992817,-0.10665741627614651,0.08555324839738701,0.03423565567175857,0.13640521837986658,-0.16698138682738403,0.04038414961751767,0.10215422723969692,-0.025585149919214244,0.12753212921302087,0.08969080558735334,0.00907672227845012,-0.01065352637550894,-0.10694106900100928,-0.005297590268292735,0.04237521137507642,-0.1257985071669041,-0.03641765131544556,-0.06440096649899925,-0.021997294464556505,-0.008756399432818187,0.007271001783408281,0.018929250175550617,0.08965554651556663,-0.10075667368873613,0.0030213546179908794,0.07864778395023364,0.024420452614216916,-0.030768280349032465,-0.025087160362699687,0.002670131825414552,0.03433502255484847,0.020716759971859382,-0.07161666216883074,-0.01712750160406587,0.03970377510184053,-0.03112353520135809,0.0059849305221721565,-0.0220430429746714,-0.029693883884433732,-0.04715876281979416,-0.04345068491339118,0.045511724467764976,-0.052418902479724055,-0.04516430361688025,0.019076404318361294,-0.053526415166175914,0.07115277477295388,0.00894298590415586,-0.0331485837862268,-0.032602578163601834,-0.08651108405818135,-0.012718512895320862,0.06480429498319616,-0.044166264901789806,0.000784107568988955,-0.045975680637191055,0.05131653771292889,-0.050996380459731074,-0.041982573024497385,0.01748846033515983,-0.039529350725417925,-0.03969946337727925,-0.028055075766632468,0.012381567143207588
93,sport,-0.11801764055756107,0.18194615109091627,0.3361227727701015,0.02883527308466709,0.016196426336524388,0.04070763377266567,-0.008195024969826034,-0.049365566803429364,0.01175712994129472,0.008854619763370618,0.07053955249109398,-0.04625457319935954,-0.06114871951145396,-0.013429547540329862,0.049844937736960936,-0.013679443991263383,0.02818161888209957,-0.020936043389989844,0.012430991348073354,0.011199021786811652,0.004122260120490147,-0.03366579445886036,-0.06378771890357779,0.060938410531691925,-0.043380334879918644,0.04540271840224815,-0.03642593374217704,-0.012103869449540136,0.0009954242990767113,0.053916681523939254,0.010793370084661934,0.029893561311190465,-0.05162740231923619,-0.025564734001672265,-0.010001359746028646,0.037863039268140795,-0.054656466644147104,-0.07755468326079155,-0.03477765314202587,0.04102852950368476,-0.03555520726091895,0.12596743304273833,0.04721572908311472,-0.023747809514617652,-0.026836675061068356,-0.030385288162059983,-0.05721545368986042,-0.06194833658124239,0.047248510959162826,-0.059281352590419736,0.15863101005702995,0.03409056687272395,-0.13290294622744295,0.15886500967202244,-0.00916514657102855,0.13719649846625834,-0.15404990987143682,-0.027769045887162027,-0.12975841622355475,0.04205937739999755,-0.1281360566107671,-0.013347551107439863,-0.07639009161335056,-0.03170903134813415,-0.007819711476231592,0.09533532645868519,-0.07220884411635879,-0.024324970830355626,-0.10204366274128766,0.1349594014138955,0.014216628217583282,0.03418794157843758,0.059589113802866085,-0.10959621613280829,-0.0366164302566301,0.05858693296961928,0.009831464698900587,0.13351160792676273,0.2146820724430895,-0.048160164466083004,0.06694018524212308,0.17951620485485717,0.02353089334232736,0.07530842980265254,0.04922888902991398,0.01729171362093989,-0.03237453803618923,0.0010415194677491208,0.05836605370775493,0.04277198661625773,0.046702905980669174,0.0677313479431822,0.19086507888787807,-0.10509820485724679,0.021763869622782997,0.0483439262381819,0.1227844086892962,0.030256505923654923,0.07671056720006318,-0.15562791450233937
94,sport,-0.10403686237277406,0.06662982364713235,0.24594914209474777,0.05717279627142897,0.01990016490771879,0.07237983836259379,0.05313827202496978,0.014032931639330962,-0.004424804765071748,0.013170447866690553,0.056848251233384564,-0.07890262651989209,-0.07250240368998245,-0.018945396582131516,-0.0009355665938731666,0.02733853149158744,0.04321800825192651,-0.04011158783201912,-0.056063663714904344,0.05133481826156682,-0.0033712134419971633,0.017262301824034036,-0.03900743156806381,0.16227571496967505,-0.03146142091680602,0.1135819652974391,-0.028150906897305452,-0.10642847967238085,-0.031900895294752846,-0.045680496247961035,0.014547530026943142,-0.03944870911433017,0.07549321197159099,0.16495353914021543,-0.00294421042748804,-0.02024540714430083,0.08222263542298952,0.3834179550524912,0.07653986143415664,-0.054375302285179256,0.04758350782529827,-0.1292386286389804,-0.10644042849635812,0.049160497011751805,0.03245030678634476,0.015889054760323186,0.15867597368336459,0.16019939754527515,-0.01534608399711342,0.13901541642680307,-0.004631830414201856,0.007923381329889853,0.03019004662894971,0.0011134685845041797,-0.027794726418465077,-0.089034839615211,0.1331211738661855,0.09596689801098429,-0.016052314048705697,0.018736942452657165,-0.013960159330313655,-0.0134230149076077,0.019092954242954322,-0.027079978519656694,0.0004922982577371082,0.11402394732294693,-0.0023411507880264195,-0.08343776252056624,0.015973783553604452,-0.018907831756850773,0.007129209062015803,0.04651247178446511,0.020770755276263878,-0.005602795506101037,0.019175132994877275,-0.035697542084417964,-0.05366841426520022,-0.014352735057391458,0.05932745896242219,-0.06768236166151798,0.02263315048174835,0.04010779447463148,-0.07295452366903532,0.03934002968309841,0.12681223839210198,-0.04363806215574932,0.05495211809735468,-0.049923637981899166,-0.04672983162122154,0.038223170347650284,-0.03673548989058611,0.05635654090877406,0.030227950893270433,0.06933736691366398,-0.14252058818376506,0.052277362145627705,0.01743387955251648,-0.01834102798594423,-0.0027807841871064507,-0.1943860716276951
95,sport,-0.08131490884376132,0.005718698967204631,-0.07058248234405125,0.010645496529449131,0.005681678228063436,0.04958006124909971,0.0076884679158089626,0.067707245132518,-0.015905468775241963,-0.07430370185175984,-0.0038110987276193985,-0.018844041218417967,-0.006061952018358544,-0.04232309763578086,0.027183152417236456,-0.01968640044775907,-0.006517243899525909,0.013882660327556213,0.008923302079571468,0.00666467662273204,0.09000564723982002,0.09018974216230094,-0.019232436027259985,0.026236150986735356,-0.041558766791738665,0.025184583090535163,0.0465669126703272,0.04966377777534912,-0.04031592898136079,-0.03386392533771567,0.14144397968545927,0.0028758895199448072,0.057090567975945965,0.12603313614468656,-0.1333957287025334,0.16129650016587452,-0.01618094539095139,-0.05509352501033415,0.21808982783066316,-0.1665188760105144,0.08310839577506487,-0.12649364960486562,0.06926860184502784,-0.07612125658162781,-0.09957577821350559,-0.1630883669242467,0.03431583067133152,-0.19773860846827063,-0.1284361824823448,0.03785537150139708,0.01810517306064199,-0.17139669866492435,0.2101601689738028,0.058933571192889,-0.08255417690298904,0.0031764762643520378,-0.007041722239072392,-0.1923386513785207,-0.1247578181987132,-0.09683194886403018,0.05190925799890308,-0.16693568062890907,0.018747703900358233,-0.06999491887921118,0.09648035578359734,-0.08381692094376049,-0.015456583346671455,0.06903885835023985,-0.04753623468245433,0.08861449940226596,0.01196652539114797,0.1346325399304387,-0.12729018845399853,-0.045212312299767354,0.10498630724376917,-0.05859595473944474,-0.030229976361092148,0.01979563166342423,0.002819096850151914,-0.000977755265948251,0.04116970408224124,-0.06097291876127049,-0.048665983172112626,-0.04730581973559855,-0.04782025311759303,0.04979338253119223,-0.10198249816198483,0.0695301490758462,-0.054194469698570724,0.22438973025558429,0.08035344142034137,0.06592451582627054,-0.11861418781995209,-0.011376152128926948,-0.187946167707109,0.03561615922308699,-0.08226478640718354,0.007225721831807556,-0.013217072703241397,-0.07088594441273079
96,sport,-0.14358193194660324,0.21958092892376854,-0.18177981217752207,-0.13624403830018864,0.042079755840901685,-0.06640665208679727,-0.013173912605646605,-0.09220601357700395,0.03229138645061413,0.08101213212486863,0.009330392221768615,-0.08883964137288863,-0.07251999580747248,0.02427193399208873,-0.12211762819325703,0.06682888236060192,-0.031232957568324532,0.030911617174852517,0.030975065396230222,-0.06263852844445161,-0.04278620801103622,0.03583489895989151,0.005221601183918346,0.0924801543511988,0.021740858628281026,0.057687090252488214,-0.02577373620598201,0.27263515820175993,0.07393744770445032,0.08782418809560744,-0.010213607584918122,-0.10227183020308873,-0.07189574464930684,0.07468124094992858,0.0618696841070316,-0.008360048437652283,-0.07497720299363783,-0.012329373875214919,-0.022099838985743726,0.1172879902960734,-0.02415659003669251,0.013856842829294143,0.013400016416282,0.03390828098560963,0.042913253514748416,0.0009322921649621362,0.13451375582840788,0.011571559299341597,0.04028065400192927,-0.03863173965671184,0.06315897740000558,-0.03888305739812475,-0.03971532521203107,0.01931705205291708,-0.11233116893469315,-0.040113542423490266,-0.08603787173942268,-0.01021150827088426,-0.02017860365080227,0.0025244723542781635,-0.0241917906172686,0.01983311390769283,0.04418648529787223,0.0681098806525839,0.09371325424409112,0.05542492964238612,-0.09708041866388673,0.07591135334155129,-0.05138195603604829,-0.010355624289329395,0.00305839846690912,-0.022519665216394206,-0.07175949265113422,-0.08318888469181993,-0.026459226429875377,0.05950211624211345,0.030652248580504155,-0.11233800150102473,-0.1012279995878512,-0.0070692930800742675,0.010043738659083248,-0.0699957839137875,-0.03495717769483121,0.010658936801544417,-0.022143035265970095,-0.035502167689188346,0.002948473015765008,0.10331419638366934,-0.00850739327396202,0.06172023082093971,-0.029772065779511133,-0.04772022426484211,-0.0788976394739072,0.009312707682230153,0.009341756082305383,0.12468986940294084,-0.14570139075001654,-0.12466059531482046,-0.03967462529813838,-0.048709945282801946
97,sport,-0.09816376936472926,0.18542065962727955,0.41425490085831973,0.053060006196557284,0.04357813338741607,0.0520140572809906,-0.0030912979082640705,-0.040940666930927655,0.028130668870730364,0.01915451243176395,0.09069432460696712,-0.08899361562462223,-0.06078063125312063,-0.03384900950179007,0.027625838011103836,0.017538328108695808,0.008380860772971795,-0.058308461654130624,0.021894010808857355,0.014128913941108429,0.003023707099930864,-0.0493604632069405,-0.08820576879884916,0.20468044775213273,-0.04590184690933108,0.046275786690598834,-0.007554595633267686,-0.05369946060707735,-0.00454441453685092,0.0026626079798835437,0.010604230744263936,0.010231098666491198,-0.09734798936487137,0.08830884424765985,-0.00736743639648018,-0.0013052398089298171,0.0950170406781575,0.08354656994572549,-0.07279941099963398,0.014943441429463255,-0.10258884026339796,0.03277064768130214,0.038866833597582695,0.17091554030419717,-0.1256335390182588,-0.1182175396553522,-0.046824984320574546,-0.09655270352025712,0.1383325302244253,-0.14795788368053056,0.040157552553523705,-0.09215183764047195,0.005640626681154026,0.05536096552365093,-0.003251954066643865,0.09408501690423716,-0.03003056104510273,-0.006262050015670826,0.1357298945502964,-0.051388332692824217,0.04317652375963657,-0.04835910861318252,-0.03842720361520214,-0.0020660048122732155,-0.054321577078878386,-0.02997572236668591,0.06635401259283565,0.07937337101046893,-0.06686414067814136,-0.02063722478418459,-0.004577851869210874,0.01598052977458156,0.11129416850700033,0.00812225379305097,-0.03065934075822589,-0.005847653665516554,-0.01353533008051079,0.025933140068019493,-0.009693784062226953,0.044659889226497204,0.014328483591803847,-0.03335739485846753,-0.059674063456538334,-0.10060617074483545,-0.018810528272703107,-0.030102440793696967,0.12374593169728654,-0.10186606641034547,0.0013537960978418965,0.014222073863432041,-0.10294568455224382,-0.05239856272498627,-0.09504895297206381,0.020529313231526652,0.01874359390412392,-0.007561044519799806,-0.0699641286479498,-0.006235999673132725,-0.006157677277035586,0.01507638037977149
98,sport,-0.14707348557145328,0.25387773145750553,-0.27315673519504646,-0.13943071956586509,0.07521637019487895,-0.068388366388814,0.008418936267915083,-0.10804062080430583,0.06354021174123761,0.08972491561646997,-0.0022799955550456847,-0.04675372242508556,-0.034028653318989285,0.025178614321288494,-0.01908237759314462,0.03241130796161947,0.01475452751748724,-0.038974225623623085,0.018636138097891896,-0.029532467594192254,-0.03073476865931446,-0.01851691870139479,0.0643488844705186,0.0014283780908518377,0.026585599846359675,0.03426168607965169,-0.05242709745417656,-0.05863103146533316,-0.03136214077901668,0.03343629557591169,-0.05790053363606272,-0.19984749573607535,0.021880650111310098,0.015528771006572843,0.12155114334994038,0.06917632376998203,-0.04801648273822571,0.07301270049891714,0.02116313473166955,0.032687677707643685,-0.04749884286429484,0.09749858510696188,-0.07375406934556575,-0.04035539017411203,-0.04143966190858477,-0.013778060782678975,0.04844907743547223,-0.04297276963921371,-0.05452735430552736,-0.03237215729666852,0.02583267781915254,-0.004679788581456535,-0.03673138260549331,-0.043816378673469436,-0.08315308798860843,-0.00878435959798464,-0.11533886597046411,-0.0016793871307815415,0.14426657575270307,-0.03411801112594919,-0.05552224930529892,-0.054381230017063895,-0.016453668510960317,0.0685851555441183,0.12556139737474167,0.018707757532847914,0.04287376327541361,-0.02059651125021126,-0.0007982397019577988,0.07580585549455231,0.011846870956457502,0.014226764951872816,0.07481175090138646,0.02311331000260827,-0.007464169263589156,0.07568532309602853,0.06482582686989921,-0.04571720570333576,0.048094177825519425,0.09131533343215051,0.007840544635795269,0.05526006588687505,-0.023646005964005738,-0.033205905799860234,-0.01675674045764868,-0.035570928587146056,-0.009990083800913626,-0.027618185712836727,-0.1077228248542916,-0.11891928830774819,0.04209349288594429,0.0737697696475551,-0.14041320227231743,-0.012226295799642684,0.08633951438129514,-0.006550644743685977,0.08925856248572418,0.043792279044145774,-0.008119048814157794,0.10856325640033584
99,sport,-0.0834291216919839,-0.0099822512160318,-0.07543612331564929,0.017980583930734866,-0.02170176332119088,0.053811003993580894,-0.02477934143759211,0.030530549321026675,-0.040044749466968184,-0.05008662223262486,0.03451843589716347,0.003796591343966021,-0.046136966003812,0.008421137806014138,-0.016707063378710925,0.021976238494595332,-0.007533853573000335,-0.022552724762059294,0.056767582533955044,0.02116274410150344,0.009726952078761664,0.015648909175490878,-0.08477859414306485,-0.06397807075727156,-0.07874535082242924,-0.03288327060382777,0.08509551842498596,-0.012434224405656601,0.04968955876451606,-0.0016253128550856501,0.023105978387609995,0.17312972534553625,-0.1645487758152925,0.21463755095154266,-0.032749609054525584,0.03722646361185307,-0.19980106955604307,-0.07989270362299786,-0.03304448717964631,0.19144251215771124,0.14065092437725668,-0.1253916291096543,-0.1424417607395896,-0.13514881761324982,-0.004360545971182946,0.11671157424831896,0.05546877141629307,0.18371878675796607,0.10468493482150368,-0.13778545913879248,-0.224329692435844,0.0012139494988371805,-0.023525695865202017,0.05274809672857904,0.07822247446963572,0.13607337649498316,0.09347963262623477,0.002202819294825328,0.07077191746447256,0.07960613661363129,-0.005892305448115468,-0.11743581267437422,-0.21362613848819587,-0.06894172916856425,0.01666933533012621,-0.13968847575605928,-0.10347252536874126,0.01890075646714318,-0.10508356775276126,-0.0005833721741111697,0.10225168669010672,0.11159216961710691,-0.01178178577991205,-0.03611735331500672,-0.09703631224049263,-0.12777584242259907,-0.10263552204777109,0.03379711206733383,-0.03154972623600804,-0.010279747299660004,-0.004520238752987458,0.06308634739801428,0.06890315468632162,-0.15499127116853664,0.04939011994220253,0.04783788185565087,-0.017378875304272727,-0.0182185631711964,-0.10497917091667884,-0.06674117005616821,0.03720628880383121,0.035635898270444,-0.016848822281933153,-0.016325418976026254,0.0033750679563879287,-0.026291645340729565,-0.036093860963517674,0.07723293726368112,-0.13181735751902862,0.12783671656893963
100,finance,0.7694410172316726,0.32847154100512066,-0.0569222884405975,0.20342261907906023,-0.01615724702215267,0.050631426044211336,0.021692312270151014,-0.005661826194134585,-0.10320532210268778,0.049427078604423164,-0.050299889985414445,-0.030936707069067388,-0.0026976796187796774,-0.015230434532116185,0.004479879348558744,-0.0024543331007509353,0.02642748135248272,0.00031946051691145237,-0.00858064419683907,0.015869209940317517,-0.01295342597771712,0.002704159842391668,0.0029740151104975794,0.012980847946250517,0.00827003890211431,0.0011638161744540474,-0.004797180011543034,0.007115455649467112,-0.010601273262139886,-0.006108766625886031,-0.012066998079877928,-0.001117970324561224,-0.0008835579181145263,0.01426492185091548,0.004058071625834144,0.0076238632390321,0.009217215931680935,-0.015558620243187653,0.0009730688134132743,-0.018545134659189562,0.0024011893673263453,-0.02084338461883453,-0.006355986267029468,-0.003948425803876072,0.010863302916687283,0.00431705254968693,-0.0012431319053605675,-0.006440860164251009,-0.0014968828288197226,-0.0011390643610216483,-0.002642461010072905,0.0007030355591660987,0.009111322777477596,-0.0014258161183467652,0.008664808222424334,0.020664433198113643,0.0005425229615178589,0.0008909947054847934,0.005757346257601266,-0.00563281821987621,-0.004300995634220662,0.01591714359980427,0.0007785866385130577,0.0028205088900822386,0.0055106054965160444,0.0013601875695296336,0.0016317485719834154,-0.0038448167388755515,-0.0009204779308334552,0.004982041963328382,0.0016185339804853452,-0.009262644692198417,-0.0017994107431860203,-0.003325372331697403,-0.010050103813536255,0.003841547495245187,0.007585840296855828,0.0057158979074828885,0.0005121084364795478,-0.013316051965476836,0.002719819698780487,-0.012854785786420176,-0.0014877231978174708,0.0014798620028784546,-0.006743206095647777,-0.005895015879348405,0.003572273425798499,-0.0028403825004899865,-3.6856216370186234e-05,-0.011760405754424939,0.008430913844142882,0.011389975703428786,-0.003028282013544663,0.017439208179293456,-0.006347042798632051,0.00866875965388472,-0.015364073525498774,0.003901118729605116,-0.01017482597599143,0.005960218769412427
101,finance,0.773572580443897,0.33627624818072266,-0.05238375177546324,0.2053101536786076,0.014604592937404556,0.05184047064397212,0.051732203355729284,-0.02132701357092843,-0.10202250913710975,0.04746832538930988,-0.05609381235185886,-0.00012043570266014189,-0.008854408217730111,-0.020279842686927577,0.0160700999985161,0.02364938146207321,0.04041621057908175,0.019286803936334175,0.010308863096855752,0.02392151044394852,-0.03145205275315532,0.022266363931390813,0.0025755816305838113,0.02198082879662993,-0.00856558132243134,-0.024320287666624696,-0.0061843051916643165,0.0002270176557810753,0.00813969280129575,0.00045750681846063373,0.0032885413947585703,0.0016889382281281362,0.016287352844791117,0.019765912640834642,0.004913681551480049,0.001709049071985132,0.001775365811764102,-0.015239507407475298,-0.003409020891467749,-0.01873201332826813,0.0017792163899189592,-0.004767091923412643,0.007281075694799639,0.015536800254432694,0.02734974713281027,0.005937586007524207,-0.0029563518465551882,0.0013743549784865378,0.005697082911558412,0.010693627992015288,-0.012716604527046874,-0.005363410913572569,0.004140297126983483,0.0005965562436710824,0.011586098973211226,0.013457727423527905,-0.0026366125294680237,0.010191449930753176,-3.525404950398637e-05,0.009796255385583525,0.0020279105750774067,0.011525104134795728,-0.008411397281748887,-0.0020299372050136136,0.0038240450884109425,-0.00676741565903046,-0.0022361312584068794,-0.016353457485891947,-0.003564747837471228,-0.0014394371424274952,-0.016067573521111635,-0.008552820212151147,-0.0073214020058279166,0.005476945299671348,0.0013763687306121316,-0.0033502306222081804,0.013925065478799209,-0.00010108354764445934,0.0041265664459708105,-0.011341342725519293,0.004092176749597063,-0.0017082161441072815,-0.01019122217769164,-0.008176865185312236,-0.009573792339282466,-0.00377842142338776,-0.00019659981263342894,0.00780006935609332,-0.004942439479191455,0.0019383303460672437,0.0005289830298678664,0.007154537798205247,-0.005904746327426752,0.01947510176558801,-0.010311234820831513,0.009078487732201213,-0.008396510022660886,-0.0037162536361169908,-0.011591486199972122,-0.0033099331706164525
102,finance,0.7458785775881146,0.3309931411454869,-0.05280042265212627,0.20541232521112207,-0.04671606161596094,0.01757784442857245,0.0028714642099522537,0.07552819408237033,-0.05763486329425085,0.08002598091749835,-0.04409998348125895,-0.03547592803520567,-0.006126107349835654,-0.026635928881344733,-0.0036450626081317382,0.016368234662325058,0.051150382285404326,0.020418329016706958,0.023695591017901373,0.0023287900494516813,-0.04969014354342095,0.030344695764468896,0.008938542545655095,0.005084145086313029,-0.023113192292177367,-0.016933222438691557,-0.003494565557679225,0.012089512316676161,-0.016679443026467868,-0.020936775654071437,-0.0052040093203079806,-0.002250177590582615,0.01886972332455269,0.007656685345025523,0.013715476587780433,0.034822133349915456,-0.004131474745517325,-0.01485471446809162,-0.007327517821786601,-0.00991887020659184,0.010067264718988141,-0.027497510608382854,0.0003839381995321155,0.009318970399396723,-0.007054940397798487,0.02379806252298615,-0.004993549528162867,0.007712668113055646,0.007669923548207436,-0.003566268829291443,0.006262949110101467,0.0037143259979697677,-0.01270647274892985,-0.03959038315062228,0.005864723100662198,-0.0006032109188518071,0.004944236509718818,-0.009076714547019606,-0.009098322173882834,0.008810845572386327,0.0038457331549158176,0.006397899640166514,0.006904745209311714,-0.0139914981204464,0.008110547291048821,0.0064308755172412975,0.014111578804432283,-0.005433554782056482,-0.009052131096684022,0.02772052477495777,0.011442804092416634,0.015863038074475498,-0.007442264903394408,-0.00965299796474018,-0.003700707444245344,-0.008375322292127469,-0.0010494617982350395,0.002878732984959049,0.0007249611255150143,0.01682034990908863,0.012468568283255828,0.0013085384615055405,-0.009957371614682367,-0.008478504123002927,0.008255640711810584,-0.006050393367784726,-0.010719178596540976,0.016164226936369108,-0.0074155189157980176,-0.01596827401247142,0.003152009071072665,0.004452283281065888,0.00020233458464729388,0.009432227623959935,0.0018466092309746193,0.023453482020486863,-0.018816125522883597,-0.01063508758991244,0.019958436146116573,0.012093544078095776
103,finance,0.7310009140227987,0.34265493584504675,-0.0523568180971883,0.18248975773358408,0.04143699699380469,0.04714034946116094,0.04356450705678055,-0.020353596917438196,-0.12856707985822763,0.04331054375791654,-0.06442004517167489,0.014824362076443902,-0.018501124737709873,-0.013478852097038857,0.011994294701587553,0.06792902073716299,0.07338607513266088,0.051913144128581314,0.015808778602524148,0.025055072898380548,-0.04622686600722505,0.047936796099911326,-0.016047888706054496,0.01350639781669048,-0.020213086662209712,-0.06916439895667806,-0.0012105948909173921,-0.016220079312725982,0.03420980321842025,0.01758534810712996,0.011011617266483049,-0.004891420813583574,0.015505544624747822,0.018215680946649607,-0.0009167995221884867,-0.021574705266384813,-0.019284462765152968,0.013474010072791935,0.006691577769041781,0.012271479134094062,0.013780194470528383,0.004421692251582886,0.015149875619600635,-0.0061336297509927435,0.0023644421305033777,0.006565050373459853,0.019746379520547017,-0.0187779123312787,0.015104128521183702,-0.012857692914310267,0.007989294589607903,0.006743245201175425,0.004923796937321237,0.012594094078886932,-0.002304215804220476,-0.015398632048632814,0.0011712650483738454,-0.001837029026345106,0.00686597138909093,-0.03171059667708781,-0.0058802290952576775,-0.01966306730887492,-0.001114759978590293,0.01513578350768217,0.004752539925700284,-0.0003944445660842664,-0.015433414297349167,0.015129607082284379,0.030117288338565744,-0.017550777898670867,0.01103656694664926,-0.0016338305159702548,0.008316132138114047,-0.004550275870568841,0.004556727958252712,0.013113805517117988,-0.012732177593337168,0.014512624165994316,0.002816679927225352,0.013351233954602618,-0.015142859028210038,0.015317002579292213,0.02034340995196588,0.008865042739467647,0.0057102316934957795,0.01787862716093996,0.0010249197045898877,-0.017972291156178953,0.015030842335082279,0.021755670674206033,-0.018923543082408872,-0.015929681930952507,-0.004260973135787209,-0.021528235734926234,0.007278176991238173,-0.0128429389438471,0.0038515352697887427,0.01655638810572158,0.02028840658466541,0.0015810020233629958
104,finance,0.7911260698635864,0.3287725075329638,-0.05647895923794028,0.1909679973214301,0.030378439969820686,0.05817170551621983,0.03520944589092375,-0.024004713992781,-0.10197481360852505,0.03209665231597984,-0.048884065419531234,-0.01366256860756638,0.0030416339830970475,-0.017616059823117376,0.0094605493166775,0.024225069097310144,0.04309719489500988,0.012179098284388186,-0.0018215441744744596,0.01554715295488091,-0.03483395090433327,0.024831104700854575,0.003957068344594508,0.012545516574059813,-0.013298875211640148,-0.008055315388001664,-0.012412778609613564,-0.0007806488420384131,0.005165338274194412,0.0012352584056810876,0.0010588069787608543,-0.00048633321211456266,0.009892459701151261,0.00727138567374678,0.0007367836148833497,-0.005607432889260686,-0.001077048322872654,-0.009978326856531251,0.015057864044712068,-0.0029461260514081085,-0.00045657116757316944,-0.006062888163496172,-0.009543017566773261,0.002950198898870766,0.000670464805781903,0.010804236460958109,-0.00045320590711276753,0.006346407034081834,-0.002231261509471042,-0.000776278863831068,-0.00611762181019881,-0.016248110680893237,0.0026017054987767293,0.002751848811285771,0.011052048424235785,0.009413246081988548,-0.00890012976518371,-0.004468371774812214,0.003780712635755184,0.025857073799003937,-0.0019441185403102981,0.007210052702481265,-0.007647904037564252,-0.002780646185329822,-0.0068755880203489024,0.004488303246245227,-0.0008565204091702591,-0.007539800540614276,0.0053275727449974344,0.006741002008442224,-0.015066799412469268,-0.013730813001228179,-0.009128434869579559,0.004955344767563575,-0.0041878565515708135,0.0034735268516589268,0.008524945337665802,0.005866464192009672,0.010382866370101695,-0.0041669151951666695,-0.004974923577342013,-0.0020278496629649893,-0.0018890554012454353,0.0011515597694439776,-0.002889130090948087,0.002486401057953966,0.0007175444258197669,0.0068335664675441285,-0.0028295402862814063,0.000613993889977444,0.011585785834442829,0.0004930445538431328,-0.008127933201635174,0.00822307844395712,-0.009659003516920549,0.006837291228530573,0.003127904391947339,-0.016725809197907664,-0.011457035014652894,0.005252212242644018
105,finance,0.7469065489459631,0.36364265848301486,-0.05828290468736941,0.21019697066374196,0.006080338498855949,0.05843136841709244,0.03504187622692728,0.006183128401394099,-0.13504678275315,0.07876337498259761,-0.06630139149933907,0.006574336971903286,-0.022720121733369396,-0.015897329334288824,0.012600430318076346,0.058007804364266585,0.07881857864279705,0.054916212603269815,0.029051489053721298,0.024588672228844883,-0.04015820693958681,0.044075133017272915,-0.010937491495530489,0.016750634546254212,-0.023475130003153623,-0.05871560131727094,-0.0025503766711643516,-0.00502002120347274,0.02127004491472481,-0.0038827977154146298,0.022209652707254522,-0.009364790757615756,0.019388152325276107,0.02525067307034942,0.003912490585819525,-0.012641176442745565,-0.0014573565902740602,6.615255010303012e-05,0.006393364334559189,0.013933646175441823,0.021963092840081848,-0.008278009034747982,0.020570743717638857,-0.012778388936428433,0.0035804711507890813,0.01883165162506287,0.022404097791559992,-0.01831711538949254,0.012219114571725209,-0.019619638356001078,0.01052807930812402,0.008955958845439553,0.009129699544606565,-0.002678713543321948,0.005000587274446734,-0.025716063758925854,-0.0006674936748071156,-0.001361029916775017,0.011237705429472613,-0.019570330755282857,-0.0006833209632135655,-0.006333524086974285,0.0012011813777644143,0.005139560767159255,0.005575577782331177,0.0028390836303050383,-0.00876203150064513,0.014892413618275376,0.011541077942233758,-0.0023758720080653837,0.01286385215768685,0.0034006100830039484,0.007530173923215258,-0.008061756535172373,0.0018349132841047927,0.020450806181545537,-0.009753612151932963,0.007683891666334428,-0.0008344583294629248,0.004531410481349824,-0.007968310339869123,0.014160635210472575,0.026734416343929496,0.014694975426780688,-0.00249183530472451,0.018298589866565563,-0.0022314166214791277,-0.022194502855794357,-0.003897854352559164,0.012270664364748787,-0.02323170840566926,-0.016485938713073408,-0.0005909683750062522,-0.005115907648050677,-0.002827816912605872,-0.008989177554323137,0.005538813865957696,0.007131932955009607,0.02283501211195882,0.012588416590583898
106,finance,0.09277686657664798,-0.17864931291503205,-0.03119670369508353,-0.009711314021825046,-0.06976814952998656,0.10462591014736435,-0.026998091616875736,-0.062149492443584003,0.03577235559925532,-0.009663916402563987,0.06847723361351832,-0.09692794466863464,0.07335729569537393,0.030846364171077383,0.012519908124020634,-0.08143795373267548,-0.12562520892782467,-0.13611159760439018,0.03589727243314289,-0.030186751569378965,0.034042297451116074,-0.13490999643723126,0.12181423975027597,0.05201492414403507,0.0004792288558065995,0.0008135636662277015,-0.08861294278309433,0.017466230195430872,0.04409712989918665,-0.04084050654012256,-0.15827918506490787,0.031098209242559984,0.010422643410175597,0.04843676053838481,-0.0028160058017662457,-0.28291010186318666,-0.04093847122044593,0.004551995831000821,0.10857859706085177,-0.007774125412352165,-0.012878601378375466,-0.05989084838303783,0.03903868541132424,-0.09412445548431689,-0.09060785806963002,-0.005452423734647854,-0.02479462472516343,-0.13062378829657892,-0.16774092923558875,-0.09694417776085906,-0.04989613445452577,0.13248806091984996,-0.05392715696103409,-0.08132174494281827,-0.004236755496440128,0.11801431677962981,0.13173981771558435,-0.016731405647028616,0.05835099700983002,0.0708969142737064,-0.001809423623392939,-0.028127869312118043,-0.07700144236601786,-0.03323075634561759,-0.03812009945535363,0.08098639290353517,-0.039707669114613944,-0.062254766519196744,-0.04768284205225825,-0.017521778917014993,-0.10582886938292543,-0.0502353794405341,-0.019218938842917317,0.02662026219459137,0.015469891562219574,0.042825050721918674,0.13167211656526343,0.06912831371857503,-0.0020705171762336154,0.006886200482030405,0.06529551638123275,0.013829253161613028,-0.03139766696306866,-0.04448313593913638,-0.004802101639975262,-0.00694547045198279,-0.08450502932215549,-0.03333943900085038,-0.026087155228060217,0.07199287249731984,-0.03754703838099419,-0.011740193646621277,0.007639970993836221,-0.06482696942073166,0.006983167575844887,0.19166697353780418,-0.08827284809456878,-0.061609607186274964,-0.050613735525259815,0.013734219889080272
107,finance,0.0036820373155501893,-0.05921301003272754,-0.007842555182678717,-0.049495254558801646,-0.025519227867850325,-0.0451273013840098,0.06721454284039499,-0.01993628386041907,-0.03736075054960705,0.036312076704805414,-0.050156422108274194,-0.046420029598085416,-0.009137935535861367,0.011576361951485061,0.05696149655939688,-0.04537900473992528,-0.032770735023484744,-0.04886906955144176,0.018567985154815184,0.034874896607772425,0.10386884106493752,-0.10309349796425792,-0.004374110591260986,-0.0024387883402580265,0.01774029881218941,-0.027683219355444655,0.16540889080341767,0.0029578436752339637,-0.09058494484835904,0.1183660273350184,-0.05590681622599536,0.01519431369348523,0.15266020397139266,0.027667394414194274,0.06965482482517657,0.15730834700870389,0.3215918731604126,-0.08069610927059094,0.09181683542008667,0.21878816231278356,0.1419025577701052,-0.06277886130877575,0.15454176781644322,0.11240344079169289,0.06613486502632082,0.10135697895470584,0.0370893112242757,-0.04836051536532531,0.01729176200675325,-0.012668259708201197,-0.06932046021456377,-0.051445670459059546,-0.1403303021409635,0.03088863263460353,0.07159483297353134,-0.07468004830409357,0.1000838196259803,0.0030064608950003666,-0.008674489638049053,-0.028285184737984536,-0.0019133790993403742,-0.050591726233219406,-0.029930322945061677,-0.017368972720232384,0.01363986460383186,-0.09086574226639381,0.12851158400646204,-0.011005525354776478,0.05837259903725539,0.08276812672818457,0.0006235733279741635,-0.046075708554139796,-0.032739487862188776,-0.05056235767903643,0.030630301631947774,-0.12359182980311498,0.12138240112684728,0.1337103775630524,0.08346865855534097,0.10314248987791104,0.02034180669327141,-0.0015325900818144145,0.020908498599772955,0.017279638860804032,0.17388095149055713,-0.03317360724486135,0.1042081028059962,0.04328749315248291,0.12647253519381058,-0.01985770424675542,0.0994386277618067,-0.06895788695355354,-0.07614504489575769,-0.06207843824328458,-0.04305567065047808,-0.04426664791594147,0.14947470010271763,0.003224078653450881,0.05332200243729698,-0.007779126237385881
108,finance,0.017033698393076207,-0.0655145892095014,0.04803798814513213,-0.04985513796242143,0.00786409147555747,-0.029629992777138094,0.03135684279939945,0.0014240100519055288,-0.01564384357144982,0.023120614308939903,0.0434131186713425,0.007321328814357651,0.0380683846412181,0.015581487428780804,-0.0029484348867743573,-0.06443852932226597,0.027232957835429044,0.00016350713254177364,-0.044844950377528184,-0.011949998055939524,-0.006722524270135018,-0.01524555263510898,-0.021363888082849832,-0.014584464668164475,0.024823592803441926,0.043531489011731594,0.060940877754991275,-0.02700222646410259,-0.03868486765155938,-0.018598607535940472,0.09005074976083176,0.01841730187016832,0.025778912514201755,0.09752267646132724,0.03684233862059131,-0.09820284733168243,0.05229840049615949,-0.12163904327686921,-0.10464853086571453,-0.04653523515983209,0.06831932504312416,0.05461191651590374,0.15337493550652706,0.18936548873850517,0.13778753643212074,-0.05304724095572179,0.03280059366607614,0.2735464285263318,-0.10138072121098246,-0.03298591871484463,-0.061342613789897006,-0.012723881476137585,0.17625098576359674,-0.0816558034558866,0.09783267386597108,0.14405158292731488,-0.1367645457820095,-0.1426375513838542,0.043996401779657454,-0.15043453350209998,0.1175235580278834,0.0820342209753069,0.07635465256061512,-0.2429090191145012,0.23952820234747188,0.07076544400240387,0.032507666099940304,0.06566580528973447,0.2032816730880466,-0.1191641290647531,-0.14306269869409233,0.10481395455237402,0.05951508588590324,-0.13887677140178237,-0.05000521209707041,0.07336875886898332,-0.07421771923511061,0.02429635281971724,-0.05194111644065728,0.11835286937560602,0.03691240253441118,0.19988327678254614,-0.11313287142524604,0.062148169285484764,0.005787998744180242,0.12199777165971816,-0.08875424413768977,-0.02918556221028075,-0.07819645801980131,-0.016951425303434527,0.00015512071138274792,-0.06827829531110852,-0.012798116583639153,-0.11613087636803783,-0.034168569566578176,0.030824369906233398,0.04978112780890231,-0.1515488353675474,-0.1269254845519166,0.03280100996986448
109,finance,-0.0281757589677879,-0.19189942311469527,0.017085595462633857,0.019318901845666012,0.11962154822913017,0.06122073028718851,0.42651320060431835,0.16675202171772238,-0.007661409537589943,0.2970922589407293,-0.010254329792535533,-0.05175621031342606,-0.0106450868283792,-0.032833640964843376,-0.04179383341182173,-0.01175427274838725,0.01811590347443624,-0.02746200435662883,-0.1809070573838602,-0.12337950423865349,-0.09924058345928677,0.049183733354468406,-0.045443765995864915,0.016378663839985312,-0.02777446352150056,-0.02208152682337962,-0.1445473754978325,0.026821597170560787,-0.01966269155833895,-0.17549601429236736,0.011037248693803113,-0.061872634206646446,-0.047324366150475326,0.010135941456315035,0.0021198856994258572,-0.05085134679169505,0.03209817304627156,0.04474217898506824,0.07462910057785524,0.043706759625683,-0.03171644606373212,0.017387915802223947,0.01845593242762097,-0.03832280669196679,0.01997544346774087,-0.010649826038717402,-0.035952150304701766,0.006687811763830821,-0.009794367109662335,-0.01233375981889808,-0.08793343999282778,-0.043824653432695385,-0.03236400990644443,0.029291758938478768,-0.05441923143687217,-0.04916927631002486,-0.001224209284425843,-0.020613951776454014,-0.08000669496784264,-0.00505852828186132,0.02539179738236937,-0.035001027537428314,-0.019803435749818656,-0.058676866576710764,-0.040017835879092495,0.034652090621649874,-0.07466790609111615,0.06475123459125352,0.0425806119393364,-0.07448860933307021,-0.012193916896670445,-0.005222274451249254,-0.03328732876043514,0.06053031387345708,-0.004338830837181553,0.0506170201916317,0.0269548451627122,-0.015926410925323545,-0.03499132889977393,-0.03531185220921105,0.00040917232133943273,0.09286880652441422,0.04155429140830155,-0.04098965233968927,0.026082484723879078,0.009791616214567339,-0.04405526479298902,0.030471522380769767,0.055643033857086154,0.0029022155907607585,-0.042853826967527126,-0.0035484358250334894,-0.1199575419895694,-0.07998362716681433,-0.03225935182472233,0.00020922109281789838,0.05918078082512012,-0.0017473223343136342,-0.03086017739032797,-0.026073233583487853
110,finance,0.21127715037365813,-0.14955718795372638,0.07928502528355647,-0.16838253226644118,0.30903830630894386,-0.0733143263158857,0.20563476547639312,-0.2450364354381804,0.26149029062877616,-0.39026579357428764,0.019219754167790867,0.14749750842010215,0.024326592626307264,-0.07307952671077342,0.05548928519773006,0.14602160020419627,0.001757320569761493,0.008822196212059458,-0.13578625535643354,-0.030921556810991655,-0.1153136255501327,0.11153880933560069,-0.028551207061597663,-0.0009515607077393094,-0.06765352961083348,-0.07553617341381716,-0.024235433492809873,0.014054143620987461,0.000271672872127792,-0.01745385877184832,-0.09328890505239598,0.013880782019444277,0.015549996429581214,0.019086269534153173,0.03038068277026455,0.02262360696126457,-0.02309309794918645,-0.002988178615180252,0.01718394791553063,-0.001283223379029123,-0.016458414145989017,-0.012984275416601826,-0.015747338797613024,0.05344970813079698,-0.03204045589942857,0.03374501978758404,0.024413907913308854,-0.03049469260028327,-0.015865060794144844,-0.043585188477486554,-0.0101775685177641,-0.005612502923898771,0.007792811175249087,-0.012773914988982914,-0.014552119988431369,0.016761082777501442,0.0363070083234595,0.013428523383551366,-0.05425856533332164,-0.018381058544488668,-0.016005778330061116,-0.031211069595723374,-0.0033619354854912023,0.023180712796755567,-0.016495127269625737,-0.004403805428187003,-0.010074797245682622,-0.010841441228712919,0.03412071853113896,0.007112109905261634,0.013596748089066154,-0.022093100503267696,0.03565162952804635,-0.03507991660183511,0.02572083400940341,-0.00908635769197479,-0.031823030307663425,0.022375112853780695,0.0006054592026787733,0.020024002681151513,0.009081550271977656,0.051130922165285024,-0.024668277102054357,-0.03480427029757649,-0.057394030972123,-0.007597473259156049,-0.010285920738571677,0.03476526582771052,0.028955002375405263,-0.020046445435651438,-0.004541213850610298,-0.0037827062538920847,0.0006741482855348607,-0.0006176349914278104,0.013143589261197169,0.017664845845459513,0.0011918346104729997,-0.027852653647612566,-0.0083503802193915,-0.0015335726871468119
111,finance,-0.014420288308172147,-0.20764797993732148,0.02525779508497182,0.01445780193849977,0.13037223633411255,0.07475770888251325,0.4480831990793038,0.19107814557327651,-0.021158134530156036,0.3446694136160052,-0.041345950612424714,-0.05452293857825706,-0.01033287222886811,-0.039549117850391315,-0.0518902957550264,-0.02332079591907438,0.020766975684552783,-0.04231793260074449,-0.17124396014777168,-0.145558786805204,-0.10207011681092784,0.05327662154677794,-0.0977533753081424,0.00423169046782444,-0.006767862140683557,-0.05859063948284433,-0.12103801141685862,0.001874073732473951,-0.0276199186793119,-0.151496194089257,-0.0013805842213231293,-0.04442763967171871,-0.07877061752111779,-0.017178458239279135,-0.012596418070013061,0.0007084523471957521,0.004920239486349719,-0.0012480593331550328,0.027913020883323623,0.05313571598309196,-0.006428834315912103,0.036474524973088326,-0.005956461112868835,-0.026819325715607713,-0.0027068477236054105,-0.007623933947727092,-0.024428944940461217,0.0026451342345877294,-0.017148191440484177,-0.013282313177763782,-0.044589810492769576,-0.03498574540412496,-0.014998816999827276,0.031164158754179567,-0.06576128155505549,-0.007523188768492789,-0.027540707091702074,-0.0316563436386469,-0.05517922554645914,0.002310995931994615,0.0032949495524460404,0.0026970910773934957,-0.030883040361297746,-0.017571355928651604,-0.06029378125313031,0.053728683993136274,-0.06936229788087252,0.05758633282439867,0.020784975513656732,-0.05763083071243451,-0.02242687542948062,-0.052198890784534775,-0.02098581451304201,0.02949277246608235,0.011308027085358004,0.010354409987851275,0.016034059553757248,-0.02909895898763465,-0.03822123352141406,-0.03978346780712577,-0.003411545710344927,0.059451322740443506,0.06372419359039244,-0.030098806040899803,0.02203574592615868,-0.00931501993731297,-0.030730593648505628,0.017965640626383724,0.05985004660339015,-0.03609111400782412,-0.06801385992241706,0.0004176075973287305,-0.09456467042940266,-0.041396017788440584,-0.0023407238267499422,0.0072607588001210605,0.05869334194193609,0.007709229642461757,0.003271985328739907,-0.035974875339848514
112,finance,0.11983943974068761,-0.09778298209268824,-0.00725783220129471,-0.056147383556028864,-0.05987283260343858,0.020936703009079672,-0.0370660532600037,-0.05374361970138147,-0.07329807755562812,-0.01209187601701201,0.06529313177974228,-0.05532076613317268,0.006902524441799494,0.04714339646909956,-0.005476410342269054,-0.09168870808058588,-0.10564350380664225,-0.07328108586905004,-0.033665690225169055,0.0054675332081435945,0.09922728409012065,-0.11916492227842687,0.008153500134657583,-0.05317590249836419,0.04908981362097563,0.13751003235596326,0.09275084212298353,-0.026171457587257207,-0.09106833649216403,-0.05467510773422063,0.01627087687754808,0.023571364927722282,0.02740336918233513,0.0031376873548032164,0.02816476930281925,-0.07190465982906516,0.07387618881231134,0.004824433002737394,-0.09331819832962705,0.20408489175334812,0.08265298374088746,0.04087482359379884,0.11136120670987543,0.0028850894891413637,-0.022203381054836036,-0.05927743570856772,0.008075826782943803,-0.018823431364246947,0.025965646842264743,-0.060790529152399325,-0.11127290067208767,-0.024824272175144588,-0.09902538338671701,-0.08623557030841611,-0.19119208153307984,-0.06858038101680032,-0.052102003926099434,0.0010486707580142538,-0.03610840698769959,0.21003135339247678,0.02333227139247048,-0.04701887686407004,0.055941405853664763,0.10956425949538841,-0.10615143425107726,-0.08759562531061804,0.0831783958124274,0.08545250280859654,0.03186434241982081,-0.033783777825661276,-0.06761508929029476,-0.030826518510217015,-0.06321528493968974,-0.05626895796264673,-0.017069124812871216,0.14679532102297735,0.05209278221724245,0.11835373247945123,-0.016876958115783408,-0.006199892630726365,-0.046973175603673235,0.0755416656590196,0.10810527369061346,-0.006886972070922135,-0.004682958935605587,0.0045244499533296486,0.022244429742547367,-0.042499668934840515,-0.002890888768372261,0.06631746950028049,0.024156971561019112,-0.08313733925080934,-0.029295854979026214,-0.09741020454646342,-0.005639921070132033,0.051221169430088996,-0.0855579647618796,-0.1794465206677281,-0.029322095261455218,0.12176401623181769
113,finance,0.0009363680250796964,-0.18818885918376524,-0.007663653159584823,0.03804290606016549,0.014168484395715933,0.0467355390389386,0.4034004182051557,0.10495454950799736,-0.052780269271536395,0.30977252654345594,0.02155700377849306,-0.07787599179467909,0.02645141559083497,-2.3972129404736116e-05,-0.08189808199667128,-0.08007247867387335,-0.01426572426925659,-0.06053631160023923,-0.24724451581872686,-0.14822909596932538,-0.07790771018230853,0.0007520542319866476,-0.09132898872781219,-0.01128297215149507,-0.00024329099643098214,-0.08115423502868517,-0.017017857795438945,0.005656126651779357,-0.024969788157182187,-0.04968956662201267,-0.029988097922925172,-0.009747048989731647,-0.04841532384867728,-0.023860859192682698,-0.03690929025205866,0.023306572032882243,-0.009031064710751505,-0.04204446571472947,0.016721081278618894,0.030158238137083355,-0.008461835977479907,0.06763989606224735,0.013085869275083699,-0.04998472085948918,0.009770274322449682,-0.02896785632869896,-0.024828533706289957,-0.0409183441918031,0.029462597713619827,0.09629502835270816,-0.012848455657862183,0.019526760176860423,-0.03821857746216634,0.003161233838450743,0.021220503255469106,0.03182521756639114,0.009539427525176315,0.014186692257698906,0.07099793267572464,-0.00016120281633058927,-0.01809894566414733,0.021322655918766257,0.0031158812488923386,0.026924104976774263,-0.0033742956456865895,-0.03339522173622805,0.047318002789690665,-0.005493680381401572,-0.005486526581219818,0.004072882501114638,0.07647128430784975,0.019417950100873983,0.043984466512611786,-0.016933297681566376,-0.012434087912429911,-0.006655198907186517,0.00020852828948106085,0.014369531339611857,0.03576406568356867,0.01591424486938947,-0.0297514002758609,-0.07157098363649951,-0.06295694373466532,0.025515610827112182,-0.018454222525293645,0.001149112274273262,0.02683178224842764,-0.007050385046950362,-0.016237056790754434,0.015848851371700858,0.058416564203211334,0.029150894354092956,0.04688083833063449,0.07630229711294294,-0.018174970988352065,-0.021545536175417525,-0.045836717343729995,0.04379362111438461,0.024205166567050365,-0.04908372674481912
114,finance,0.019337501857671642,-0.14647380376600846,0.05894707318451547,-0.09681550712866693,-0.13722230283455453,-0.06086313482896024,-0.14690356345459085,-0.046694822849709515,-0.16016725910026713,0.19270988934393474,0.05757553927374248,-0.14624660272015835,0.4075681011938589,-0.09041934901864591,0.383329238652333,0.5726748916557483,-0.019200395503822434,0.11119344476256808,-0.06857880463019993,-0.06551546738502484,0.06670481939579243,-0.004235607108429161,0.05108459482457717,-0.03626111727109083,-0.06916540932911151,0.02155106019317663,-0.008500820116240619,0.0037791934927916275,-0.005910554944432133,0.034032637203511414,-0.06430880108053508,-0.018744028709806754,-0.10672185588463892,-0.011578091364769678,-0.016689929071105176,0.041445539774372556,0.05623620201523006,-0.0020314406931640195,-0.0241163116250983,-0.04478157653705891,-0.007457981282373081,-0.017397328636039943,-0.005290453682952232,-0.05361562390701878,0.014361799038413744,-0.008760085308446068,-0.00034587367501011525,0.05440604278081162,-0.004693475399805559,0.01822207648763673,-0.010783707400821265,-0.019883843917669657,-0.011387061533675701,0.02380687109197849,-0.011695932192027823,-0.016157015306322305,-0.0051438231829804195,-0.009972127848583322,0.0036091397478551514,-0.015309205090146199,-0.0010509081403292757,-0.0070864705090076885,0.00408917964052797,0.0026615428991216164,0.008411378923012849,-0.0006934405142710028,-0.0027208563919732865,-0.0014610295702752337,-0.01377426760616577,-0.00878455595127643,0.013568282807110225,-0.0003826394250800581,0.0001954773801710847,-0.009205630098372724,0.03223526757266944,-0.007897919751747003,-0.017487436837604797,0.013984010193213473,-0.009050358696407773,0.0036134824985371667,0.018257725901317634,-0.00023521727083285185,0.014544870628563219,-0.004604202245552659,-0.017765957560051417,0.012979580957470682,0.019841149012806796,0.0015855614157010856,-0.011721088877916569,0.005419139691666848,0.00759620543950135,-0.0032399261696917933,0.01784522862399802,-0.02841384163860297,-0.025520042186206772,0.03219060835544904,0.04465582084674666,0.004085528046199488,-0.010067607807411167,0.0281291059263942
115,finance,0.2029682491216562,-0.15182622578649532,0.08396339597997252,-0.17731567350080893,0.2975654829481768,-0.08063094378054589,0.18170734455763024,-0.2507747663849859,0.2381315523043996,-0.38007106498598425,0.029336141375544002,0.14668558963232664,0.023709045222504683,-0.05859119823301126,0.045811394495903074,0.13387285408211863,0.03445552883253603,0.03099241014664005,-0.12709912377538574,-0.06439417185281404,-0.11585451057334112,0.09477794543187143,-0.01814666151812086,0.012038047913234878,-0.06134874526954664,-0.09870780612228969,0.00024253384119291553,-0.004617723631677522,-0.0185644881736035,-0.018928966528806053,-0.08144036754712203,0.006393442625914559,0.052114996770861115,0.030658139096691895,0.030631427851423663,0.039103857308256725,-0.035587098693553844,0.0022127527741026675,0.014499294992123133,-0.022007452348335076,0.007200548124041362,-0.0045558746801801515,0.013099006313618853,0.030010907457706706,0.009238842099207329,0.0416762358990405,0.0388851473571684,-0.04466083408785235,0.07442614151579079,-0.03437141588750327,-0.022211294260349054,0.0069380768462783534,-0.0012662983276909806,-0.02154343280972192,0.0009610164538568421,0.014203862851250219,0.015975852739091335,-0.02255412712585084,0.0032639240027938377,-0.015558536011472546,0.0009703480565990607,-0.012224797103527002,0.02525918646528344,0.026311194533534442,0.041382332090099325,-0.0079258125052676,-6.146865619958573e-06,-0.03614827811825937,0.005962507336600442,0.027300184304795933,-0.009196916209195246,-0.008833865596275386,-0.02044772610906484,-0.01550881794926288,0.009634575869369543,0.04330702395657168,-0.013122365484762822,0.020826351027280355,0.018741147888212573,-0.017965949211380713,0.03806200134352908,0.020633285893042055,0.019597077364711696,0.0005428908880282722,0.005506544959154197,0.06084421682150975,-0.004312997988668608,0.030286387240856916,-0.04326719699482941,-0.006455801071124843,-0.044827746136969174,-0.03337390442493239,-0.013832306722666112,0.01900510487808877,-0.048698135169549635,-0.0017561160621168987,-0.007295074788103604,-0.017640692294886507,0.008648598608857675,0.033654448830459864
116,finance,0.16902710986963973,-0.14111706139244345,0.06107533146983648,-0.17486660814117386,0.2655515913124057,-0.07079045004724153,0.20532088595634582,-0.2679272356345952,0.22371872474455287,-0.3557077816974251,0.03712871089412452,0.14085806273375712,0.017215804592875843,-0.04627338418120058,0.054562009633012054,0.12321855468326959,-0.0015432150717892205,0.014391739132778998,-0.11594730827209643,-0.013812104880669421,-0.11105170589588993,0.1110673221660398,-0.030052072448624338,-0.028412429226291176,-0.03895836365790166,-0.04029353640512416,0.011012767688072947,-0.014900570902086406,-0.02370541091315171,0.0035500920780565867,-0.05325317305648237,-0.003242879019126064,0.03381305922495832,0.04197781780000182,0.0505773321659548,0.03945107654052174,-0.028018802061703207,-0.009730178326423956,0.024332882242938517,-0.009425480082892781,0.02776537283142047,-0.009623436025755073,-0.013126352934343097,0.03336069164312969,0.050134929931469056,-0.047546431899380764,0.048979251523539206,-0.03782331217600286,0.014045596337936596,-0.04058045635435281,-0.0017532821131311907,0.08024341203088486,-0.030838089982019846,-0.021892161503281604,-0.003313292507975735,0.032485910322230145,0.010125699219280908,0.006388195809807923,0.011654660407685263,-0.03323525495271967,-0.017018025271777395,-0.01366389315468908,0.019954593905857448,0.08489860801776623,0.019430768745955035,-0.030592428444325685,0.022058822736102348,-0.023783366369639496,-0.004155078921729379,0.012471884786723248,0.027812980061939076,-0.022147601516283807,-0.011792160130062242,0.027785278726659063,0.02676982624471417,0.034606937376260305,0.0018137597443205625,0.042760253967520305,0.03531827581134077,-0.009455959971231448,-0.0043841575970954925,0.0026610987794527005,0.06553876559815347,0.02004162699640902,0.017186287055999686,0.07171102909206667,0.02280810127408874,-0.012173730543196653,-0.02657238668411664,-0.029510635643387045,-0.023018140981144457,0.00883167865875839,-0.02946430019805985,-0.0038900358502341513,-0.06722069317517272,0.012196554470464827,-0.04052277467127264,-0.015204740960238713,0.06252582682797392,0.012419062903151921
117,finance,0.019719972155147925,-0.14572035214692797,0.05918632482561556,-0.09649492920066705,-0.1365946223160022,-0.06344676526507127,-0.14606359511354014,-0.04543883126247956,-0.16092729981856466,0.1933926156508671,0.05832945742782908,-0.14426290776981507,0.4057024374475041,-0.0901468445178005,0.38228013320411314,0.5707767520161913,-0.020829552975407943,0.11080411227721303,-0.07072354466920243,-0.0641968980237927,0.06715590527716024,-0.0042194968142309905,0.0509071097330335,-0.03637975450620692,-0.06993847024220497,0.02258502585542948,-0.007919510077343813,0.003680397742710632,-0.0055939379373299136,0.03443234930419028,-0.06045808166088344,-0.019764128146035027,-0.10383558603342749,-0.012863008855780912,-0.016195614068614993,0.042987021415694125,0.057663628451540765,-0.0029415855775126536,-0.025314880391597103,-0.042251096042310685,-0.008082847684441506,-0.017008748574741824,-0.007268414079639598,-0.05278845246756277,0.014441900333507002,-0.007403999089092482,-0.0003280321507988204,0.053804473796531666,-0.005715991590804092,0.018739673815346844,-0.009614490864177509,-0.019078090390631342,-0.009860545942708611,0.023431160916862283,-0.011856987813302819,-0.018546328673154606,-0.0040231012720635655,-0.01002793597496715,0.0027495354388091826,-0.01533078158301973,-0.000651109109794359,-0.006403736354993446,0.003914143569779294,0.0013629363239646805,0.007332714639654783,-0.0006953425573559312,-0.0012819407068447206,-0.0021976033082588354,-0.013908413440777322,-0.010931168743491483,0.013864689621407378,0.000984393767885828,-2.587573697802888e-06,-0.010841333860610142,0.031014772350048136,-0.006941632575214852,-0.017673668810831558,0.013144744896637021,-0.007773350412714496,0.0026080576179750388,0.018312369021573852,-0.00046495339187296186,0.014587670845519802,-0.005385783469850851,-0.018060165247390732,0.010487922950830186,0.021393712585878587,0.002911294180932977,-0.013292452934429924,0.005468828342938281,0.008719849299894207,-0.004586472350098784,0.01848119097501194,-0.03083809085310648,-0.02645074782992204,0.032033713619518255,0.046036706459556744,0.005435389601699921,-0.010576529210657425,0.02988610685029538
118,finance,0.17158662889475434,-0.1453704131777563,0.06808746816235828,-0.16059579774250154,0.24467178339146897,-0.08498341430187806,0.1735231756856252,-0.23021059469299524,0.22889210519097072,-0.37932637087223964,0.0049905963594650184,0.12932542181651846,0.02923954819753733,-0.06538317428113236,0.05979617316099373,0.1411451210503815,-0.009727915878681843,-0.007892768417533174,-0.11368893383003452,-0.035874049285861465,-0.11547747296931796,0.11537383468853542,-0.04078614362852226,0.0006222876436618184,-0.05694553762765132,-0.07731300105851985,-0.016138379238871525,0.02778067501661576,-0.014172597412005853,-0.05724044548726423,-0.0401616672679888,0.0010424013124127858,-0.030592958152893084,0.020850527779156365,0.020824473624784616,0.07787452518443193,-0.004391455733508596,-0.00876359597006969,-0.0058374119489549015,-0.008198455855967018,-0.013977387304700042,-0.06804417348686914,0.0008141633822943656,0.04946217992564624,-0.045250357362879134,0.0482077161708028,0.010886710851112466,-0.017736879694794785,-0.02880221391168893,-0.01941948786282814,0.04790895142849756,0.021918889100847945,-0.004602447770744913,-0.057411747872981235,-0.07951411848326514,-0.011091704686973814,0.049014436242503165,-0.02370542694058774,-0.029940710991599402,-0.006235874263546828,-0.03157600765172927,-0.004334159933250887,-0.01850552747173161,-0.0012732474326013746,-0.004735263680566643,-0.004944757309839707,0.01536078294520219,0.03060752116933845,0.021836483035819892,-0.037340510560175656,0.017361315156100815,0.00291930844568007,0.01976511952010933,-0.029590381969637494,-0.01886210655791863,-0.06497226410357877,-0.02648204090862594,0.027155525616716,-0.022193200581599112,0.06011928095229507,-0.005644268900842509,0.035220724837445594,-0.05600515919003097,-0.05531152564112706,-0.023574014386345887,-0.033298142311563056,-0.04381886699691086,-0.016082903117215372,0.07309406817090629,-0.018116063275928122,0.031001163945999697,0.037613438992256124,0.045756626814411096,-0.0029990583191436544,0.06973341729048743,0.023767659085577174,-0.008225734925816968,0.014565374466883307,0.006566059724048152,-0.011713464953452886
119,finance,0.028301812579752988,-0.14371377762236817,0.009735230632568922,0.012962091192165365,-0.10023676169015323,-0.02550912455605423,0.04212699645092945,-0.05276969698897878,-0.033734297759163354,-0.023908227670349308,-0.04229643711121913,-0.09199233462899435,0.09109726808875378,0.037212381436844744,-0.04949502232174007,-0.13548070274786528,-0.22849670579761006,-0.21792848445977248,0.1967865097555305,0.02225818231381409,-0.04590879997192717,-0.04393821301361607,0.3453564851844955,0.22433861787092577,-0.209327590799626,-0.3085450823399122,-0.06931142482989103,-0.03367358330796421,0.026080195142255742,-0.05318665969489437,-0.16114858076528682,-0.020781596057171732,0.05834586333404467,0.29501297874008764,0.08269917051165722,-0.0624776543485848,0.06918704715000507,-0.1408434872168851,-0.16981571137814738,-0.08167834748360357,-0.06429132907331249,0.05805812029396967,-0.019843133558106595,-0.07369760101506075,-0.038651840855170164,-0.06885304844514974,-0.0034864129542870937,0.03201018763687886,0.014370361583500158,0.10727404504202931,0.03260248191058746,-0.04165941381111271,0.008517526812028895,0.05911244853886241,0.012243742318571579,-0.07538043337338941,-0.004876342846940156,-0.009713712754887848,-0.0016983653633172282,0.03501923247656367,0.022762333909925703,0.026208357364545118,-0.016686597382643116,0.015009577740376444,0.005511612604842632,-0.036316065705679364,-0.009577509358916816,0.024487362668873948,-0.0014642887411230295,0.015941921521351616,0.027272740281083317,0.028437881592792404,-0.02790097402883694,-0.043857903194386934,0.02425402126702379,-0.006512351957821985,-0.03986233226936514,-0.017365160355254688,-0.0017866704449448457,-0.002453955314665884,-0.02095912311758521,-0.026016537865177606,0.015259968262941624,0.010849714313060683,0.002958854027156232,0.011694059146740645,0.009684928014988447,-0.005418800971463909,-0.00033103766510824957,-0.0019132324830824338,-0.004328643427019435,0.006746734588522348,0.009784185268891162,-0.0013070939978017618,-0.002932963761297852,-0.007493545660675987,0.05527274438783062,0.01056697981727257,0.003179446134069189,-0.0075324805169678655
120,finance,0.041065043992408914,-0.09609878387052248,0.06735680160519603,-0.09386598246606966,0.054920238353764486,-0.10175577093758702,0.10902856017149386,0.029406536834059648,0.04154675198169901,-0.0048646511363326286,-0.07008002709428521,0.13679571433958057,-0.023737097772351706,-0.07413301170588699,0.07113147115423309,0.10407691621893359,0.12218753356321478,0.08052082513096853,0.24753982951917228,0.1759536590074434,0.1635643174278609,-0.12713218309590849,-0.28628676334471675,0.15007187586077445,0.33726875105120424,-0.33681243539683225,-0.06442455643422015,0.14935073619880593,0.034471611616360774,-0.11473681591070806,-0.011204310834784634,-0.0660995475799464,0.024784524890171133,-0.002493348567634139,-0.12482529937142742,-0.04500519069989603,-0.03373273700806759,0.07340356105352977,-0.025336277651331902,-0.03814343778872422,-0.1242946379023114,0.07001510321824699,0.05523535650828443,-0.1663950471007718,0.005670596125831286,-0.033874617688733115,-0.0011840232086061699,0.09897240611936173,0.044541686791562944,-0.0053532031505708995,0.028911565595627915,-0.036360523412089986,0.010726845780324819,-0.04165762154169194,0.0010843708791378297,-0.0015618371588557028,-0.002408812153795493,-0.003852478100063065,0.017233268614131336,0.05945083689399988,0.03629120252555698,-0.03420966752866444,0.02111429964821285,0.005723270214222325,-0.003227200799407858,-0.0034746406002857063,0.030100793910907107,-0.02918508368683546,-0.014486316722271617,0.005041451147216544,-0.042215049089174075,-0.05633835071733042,-0.035748560318317274,-0.040675008531668964,-0.017465147142587963,0.017652765552818462,-0.03297054177723528,0.03974925016880476,-0.020314901580987744,0.022471134012892923,0.00012874513510235613,0.022630635370769352,0.04011166349668465,-0.020982488276671568,-0.008883627568393412,-0.013049776190967971,0.01770058813239589,0.0077657121045010035,0.003986801869263688,-0.005398739600866472,0.046889897673396186,-0.019266606105459383,-0.00044413558431002605,0.01826653506559254,0.029276147393741115,-0.02311794156743633,0.0383183199709129,-0.0212283492657649,-0.026135993242765745,-0.04488190596776923
121,finance,0.022358548989870705,-0.1106020628104672,0.02640413244662648,-0.10400730065110667,-0.22859668994985596,-0.17441524089356933,-0.1427017190700006,0.16859828882352348,-0.06010762000032373,0.05554786553901809,0.01643108309333677,0.11538430117794082,-0.16673334085742847,0.013508868999616477,-0.0396579363328457,0.004678692460275548,-0.04143905027177212,0.054052359514939134,-0.3920090314690188,0.6058657700668321,-0.25684273005172703,0.12330307017956142,0.1340924432163165,0.1246698648191655,0.10827003949910388,0.0286869366915202,-0.09354845654741913,0.005539096213788325,-0.03098902116678339,0.052633662176292964,-0.13292844858388364,0.02946428712329055,-0.07117202698837062,-0.014101168527329375,-0.002179346818817792,0.07017495776208135,-0.015274683987192708,0.027451727224344812,-0.027792411540409952,-0.014993426920629863,0.048765950782280326,-0.004580786299606234,0.04892905748595386,-0.07151450328482875,0.014371760983365107,0.01783820137899155,-0.0031619542041957023,-0.05050068102753128,0.005690609702821639,-0.03681750734560095,-0.02883544019556873,-0.013912467057370492,-0.010104700260038998,0.018079845483428354,0.004739006115023287,-0.03669132543404973,-0.011421420619922953,-0.03720693394760476,0.053184096393595594,0.017704549663701788,0.04683821010543262,-0.0019109740305577694,-0.001474415895090476,-0.012665844619330553,-0.0035339383590326247,-0.013006103072562123,0.005712026593120534,0.01941798095122199,0.0035544590863103146,-0.00611694821646029,-0.023555768460031545,0.016457278060394875,-0.007336132959219368,0.004243748483927392,-0.017637426373104403,0.03551453648743437,0.006983501780595878,0.010746541425966956,0.0036413639949622626,-0.012321322001147066,-0.0018600044870777344,0.018573954097795182,0.002889950897052044,-0.0010612300164382364,0.005470803746517464,0.025095286976933175,0.006936534483283329,0.014255530808162737,0.008632460414663699,-0.02087889236769333,-0.005126675774533453,0.013200454723544421,0.012641694534936245,-0.0035702523201622057,0.00898717842947006,-0.004483043809777407,-0.0038531715174603843,-0.01338018228735633,0.005933355262344857,0.013553855130245493
122,finance,0.023142902711181145,-0.110440198635601,0.027589407220964684,-0.10574159154916904,-0.22729183424119642,-0.17998031781708257,-0.14372392019651142,0.17513866019505098,-0.059073230393568966,0.056805422405450924,0.02036847599965891,0.11479536758260835,-0.1636336907244732,0.012455562609645266,-0.039903249296341196,0.005239396840319957,-0.040645373628894185,0.05392472368061271,-0.3909552357316586,0.6041725324723127,-0.25811936046753403,0.12594560051765122,0.13457214822007368,0.12476364464955189,0.10742512784605551,0.029202546490062667,-0.09608063516139483,0.005793052507303553,-0.027992628071651773,0.04986457885517785,-0.1313136238046057,0.02865975886352677,-0.07157077761924219,-0.01220318167438361,-0.0026491400919773293,0.06736850021753737,-0.01578373548767977,0.0253970068729547,-0.02467577464173656,-0.016896293262420488,0.04630095626847501,-0.005342957761801808,0.046380456203199104,-0.07303574501782777,0.014893293855161381,0.01998344570990119,-0.0030664876790811348,-0.05260497336968066,0.005587642708448822,-0.03715833458743439,-0.026147926965935236,-0.012263899164946168,-0.009186026513893181,0.016610370544149742,0.004995807302123529,-0.038384819693803134,-0.009030778671462802,-0.03579387572341064,0.055003917187156734,0.017306616813491698,0.04809054115582954,-0.0008938545825782823,-0.0025116765712211915,-0.015112102763544258,-0.0023159264927996364,-0.015114912846239262,0.008126081100760348,0.018654474411622882,0.004697951328356925,-0.00584618029844859,-0.023539850549495048,0.01385148221519343,-0.00493500256649397,0.002252373322085832,-0.01761322347878511,0.03683266316217769,0.005996455981192142,0.008668564616612565,0.004339151762222552,-0.013526681814416635,-0.004684614333886765,0.01948926190097318,0.00283305975768476,-0.0019968771424420805,0.003589481834747394,0.02180187148648713,0.0032734963536897666,0.014671773939885297,0.007680352716239583,-0.01912745417166383,-0.0034879472367444152,0.013609544880140647,0.013009475169094857,-0.0027062198536875496,0.00846399671685497,-0.00492981639550793,-0.00518415957822881,-0.015117943860384701,0.004833701182043219,0.011823041125313396
123,finance,0.050305740433539685,-0.14456430481357094,0.03251047517213919,-0.024956909062486432,-0.06276100662283901,-0.04275472812634118,0.03786720785959743,-0.04939752408418708,-0.00503375931247083,-0.01249773378534027,-0.019819520401829244,-0.08034220805453199,0.10247449090012692,0.04321637958849376,-0.022582184918572976,-0.11248535640092029,-0.22875035979240257,-0.1782434742235764,0.16342816498177457,0.022394431688220664,-0.05699818142326576,-0.054642909035972485,0.3605872292415622,0.23717713657717307,-0.2590511728269447,-0.2832416756546014,-0.0855121627587621,-0.03469301166342561,0.0328188296537885,-0.0733271799219834,-0.1204651880399956,-0.03579767750671425,0.06523996776926554,0.2749538436350285,0.06815185136972222,-0.10867674365009887,0.053324911795897295,-0.1380488110412798,-0.1635228518967278,-0.07482115925882986,-0.08034006848597516,0.05266107790332738,-0.003846067265668097,-0.07853243533184437,-0.06670420683045891,-0.028123068568310323,0.004981100661148425,0.011802040041616758,0.03905729877450029,0.06295245380179366,0.05940158500257949,-0.07812627399907822,0.037503136194219786,0.02302629641967848,0.018905921565711203,-0.058389717629111125,-0.012667021877348352,0.005622800873500403,-0.016941776994680854,0.0402321130405083,0.024567861410514254,0.0026781395320061244,-0.029883361023320086,-0.00043340363275364257,0.02183303734296075,-0.027133933606979275,0.017589736697361795,0.024884552945066068,0.03218100738115491,-0.019728655733005477,0.03618546176681378,0.002338318069502729,-0.03503257126851374,-0.03635638962716089,-0.000973853835523782,-0.023570978660522567,0.0015021825115504202,-0.0021040746827166476,0.018154180836136746,0.014943705542119658,-0.04615064396222632,-0.014389900752647847,0.028793587522451078,0.03353369357296507,-0.00218996752916491,0.013331940297149947,-0.008826488721640824,0.026250044667442605,-0.02565299173618553,-0.0052084947476106775,0.05518443440250308,-0.028472749245354808,-0.00893714636759891,-0.0077573721441459706,-0.014537354371154698,-0.029417849744615674,0.0067687871836863865,0.03894749270483913,0.05431991776248709,-0.013287252757777278
124,finance,0.1749683323050858,-0.07189949973278464,-0.024826214646190718,-0.0693325027611101,0.04532473462953295,0.006974450703396674,0.0992770843863584,-0.11268703531128217,0.031224440564325558,-0.0177519882631832,0.06613856340684848,-0.00943153115658293,0.013626910278944714,0.04172024489919349,-0.03628719163606517,-0.039343989066898136,-0.06838755660503476,-0.0824092004538461,-0.07598055051044399,-0.0103166899917629,0.06369639631027506,-0.09796780161667143,0.03484199984482407,-0.03585518049384362,0.09270232986382916,0.015659218775149194,0.17131570379892133,-0.14557437830897543,0.0996773468341787,0.41347747998666357,0.06414379332930761,0.05244102599059949,-0.020757094579409042,-0.06258440699366102,-0.07908557904801904,-0.24702623377345753,-0.05051143443602181,0.09729219380406336,0.005688500454700552,-0.14404761059230756,-0.06085697469095657,-0.06739724489237141,0.031715498656799256,-0.0925743441903991,0.008117597604520825,-0.015093832773849779,-0.03802896292176537,-0.025006333073840724,-0.0005572592675484725,0.08954128334219678,-0.11289718285278755,-0.09306180391231227,-0.1358319079437529,0.0560609555499611,-0.009199437843932482,-0.014511551484394385,0.005157122386277126,-0.038424153101993264,-0.058759318723224166,0.020004944377815855,0.013848732359413,-0.09172421079539601,-0.03062205020612192,-0.045983156455977774,-0.039203768823409826,0.054196785890329065,-0.03482562614749719,0.12210836010074069,0.10646473156347132,-0.010527946035822333,0.02297358005440321,-0.03463087656496581,0.052446925863372094,-0.04310987312217849,-0.03048782628660091,0.038911966582717276,-0.0024161832583377333,-0.010284643517595674,0.025345317302992866,0.002060097653041617,-0.017963870674166087,0.04951177629417369,-0.0006239925330056917,-0.039605308574351024,0.032529783090114194,-0.06265738230854047,-0.040420836538943045,0.08469639352030603,0.01846255972717049,-0.0038293526084394367,-0.08731712690747023,0.07539522587174559,-0.04165394939071974,-0.022222246945679352,0.06165601968510389,-0.01975684244595317,0.029291509305909305,0.013181480027032538,-0.03481350672400797,-0.06362679133072065
125,finance,0.10466400989914507,-0.047616850358541594,0.022872855856513552,-0.030256481438936875,0.04891694019869702,-0.024031212491949623,0.04832632729430142,-0.12141497721584651,0.06498525313077441,-0.14024369623466718,0.006843026471019852,0.059009678250872104,0.04507120786922459,-0.005876261492767722,0.031102485536472376,-0.0007243838478955038,-0.04102435668195325,-0.040162920346857936,-0.10695281141058872,-0.04651684556243283,0.03743208947259037,0.005680275068799584,-0.0012494460688088581,-0.032828452204540864,0.011400266583384677,0.03190503456290475,0.020453671064041848,0.013923321236636628,-0.014769918694214013,0.00711347090507735,0.03407940411233414,0.02625106279548098,-0.0439250179175136,-0.015354186774065193,0.04592494963068862,0.11229174632300504,-0.016492540675643527,-0.045216407126618376,-0.030225172730456523,-0.04915126016652614,0.018987844797064116,-0.011131134881975997,-0.00031558891219804865,0.04489423167780741,0.10262959911235693,-0.09525506664553324,-0.051040754713604496,-0.07669346528853077,0.07068873383150895,0.14483133076060906,0.003747570130954159,0.10262854021242965,-0.0756951700181488,0.07767561381833558,-0.06754691152452645,0.12818899622358523,0.06048975065715011,0.05024660171554981,0.2589054607884519,0.2021245444257332,0.07368987362952986,0.24195827308118284,-0.05546332651683269,-0.05532559900898334,0.04068473065013852,-0.029065720397076066,0.06462801148773621,0.057437376172126464,-0.11578244595772831,-0.10783611847701731,-0.1378101527963702,0.11241108488605048,-0.1252627986773419,0.07622799590528599,-0.0645782058559629,0.08211711937902666,0.11032843107053456,-0.014739366669319728,-0.07416779456438213,-0.050880006858227626,-0.025892544255571293,-0.2105302404481116,0.11262188016025933,0.13680337755647326,0.19132406984017175,0.005360209459711232,-0.025068261952012394,-0.1742231555685563,0.012212750121850403,0.16633314949223155,0.05699518510853376,0.08346077159754903,0.0007114120618899074,-0.008575494641811262,0.01030631457101219,-0.05419541818446276,-0.011052259271682748,0.10101077257047757,-0.1872366123184326,-0.08994286289177203
126,finance,0.00399170376291155,-0.16370379640177368,0.011747563276054465,-0.025218099203625104,-0.009727547093808292,-0.001135654814249804,0.3061882070835937,0.06437047335601974,-0.03743037178722966,0.29624654685786794,0.017669750426601846,-0.08986229556415262,0.04349582859914101,0.001313695591097248,-0.051046546975010376,-0.07238740659758666,0.002833661143767189,-0.07389166583473657,-0.25115439975036374,-0.15239279403547662,-0.08827424848304201,0.005155745053548003,-0.08491864980149141,-0.01000305691388737,-0.010781760227180734,-0.13971749489954585,0.09013120716800965,-0.026624929638933835,0.002332328668853916,0.1208894611891738,0.01805819194319585,0.045429706537607806,0.05880509660825393,-0.02626668159460102,-0.013788483583481101,0.0783383999567118,-0.07739234854682961,-0.09725434301792778,-0.06168104481104956,-0.06592776934760958,0.051667826893695104,-0.005821905667731321,0.04412648927078864,0.06679364736400892,-0.046676222725858765,0.01097438972322849,0.08862122913565175,0.0570487651940159,0.0659699200307405,-0.020595066092046557,0.14823778329507104,0.04167289491684388,0.06461025425830301,-0.06253236546036699,0.0526364415826111,0.021794963882858585,0.03222552578911651,0.07457927035769417,0.0535181178122346,0.0054192222474607815,0.009740213062382968,-0.012201698302768781,0.04971213001603775,0.03967045658915183,0.05439635635085111,-0.08552924578931807,0.10594177040705857,-0.1130422305272721,-0.07705030296122467,0.09803223288363327,-0.0032209877714042545,0.04711679598494827,0.03224685114559345,-0.08084015322911174,-0.030148793475061875,-0.022029995167840176,-0.06507565529860476,0.03665294292151459,0.0641967521818583,0.04871007350882917,0.008330361521695463,-0.11062440151794138,-0.08017150692854891,0.048113828946124225,-0.04553313588051092,0.016102612105140548,0.06908602680274076,0.00035027293971861965,-0.12163258152314421,0.031949139275826294,0.0715491164254812,-0.048650854499017376,0.15767563893633785,0.043871590582004294,0.03068150250054257,-0.005129168723352835,-0.09899111470373179,-0.05917101657048255,-0.00040840876027042764,0.0827787873537748
127,finance,0.038157302996024094,-0.11081985625862814,-0.022920068584432178,-0.07945443186799322,-0.10750894613873903,0.023271337030575077,0.025971967046248417,-0.13516959919162405,-0.16059493049678777,-0.0807765649712015,0.41994264700336215,-0.04816856273057311,0.30186643709135197,0.0877197119063534,-0.2429942734651982,-0.2097410801384761,0.4664644052747512,0.20573534352844455,0.07576594189802088,0.004361793877633443,-0.05531031691579022,0.024293076395814815,0.027592551547619148,0.01179129633278019,0.0010792934171010731,0.0025792434199910764,0.007738147748833808,-0.03969203475925431,-0.01829404359731672,0.005215420330184833,-0.051116475878526704,0.0016673129092582956,-0.033724357575258136,-0.019248051678427167,-0.0036387254641821864,0.047428412529404704,0.034597281331271046,0.004005573535975288,-0.026648590460116413,-0.006954174795882196,-0.015498687198088027,0.0072040985680790984,0.05639147826179635,0.018356264326377835,-0.007888540961957026,0.00332779428469666,0.004318825968756015,0.01010565787442322,0.018996667198361263,-0.025381095673133496,-0.002484284105468302,-0.02116307569929544,-0.003450533548551049,-0.002915918905206725,-0.017050040591236996,0.004063093943420214,0.010687958145668797,0.028131842101428283,-0.036272765912177145,-0.005898651333935678,-0.007741765512493311,-0.006411182252882947,-0.014860402176496175,-0.004838103863363623,-0.007398639153485829,0.00786611494292696,0.00030723499203845863,0.000789645340473778,-0.008388039822981072,0.03882928871736265,0.0022025465940446213,0.005960142389949261,-0.01357488278624117,0.009633016124680671,0.004443289787565902,-0.011607555203342989,-0.02825492658460162,-0.018016557662952775,-0.024147946993115427,-0.004568962882186093,0.005737203946374333,-0.006467151360015311,-0.009755838803747072,-0.010881141857518758,0.003952068255542386,0.0013332610734473522,-0.01074725819690467,0.005467107499762675,-0.0017644663047485431,0.012067670141143093,-0.017466376763997208,-0.013919519438714521,0.01980799358925221,0.011558417359718109,0.004730757877410876,0.004919907028289859,0.014258387513505506,-0.01611082253600042,-0.00631838001544189,0.01702014325406685
128,finance,-0.0008449214682684209,-0.07518363359040628,0.021876460141135562,-0.03858174265735807,-0.12001144141097396,-0.04040252706981056,-0.03224284004762699,-0.056715759665572456,-0.06064270545922336,-0.06018470363566417,-0.09893617465834574,-0.0726865678947485,-0.02549572337839891,0.016897743886177045,-0.0223136734230889,-0.04810821880279724,-0.07365527628789079,-0.16851160124593392,0.17941449378391655,-0.0005362112993128461,-0.16035010387335205,0.23418535317857953,-0.09552465249092706,-0.05464520555626495,-0.010220398088795282,-0.015337869937198531,-0.04927655824966511,-0.037247567639924324,0.056488234942901845,0.00031128425012694346,0.18451733102792556,-0.07566271086783699,-0.10717540893933664,-0.05702156884251506,-0.09017640855876514,0.0535518377098636,0.13768807840389818,-0.02726929047404794,-0.1570531632252106,-0.019465347543099875,-0.08895065888923452,-0.11706411802949923,0.12344644012243079,-0.0501807268322868,-0.055197347319056705,0.0757343701559768,0.025981807184804483,0.05750656446764019,-0.1388786000761038,0.012417686499315798,-0.031023793355192897,-0.029556525860719843,-0.14652829652677835,0.03429699186424722,-0.01965541774314687,-0.0432910790935687,0.07360690305200618,0.02959373743176021,0.015258358552512953,-0.0807641547609311,-0.04559925400634312,-0.06345636884119946,-0.02752240617020676,0.0829527969567286,0.030080746422682905,-0.021554964989787474,-0.057694036579686095,-0.04049584719279044,0.07405515271575604,-0.06084907758628161,0.021302806844920155,-0.04609907849245189,0.05037614150501039,0.10294437122309517,0.0038552932861161023,0.19811127490100813,-0.04617351407785863,0.0744018944377179,-0.047383580218715755,-0.06575409538225316,0.14102760574013243,-0.0514349521685534,-0.08425230163690357,0.0676269501222255,-0.007970382443481253,-0.027963880424629353,0.014093449724851194,0.04111691315817883,0.04123503044917897,0.17085788839308447,-0.023674704593015638,0.011636120908308728,-0.03908231636647892,-0.02870449503870199,-0.045936703528549366,0.026504042304850633,0.04544727884278176,0.14804305949515845,-0.1915475729780399,0.13409111509553454
129,finance,0.010040565023004695,-0.1427397787811994,0.026939888022679083,-0.09079897059436565,-0.1514114560241636,-0.03753087163225184,-0.12083381430710835,-0.059864829884014356,-0.13210039600861495,0.15804396167241988,0.03960750640987215,-0.1443672182536919,0.2962642070798144,-0.05737431202465112,0.26286030468836685,0.38039078327424397,-0.04736502802078224,0.03557300769195746,-0.051364037712424086,-0.032497680175110094,0.027174807108566214,0.001730330994126753,0.036453028327546,-0.03296987530201841,-0.0388486881555704,0.04176343397597427,-0.01680846734741366,-0.017775064873986727,-0.0007082624946913159,0.004214900454316084,-0.05934119659710132,0.00592151637818149,-0.004213030819561093,-0.0004070730098923911,0.009141103682845025,-0.01378622179355704,-0.02082650112984859,0.011077286323684776,0.018287871249991483,-0.0047907395643760125,-0.004702217345771829,-0.020189428670003416,-0.0010175107302527716,-0.01721461489177926,-0.0003626589505018147,-0.028670144199373266,0.006214599415085343,-0.012299261574227118,-0.03248670814710993,-0.030462373410898677,-0.004032100485631314,0.0005234532513495905,-0.02649113175655051,-0.03486582878486341,-0.01705798976366957,0.004748107031865639,-0.005609392972185014,0.006219762073392686,0.007238135617926457,0.023240619460557436,-0.0028644186726579143,-0.0019257740350224924,0.03425172508602208,0.029708177448355046,-0.0013765033715801619,-0.0014315486580340345,-0.00571341638517015,0.010553152773079154,0.03859827351725173,0.06424579920476599,-0.012972065417618708,0.0033930880655685543,0.018874302727423003,0.015571029992289815,-0.02931652008101359,0.02325923326283205,0.016739045320333844,-0.019197984728334005,-0.022038629653214476,-0.010763048402844921,-0.04627264066065777,-0.00710275000454115,-0.04410932556611442,0.013456957648354197,0.03736236266487096,0.009614710708823233,-0.04080530755960282,-0.015424027701916324,0.034847652355421206,-0.011090997574958085,-0.01431812378379832,0.007006099422496014,-0.03352221797663957,0.07949492910113283,0.051143257816163634,-0.08299195758577284,-0.09866954230708672,-0.03291199405478627,-0.008156157057881261,-0.1025350251040965
130,finance,0.028284504906622793,-0.05013045605707068,-0.04521115122619309,0.02630686893272942,-0.019450171798731375,0.08785861676955171,-0.028899459552300687,-0.04554170185878345,0.020328871973138093,-0.00529413670896797,0.049490896110290755,-0.03338924032497137,0.007631241388299722,-0.0064306444409689325,0.004152433103198601,-0.09999353843743494,-0.054585489778128264,-0.0004113488254778974,-0.05577064773105216,-0.0038742103070872427,0.062310208030771086,-0.059209664178575996,0.0031253829826527087,-0.03482119594079085,0.011585615602635213,0.06968311176768738,-0.023458303336930882,0.021765097226474767,0.026473404813793264,-0.030968216101996234,0.10021362976005385,-0.021673328247079474,-0.06634780981309464,0.026500748762285017,-0.011280205462552633,0.0217854578334765,-0.014207095731726424,-0.08113172756710017,0.09071142507683895,-0.08030284149408502,0.05508703003713771,-0.17552727315169891,0.0215494525585555,-0.07545980566129062,0.11717125357526642,-0.17814979662649671,-0.017742886918828246,-0.17328713342133276,-0.2188269950574313,0.07587825113098741,0.11709613371091258,0.011269152566128891,0.2155642678834748,0.005823328387389724,0.009619311724938361,0.01949730436155798,0.06053689248515946,-0.12234621815030372,0.2024935983566928,0.02215022919656282,-0.03301360199951133,-0.11620334181033026,-0.06615192498743144,0.2268687597252716,0.04378501983927293,-0.017279719867950197,-0.11064900750934376,-0.032261484772692646,-0.04167390393238682,0.07374163825068679,0.021404953868833662,-0.17767145508691912,-0.023645950232248504,-0.10473147104906556,-0.034464855381148136,-0.10127422827413686,-0.22224298852302826,0.04534326914865898,0.06822922232064052,-0.1351889163925094,0.058103217551725254,-0.02494194041864957,0.0519566670563338,0.1206176049511788,0.04765383490141453,0.139338967380517,0.03775882426713496,0.0056649590245327185,0.1514143082615331,-0.18632543807145197,-0.15525517872961325,-0.1259701282104042,-0.044351976469344495,0.04327389820050358,0.12435563390183081,-0.038552735451625006,0.060835417660167396,-0.13398477512027926,0.008624450141123521,-0.04918577970211313
131,finance,0.17401560541135802,-0.03538562891776469,-0.037775171242023946,-0.03447603259991623,-0.06810158979620963,0.0775152670229139,-0.0565162027564586,-0.10095083482430885,0.023659076669844084,-0.021976646776444373,0.021602427370836834,-0.05656886453274999,0.033497664620705185,0.046836490309982284,0.024023348601524403,-0.1689383222757837,-0.09728802127025206,-0.15975761493872132,-0.08466696061927692,-0.007514607386638146,0.19987315181876122,-0.21190011604197603,-0.08398100840735417,-0.09106846460606004,0.21952723720021863,0.23743238687733487,-0.07827573769820079,0.07347150100521019,-0.10661992144754671,-0.12590595685372827,-0.12389773018610925,-0.01772375834111152,-0.18395476191646953,0.07797412726859251,0.032846100753948324,0.1612875057314932,-0.015478504837650193,-0.06551721764407643,-0.0882136792204959,-0.18526470579393398,-0.07291200866808892,-0.022925682425256527,-0.03914150472968093,0.1061133884854096,0.02996427340723542,-0.014229484721218376,0.09085455787092027,-0.038794988679974614,0.07468753895316989,0.10487908868891756,-0.01765824483446414,0.0037503259735269284,0.0002707983210089752,0.03245057364454378,-0.02620331143276974,-0.013662490730021789,0.07696991697481968,0.14460438887005667,-0.0726890453319664,0.008592783680460818,-0.04638271696162784,0.02133258552096598,0.0006427450363302021,0.013879129939973155,0.012952922053885336,-0.09724595411965142,-0.0208533340350708,-0.043101768995272266,-0.027100297526227855,-0.005894789855617554,0.013409645211946068,-0.030906799897123347,0.03720316046797923,0.09764066144057762,-0.01498638638915623,-0.009447636476922738,0.029641656914595013,0.00520247130595353,0.01534233862283245,0.04068498968698062,-0.0709715018497145,0.0876053634707055,-0.02063073142387644,-0.014964033292856631,-0.038087470432410786,0.006991455847849558,-0.04994655436350809,-0.0034605291589027286,-0.03753784830082463,-0.012817140261059567,0.044565129471511346,-0.050308530008922846,-0.03652204761777629,0.004792228070017461,-0.0060940329770873365,-0.038508040047643986,0.06422006966300073,-0.051354876851239496,0.02573196337222094,-0.09020524274877709
132,finance,-0.016681499677087652,-0.2356841859337958,0.016197596315088842,0.004743326995750345,0.07863591761785624,0.05181835443598603,0.5248345942310338,0.16459521306341937,-0.0024309585322354883,0.4182076757942577,-0.05088743867356787,-0.08143164241779623,-0.027626750578022993,-0.014622542762149538,-0.06402342215487151,-0.05126912103969061,-0.0024325278504691555,-0.03257440901210899,-0.16145772091440308,-0.13249593698897574,-0.09566271728449145,0.045794543404618186,-0.08634022343642608,-0.040532160752414656,-0.041750357483364746,-0.043449535611002565,-0.06582644893336534,-0.00152669623714628,-0.02328735746008781,-0.08766521484567424,-0.02931748721750031,-0.0016047272204195323,-0.03294882226827291,-0.042879720097400306,-0.0020835553921113633,0.09990786127525027,-0.048121083123379316,-0.09318240092490834,0.017686967733333274,0.048987505710660184,0.039668409127347364,0.049965468086212626,0.009911382846772863,-0.018591492450251615,-0.010750570089177526,-0.014975707819482069,-0.02142638528939487,0.01121547930230345,0.017863587828349518,0.00871556702505601,0.007462345351914541,0.002460260413490805,0.000608313449326981,0.02512348484507542,-0.04746508091234138,-0.014716052900166334,0.02052177072756105,0.03705282788204553,0.023034359284430924,-0.0016465800973393674,-0.01169753833293196,-0.02926871756245878,-0.002621605517025637,0.01342753755980683,-0.0066150128924471014,0.005469995714575764,-0.007434126017924736,-0.014352141554286836,0.0007171594624020027,0.038865807170535664,0.008775606668307094,0.0014783643282876818,0.021392081546294947,-0.014915947515988345,9.013506202895904e-05,-0.01961934384396249,-0.02226927846569656,-0.01894973548401848,0.005617756682314221,0.022949029812684416,0.015119585612948806,-0.05214461923802777,0.0021316087053343848,0.008566772950281885,-0.002716790591272368,0.015065211908827147,-0.0069774934849838235,-0.03044983920888604,0.009911224672709197,0.024732391748937002,-0.004930708420684361,0.006160393197871868,0.04442438663347484,0.020655811329672726,0.028679546558512438,0.01236954639022244,0.01223608181494845,0.013001963565644615,-0.006781174875963395,0.008687352145054195
133,finance,0.10836962502986132,-0.07797308616090579,-0.019547185699739917,-0.021978257016324065,-0.06261794871767976,0.04022288259058983,-0.01388320150559714,-0.04062899362019911,0.01628933018620116,0.007658189499733881,0.015166159367757422,-0.043492595431824155,0.00597783846779597,0.013724192509335122,0.014751155804346626,-0.0637968883683559,-0.07604524068882125,-0.03762338060184964,-0.03237637516238691,0.013059514812286337,0.11484983310727372,-0.11540618260339859,0.004713776347335815,-0.057887056310090904,0.08685160372002601,0.10902774220369989,0.00041291708513744555,0.0778734033563346,-0.0221737894228915,-0.07553820638918997,-0.01696042376667118,0.014821602287841438,0.06265416298502541,0.025056490954915897,-0.017902715500627792,-0.12772123963525725,0.048964328523235005,0.0645415202101502,0.05783545617526774,0.1092562106906554,-0.009101699803515254,-0.06474650279835892,0.08685349327792173,-0.18794859730718957,-0.20622334924960214,0.04300105550597903,-0.010586286008429098,-0.13805719558222454,-0.10568489556724589,-0.12737970787952158,0.03863477210110522,0.19771697652742712,0.08071109150171879,-0.033939893049784724,-0.06672210897452151,0.176629403193284,0.14345714778596022,0.0871659728893526,0.17514844272985355,-0.006817757187859681,-0.0382849332415145,0.13670221399817636,-0.1251065418378863,-0.14108844372256799,0.12783401254376273,0.04445390915363807,-0.024059657573481052,-0.08548349373859185,-0.00010692313915013184,-0.15594838985678874,0.06122761114932359,0.050910374627068364,0.06369102183029095,-0.045899662540269566,0.10760936397680985,0.09330366809909861,-0.006628420295463797,-0.07198782665826564,0.1485086187212549,-0.08698646075223938,0.0022821627608994944,-0.07037540268289787,-0.043668047404563204,-0.12833700289863692,-0.18625688622189235,0.09691220736386254,0.06741170083258248,0.09696261370346952,-0.0217503251099223,0.0647609571442825,-0.0590029405310473,-0.050177427838134676,-0.031139067503966018,0.025818758431147008,-0.13084989119188578,-0.09047795313228883,0.1291161503088534,0.041122890413691555,0.05679546714892296,0.002535537079096595
134,finance,-0.010807637474571995,-0.1282662713759331,-0.020346064609835655,-0.057007701099434004,-0.12192707000628139,0.008261262935605012,0.026051949457910256,-0.09494017848386507,-0.1933572859212728,-0.03959879747376456,0.38951155505957763,-0.04122582632260596,0.29577545964283325,0.0761826738903108,-0.19649301143163386,-0.1716097557039472,0.4392722196329728,0.1735676751659901,0.07581005124746304,0.0064550482740359585,-0.051141051911998824,0.025507475586453023,0.045970733347383524,0.057746396712690315,0.006057040441068834,-0.04143458906118611,-0.04987978706760838,0.014920482176862478,-0.01723491723509775,-0.010017334014316896,-0.06281581870153434,-0.016671661258765572,0.00019271530609325566,-0.03222315898120347,-0.001965683846350825,0.025776607974087856,0.03492370265426552,0.02396657274707756,0.0023958645341367697,-0.0016907188244443983,-0.011735076967916074,-0.007803876131409679,-0.01499290200742766,-0.016102915998202603,-0.04305588092644786,0.04730015464849644,-0.02851565963067671,-0.03636406028934011,-0.011280069888882452,0.0007960781336638567,-0.023421320918351182,-0.020863893566555495,0.010970137457892848,0.01966127853636767,-0.04194738601749026,0.013985334401904834,-0.003197894489650126,0.008726240132173881,-0.005675098757138909,0.008158843498711092,-0.012516469166184298,-0.012871922220052612,-0.0062173561491241985,0.007745634926778058,0.030348731917556764,-0.02730236006892205,-0.004221400557628257,-0.026884830858327022,-0.0017977363798628019,-0.06675821738063838,-0.014197207276467245,-0.02750387870430942,0.014834814836148279,-0.0064242936004705875,0.0034367421692364374,0.0024124297598175884,0.05608458311607134,-0.010481320506640286,-0.026641216265746732,-0.012853705016813122,-0.029558503426827223,0.025960700951196316,0.042456821232958616,-0.01994626880967776,0.03268391551811064,-0.014992871345936258,-0.01019049500789721,0.011126424991429539,0.02710610384424489,0.0069793148803497665,0.00591521375701564,0.04477772170948387,-0.013326496615643018,-0.008861337093228032,-0.0055208362232983125,-0.022779459717411403,-0.029030807345623327,0.04086468240828162,0.010084514881499208,-0.026698295212188562
135,finance,-0.0008103585663630788,-0.12438690836755077,-0.053615806868999215,-0.03886654735930583,-0.1126893251481454,0.055836427600313425,0.040445134371414414,-0.1270783536462496,-0.17462430716515306,-0.09314108410863048,0.42965611271930215,-0.06579659761380706,0.2992105771807837,0.0950056761851951,-0.2573190457087195,-0.20812656203939117,0.47728399924074544,0.217705717162172,0.08759390608996692,-0.008943298594509258,-0.07769913811980032,0.046176219210061806,0.05351658293662701,0.019461416977315547,-0.022367489097463222,-0.021513844375977684,0.021072579215054784,-0.038988381599463294,-0.013363652011796573,0.007092898996167326,-0.09714686626345037,-0.004452387575662078,-0.04517430610698539,0.009231428277272948,0.013767408197535887,0.06306601024851148,0.03140878986470948,0.02417096186442515,-0.019648590398071424,-0.006214513738361953,0.01274489263779145,-0.01770741226052771,0.045125094031575906,-0.023662055555785523,0.023482385939426472,-0.004252166678868787,-0.01088245231230833,-0.006811132364664749,-0.0050509012679889245,-0.0206549924632381,0.009834221675684852,0.01486637238275795,0.010974809372542652,0.009573934997844211,-0.008832268665344426,0.012540822688106187,0.027221920653864563,0.023702393508181978,0.0011249876628025685,0.005351233584675671,-0.02068798611386559,-0.004539834742399602,0.003062485758487125,0.02426977659696008,-0.0009899694557032074,0.007807870749335832,0.011574521711076964,-0.012211500559782899,-0.027365278556205977,0.0030869479663263545,0.00943455782032095,0.012195997226481486,0.005363705598491871,0.023932679703915844,-0.007909637183149354,-0.01103897612830256,-0.018367048548051067,-0.002205683505934483,-0.02558618926939257,-0.018879928075126742,0.007669500739914524,-0.0025237528590440566,0.006516175071059078,0.004978602072269755,-0.008068399954427631,-0.0026784086629747647,-0.00617772918529363,0.01170737463602881,0.0020933650537143457,-0.0005087944879826728,-0.03166741546553845,-0.005264945485322093,0.0045199788221973874,0.005032569701655662,0.004903557808797972,0.00944173001928658,0.010315792157214025,-0.0005779173973901502,0.013400190972329208,-0.00016858086335773002
136,finance,0.036093210916416124,-0.10639740648648395,0.008664591023688733,-0.05090763659255363,-0.1239329515112004,-0.008967451905639865,-0.014668634400652143,-0.019946603900925085,-0.054314698968124256,0.02204880932197708,-0.061444605268408815,-0.055615735793837766,-0.0003902262901371234,0.04569892384048796,0.02738094864204103,0.035652730627403595,-0.047788024399676686,-0.01561001589540974,-0.0009105919945289326,0.12066773108534523,-0.06449146938067225,0.037860937273738855,0.03008399147127518,0.027777328358623767,-0.02313922958224427,-0.007521664077173413,0.06742092104266142,-0.015382993661511428,-0.03696172720397941,-0.07762562629656986,0.048509157433848364,0.039281395293238784,0.10278697425660775,0.004100617802686937,0.09717058082498709,-0.05532483093931263,-0.17482592272768693,0.09669204470259733,-0.08281627122372842,0.12546194589396978,0.08149987686011902,0.014761856132099665,0.1388111604332743,0.0740739670093576,-0.11168328777171813,-0.0875896309382485,0.029893526644310994,0.016701950998600543,0.026643377720405544,0.1701023744953388,0.07394245761407645,0.1782986334382301,0.046969091464289035,-0.08306769273692476,0.009117418515616423,0.18082679830191287,0.16293148262384613,0.07349810446292886,-0.22511631113327935,-0.2033557685832342,-0.13708884753430056,-0.008109422915786396,0.027293399870542173,0.14178814709245868,0.02308892466813577,-0.040694383264666234,-0.014214323164665515,0.009204141751883195,0.025551848857410693,0.11057990534069946,0.059650114411502385,-0.007902284179553255,-0.008297761763966993,0.170318767388806,-0.09765391502518993,-9.96368384918269e-05,0.00647313201192824,0.013735337662082809,-0.02417721836104184,-0.12239890462080305,0.036039595823561414,-0.017371879446280436,0.006945260180162544,-0.0325421585221281,0.005295673059870947,-0.2730965786354678,-0.07459033218776413,0.05103021226042772,-0.07886333126400341,-0.10232970015693268,-0.027932280172548236,0.048337552315012126,-0.0855340033620572,-0.09027875002586142,-0.06464929649754601,-0.13895301401084875,0.0565687568929925,-0.06403247126378203,-0.03428257378797214,-0.026930545294235712
137,finance,0.11376547497573401,-0.2347642506011455,0.09679296425746221,-0.2572828135481056,0.6378899987714683,0.27559911401879683,-0.43828583548821426,0.11388067612547345,-0.2052167884812999,0.1408719316967262,-0.10028771876364252,-0.04322589234956149,-0.012656612163254553,0.015415356493569024,-0.05892916770795965,-0.07325351326273555,0.016035744490923397,0.002006227924531937,0.030740220367518247,0.00776665666239968,-0.04582830187156149,0.03078494727168551,0.004289823853671709,0.011954499410918222,0.015039819712564077,-0.03364439530527405,-0.0009332022487077609,-0.007013372080481405,-0.0014110000171571333,0.027022467676951507,-0.046183874078728676,-0.005545312537453174,-0.015937465845432982,-0.020901910765678752,-0.006344118156157117,0.015785941933031362,0.016257033021308057,0.004448880725418104,0.01811165179062949,-0.01160856825286529,-0.013887618453643355,0.004140260456634982,-0.001871092387581307,-0.0023010250023134515,0.01795394272629533,0.002039766326664029,0.004368023630232862,-0.006527714795455323,0.005602343555827709,0.008043266115095782,0.005395823815869143,0.012498547886854838,-0.007435678969243064,0.0019505923851666582,0.016726855262978766,0.01396206477044066,0.00856365725556189,-0.005759151371270147,-0.008032472797593207,0.010946138330600402,-0.019077370367456672,0.01240593124394358,-0.012446083304551615,0.0021241807964137017,-0.00043449258731513806,-0.003374595183984924,-0.0011014624294783625,-0.0008526714307532578,-0.0015779090838953743,-0.006331659111321411,-0.006504639304569409,0.017722004977470736,0.012889250669925502,-0.009796958472289258,0.0015256281746579695,-0.02937814479693357,0.0010742426681887441,0.0034820269436210516,0.0007410442438391129,0.013114482893492511,0.01773924881702546,-0.02270374325040074,-0.015547292325379724,0.03647663295908532,-0.013607895736579799,-0.016331069649169496,0.005356970139080658,0.004364963290526197,0.00483029725335137,-0.007223679765256061,0.0034348178334450297,-0.0009309189125144,-0.01638611729899025,0.0067515724906006365,0.006167288164656897,-0.018120931793521387,-0.011012043015759906,-0.003622889491877395,0.003844044969954315,0.005765570207043611
138,finance,0.19640466979490404,-0.01697096971495686,0.05493214193516751,-0.054782993322748455,-0.009046352508792764,-0.15999540068663734,-0.1380059517903125,0.2933416418054227,0.228465836665157,-0.03710849418360118,0.09006130333174202,-0.07270314499994446,0.017701879412008206,-0.005368448546646024,-0.030606496876330866,-0.0065476575660398375,0.01680495812384036,-0.001387515768713135,0.06552770494572009,-0.17330095890023017,-0.00736390238455236,0.005747577630308996,-0.0013886166519603315,-0.013067557425171733,-0.06934504239471988,0.007586512232845686,0.048696354034887375,0.0025457483563796346,-0.04806770240807032,-0.007165920716717032,-0.027022756710176676,0.023882606759595817,0.04250612083343162,-0.10079097085667803,0.025862615198015425,0.13131822822973208,-0.11240647327857063,0.1057031861679568,-0.1550412259553526,0.010170853011280923,0.007268348398045085,0.03276085790859827,-0.024662847812351636,0.003926230160320945,-0.0426961712947994,0.02043207643889446,-0.03636699731570264,0.0009558938846223472,-0.0813015508512376,0.0529726590977188,-0.05926614784363496,-0.11790830152198901,-0.007571889077924662,0.04207210946083229,0.062496037114285266,-0.06524752845741748,0.026692202062497637,-0.08883709624878541,0.0885221923514752,0.04461935026620008,-0.048470961028076194,0.022046504817381234,-0.02070181208084683,-0.07758715013917321,-0.00750765897905985,0.030602537749247132,-0.042521036227475,-0.02256884365403987,0.012423446458081772,0.022549851345935627,-0.04803666033979972,0.06877938672420475,-0.08314010233282933,-9.861434040099946e-05,0.02091667718475485,-0.06200496665414509,0.09556561753193324,-0.0632938195714758,0.04243647369156792,-0.03674356976997498,0.10191473591596141,-0.017041317950097747,-0.09595309309188253,-0.04753326779375105,0.0786712668487619,0.033293340001925575,-0.026686595276462336,0.09566108051269638,-0.018825132165051384,-0.0696626403268399,0.013309624128379506,-0.04056479308204943,0.015220586927625011,-0.06527677750029016,0.08178330531018053,0.055034148416051296,0.06356757937874179,-0.03568977450704106,-0.09927748837651738,-0.009755308139637077
139,finance,0.0766024339188655,-0.08314035251775863,0.029615582389439708,-0.04480964419098985,-0.008808903813253437,-0.005846724141567766,0.0312942459199134,-0.05191379718200761,-0.011624839290771138,0.01649720022047027,0.012371013875881423,-0.00524039188317588,0.026904103995268144,0.005325871361065191,0.06037376905165229,-0.03719046312262337,-0.07167080790555325,-0.05262579103012896,-0.10395513974626734,0.050589469475700206,0.11778559049068163,-0.12609677814207584,-0.06165034230513821,-0.009981306278856796,0.14250241235588,0.028802165239061896,0.02735475161540654,-0.008204784823741358,-0.07708616792730777,-0.056850989128913794,0.024626513607327354,-4.7085998479506675e-06,-0.017827953704151526,0.10177456074633599,0.07973537922697321,-0.03636054948860921,0.05112396595208915,-0.09557270286312167,-0.2370450664884151,-0.09696305091314411,0.047220995804596023,-0.016316727540279935,0.1453031975880053,0.1210028788676932,0.1955208613975627,-0.10970288140540413,0.037470513103122875,0.08310447033309282,-0.21178294543090526,-0.1660647030976166,-0.05592998419138057,-0.055383055070206653,0.18354826626560836,-0.02933775852426913,0.04929545398195792,0.1634329761538394,-0.03303965877210239,0.07754646365661871,0.01669517697010109,-0.037548792640000814,-0.06727414755156962,0.07226762643141318,-0.06264633888518246,0.03480507505144732,0.02500280439564069,0.10744211969779877,-0.04890913534680608,-0.0046753876148781905,0.02689485362105134,-0.016894874534157375,-0.011552924756950744,-0.02223175443123247,-0.0008329260891292903,-0.027250632206803,0.06944067747185038,-0.015412876559965061,0.15666439874853547,-0.10456470360875307,-0.023576867827110708,-0.050822519887492014,0.0407354924944786,0.03037307864081977,0.09949825680224077,-0.0022893196449467494,0.05902035243983957,-0.14973142821474955,-0.06207966321365416,0.02971031990092761,0.06009690009589222,-0.08203551764326698,-0.04353302273254795,0.18154569579785826,0.005418562387159471,0.0725647032269488,0.07048114449748062,0.01074686021778478,-0.20107370981722575,0.16177696492408777,0.19746999898502782,-0.0068819022491952405
140,finance,0.0006360356069884984,0.014651414637984148,0.029105585115288518,-0.049145325685004446,-0.029603830083934086,-0.044290891897876786,0.020372044249586645,-0.016646540336264747,-0.01966049495798737,-0.0008040941594498185,0.009403379205261573,0.08415945867163135,0.07066820311934219,-0.014345399815581202,-0.0016567004338887315,-0.0010042979190455822,0.011752532582813098,0.01993455258657195,-0.016390627287914045,0.05224691654706079,0.0152931875612355,-0.02671852457877313,-0.07137913003952555,-0.015674263942377743,0.10067521214889319,-0.002985672592787028,-0.04507874634591005,0.04920550508502398,0.016510773371906207,0.03819722509758453,0.10030501649711383,0.0242298035412166,-0.12038706227587338,0.044369268681735546,-0.01644624915494097,-0.06094839217459814,0.12419454693692564,-0.11650457656770595,0.09172357749034332,-0.004117783375732837,-0.08386409292669371,0.15855071226148673,-0.20192044362671482,0.07497430289494339,0.042743355052196744,-0.09410835141971514,0.2044762288205243,-0.10691927846578932,0.02534988579862002,0.13643741640047252,0.0648652705243244,0.12427271822874063,0.018689949482264323,-0.12996961521726733,0.1267994783758009,-0.07960837156427515,-0.008101852028454322,-0.16556105984627684,-0.1204176364634602,-0.03277534814493487,-0.10632529645666132,0.15955288707381715,-0.11699055631064645,-0.05429046155293396,-0.10220971095942491,-0.14212620225862196,-0.04460239133086701,-0.08308586262292975,-0.003562033535471448,-0.04592803975801925,-0.11362131483315531,0.08597336290608161,0.0028148730263308354,-0.08368822702819284,-0.09625654465224728,0.03765301074291023,0.2242667272407385,-0.026573220020092547,-0.08740541980308877,-0.1372203103429506,0.1266303572390456,-0.07923854056394641,-0.09636753724297475,-0.1884416671122176,0.13772578065569507,0.0794877417083033,0.04802768328254812,0.05719022024150968,0.03044940669170974,-0.025926757966818263,-0.0654620573335666,-0.02080089116362762,-0.017797191780349577,-0.025091704669044,-0.14458019018963,0.0737753390218231,0.09529214515452523,0.015852808170470533,0.08734822344058783,0.09123928585211542
141,finance,0.02560898441676759,-0.14410284685622213,0.02293229393346972,-0.07164393043513222,-0.21046971306871332,-0.023459729736623025,-0.08528896298219933,-0.0874260181191717,-0.06862669552177254,-0.057168496914034556,-0.15689386270974864,-0.13145843402051982,-0.061387839493396185,-0.06051199435864478,-0.010241220567533668,-0.03551760124321079,0.06340272191227007,-0.07350733114057163,0.042892549564727815,-0.04576289335618051,0.01417693058745615,-0.02576393407617561,-0.09354127961293603,0.006746319098529842,0.15489402741342181,0.04115369088932339,-0.059084415349696856,-0.077579519167086,-0.03745869493505109,-0.155926397299052,-0.1409383735641546,0.049059087195629666,-0.04266029097163645,-0.003360758292221581,0.07738109456788479,-0.08218565892018675,-0.21429725463691865,-0.10661677604345458,0.11868895183024168,-0.15663434385298675,-0.008242743179994589,-0.06791852383733829,0.04443357256030241,0.23390069703529856,-0.0005096497122337772,0.13985352114721325,0.06958597717340047,0.0008907080057562608,0.05161763797188163,0.004201759504484526,-0.016518456789955168,-0.05077289764834083,-0.11719821168540293,0.10638045419239113,-0.015499804806335808,-0.19301761169636023,-0.0742511366504259,-0.06825837614115499,0.046714717156830135,0.02843984935520616,-0.07227345391528833,-0.07757719758308924,-0.01942348215910418,0.03803412717596669,0.009212387835968177,-0.041513547049452586,-0.03823528088479961,0.06216572025471688,0.0001991219482679445,0.015501811058029497,0.09235989978147174,0.002717789905466841,0.044492513751167376,0.11655057421925745,0.056506781025891316,-0.0036101432664966972,-0.007435545723511716,-0.025709152633612817,0.0261180591923509,0.015713949002420385,-0.01240301148235451,0.03132109163226948,-0.06247705080146659,0.04108559106957552,-0.027376321475874748,0.12855120397966974,-0.07447451118365846,-0.07319227482472698,-0.06802517175612804,-0.008401497784533776,-0.013696652443247736,-0.06355535797435576,0.030116357770278764,-0.0321736103611736,0.033663907110592445,-0.02217189084911488,0.058262094764192786,-0.016007331695940236,0.0875106323737394,0.04432766293664611
142,finance,0.16840802020301235,-0.06832883566369356,0.06594807642581403,-0.08732790221615372,-0.10036116244168641,-0.22935882297845228,-0.17827965946107233,0.39637994600529736,0.322570854818699,0.014081840196704868,0.1389277952066173,-0.06294820919463676,-0.015545197273822933,-0.02363462933692391,-0.017717498047936174,0.011228636323603283,-0.001042990780447131,0.020399267662909885,0.10136340426731034,-0.13735849330918085,0.004838456828228603,0.019033490102421866,-0.08332795674735557,-0.03161671058812003,0.01382584776601118,-0.011570075444437356,0.10285790581399755,-0.011903102527985683,-0.062984462281133,-0.06425208404271271,-0.07617062535396676,0.04043828478594995,0.11552812730778787,-0.038943647762809154,0.08987057478873539,0.08828304703209333,-0.16227846858110676,0.12675887612639367,-0.1918778427641453,0.07931673136030536,0.04181875161333634,0.09086805920850374,0.03312126507003779,-0.009057665374682309,0.036355807590450075,-0.10385013825141227,0.07754018412254096,-0.11675403346000661,-0.08387644437075759,0.042060616103175984,-0.04104215557615771,-0.04559165049251696,0.012801004245437418,0.06641771500611746,0.07244168548041426,-0.05002100055609497,0.03244424269604223,-0.015108018090642706,0.03152383409610101,-0.008010389054208545,-0.0002219757069696906,0.007955810486014165,-0.028489879626669913,0.06708650206388725,-0.016057478301985,0.001705763730742731,-0.020320831607019852,0.013787884775803715,0.07789518713718555,-0.042943983634399725,-0.0085493438292538,-0.02153238452499128,0.11852744476262282,-0.021333906152885836,0.04170370526200752,0.03523619063188641,-0.0017046346554668533,0.0415599302202438,0.001007266492256126,-0.001867282445790229,-0.048534560810828825,0.016284630588759258,0.026067348432268208,-0.009498389978590083,-0.01922074680789073,0.01421984826473247,0.056316978554528885,-0.007187812523762296,0.03387582624466232,0.08239796051671285,-0.030608317750667045,0.027432554017371723,0.005642036255997199,0.04781791324529222,-0.060871061288967424,-0.0027828228260582447,-0.02420606207976341,0.02021519231187913,0.029448303491002095,0.022864023436065382
143,finance,-0.0007505685230840629,-0.02209190171475036,0.03937789466629484,-0.0630930086295054,-0.0377851093839813,-0.08993697843141435,-0.025752324531683243,0.0893245553603728,0.06529049803326151,-0.023198162483137778,0.06815733579183138,0.11654701655874174,0.0214105811573499,-0.056519564937459,-0.005697484433343892,0.03962065222813093,0.053927305134757894,0.001117498185777577,-0.05521417022125465,0.09412233764878956,-0.011777093346242287,-0.010984019511030447,-0.05113324760660029,0.0317454961795322,0.07108060447414007,-0.04599861913526594,0.0019288027944773436,0.06265904053822387,0.08819931191626022,0.05943920622515558,0.07198176778752204,0.03192515223061931,-0.12296543591576053,0.10452598289402476,-0.06558389258021194,-0.01014470725885657,0.15827415241735948,-0.21159413340892605,0.12847966482519496,0.13945730522901328,-0.014897312727895089,-0.021573593854247605,-0.17157406592502,0.0022099849920537676,-0.018440867019585767,-0.03217833913538266,0.14545412841980532,-0.09516708557934038,0.028800643838628497,0.08410468237805245,0.1565602869795483,-0.06180487359577471,0.007334471024500326,-0.07504647219323739,0.09051819558021713,-0.11036117091346757,0.0018212689704266306,0.04920261468035856,-0.06341580523263249,0.016272564303301578,0.021659981869651176,0.058888309850421185,-0.08753196431722628,-0.06548706871382766,-0.049024475915560015,0.13737911492368812,0.02278011558162316,0.06823958197193404,0.08492153090754417,-0.0896006344341294,0.04062738558146879,-0.1251569025485754,0.11673198838904911,-0.005049563135839852,0.06396375603510826,-0.13742389476825012,-0.0917514358738461,-0.13418574566058936,0.04005185254635706,-0.0002720632551240716,-0.10316599270031047,0.012740054719494954,0.05861225673662922,0.10106702055597917,-0.13118344243652533,-0.24439733006953987,-0.034562816471567046,-0.05985060051371609,-0.062204841497516955,0.0539857950056871,-0.02913213563010986,-0.000722278731299876,-0.093957588883086,0.0240804148695441,0.012724256509995143,0.11276089812619826,-0.019151761229317388,-0.032510815469552264,-0.10822106805053112,-0.03622296811318506
144,finance,0.01661011637028864,-0.10780184534367064,-0.011766957760468084,-0.037987929409386674,-0.012502322978521385,-0.015424265353974847,0.14636686008040803,-0.013353765376993752,-0.025996585082862553,0.12207581228255279,0.024019954386649327,-0.03145237204310621,0.04069372875793425,0.030505202732555196,-0.025538372738772516,-0.05267152467261892,-0.06760538128260815,-0.08959818376521331,-0.07458514324178242,-0.030273030727390952,0.03964129893298849,-0.07801238979233087,-0.03317177554887291,0.0010720659315068338,0.11254987918034909,-0.11625415122872895,0.19870418573272236,-0.08055322522797151,0.1129080689564916,0.48289924771679743,0.048637572896584304,0.12996756684023772,0.0512201184762449,-0.05478218881952093,-0.06623336204588608,-0.07545667180548404,-0.14690531172621227,0.07252248573274858,-0.1498875117225002,-0.17391626512886907,-0.04085589962761469,-0.12318642491277747,-0.06363928134234569,0.04465424575391148,-0.09921020915285807,0.07465236179691714,0.125727393112892,-0.008167271793514862,-0.016493836183237028,-0.12188230034135344,0.11754289310535658,-0.0292793371725856,0.015874701335280402,-0.045534674690359274,-0.05889189938720926,-0.06363170010781329,-0.02024752684119179,-0.03291672345913995,-0.08560858946807147,0.005794658002327559,0.037242978128779414,-0.015146635735310034,0.01518360000253401,-0.01636219745498565,0.03042210415003677,0.002533741542294884,-0.01498206845318658,0.0004673215089479116,0.0034288884157720576,-0.04358661077651976,-0.04310471585520888,-0.03382301947657662,0.00951617538411965,-0.023209896896658918,-0.00979746683602483,0.009956708119189165,0.06093488727898375,-0.022735709280338048,-0.002461242965830005,-0.030659407164524942,-0.03797168224859122,0.026466667283139327,0.039908283935826384,-0.04094546483585601,0.07545749060450832,0.006210482804641455,0.034454595837225266,0.07396342055785837,0.02166200412273155,0.04861002651837967,-0.08927583497231151,0.04079588010415472,-0.057820135560371626,-0.06221654291692191,0.0385026501952997,-0.0008257589665032485,-0.028256332629054578,0.03325481710958291,0.06218463605908607,-0.0652912521741313
145,finance,0.02245351437912351,-0.05028426100748298,0.040430115984552366,-0.05053415980632245,-0.06532199200456147,-0.07696533952579193,-0.04827445583339491,0.014606870003266041,-0.004811514842981565,-0.014110650921541687,0.008473092965014088,0.01799375544660675,0.0417769593544662,0.005614211423826832,-0.0021324491988272266,-0.033441339045775745,-0.08124380250115716,-0.057626382291096415,0.07733091308381183,0.03232240217889829,-0.01279172913216774,0.013880736091227232,-0.014171080919928898,0.04986101892322406,-0.051893338208860745,-0.08080368250463345,-0.15857787556933758,-0.007847645580179875,0.1484479347964727,-0.06222420574650818,0.25391565869342186,0.010461960903486459,-0.07954877382537635,-0.1663537393998443,-0.06370356233416685,0.07473062211999558,0.004899771938023099,0.03372747328244977,-0.1217701181201373,0.07558713490065647,-0.06087139505969067,-0.10336365098249088,0.15978335043288971,0.04204230759472646,-0.14114500147362133,0.11223921562844515,0.1855190720496898,-0.049751768308176514,-0.03513395826776048,0.05833439543704565,-0.004587380285881359,0.012797744645531057,-0.15766259700554472,-0.10125653087255623,-0.03593395074950322,0.08217252672996324,0.052460376628198156,-0.12526046736047516,-0.06434803628037358,-0.03683383517908287,-0.025526593871542342,-0.01943052456665068,0.035583930085728965,-0.13692163993719547,-0.05260126213376764,0.06472034271289633,0.11178276733885567,0.007188401132892119,0.051554357836906976,0.19087596044149127,-0.033292012099275264,-0.008074991297486142,0.005544184690726006,0.0537114013500697,-0.051481496097209756,-0.13571341353076333,0.010037252102706382,-0.08927688311421872,0.09541040790750444,-0.0675949946516006,-0.12320243559670631,-0.050872755946168156,0.08435718245683896,0.03250102710205301,0.06266639264138198,0.24578031688483215,0.009361074268549848,0.0019153540432113858,-0.07778856692710477,-0.12578967072878927,-0.01099235147163079,-0.06040336171574876,0.012334231480240298,0.006230055000863623,0.05602757715805485,0.0359306342767615,-0.08604094317545208,-0.03850549914831965,-0.0020457995673433746,0.004294344523614809
146,finance,0.10152803115910436,-0.09780004672041527,-0.0066347597597901055,0.0029325481773126607,-0.059863627295582825,-0.045138343965376644,0.08646670000268418,-0.05568311560228489,-0.014538979309296289,-0.008922971617768479,-0.020139720230602728,-0.02330824414592607,0.035418201489573024,0.022813784495317308,-0.011413121791306836,-0.08131596359471945,-0.15935207007851387,-0.09206442627300526,0.11329625535879455,0.10400562142736494,0.10735819187671329,-0.14083580325563336,0.1480478812236975,0.11990289178764114,-0.023287538375857782,-0.169564411869868,0.02411183867649114,0.03734605710329865,0.024012666119809928,0.1537337730082378,-0.08217843656183807,0.0840601359942726,0.06843482816709284,-0.10056664196949038,0.027709918984733895,0.23429407281867276,0.024654977148557144,0.06343680565479497,0.06572507546737473,0.1003072675025269,0.014280348908343822,0.07264511018336141,-0.10992981833002365,0.14008490669444262,0.0661867130605098,-0.07371348531586534,-0.0853254244568597,0.09835743966493107,-0.09308929841137158,0.03979560489855163,-0.11107902465491835,0.06105659269005091,-0.0033878981580801907,0.07192923767250509,-0.14862332460186173,-0.008636877728879304,-0.05028447297005574,0.010599411809794288,-0.04649414247230525,-0.09133626974463145,-0.04718616802873962,0.01953230953184677,0.024250508404074608,0.03313284505090511,-0.06446014282933722,-0.01487605341721807,-0.0835927970442882,0.048510146106638126,-0.05967573365274689,-0.028688971791165682,0.09159844792020551,0.12956389820587194,0.037851095663193966,0.08707976396351781,0.06943114738472426,0.014137721672684619,-0.05739990893125217,-0.07593747826944197,-0.04110473345886394,-0.0389972795822461,0.08225968826503088,0.003705290076710931,-0.0829559383956607,-0.016070352676557476,-0.030534159218953666,-0.008736657189525345,0.022276416574254533,-0.0629370062847657,0.05263793995286516,-0.043588616922854054,-0.19410210006507686,0.04532641502630953,0.09351819449555335,0.08468562656726793,-0.06961160159504476,0.014734561197469574,0.10156767367630255,-0.07712831422706956,-0.07554024694102207,-0.0053844281348380514
147,finance,0.08048801780697272,-0.032081405712027486,0.027625504633961906,-0.0649260643091663,-0.07241726054787062,-0.0904788493255128,-0.11172313278771613,0.09075752019620677,0.051412391370145145,-0.0326269832679498,0.03287813266720384,0.029973287261449197,0.018919444816762686,-0.014490699887644069,-0.02990095982552551,0.019135941932553868,-0.01887258228814196,-0.036931032720375026,0.013834268812817973,0.006034082216699634,-0.06938317673710903,0.10668143889191745,-0.08734925385778894,-0.02551894707629685,0.0006070764463015334,0.028556111422693407,0.0019715768080250415,-0.0028720856836722797,0.04584205378006131,-0.02911055510095862,0.18193620187146922,0.019583934962382955,-0.05209639969360281,-0.020752525374105213,-0.0063004822871842205,0.0811143792572123,0.03236033408929352,-0.09948742897749817,0.004002480974386448,0.052486576085576435,-0.046362905433422356,-0.1345221713027817,0.039909149028996574,0.043424970995772715,-0.16791741409858965,-0.05882025146461716,-0.12226183300516996,-0.02197979952281662,-0.12577347765972755,0.1174045948317417,0.12402696561290688,-0.03268391482527848,-0.02379404591757504,-0.16663153343121728,-0.2530413929331769,-0.054506327678658276,0.008114742408091373,-0.014307239407288216,-0.005001087633911713,0.10434821440099883,0.037113188352966155,0.04683295105051857,-0.059662649771156144,-0.1747460569201208,0.13588864707159684,0.001196982486413597,0.12685781643638794,0.16415788978839282,-0.1502987030640708,-0.07765489600807407,0.0840948346894899,0.10223569951163598,-0.05130000079146171,-0.051263160026934214,-0.11945565200494576,-0.0980783883738048,-0.0456679587128306,-0.06735397080247711,-0.00048393766334330247,0.15504632610993974,-0.005371199410233407,0.08036414919855168,-0.12661108744935623,-0.10947508038628737,0.024553771544200576,-0.2110270805420417,-0.08586141579632174,-0.1537896974983265,0.08579389522411487,-0.004165711446946945,-0.02472519128824991,-0.08232953299531434,0.08292406631047812,0.003641479763459502,0.06066029390957757,0.0042656100047417595,0.08796875942109969,0.08740282227400731,0.19497712254291702,0.04562618590737793
148,finance,-0.0457412282168037,-0.05305092472848838,-0.035259673339055345,0.05167344373023961,-0.019769931534984807,0.04307259786524314,0.005704961455085957,0.02532809116304864,-0.06834182618797228,-0.06932876840750135,0.05648362215836793,0.05308600152298416,-0.025363056769300094,-0.034792198757429414,-0.0012567244401066172,0.015127690682804782,0.018384275538086605,-0.04005810358996796,0.03616171051555727,-0.03999443795067623,-0.048803317903241654,-0.030098923977466958,-0.022229637786852868,0.04106026824941429,0.015981997468903966,-0.047107674645505235,-0.0007140002085154424,-0.008276502625961085,0.04994356449384194,-0.055516518345073915,0.056101261170386836,0.07763401689109944,-0.14061428788129615,0.0414693086145301,0.11842711118953701,0.033586634076507915,-0.012253637415834613,0.01262562199251003,-0.02541642927883396,0.06231312499178714,0.04690069032483385,-0.2757546925758369,-0.04057500788172138,0.03701128032037842,-0.06419437668384893,0.011061225064987005,-0.121987015492541,-0.08716528752406523,-0.2236906099991956,0.0814846974985422,0.06790001244494989,0.20849986690402175,-0.13353036141437552,-0.019071176512148617,0.10404086805015832,-0.14100745863331057,-0.2596155187742934,0.11741090638559327,-0.0023166546801948787,-0.041415656167874654,-0.02275185115821255,-0.07261092836519237,0.16086472642586633,-0.037867873803731376,-0.03475775517695357,0.03437650128676392,-0.32977807761820005,-0.054763105269944407,-0.03299881298360806,-0.07482727387927879,-0.06876287747396227,-0.04880245146168873,0.08190640777324229,-0.1794337851924012,-0.03692600009841516,0.1389109581518201,0.010636185106585356,0.04346830797167364,-0.040801764939995946,0.1280801095293714,-0.16074532075893233,-0.10316943873994198,0.04139747730663064,-0.00981337733544675,-0.029553231872072254,-0.03053515074291618,0.10861425898888444,-0.024925486087218843,0.0701945927690728,-0.09677422219114766,0.20123658692208973,-0.025101075996586925,-0.06273143032290915,-0.03179246183462212,-0.03988155681168706,0.04558361410045022,-0.02620989461931984,0.011804696569976472,-0.009356174941457294,0.000735814064184167
149,finance,-0.004297138980946802,-0.11733465496959301,0.05183087366655182,-0.07360451521470142,-0.17769181299844472,-0.11353313956052623,-0.038883347723461435,-0.05348179929481343,-0.11682142591217735,-0.06980384644450342,-0.32439057873773847,-0.12027390474271768,-0.19161793969306457,-0.0778707586145099,-0.05484379847463375,-0.006986392523203449,0.1594238082070395,0.12466675316179462,-0.07536962271499298,-0.019932934819696973,-0.036497531051600064,-0.05195141216036829,0.050484760901791666,0.013377946674865073,-0.036439956191199795,0.024527660216539092,-0.0740018008605861,-0.03940180161788174,0.034302302853870495,0.07463562865284233,-0.028191667196133988,0.0012955731024867374,0.013720838842505821,0.010616119562852952,-0.0044887195439692155,0.03404722529049312,-0.013317840869247451,0.05401187198575263,-0.063512447163276,0.03968054786134428,-0.017326273677358447,0.01192464771502746,0.01359838250890302,0.08286499797235902,-0.011852287745006912,-0.05974271021728627,-0.10788620825546767,-0.007204396987419384,-0.023084226089113247,-0.006119732168921095,0.04426020358265446,-0.004321550243380557,-0.03455697107649353,0.028115057792954416,-0.07224358073877776,0.13291601372099804,0.02458825576180958,0.02719140261902464,-0.051408691869780934,-0.09632953679706727,-0.07032268717057949,-0.007947105912179847,-0.014691389898911111,0.1018457673481154,-0.029007791788758366,0.029062193397407763,-0.05665056624263535,-0.035806024922982745,0.09652210410322486,0.028305310484473295,-0.09329347937657595,-0.0024932189341567873,0.019189788078915724,-0.034084179191076314,-0.012680206683796163,-0.06536794513096293,-0.012450786866856692,0.0607912585668665,-0.02372596873383458,0.006174405542680183,0.10854847930937132,0.013845438281648654,-0.04347000915745946,-0.042464407066362786,-0.06787977645686433,-0.010827744739908284,0.03273599850540666,0.062090697721361054,-0.12054978637451012,-0.04724565819483736,0.114704623187566,-0.22151195674562416,0.06697635300061729,-0.042282062163773254,-0.12606473892364908,-0.08492629999864273,-0.09710890639945369,0.22369411297645578,-0.07920785582266182,-0.13173253876491559
150,finance,0.192966401485287,-0.008791088808622808,0.042544882378592906,-0.10578685919155723,-0.07338706858666885,-0.29579422271050043,-0.15832929348916633,0.5165515653992612,0.3854840383851707,0.022951687321177014,0.1732545273239487,-0.04665760881639643,-0.017024640001626876,-0.01448615502635519,-0.06283686788687556,-0.01242486062255832,0.010194471512575036,0.034327571234733255,0.025411118717531732,-0.09696551729882842,-0.0020285861484686724,0.031438693365429794,0.03408873504874595,-0.029599279103958726,-0.030058270768137853,-0.008027362565383124,0.0035783315205930198,-0.057597878160312685,0.011275802387812148,0.07335901157635757,0.010402528626470467,-0.06154742814461385,-0.023224916194636448,0.09259260500951154,-0.030395263281073347,-0.13445697218374744,0.13974535991422837,-0.11509277084339202,0.2055889555931521,-0.12744142441602233,-0.0733925199974497,-0.08590920980885541,-0.04247317130472634,0.05220344487099787,0.0822304397717232,0.034718389371984744,-0.057947178401474564,0.12115154206979918,0.06032752227065561,-0.06801233281298782,0.01707058229709234,0.11107040791445884,-0.04753818637114981,-0.018946991715430937,-0.08428125253023223,0.12188700686972408,-0.01159714491959243,0.0872827711413212,-0.06151031784695251,-0.018613756528785164,-0.04346371498954574,-0.03576307768526435,0.013831315225651552,0.049092830555949075,-0.00640947866255171,-0.03089967486642035,0.00880956752395731,-0.03757988648725864,-0.05952761690445661,0.04532883446264405,0.006056929565894778,-0.016743439918533595,-0.05615933591131745,0.014479097060232805,-0.02073426286844575,0.03578365860663171,-0.012895019646411097,0.04366421108818775,-0.027600205426566448,-0.011954217910496816,0.0279995805842503,-0.016776628798758197,0.02261148890233787,0.03969586068690036,-0.01580110318029665,0.0035860219857175688,-0.00747324271006072,-0.03039653453950792,-0.0333840519852319,-0.028037341435792406,0.011284370274780778,0.003115595712977082,-0.014624903524284605,0.007410824273901705,0.009281129228230182,-0.01847000845727019,-0.028360528968893597,-0.001631482368373648,0.011275467876710549,-0.014022832663705553
151,finance,0.19347379825754482,-0.011416458307711045,0.045509555566829854,-0.10574711322597945,-0.07775232828396922,-0.29963495917729116,-0.16174947780456553,0.5229118883737326,0.3849451944500888,0.026677733256244663,0.17437907899634994,-0.04571599310712086,-0.01882212835888287,-0.015526872879474431,-0.06244910389653285,-0.013789256607699639,0.011088248351380335,0.032936124758705,0.021076820797448836,-0.09217626912122491,-0.005795921775466345,0.030428258346674977,0.03418954933905833,-0.028345761315727826,-0.025371103340671598,-0.007480326561649323,0.003219206393479395,-0.054452548152336695,0.010472386329837767,0.07303947383763257,0.011068315692027715,-0.05886138311301495,-0.02410630723255858,0.09413480242590357,-0.03136340314950392,-0.13353914351349147,0.13987623085463186,-0.11637312918624865,0.20361486074992552,-0.12743774400389563,-0.07091171428796302,-0.08440855965330352,-0.04238999725072739,0.052273284125250424,0.08075360368252396,0.034699228240210794,-0.05335288326995492,0.11618422649243583,0.05877076992000222,-0.06607238730254657,0.019363304245696437,0.10564142535928213,-0.045426881362619465,-0.020375739509384278,-0.07983331400434154,0.12102519364729714,-0.010336355262757725,0.08842721956565441,-0.06254200573933456,-0.018805894167496746,-0.041658419247319806,-0.03601742532472395,0.010373311481973683,0.04742665550104383,-0.006171507647064404,-0.029558635234772118,0.007732413690708583,-0.03797262082548407,-0.05962562095709505,0.04417784670268204,0.008552479423092289,-0.01802731865078585,-0.05252227761168821,0.011721405802457422,-0.015365238215864734,0.035383225574720775,-0.014777323215153362,0.04357502304710818,-0.028186177810916507,-0.009403423572422262,0.026995553999333153,-0.014223751628621856,0.021517819687959214,0.03968057396200941,-0.021751051462047144,-0.0029888008159102185,-0.007504801979456464,-0.02873274114776299,-0.033184588278180945,-0.026762653179664943,0.012662512494799542,0.0035996835409180263,-0.01203988467384704,0.009717299400422692,0.009817098061102278,-0.014652442890573365,-0.03041629458074418,-0.004337677278632859,0.0077494738269615875,-0.0111599723906316
152,finance,0.03558092317294264,-0.08724446762888452,-0.02741282536255199,-0.01804676174294923,0.01126088684917785,-0.0038962267107296436,0.15773399562342308,-0.011955823489387802,0.0073631923493412505,0.03432722465401508,-0.03027736573924572,-0.00720756404493689,-0.01701903685092187,0.015930962186916725,-0.006657131535444177,-0.013029276404108248,-0.06984635697830428,-0.001381613874354125,0.15582137022722536,0.15055131159597573,0.14317118572370116,-0.08076670048826833,-0.06559476028156311,0.025139003562898478,0.11899804270486915,-0.11845698108381379,0.07734092648561856,0.051309743334230794,0.024642157026662462,0.15657593390517693,-0.1247219279816345,0.032171777697020836,0.05472067531932288,-0.07159251219735549,-0.016813524711964904,0.19755179692855185,0.08036660704914422,0.07642733883201498,0.08548811120375564,0.03692397252847472,-0.0672541536434404,-0.008496475379313636,-0.0877317137405594,-0.009055480648655202,0.04258704467339398,-0.05837486255857865,-0.18031010095723024,0.10290863098457498,-0.1490239490433363,-0.032168713589471716,-0.08201369459034102,0.12719015703068884,-0.008462601561040815,0.049364533519476256,-0.14041238493823324,0.045898318898394026,0.02089984647411906,-0.00709652300303774,0.07858392250602643,-0.1461342390799164,-0.0046448581722760484,-0.0684334000107711,0.07468695474043495,0.02940401438394424,0.07982328948959833,-0.018178406388105372,-0.01947523984941486,0.07854591694472207,-0.008407665922150387,-3.406574868122455e-05,0.16400830820513973,0.1720260831134626,0.08553199003763302,0.06342886659121078,0.06367195159796352,-0.011331109760198186,0.03282529166575721,-0.10655376609491914,0.10115668053631006,-0.056811075406252604,-0.0768780153542485,-0.03368214276693308,-0.13221527440775793,0.07216323143643345,0.06181179645780957,0.10886922000977148,-0.03607646727511882,-0.10984763291107226,-0.04302093571804883,0.023884497273771062,0.028556123628176975,-0.09916358923982095,0.021440653470984512,-0.05449167493686642,0.026561165170686872,0.06159734271656621,-0.11587175456940442,8.219958443569566e-06,9.377335015508224e-05,0.050382859370133065
153,finance,0.031502662334802534,-0.08638452181499731,-0.006807858190911943,-0.06737990176918152,0.03640247782958393,-0.012282605702059529,0.15354553457160003,-0.0956074855686481,0.045590885341300666,0.009481465354722017,0.03372927488198233,0.003824223651049935,-0.0007312147334386477,0.024386564685145308,-0.026156594409159035,0.007601927504242163,0.027854409113046336,-0.0003195510153678984,-0.00408422107172865,0.0353567147064845,0.049028418014294084,-0.04625379373863455,-0.01087309619740288,-0.04186919928715293,0.08503161355276877,0.07774557204335432,0.12831272799792823,-0.11801364264424387,0.05974614727674059,0.21360708010411153,0.0851300052776753,-0.0335970360017087,-0.025398182581288422,0.0358745207090134,0.0073756042171465195,-0.0879898044283367,-0.09864820823085733,0.07835261236435334,-0.05848577668697081,-0.1830552285837091,-0.002072475174893296,-0.07515397517530241,0.16825956741502002,-0.17678700373612413,0.13678221140955277,-0.10112043972763209,-0.14695872696252532,-0.15481035973357088,0.2081777984015855,0.25053081253300186,-0.06846524396386378,-0.020679135927844604,-0.16823486908898772,0.04148711499666638,0.12386442889819946,0.05616386665578657,0.09089603326978644,0.1532839766140046,-0.004719390604708279,-0.04781873912567536,0.07882658423942435,0.08255885258742984,-0.042849612771758284,-0.09689234354484699,-0.034209983373264155,0.05071182653203422,-0.017552193534027365,0.1257427013515404,0.1630703242512056,0.10221621909903073,0.09485430471754902,0.08410674294648796,-0.006095509584702148,-0.05609104872324204,-0.027593989203185405,0.007914546190882355,-0.09714110737611882,0.023502512167555716,-0.0015364057836503144,0.056288202836307116,0.007523354921154776,-0.08383212684773905,-0.015495191685439369,0.008358893424479211,-0.07390020390227756,0.0253211873973336,-0.035001897113553386,-0.043804160930700546,-0.07998104806862227,-0.019306719608105778,0.04551060895062421,0.00016341459054695565,-0.11313565609914703,0.05177584682105097,-0.027712638663249748,0.07580693194776447,0.042788759101148516,-0.02415765187119043,0.0833763647963978,0.07809664041181874
154,finance,0.01204982801673414,-0.09895718655016952,-0.009060126126976601,-0.007833070858609117,-0.03506435826284948,0.017398022285683323,0.08672244231028038,-0.002595518080682415,-0.044359303963910884,0.09639283624592028,-0.012551312372863027,-0.04143396353531008,0.02220744987554734,0.03556485301968934,-0.008957028244566732,-0.04620748155217713,-0.06143575419172655,-0.055153489707266676,-0.04085748930670004,-0.020598195844847712,0.0226547177025028,-0.01028102393213441,-0.010471042208793937,-0.015587531864018853,0.032940988620817874,-0.08958063031711552,0.17182167081659697,-0.0191991719210982,0.033186214942570805,0.3420578765225411,0.026020578337429646,0.12270956270364214,0.09715835778203527,-0.044498483137345175,-0.01987682818789546,0.032587254918262636,-0.12211866749206853,0.03938508036003703,-0.13120019177673992,-0.08162366906431506,0.031282684682403916,-0.07710858393918113,-0.1502400907605352,0.0584283214397322,-0.17147149613194862,0.10349537741942165,0.12863652523422658,-0.016939131179848882,-0.006734661423839,-0.19320874749279363,0.19600867477826228,0.011049530237878493,0.15413460348465666,-0.022910702420827135,-0.047059781644141735,-0.08587683382019212,-0.015248199187933516,-0.032815747480295906,0.024728970815693956,0.08488479994492708,-0.041934406306884865,0.08790810198825436,0.0733001949733834,0.06257684627752341,0.03269634116600281,-0.05821959512671496,0.049747962511847946,-0.13667595303538171,-0.1470484817671077,-0.0890782089275745,-0.12556734551256316,-0.04379634768881599,-0.06118220748190473,0.11877386279368599,0.025222482097376986,-0.013580922264482558,-0.013687875762334071,0.07517071617274132,-0.07508917443413815,-0.025849240353457526,0.03796592225800519,0.09085728092907565,0.06328330797377905,0.013405050777827608,-0.08641356899318742,-0.01975006521514259,-0.022074535050079228,-0.12682884508565737,0.03049148629190897,-0.0786157632817217,0.11315500532068484,-0.0619295198807263,-0.022376802873977034,0.04425682354211888,-0.08715430203178007,-0.008984447522053038,0.12367035774865483,-0.021533406611723045,-0.06270949616614448,0.04180552195185402
155,finance,0.04627239062998419,-0.09232942976722594,-0.016032442893519912,0.027377563992342525,-0.03559797725309115,-0.018137291154968888,-0.024791262979113864,-0.08205535830489681,0.024176956192007423,-0.01800353307118106,0.05442761710798691,-0.02573360938121829,0.05518041481394552,-0.0022758289223505407,0.03132755108584538,-0.07792026423270958,-0.13036686823685073,-0.03376722038221995,0.029732807140234904,0.041480949403867255,0.06980937269907542,-0.15051571366023492,0.12563768741191259,0.1123876136062147,-0.1353245858920704,-0.1064902117558702,-0.22767940984990104,0.006397705338182882,0.187151016650396,-0.010906306313139267,0.2109293400496814,-0.029157407685979825,-0.07191970254636008,-0.21936531668183204,-0.10251572084631634,0.09903446849237223,-0.14451570532207705,0.11237047832278267,0.11163514458735854,-0.012148139597114369,0.15008503701314774,0.060136722874549124,0.04123218397456947,0.1314155113991288,0.24213236856931036,-0.006277539984760734,0.03236890367212625,-0.03550551349092021,0.1039651721552225,-0.06651145674416184,-0.020412865198984092,0.04542038523491719,-0.028988475120019463,-0.011395076116218608,0.04064339225754615,0.09708731236959574,0.0503304368993241,0.06285932785660969,0.0404880923166957,0.007927172497769397,0.0014977834192154273,0.04796225051833589,0.025388128584680123,0.010943005776759855,0.0067197571867792455,-0.03381956746795674,-0.04927558474347835,-0.0393756740494491,0.012729188545956184,-0.05203294953855557,-0.02929226681556183,-0.0016340281122146148,0.004394387087520744,0.03333661550979179,0.06972583603074814,0.02039328019101406,0.035709218871195984,0.05888952736588521,-0.06412959896171794,0.017417219932919094,0.021994620634920865,0.05676988884019804,0.011335082293412395,0.008907074205798312,-0.028683362736333415,-0.12848826946002745,-0.08644742292171337,-0.045146037467194894,0.1004221535974864,0.09623061854224076,0.06982443807041117,-0.022470403329931353,-0.07025234487715513,0.03870180335881828,-0.013929363888028411,-0.0038230989700544778,-0.019639288470242426,0.029840330302835196,0.05500478434788569,-0.00012485037084186177
156,finance,0.036680347625634865,-0.049367516965363595,0.05442726842702035,-0.06155859198693604,-0.009459217547883604,-0.046093200563763065,0.024376174673328484,-0.03075723048415426,-0.03398835307084003,-0.012369166776043931,0.007072262752763904,0.0734061675877566,-0.029758570034454875,0.01705095217963214,0.00740982040820885,-0.00926237416904489,-0.03191393193262536,0.010579984933704607,-0.026451442665991476,-0.008605415926793617,0.027368330875570116,-0.04668100455087445,-0.01600230346192477,-0.01290381465980527,-0.005279429176844464,0.030506434948170107,0.10385576629397254,-0.053072278031301,-0.011294785366875686,-0.0010368395677596454,0.17572007440456067,-0.02132756547569013,0.044051971225117864,0.016917960427716056,-0.0012138409862144873,-0.17127662493117643,0.1500279284463141,0.005153019792242879,-0.08934226201392663,0.07359647467385029,0.12384807766141734,0.04171237732778203,0.24852353594974883,-0.054430051455944324,0.08115481472250434,-0.033093699063577876,-0.014231648314209897,0.05076322976944661,0.13847856514021972,0.14286945683860525,-0.22262857189300272,-0.03614469994129392,-0.05169778826713669,-0.008188139582140042,0.01644291962004004,-0.10261457793315638,-0.11443299665411764,-0.08552177577888673,0.02450098569577436,0.18877591924228276,-0.030560794197081104,-0.20219083471102817,0.1415004653869387,0.11110822344261514,0.11060793604493578,-0.15264572058561035,0.06271865125077083,-0.11781931293513319,-0.2121515741615989,-0.13418698702624485,-0.03578361045097581,-0.1755035552453305,0.033660372218326684,0.03691950950936164,-0.011770326348606369,-0.13066904814355942,-0.012157912419690638,-0.029001995634162638,0.10357745022658386,-0.039605381088551,0.0432274425861165,0.005474447694712511,-0.17487589496096506,-0.11987442213707175,-0.06193161981608802,-0.03042725287168264,-0.10860361829849363,-0.0001585902031542604,-0.024086697885641595,-0.03331804922893357,-0.03890596567220606,0.062145545462408754,0.018307894991202688,0.11964770344302235,-0.0772240005933217,0.007085184787781866,-0.11442254319301744,0.06298535264432899,-0.018793429316183236,-0.0448013837306384
157,finance,0.2102335044111027,-0.13638625457463144,-0.00031379595408501587,-0.09240810499024324,0.031562603845478016,0.013998347798694025,0.023743565496018738,-0.09314390034279713,0.05838740363670735,-0.054108478595699894,0.10763334275922362,-0.0253761858847721,0.05408899883202913,0.012224248949574973,-0.027149378582551374,-0.027208974397870664,-0.07937872994146454,-0.04865302934838749,-0.12788373918142623,0.005417292244199265,0.03569886685145891,-0.09328418045705926,0.11110256130656214,-0.04267091375750778,-0.010692686121265603,0.1490630278542957,-0.06874043959801229,-0.007668918177547053,0.03143944996751536,-0.04368296666437741,0.07201301399325839,0.005078889637930155,0.02890281214539357,-0.09691583952046458,-0.09432948428865934,-0.3058342995911746,-0.0135563942032475,0.002809461280771479,0.15251830074982042,0.11083614218131502,-0.0446130294120851,0.07383668029251747,-0.04543677427779469,-0.132741500852645,-0.1219719313728172,0.034324913224430625,-0.015763429464803382,0.03832539140682168,-0.1395656003314287,-0.06699795900674164,-0.05528623745252203,-0.05236295412897773,0.04078585735363298,0.13891577226421895,0.009271355106807051,-0.022986459171453415,0.02561840600053549,0.06364815398739467,0.0632218995698925,-0.0021333299422367424,0.009972551242692864,-0.024531915376610217,0.006675265561325011,-0.0028041597481926585,0.020939698219690037,0.011359396743460159,0.07406683712390025,0.05381840621008636,-0.03466659640452852,-0.06091208240654827,-0.00435684142037273,-0.01895124101904859,0.04801530412832413,0.055168761601361714,0.024621281609053396,0.024215809638073425,0.038979784484888695,0.02677281599121163,0.01761165001945596,0.05235589835433755,-0.054715612234731335,0.04411612887449781,-0.01592360355107448,-0.007065167545204799,-0.11088527612465661,-0.031715896886540064,0.10595964591553049,0.020500715046166927,0.0540769945319419,-0.022895260184442334,0.09567733305565201,-0.006712439473507603,0.1653966389395284,0.05485630074967497,-0.07497952910390127,-0.08302440086566876,-0.037443480604960465,-0.08374388084961923,-0.02485827501363058,0.013317535967629093
158,finance,0.13776311136732805,-0.049470170973662624,-0.0007085128970280801,-0.03978180842266042,-0.018732898067823814,-0.035035391325085374,-0.023531444800996955,0.01731579334111928,0.09586990735642084,-0.07917103461440861,0.032722890322920736,-0.0685635050713844,-0.0022950751959852,0.021876395013033435,-0.025029811983889923,-0.10893576045344941,-0.0805977852819507,-0.04903150231264058,-0.0613573539229523,-0.07095143143912724,0.12600867851280054,-0.1404072284816638,0.03433152595243285,-0.06771637155021433,0.03662121551138403,0.14577806410430752,-0.027249828347168135,0.06659180400090581,-0.028724628153220366,-0.08474977200799257,-0.1188172624969465,-0.010248537697712522,-0.1161493803922887,-0.008047693867615972,0.029398240831707622,0.1188606331126848,0.013510143695944372,0.10059100791778021,-0.08509700444035745,-0.02305240004507736,0.04821805924935857,-0.013110357830124021,-0.026182861032678105,-0.18547733834707145,-0.14433703816415544,0.16303240728737053,-0.030089332006765713,0.024024419395126548,0.1939370502542819,-0.061549771239854396,0.09699390805942608,-0.004179164616286302,0.046104017954948666,-0.051823529870168104,0.13136918645693652,-0.0005029550168767622,-0.11427398384421568,-0.16722641890976953,-0.07247667135770196,-0.24876258217986444,0.1256452797834652,-0.008014705568427996,0.20093635126300563,-0.056096427836159674,0.03587750076017964,0.07402312606209427,0.044804681966072395,-0.010870884745185699,-0.04881409908073406,-0.04399670883307358,0.18356930268990085,0.021092874282086664,-0.04629498914774551,-0.13562637707499975,-0.07589478655695003,0.09977292888114779,-0.09340737583217082,0.03186902153103162,0.0021622225908465753,-0.09066955000421842,0.0445912094656124,-0.11572168992085403,0.05519512041203945,0.05114939768378787,0.04300980040361303,-0.08141565300843082,0.048674947327642125,0.002016470047533842,0.07437447168699847,0.010202824855820894,-0.09837760780711291,0.09226184457019292,0.07031835676830235,0.046070590352915504,-0.030888212795557923,0.0401951113413272,-0.05319464147514118,0.10184894538650273,-0.089883037651412,0.07929812203501531
159,finance,0.11823769175480461,-0.2360484147109416,0.0960161844248237,-0.2563701913345165,0.6502327107875681,0.27787143212861226,-0.43515239213020623,0.11547555577935358,-0.1944593373958601,0.13533994362986437,-0.104077111035941,-0.041533356594650496,-0.010228605291882574,0.01201563152315542,-0.058529699363256554,-0.06961141498323617,0.014678274685763893,0.002948431228735657,0.030132843283598516,0.005360806564701663,-0.04676338620644417,0.028799621022968454,0.011123084247494365,0.01265377952390895,0.01608797568845004,-0.0390986483587875,-0.0031238653418001836,-0.005966154116933666,-0.0011322886038515854,0.03664443130975553,-0.059247963116912376,-0.0025728512576380863,-0.029775556412614614,-0.02369011115046522,-0.010793050147766606,0.009113472664685927,0.020353632527328084,0.012674476131267105,0.02425373355247736,-0.011867729513727198,-0.007422105372526358,0.009543695322737708,0.0017679728259289457,-0.003282203843105085,0.005685960199157428,0.004945704332748127,0.007523966352004115,-0.0003478644095133294,0.0037301762918156636,0.007721094571453888,0.0017282348338208606,0.009862415366151216,-0.0065927600794723215,0.002503767748170664,0.023262343515024125,0.0159325941320799,0.008003729302442232,-0.007403012933440973,-0.010380843105056785,0.006529851648424503,-0.021239107797536922,0.010266776449854274,-0.01255669199024759,-0.0028674379432960732,0.004628688555782645,-0.00030592939738550865,5.1513520189837446e-05,0.0011241379916408904,-0.0006282262998952657,-0.008541904171715452,-0.0089687945241971,0.01960799313465737,0.008054573247599577,-0.005952202947736977,0.0021841923600811287,-0.029892280249182186,0.0046809772808595,0.002739891811311627,-0.0006529626026215162,0.020844183806410087,0.021548906492994797,-0.022152101812028882,-0.018140984222888484,0.03467247126797108,-0.013592341719561028,-0.01598063145049558,0.002277945690413132,0.0021864789793157964,0.003345986140687311,-0.003465322997909884,0.01196649120031997,-0.002519881140560782,-0.015654033907496596,0.005677730231213205,0.003312603331150194,-0.015335154216089148,-0.008674173094273872,-0.0018452848051767308,0.004109092334249876,0.004429797655330057
160,finance,0.06644857473146373,-0.08091188018657647,0.03077844511878586,-0.0572985515183507,-0.09604293977414076,-0.08620548885321774,0.004211885135873231,-0.04702990548126289,-0.2762293323178782,0.06589612880908823,0.21847096812589115,0.37702287972401477,-0.35670177870475006,0.23852061244928455,0.14929211695532163,0.008375402566587448,-0.10849538619501436,0.07920210977794198,0.04613995058543902,-0.22383870188422675,0.024558424520699562,0.04564839446315296,0.054433170084953436,-0.022801787767262643,0.002643324907989217,0.01131407584859346,-0.015176721510450695,-0.00619950104251191,-0.016132601804627163,-0.00669481447738027,-0.05231830131136052,-0.016816008977873737,-0.018589051980135718,-0.00039071311072134295,-0.012293256107926443,0.028424276396464845,0.014470253738885107,0.03170546451269073,0.020818694927274787,-0.06000286599416604,-0.023219950162725947,0.010974408016880453,-0.0002186887350402246,0.03144774213888754,0.029310464927892618,-0.017627241413030886,-0.01199700639592661,0.00421612258026014,-0.007946228625240675,0.00527888919273561,0.012103938853915988,-0.014428402589503618,0.0014359404921050535,0.002937386307621362,-0.01419611513241951,0.027085873458792667,-0.019759535736026894,-0.008800101531057888,0.015953602837785942,0.0010635900964377659,0.011994283864140589,0.00445278524997116,-0.03978907817743387,-0.009615665014112427,-0.03341337343957252,0.012267119201232074,0.060577480424822784,0.01220541971648868,0.007071024144651237,-0.007107344608954396,-0.034718886174919125,0.002656427244815132,-0.005045353403608729,-0.0049372322188744305,0.002621923516355263,-0.037464661087027534,0.049178026846309966,-0.020734823010284228,-0.027067914076840515,-0.06061128127186861,-0.0036305201691490523,-0.031141136529598806,-0.004048257300003061,0.013585260165510486,0.003942096846566093,-0.014986078539503036,0.024057582076057585,0.023962364551509036,-0.035338548379126825,0.008499016526971345,-0.010416620970460179,-0.029431579753082266,-0.04378589114314919,-0.005575403117828549,0.01675442070730983,0.020633471415883845,-0.008277816929089164,0.019248528046489785,0.007922770717051475,-0.014865368489836992
161,finance,0.12065506167103132,-0.0786518513229229,0.0260304487780369,-0.05724123515779696,0.03983210040836563,-0.016005614453164604,0.045607294317839026,-0.09201229353095441,0.03147197314313703,-0.11275430542269163,0.034673863347484596,0.034219062332251735,0.009223198756062883,0.009594776105187192,-0.025371537443510592,-0.03480324882179528,-0.0397368768269034,-0.01937306287819514,-0.08115062653497154,0.007007545507255358,0.002761657221906464,-0.00803535054725248,0.03770021444314895,-0.06655577956420959,0.0004097864225923171,0.10890603520319452,0.018294269326233237,0.009779768147692595,-0.02269893927953788,0.03827405283965719,0.0649305897105788,0.047445967167320205,-0.042359371223867966,-0.04772418691572453,-0.03049250610623124,-0.05587891772441061,0.06123449381853801,0.03013000357778628,0.0408837873267455,0.09196377465394304,-0.030496664454536485,0.1625347040309092,-0.10817560533763029,-0.019344986898784326,-0.08881855946667902,-0.10392154281474777,-0.05299458753014841,0.2215524491161552,-0.06693133608173503,0.12275369564083972,-0.06796996627099296,-0.13334262623837972,-0.006163303347015698,0.06544051969903071,0.1124132258795414,0.12001038750930484,-0.15935245904060066,-0.07933458596553102,0.02011054319976686,0.007058613264820781,0.0831638070812589,-0.06676025040088357,0.14663780604684737,-0.06317270362914404,0.08471225802950019,-0.04573367825609872,-0.042899427240740355,-0.12137012477224043,-0.10233519082639661,0.10582423963172428,-0.0848366872172972,0.0685672293919764,0.1494322822241508,-0.003686619951347851,-0.041906241559412125,-0.017046631745859707,0.005220580580405458,-0.025512077096248604,-0.03369910886439896,-0.26346207980183,-0.15946218184360167,-0.04829216008879975,0.12137601962904554,0.24813210145567235,0.01414621375521784,-0.11495840834723352,0.050226342645353216,-0.07725212306804297,-0.06050970886465067,0.041364589897730106,0.04952699554090661,-0.14257981748091625,-0.12297416862094163,-0.03290524086958832,-0.05822876275403205,-0.03379201326397484,0.08967118862820327,0.10030130017952249,0.18209795991194033,0.06367658309595058
162,finance,0.029639682826297607,-0.05159948671425572,0.026725971934640064,-0.09053208645772584,-0.04729494160746131,-0.04973466937809867,-0.03855164368545706,-0.06604869359878197,-0.03413280837352411,-0.04734081855310015,-0.051856993656291026,-0.02723168257910573,-0.027098650775592436,-0.014837642830113906,0.0033566122464398786,0.013636957544936145,0.057574185731952957,-0.009059791902606279,0.016169575068432102,-0.032419966146808414,-0.03634877129329875,0.009367561841926553,-0.09955905331189165,0.012115917577784052,0.07491907864892151,-0.02784716389648463,-0.08207629945862045,-0.010826590058935775,0.0645755843724908,-0.05362200966421415,0.11882731533951996,-0.023137080245741907,0.013097311452574577,-0.035518607805825726,-0.04618312624297546,-0.18615451770996416,-0.003933521323845096,-0.07674868125418566,0.0836152984192741,-0.010494906395489343,0.010920406482162737,0.03314813386766064,-0.012905916729981086,0.03610377110689133,0.06471694876587002,0.10613182513197887,0.0940626414630368,-0.1300129124361558,-0.20639022780519395,-0.07513677431529468,-0.08219913423579352,-0.022249558598409176,0.09172456910015402,0.3643992271578899,0.1158418574404379,-0.29040569058271215,0.15619159930931084,0.1320506170369358,-0.004299445950212672,-0.022365099662319657,-0.08942225351445679,0.06812034120809747,0.13553322445597113,-0.0040637499123116014,-0.008230529469886623,0.023192422719367597,0.16105109746057011,0.11966889313206037,-0.1304175863519718,0.026965090797633137,0.03290342201059861,0.2448459087394254,0.001167116478256061,-0.06043056562063478,-0.040178296370361355,0.07969588237017916,-0.04711204158864809,0.04472351991803941,0.007725720580019622,-0.03348813256438388,-0.037709129798117,0.006412667068291119,0.00011019981572132987,-0.015825210279914965,0.04725135531653218,-0.06646139390544181,-0.007911019855398119,-0.012696374919896052,-0.06989538316989886,-0.13009462879466963,0.013236665445471526,0.0004565341455268172,0.04105538145173961,-0.06238568928821106,-0.020841607467588428,-0.0016236111470449542,-0.0702944084406625,0.09260208384208117,-0.05585026582108728,0.03326847390865079
163,finance,-0.008407243831564274,-0.07129191418594477,0.014745650173909998,-0.013730308725041475,-0.05780731335626188,0.0097112141768096,0.015439289881066236,-0.025186854537086804,-0.04506639317626789,0.020567677567433794,-0.021644283991444305,-0.03579949261080816,-0.0018549909001480272,0.010404471543156183,-0.01069998442339567,-0.010625233300924946,-0.021714288543568248,-0.021689474618210025,-0.029327115891401818,0.03140063796608923,0.03557872112926984,0.028819542266909685,0.006517273984065963,-0.042407223963219484,-0.0077278833431051065,0.027726232163408884,0.06684694579070485,0.08157415833358961,-0.03190209949686493,0.0066756303133996345,0.04320857329256299,-0.0011276586701120998,0.14536514876253412,0.043814852364267465,0.04687758549350594,0.10671016553042362,0.0030303659282613343,0.002683838451246048,0.006829717683068509,-0.01658070681610301,-0.05343907080152074,-0.05061496629879824,-0.05244717463471364,0.0033738898216608896,0.04302628074628044,0.17518653724430047,-0.07045609850386861,0.03704396724631711,0.016185237067303723,0.1468121456673939,0.0533916079364705,0.046181432610546705,0.026076671202279494,-0.07023402708415795,0.34103307352628376,0.21808191047086645,-0.020192671249037685,-0.05492880971040238,0.0006604534913307435,-0.038406230551867905,-0.05415707626909703,-0.22545698905707018,-0.06756826914903326,0.31301233768083825,-0.15995346693631188,0.33248298783749797,0.22130525510165278,0.2731393531550186,-0.23535238259668442,-0.19809880595289217,-0.10101168852730401,0.06667403755493753,-0.1276369231972549,-0.004418488777860408,0.04409816939385642,0.037919342134422156,0.016771722281826208,-0.08784669849094201,-0.05312334907370017,-0.004263766765171386,-0.11246375763410266,0.054029182592381805,-0.010041529354965486,-0.08604369680476658,-0.043293924123264445,0.07854034943131397,-0.006715681163193972,0.01157578995493969,0.011160343617315719,0.05350741389320365,0.06821575808547302,-0.06151372118021236,-0.012554074228071874,-0.03733159836005933,0.022942506499793666,0.03785414987052703,0.09225859665030299,0.02876080501818011,0.018781931816247557,-0.007708282047562412
164,finance,-0.0066048369927202335,-0.05559631353669439,0.05210411201485602,-0.02788725985923365,-0.08537915083457023,-0.05902696485531642,0.00868529400895307,-0.021173657249234288,-0.07223857571788714,-0.027339683271437674,-0.14189482658768265,0.007969885594431073,0.0018948044508613681,8.970234109751379e-05,-0.04934501305409653,-0.025082650962145663,-0.03995639293435652,-0.022108586798269148,0.05152442321503775,0.03432075038663528,-0.05181140277618326,-0.05321111532301109,0.09519625897678247,0.13076708190359368,-0.14334807484608375,-0.10843224081762762,0.5116994280330552,0.04089162655871506,-0.4163739697330451,-0.16114556173639602,0.11815087259545368,-0.1517624692632291,-0.2240728048294304,-0.1465068021241016,-0.07988343698416556,-0.035068401059299495,-0.051253164189985156,0.03305436816437898,0.0993124237330102,-0.004642070469404781,-0.055999869568211166,-0.02733909545444853,-0.040183185238139525,-0.03976117668788484,0.06794244241026176,0.04733970519663189,0.0440387274973402,-0.05993256495518245,0.009838929049834208,-0.07062501050684167,0.028462139152820417,-0.007899012159829627,0.002618178714850324,0.01594057524674999,-0.038285808936349426,0.009177554885426415,-0.019978821856900014,0.031638196728414864,-0.014170332713429247,-0.0018260334487579055,-0.019369813424760858,0.03465183878006437,-0.0014186152262607027,-0.006950848703452389,0.0010800430705999774,0.02896872615543563,0.00222806811793875,-0.0009725241508046969,0.03211332714682602,0.002946672865206075,-0.018931928136546938,-0.004350508611915204,-0.016524739723587572,-0.039848535930857715,-0.031230336950935963,0.007101676150880609,0.008340074197729818,-0.028121912082388314,-0.006717362390816584,-0.0014025467893379287,-0.023916290335729593,0.02165991424694313,0.013651443773931916,0.027867280303203956,0.01567056983130272,0.007629102595061418,0.009855877333962523,-0.007053156545565515,-0.03639826451383803,-0.01659378761783448,-0.015180395992724072,-0.016832774075226483,-0.009346173518862574,-0.012791360136893172,0.030071750637368534,-0.012433892860303357,-0.012937087865120808,0.011034484517647214,0.008331812719498078,-0.043224579490281946
165,finance,0.12236027980817156,-0.23670366060806794,0.09694080850813414,-0.25980397715259074,0.6467757668891299,0.27534058966476055,-0.436114673571374,0.11493501852517234,-0.19764840744217255,0.13519273833811443,-0.10213651745129125,-0.04365873849519882,-0.011448230754972269,0.014429057117387005,-0.058961243073368585,-0.07124163255650116,0.012973836304142155,0.0030569207503948477,0.030243765662457244,0.0069339004090833226,-0.04471010174216639,0.0267227548281109,0.010899150971508701,0.010239820383492113,0.014298805575299688,-0.03656583564945877,-0.0016577799576492688,-0.007932192056190715,0.0003617075742218365,0.038040337757533245,-0.0555987148824953,-0.0025329005182379897,-0.02895883439855435,-0.022407125632550068,-0.007766467882211668,0.005820403864623624,0.021527683814713365,0.011848175324756936,0.02490146117537657,-0.009758363948856564,-0.006373823886594956,0.009179343815818202,0.0015709787835611094,-0.004572489409689588,0.0034973874002658823,0.004115381305492677,0.006350725774393204,-0.0006815725601285557,0.003728095722571684,0.0069306700999867046,0.001444993484560424,0.009123999078173678,-0.0058749307434410375,-0.0015904337563880109,0.02127352765021921,0.015910538640751665,0.005931720343525055,-0.007503084469075582,-0.010280176907194625,0.008918641163320725,-0.019891253472810077,0.010117077154803086,-0.011003786245460542,-0.002899579820542338,0.0031295498469298896,0.0001134760934048698,0.0006089239669188896,0.0024524336723461765,-0.002083707652252066,-0.006075395190638033,-0.0059067815835324895,0.018215500734795487,0.005576155929100252,-0.006354787000686149,-0.0011487752810571416,-0.026778121897400094,0.004788983432023305,0.0007912050349605353,-0.0012326256755050837,0.019343763098574066,0.023700587818593116,-0.02234750442617846,-0.019171799202707816,0.03373496785475636,-0.011417342108022161,-0.014888333319907672,0.0029508048196862217,0.0014536856778700074,-0.0011298102465094545,-0.004025480337195798,0.010808283104888143,-0.002691210021611677,-0.014324999003268854,0.003755502107050089,0.0014661445904182006,-0.016108276645972926,-0.007442133661804882,-0.0031675432745698565,0.0016613218473664592,0.0040121434977960025
166,finance,0.007329950899582553,-0.04429685493558621,0.017457762209286142,-0.0739102379458349,-0.022506838796888345,-0.02781254624800659,-0.04740742043593021,-0.010757329382573896,-0.05061611734133489,0.0013499480841068577,0.02545282222542014,0.05616231388850069,-0.010105311437842865,0.003970873618687463,0.040853584321891734,0.012329789231631017,-0.0023367892908056262,0.00594622549755245,-0.06916993505137449,0.07190804795228505,-0.009759997296153561,-0.02947652523880353,-0.009752182898102759,-0.0005770052142403305,0.034254102048725664,0.0047958990782108685,0.008312624190209861,0.0399437593583129,0.03418298193940216,-0.009759598728457497,0.12387025599521788,0.019318277378227073,-0.0036399697768722756,-0.06702509156321708,-0.01445139062570005,-0.1474863520508909,-0.009463383705197828,0.006741195214972718,0.030856820066065327,0.16759063541852107,-0.02378576594152584,0.1428609196934502,-0.10826302817414317,0.05898237452292469,-0.22766530040061253,0.014171561005615722,-0.06337828487705753,0.10833607202475265,-0.0904994466685506,0.16145212847560952,0.12744628786279144,-0.09983329172960478,0.05720171594181065,0.2597375525865472,0.19058010774522305,0.08967744170407546,-0.024598981436534054,0.25292652085184875,-0.05010971663539635,-0.15622988412509364,0.02464487885980582,0.046776116178058685,-0.01151307896915678,0.14063698486327814,0.17134801962710164,-0.1953174237472686,-0.046121171312121935,-0.0966195018286867,0.03498183975723513,0.027298518324059905,0.0054294519609121425,-0.03839472502675013,-0.18592472601469578,0.1227703506455234,-0.13464879875102018,-0.011516463293342903,-0.024898316049373995,-0.0009670896603593385,0.0022135257766180624,0.1475196866153251,0.06958470533028002,-0.016720380553927102,0.10356013845130681,-0.07980310402249208,0.06015031295806925,0.1923769867672126,-0.09641574724149489,0.011371920511785346,0.039452284001224344,0.12194074573633482,-0.10087454141360498,-0.03223814062214765,-0.06882841613355893,0.0745035951379257,0.12594238202372193,0.17911503673765747,-0.07655114896752344,-0.04025596242253599,0.10100277682883457,0.03429302237855667
167,finance,0.026229804136275785,-0.0992198235164061,0.029331295926113134,-0.1020937452316425,0.1574460649981977,0.10430930435485239,-0.19176839506795793,0.018449636432292024,-0.06808189983704976,0.05223679149880984,-0.009510252025530793,-0.0006790518951676461,-0.01888242504306415,0.0012432625116633653,-0.024604644000908203,-0.021875590843905238,-0.008920352162130704,-0.0010018415784956987,0.003544384548233297,0.02603046750835112,-0.009308666155408171,0.021143664728164906,-0.05490247312582651,-0.022335040834539743,-0.02394957031451225,0.03448329017431301,0.05387113775797348,-0.048166902489346256,-0.002051095317418956,-0.06903462708486983,0.14942933276118936,-0.012349918761174779,0.11130700417013827,0.07566263243758271,0.06228906000231385,0.0115033144809929,-0.05279508582479177,-0.12148092110446733,-0.07258947267769217,0.0444165052817347,0.035871176851733015,-0.10563166392661057,0.004919742900499759,0.08077485212659745,0.12660648748689715,-0.09511589981480427,-0.04556871584889367,0.04932784762044582,0.04144983627094086,-0.007939311547076866,0.026121613578209024,0.035177340347498046,-0.01636902258819947,-0.06908546590980748,-0.19751068343644373,-0.06484629400909873,-0.06895563529647851,0.049310233303057754,0.08219910444734706,-0.07526128241840399,0.1561137681356889,-0.0178681409660176,0.10805269680938934,0.027812238922203813,-0.05941585170103252,-0.05434508046678089,0.04800930993164766,-0.02381683159401067,-0.01626351994512173,0.11212919959813383,0.1282365812794526,-0.08646753093219901,-0.026805114289551953,0.057732148530897996,0.021601712259864212,0.23812266531674234,-0.05037443873426719,-0.030954847213958338,-0.0015209598598976525,-0.24533792109526711,-0.1888708189312842,0.09547473260744853,0.13983085868618683,-0.28817392357579774,0.06845199488480598,0.06409784331157611,0.011849378333234004,-0.005382879901833055,-0.08649715296709455,0.03885816045440035,-0.04829809305996465,0.07324090169039717,0.15621556869661754,0.034340789116716106,-0.04099083614709345,0.1892648582489171,0.0625221020615517,0.05294134883394032,-0.03753563400162697,-0.05794005951834912
168,finance,0.12339703214729313,-0.05124213501897487,-0.013212406195848049,-0.01415813989341269,-0.08532195534374068,0.034891543647902305,-0.07382510248587643,-0.0062150998993367726,0.052388220108151994,-0.0007776139006233727,0.040470102429209814,-0.011417555528300361,0.00827734647080043,0.029035595980488577,-0.025263259521517152,-0.08659808312980961,-0.07653634049587019,-0.061769981008273946,-0.03641158639283542,0.005802358373471754,0.05792825436363641,-0.04807613506881167,-0.0002018744849160833,-0.06063723126196096,0.027390374021867434,0.11544313504981006,-0.004937311543786522,0.06274638198918488,-0.04559949076095625,-0.052262132452758375,0.0015775362993722902,0.03369124494153486,-0.038942895666347115,-0.08550830227294591,0.028860211917309597,0.002072620055412802,-0.0527853095215121,0.07516713124741888,-0.00971992036641408,0.07679981659006455,0.020907065650333772,0.09505978121037106,-0.06771775514106049,-0.0576357900987211,-0.12944083506494655,-0.13279226205746447,0.008630839473488652,0.07651170436007552,-0.07486798095165424,-0.035230708415616624,0.0476791787526477,0.007647897740202359,-0.0596326400603748,-0.17022770415464505,-0.09536037512372618,-0.0224843034463224,-0.02784514792850955,-0.020230803533199854,-0.12185137135185757,0.209905468966282,0.06309954741648273,0.0041166006231138225,-0.0713836605130017,0.059498578395203235,-0.04782379178817354,0.09657519490430846,0.08707581231418071,0.04241767333706638,-0.0614254024930232,0.19571486552077988,-0.059476752251901424,0.10862202923798979,0.05885111793504744,-0.03398226366529494,0.26654261754211733,0.004477673324236143,-0.22975062893438422,0.025099315651452486,-0.13344824046357615,0.20700640670253173,0.1256363254384855,-0.10193147269003959,0.14514690534965297,0.09431054312203542,0.12661851361845955,0.1251418391015464,-0.07453168311911852,0.1384186482470116,-0.024445969613310702,-0.1113259575826683,-0.060472639411380195,0.1302813360478353,-0.059896663074117146,-0.046858767371437966,-0.07409074762197117,-0.02668894791585013,-0.07867342674503297,0.1294441359982298,0.017542921460088203,0.051236288979097676
169,finance,0.1614293899653546,-0.04608370649695413,0.0876139152942701,-0.10043313914904643,-0.02342984984178396,-0.22329258762972803,-0.17898456747578453,0.4082027276822429,0.2919547381650908,0.0075795163804166284,0.14565511370287756,-0.016662916006969074,-0.0067414079745223175,-0.024905741389833144,-0.02435001680443549,0.03422065983560571,0.03946564863790045,0.042463462322123745,0.11463169000492063,-0.1337657637801166,-0.00020865781109725664,0.023196026950411914,-0.08804047131717659,0.020533738827451915,-0.011029515681916843,-0.05635173753495517,0.07835974297340198,0.016907480547121646,-0.026046354695152214,-0.041463144080640765,-0.02303162723059567,0.04645513390404594,0.10434597011193693,-0.065783646518996,0.06562603877836516,0.1100835594550191,-0.16075408433615795,0.11898153736249847,-0.21359208330429993,0.09463816236954203,0.02271523392505467,0.1002845889634778,0.008325452057787827,-0.00850379242181581,-0.001243942980050264,-0.0970354681448536,0.08513846275566789,-0.14471170213932438,-0.1071336339797488,0.07773844637235834,-0.04279367162983471,-0.08650446087684606,0.013656787801373199,0.07381045463435584,0.09535872249165017,-0.07528004759646953,0.04136056267520744,-0.013273807919438158,0.07750297658268462,0.016075654354248452,0.010867033727194006,0.018272311350139625,-0.04444078492624654,0.03743486983615222,-0.0003500304972882463,-0.009385021879148357,-0.03519534032743171,0.022037982505758048,0.0963506067594082,-0.07873453500732056,0.003600427371007787,-0.028111006882188514,0.08543323372560993,-0.004925826323729582,0.017677738519526413,-0.03383621674903872,0.026387788384261004,0.002204591118258876,0.02191644289655486,0.009498011409876193,-0.0570849388246047,0.029918501369266482,0.0009785188019817012,-0.018962184180761628,-0.02722033653429109,0.013566121962856628,0.027823173129296767,-0.006224490483323996,0.02643892346131005,0.08154223536803697,0.00826338192283306,-0.026759190478023283,-0.018544098701310748,0.00206468249449091,-0.06693938019768846,-0.004448866944626414,0.021918746040406827,-0.004331343921132026,0.017171775874903834,0.004369897447303457
170,finance,-0.021165660960806295,-0.1375547690664024,0.042429014133256955,-0.07638153186944384,-0.19834107035567702,-0.09991580952381232,-0.05597562391072013,-0.054338849173697364,-0.10691315095290045,-0.1282472593235881,-0.442724905899242,-0.158990013228172,-0.288518114934951,-0.13653904138433492,-0.08455105553624485,0.005464650192588015,0.2626210418563128,0.18804419926932714,-0.08083515688864375,-0.18986452974599216,0.01999344268125683,-0.1098682273169932,0.0813285029753633,-0.010816887969500855,-0.08968131477038208,0.0287841813097682,-0.08214449702893063,-0.02566975631246929,0.07060347063884213,0.08848646399601465,-0.02074878296997577,-0.0065134122810347915,-0.000504181737659868,0.007444908670278355,-0.022007637751423285,0.04522670459808364,0.04802247814941355,0.012582916530931524,-0.06076994981050926,-0.010367791849964855,-0.03824709793122641,0.04255805333228798,-0.057386545074350905,-0.03673227167856186,0.008864819963598773,-0.09593199733116978,-0.013761576588103536,0.0053285723023454275,-0.050553890818903026,-0.012591282358443484,-0.013055382856478798,0.0076525924329593,-0.03356218788926752,-0.06384055006746256,-0.03728935047294033,0.08015410129344952,0.015985030648819416,0.008090057635866963,-0.023272182967825523,0.006942661084973412,0.029343890350734647,-0.025017022457155903,-0.010519241958607498,0.015592494594407027,-0.00849805452459326,0.0035973754029103608,-0.02160917551321329,-0.01914228900232673,0.0519997325292378,0.002925705760919641,-0.03602302730697507,-0.061326358564785605,0.016186907902352422,0.00991176156114504,0.006986391648847516,-0.03506030736688967,-0.003712973105286012,0.007477339621981838,-0.020358063887150488,0.03693651162192039,-0.025294248921358984,0.024899807130436855,0.01101666176959754,-0.022734110646856664,-0.056530641856738464,0.0109001235783182,-0.017647987842323475,-0.0016518407140036265,0.011591656228966298,0.0052162346118439585,0.0031103090630837946,-0.023482087036831224,0.022190892680118715,0.008327943470717747,-0.011375116045237431,0.01569907374725977,-0.008136702581659792,0.005465606684124434,-0.021620392345506653,0.026604345512905216
171,finance,0.018975497106190037,-0.08537872221700245,0.03880572498414758,-0.07156755345979969,-0.12210773253070424,-0.10788228980288773,-0.06227978240286768,-0.047118488712323416,-0.31170249028815994,0.07123171219623552,0.2629081434433205,0.40966944208649114,-0.40433808481123645,0.2646976993549209,0.15773755628139327,0.0270106336187187,-0.10889572101072773,0.06523520562749402,0.01938053613806406,-0.2690140969637741,0.015205282259217398,0.049940170715527324,0.05337786213127479,-0.011316063370018272,-0.021101365904667664,-0.03662081480467426,-0.02430144328922847,-0.0061217890010021,-0.016079609242497593,-0.003834706119013828,-0.07587373635724025,-0.024734108322588357,0.018410147588739538,-0.007317674850923088,-0.019043399692953794,0.02377840157031349,0.0001144622172061782,0.02288467881965339,0.028347640461480986,-0.07174308405365173,-0.051770145357504654,0.00672290116052682,-0.021738869624466618,0.011400603798762732,-9.472907426463614e-06,0.013191357108367089,-0.021164171833431746,0.02847038476392993,-0.01338582625551092,-0.024390143020127004,0.004827856700629064,-0.011885214840346884,0.005737059124001665,0.011905424804806079,-0.01629982349869546,0.007683577896700649,0.03488275051263981,0.007250157894567008,0.011068299277027117,-0.004697928407630952,-0.004157048454252461,0.019231480767061687,-0.01355319231387742,-0.012959275562703048,-0.0024588303918657794,0.02413002863149574,-0.013339820180975542,0.00992291883283456,0.011133739421772265,0.03232054930512329,0.0248655996741043,0.005084776090731787,0.016195339529361783,0.004061636664709886,0.01681401480019518,0.007540283203709805,-0.006101516887450056,0.020164609032572438,0.020974127828960243,-0.004359603302230119,0.00429055901099827,-0.008457908760289614,0.009329723369491451,-0.03170725106452461,-0.019953915505474613,-0.006904004418557168,-0.0022942035224329253,0.011477104165572065,0.0015077783969692066,-0.02792742099867024,0.015236779602388915,0.002601897673097273,0.0020986708931139473,0.02411666900249552,-0.02178279882328456,-0.010307501842805393,-0.0064381908839874855,-0.040950998837829496,-0.013018709620894459,0.018080809485494467
172,finance,0.020558964951146567,-0.06833676511087769,0.021709011293893143,-0.033593920176128535,1.6578967944550334e-05,-0.0269693255498294,0.05274031228562613,-0.028732090905987596,-0.021074385799039138,-0.0019959383211054695,0.001496790712738106,0.02299407394989757,0.036941958672750054,-0.003372786557280595,0.035177796705214474,-0.0012546019906720732,-0.028813464427069013,-0.015787611506535258,0.06537245800403922,0.04024324706939769,0.07394775236139293,-0.06155981685559305,0.012077809204980508,0.016424708757011495,0.04190293109611959,-0.04324285541010082,0.10062921576209978,0.05465133860269821,-0.03601169717109044,0.12824759060836502,0.045987916462217206,0.053392440096555395,0.006766591965835121,0.0064441324707144474,-0.011622646950701011,0.16252990537314616,0.21173857225328754,-0.03143002259857634,0.04100697145500208,0.14806612186856333,0.00859898410731288,0.06689833295664264,-0.0943368237439703,0.17721036602742565,0.002473228667904614,0.07576561416483196,-0.04348383050362707,0.011155443233613714,-0.06059514261650249,0.07252641924070324,-0.12632601810079191,-0.03885506133299026,0.06183808279004931,0.010677042941860683,-0.10921083725190518,-0.052538523282876386,-0.07980197475509712,0.004630558991078489,-0.026374211959146836,0.010700342297955162,-0.04417574159640412,0.08158322343727961,-0.13848619132521567,-0.10782331558880277,-0.25437019861026017,0.16806984313878492,-0.04888515746912812,-0.09544695460810425,0.0016193777218710618,-0.13078184953684302,0.07893040279804656,-0.053390976000323546,-0.08678113070378601,0.11698817284417477,-0.25141983440537385,0.15976877067994327,-0.21607382705258668,0.13202573148288743,0.10847114416005485,0.05828146083976915,0.06607678760427271,0.030338320760364655,0.008273079776068766,0.07458810529621669,-0.17345968066162276,0.09043246104947142,-0.05895359845499948,0.15833652798217124,-0.07045467607193483,0.027490080181394805,-0.058997787743472516,0.09859295909521881,-0.08648817867719741,0.04398778933840251,0.01850742878676388,-0.07223698705275959,-0.08893211380642656,0.04982000078023071,0.08021292044298388,0.03344267312181856
173,finance,0.05269038561926086,-0.10789061681046934,0.02622319132006848,-0.08708002221249045,-0.004596612953769061,0.00025557660913748707,0.026193277879977633,-0.05698619059080255,-0.018525627003680527,-0.03430927502560645,0.03173797598982939,0.06321202411312812,-0.008464853375076959,0.005287368808630095,-0.018714439110475278,-0.002874419720042371,0.02006174784278997,0.03529496314942899,-0.08070771769766255,0.08096547639137404,0.026607580974803143,-0.005124048892296764,-0.045574178885188575,-0.010011879714624123,0.019703675270726435,0.060516121072676954,0.015193870419625848,-0.04836080956178894,-0.021747341625256513,-0.07440736287471199,0.12362859975202854,0.03124223620052587,0.10113845109919838,0.052120368264817876,0.005336948329834284,-0.09213804356428394,0.011421231109002448,-0.03546404749699535,-0.11202816455959096,0.0008985274072403078,-0.008243670415190413,-0.0360408112998393,0.11603673721223641,0.05372851104854613,0.0707751153628995,-0.06596638737350159,0.12963394726865782,0.13967985956338425,-0.12342263316897678,-0.3002561593440619,-0.10197432987446785,-0.08810040435704337,0.041088122438978004,-0.09102384114511795,0.1197876885753058,-0.016980188853976886,-0.09762830766969424,0.07341823922357107,-0.10000048103921945,0.10346416187025345,-0.11752805767417203,0.0872632325784326,0.031858991995728746,0.023200695885960163,-0.09841020754248628,0.15730714725474437,-0.1270794423044777,0.08343457468082954,-0.05455857843050974,0.2346222481887031,0.262888817777139,-0.055458175533042914,-0.13633332476436477,0.04802679732932042,0.01333911473163069,-0.02174199147460948,0.07341848453549175,-0.19985709630307968,0.09755860783363554,0.11221903947843107,0.047262241661530736,-0.18088349756327562,-0.011961699568276482,0.03715093164113043,-0.046193296734525435,0.0036249857072103275,0.08499585856309091,-0.09836721310430356,-0.024754323780960853,0.13896707751302909,0.03761597891731394,-0.08001879285237919,-0.026394082360783937,0.07058095601011315,-0.03622732076246664,-0.04893083171953512,0.22259411009221408,-0.029720455816382812,-0.06893205323042075,0.003798081383560016
174,finance,0.0028439810191229053,-0.055627281319127475,0.05626184707780284,-0.03276070913653527,-0.02419747930607992,-0.021887424067575,0.0036804370813144503,0.008275664149434777,0.03813579774757856,-0.03886328528252424,-0.03764343962819235,-0.021413878988449684,-0.04400000674325045,0.013671856544974317,-0.008253161340708628,-0.0004910810271831627,-0.0006143309078769778,0.022888734735864207,-0.02047044344317413,0.010062921041584292,0.05825811822260266,-0.009455332487461537,0.04876527629242733,-0.13366643889452776,0.058609567090571,-0.05861478807433251,0.015247879949937301,0.011554925226151563,0.048053211938428604,-0.028108510722577452,0.11075103284441629,-0.0246831103204905,0.048510412460449154,0.059436138246366524,0.02168923583420432,-0.05386076310785766,0.12336711478698609,0.08746392396826723,0.020576917473780897,0.09181690441848944,0.1112874538189634,-0.09243969277256849,0.1667984489940744,-0.15359332649524682,-0.056689214248387944,0.19163867657823655,-0.08121644546605017,0.06165143430725601,0.21341801801964075,0.0011613419671052752,0.10887976118722117,-0.03998893308918654,0.26904534416658904,0.00854972139673306,-0.06414441210840394,-0.07565592424729829,-0.19861202470279085,-0.004994580476423313,0.10292873124065827,-0.03425377010300131,-0.2575131649625914,0.19066262333986092,-0.09149901808934899,0.15732833555155087,-0.21552534826189917,-0.11517497222460966,-0.0652432438703465,0.042490177878889875,0.06201266725685684,0.17117041353777535,-0.0712965932755393,0.23654669040847112,0.2851384084321034,0.032992454457704934,0.0814527457855302,-0.049883402201771815,0.024483892342148393,0.03547609820236767,-0.09631635499782874,0.07151770534300401,-0.08176042765720633,0.042491213606310786,-0.017996712027547202,-0.010392063526885542,-0.02142724123472965,0.0026097970460553367,-0.12478052267776583,-0.037935787639653,0.10186113220617475,0.06704739327687458,0.03813065185987946,0.03533904410449633,-0.03742125891336019,-0.022061930948619513,0.00928625848291407,0.1439499826590705,-0.035485639383653046,-0.028531553966315324,-0.012743695538516519,-0.06181933389977456
175,finance,0.2102682203650937,-0.03074252913866548,-0.029066550496180527,-0.05625931559760374,-0.03262968732505324,0.011669868393461923,-0.06180973778970324,-0.022682868579638246,0.04386512303600184,-0.06133888590735632,0.039240714912852616,-0.08344713561543356,0.02478526229611821,0.04146203960918259,-0.017904933331767483,-0.16507546221840955,-0.11349727991239099,-0.12713290893433482,-0.07703160706086815,-0.024695923515806375,0.20526197088977988,-0.24670963334732213,-0.03672567732549834,-0.048648240007851666,0.20664485878937291,0.21520721108430332,-0.08306737370481328,0.08093604997883228,-0.11528052508801144,-0.13455120578397467,-0.1826868541855541,-0.020859194477527626,-0.21696144945783422,0.028911227675721962,0.01573922278606779,0.16453597976488937,-0.03030071537885506,-0.02188541087315888,-0.08764907671403663,-0.18300041345728207,-0.018878651259829026,-0.0020235499099142827,-0.05042716765829253,0.02086285761311624,-0.046086203075975496,0.04811320222844102,0.08326964765022091,0.004076312381582711,0.10930135007756282,0.016950055156979733,0.006110004806844881,-0.02285329147605257,-0.033282392038382416,0.0016356427983084654,0.027022810461526513,-0.041289004362977944,0.07495837163933743,0.025220912559633105,-0.11582496218204073,-0.09112894903309744,0.008193856836855166,-0.033648469987384556,0.0742981073224063,0.008188997060567147,0.024086395440918115,-0.05904463331715938,0.0007506661887014986,-0.019159803664879616,-0.011514101083788704,-0.058518637873366273,0.09056277438740283,-0.02013967755718923,0.00812428603064375,0.010720294802049031,-0.031310680524871466,-0.050512092318862674,-0.00475719263419478,0.04739889902590766,-0.02447002500859002,0.08171476940820009,0.0004466157968380518,0.03436358755900209,-0.037332712564418224,-0.03499910342416376,-0.054454398999499186,-0.04275979712363147,-0.05877008675757678,-0.0043386670104304265,0.008024233173682746,0.0033376413075042097,0.07704885260917028,-0.014216271244281353,0.009948678913675933,-0.03875977269092117,0.05323002658870841,0.04091196146221661,-0.02099184261839764,-0.024489299247403177,-0.03311957163357205,-0.020665610203626776
176,finance,0.0002670106984661171,-0.10122035448606731,0.012331226996922004,-0.040741745052065334,-0.06630245194148668,0.0034003384148009927,-0.020708131066492233,-0.005920956416109163,-0.12180990436611738,0.024396018896739657,0.07294906393895105,0.011643582569065475,0.06096881832042502,-0.0018174308494149744,0.0005875408189330737,0.028023313784300983,0.010407444906698319,-0.021936926526570498,-0.11666964816787481,0.0916890505598593,0.06088611154767557,-0.009268285156348522,0.006397547927836992,0.016861017488032835,0.008219858311709155,0.14825234422675568,-0.021794452242013106,0.10196434711627234,-0.03814565083060003,-0.14273562026033204,0.28101669955309694,-0.014107122324127941,0.459147260846458,0.08371377896097983,-0.015116560573583179,0.04958795143724829,-0.09737389397664567,-0.08096167008463798,-0.050618022803840215,-0.022816710234404437,-0.2720102217998339,-0.02126033128415526,-0.20215930607052016,-0.022717090176282526,0.034935189606345465,0.02769229562956571,-0.0036785664582841544,-0.05480842621907883,0.11690744541236114,-0.12553980047565383,-0.086008586109703,0.04094803364858305,-0.09450533018995165,-0.0013006787319717627,-0.019552993678528148,-0.03836979724848985,-0.014427640000017911,0.012647608613487111,0.00953245722035974,0.009584149862980187,0.003308111246051398,0.049791059407813476,0.006376494997208064,-0.034646245142674184,0.030127650315043403,-0.0578044265430574,-0.0602817437276332,-0.08020443871031385,0.09799956855210055,0.01045005599561664,0.015805269004285145,-0.005647466928950256,0.038607287063915925,-0.08566040891722765,-0.04558479071049364,-0.056233374137393266,-0.006186677460454112,0.034923989723208815,-0.01936205044699364,0.035261668457025594,0.06913644558379174,-0.022970221936855023,-0.04317419024024355,0.07592787055723117,0.016081494801408854,0.0021755515466952416,-0.04699748995869458,-0.061819567183416524,0.010463881890767284,0.020213476564590455,-0.03668710581135673,-0.007969004038792872,-0.020009680434236583,-0.021383226084532293,0.0351219283691461,-0.03939135072804862,0.06011045910548954,0.007687409480607695,0.03180503534692345,-0.001311476593987237
177,finance,0.1308909991906148,-0.09029348405483824,0.008323471396541455,-0.05229434409526472,0.013040052468267851,-0.050597154012535506,-0.037596129718653906,0.034606622172573966,0.09980464277546748,-0.02330665292294791,0.10094827590580435,-0.027269114738717997,0.06810199755525602,0.023794632169349208,-0.0032744004468230324,-0.06590974666910841,-0.0754409743250653,-0.024133634215788864,0.05128422259184782,-0.006641953544561609,0.07534555368246462,-0.1437455355801447,0.16106740185962526,0.0964728373383539,-0.13785438512805012,-0.04370597153900077,-0.22406229475457445,0.010378532090116724,0.14204247945309514,-0.032795658046396,0.16877633357790434,-0.03425147613511297,-0.04369462188773506,-0.19453573144589192,-0.10472358658516148,0.020528190948249356,-0.07856224485652102,0.0701640572746227,0.11125849080702423,0.03584195336068383,0.06053487730065111,-0.00923590386144842,-0.024942297104711818,-0.02210976299752313,0.016430544193853557,0.13387265097144235,0.04768561026624714,0.032647551315662965,0.07967465637797147,-0.11195839811666887,0.029822751525937854,-0.05757430890618175,-0.03383244946854741,-0.037331514536288066,-0.000876077652346796,-0.01587782382407876,-0.027548746891592785,-0.1123394270345769,0.007915753861184071,-0.10004210162106204,0.018995141619063193,0.023908688672722285,0.09111631258721141,-0.11314167023884371,0.006649931153564937,0.10237132926078084,-0.005503808162806453,0.04299331363405851,0.02301138184148599,-0.0016997177753564413,0.042388391708104045,-0.08079224607135983,-0.059444954152920136,0.1305850246568826,-0.018887508262676822,-0.10257002686057627,0.13482453544632486,-0.010080256489737004,0.12025146469646875,-0.0034252015153746307,-0.07975836793692744,-0.033511688356602884,0.04203095481857881,-0.06421127492947712,0.0634263721939815,0.08667749414877972,-0.06019717547262831,0.004088976894460732,0.006839979003109748,-0.07208345507378983,0.15679401516549532,0.02625140076016139,-0.05377871078948657,0.039051461013289025,-0.11324677417552555,0.005841347892603559,-0.03883970580117671,0.06256241908548126,0.08607109639351171,-0.04970635306136149
178,finance,0.05123659994869181,-0.07976809483930276,-0.01592452697716943,-0.0034582463696184182,-0.058080777409728036,-0.02296903204457547,-0.03198122596029529,-0.05165719794227928,-0.008377804714655341,-0.01343658735678916,0.0712073386428608,-0.02931583321908382,0.033243363255597104,0.03678710878053089,0.0018274216957807135,-0.10186294534811502,-0.11749668695234045,-0.04483190549753622,0.018681982151455844,0.010266815195318205,0.05923609999979564,-0.11494431643103485,0.1093056218124935,0.07132670444973743,-0.09966160431308727,-0.07976412321893374,-0.17585886650993635,-0.022164822592197677,0.15780845657376394,-0.05929493074694662,0.1990174219277982,0.0026695647774818963,-0.08347122370127433,-0.189264050548501,-0.029075719430654564,0.09436093397511326,-0.1129908470681123,0.07596505827108768,0.14041654716348592,0.018236484331316798,0.13354339377386407,-0.004803767474207561,-0.011080181024522441,0.05420079155260507,0.2198184868053475,-0.044816600413602733,0.027521267984401153,0.03327450882833784,0.03343345716551046,-0.009414446286471638,0.0027205315955775478,0.020072332145914848,-0.04833243848771722,-0.07228461075023605,0.07786088276912995,-0.009911104576140438,-0.030761609898061613,0.019716100856982027,0.09712878563111042,0.010120065757156483,-0.04724850080977652,0.008916690771169182,0.1080413570204681,0.08373100572096626,0.06058082189957085,-0.04141889796254823,0.008779186373237033,-0.0017753297751787968,-0.014680618766882621,-8.543992607953412e-05,-0.11526034625146113,0.03840003240249329,-0.013415478443708185,-0.1808332971677246,-0.03223337677279015,-0.03524171573034641,-0.17653277946606905,0.022134880084675897,-0.04362179679926078,0.10416661282414097,0.09457119082122668,0.05077506405332545,-0.018154231322457012,-0.07410914039581167,-0.14436572058350935,-0.09293459921932809,0.1752101875832654,0.02605149808424337,-0.03096897794099523,0.08164371086857432,-0.14463026053968345,0.1303984860197309,0.002914286221389879,-0.11033752666464525,0.032429492633872486,-0.06420922223588166,0.10364196343748447,-0.06314787763764501,-0.015805115538990337,-0.007671423410113356
179,finance,0.05089891654555987,-0.12741810087108485,-0.004756665161360079,-0.014077386394944366,-0.1431124782603298,-0.020527150825312115,-0.032956447230429904,-0.05648714901233998,-0.03639130484205155,-0.033132074455811254,-0.03871241171513527,-0.1472265554526064,0.042677389153071676,0.005599363783538955,0.0076886840585651305,-0.0477747743541849,-0.09176016313391133,-0.15122369300842567,0.15546056871958286,-0.0312474264637738,-0.09755763968159989,0.18909521518374042,-0.09086496506551095,-0.09316956800122424,0.08228517763692542,0.06029860151476703,-0.01577264275760984,-0.04956116317348359,-0.015128507822134558,0.05654350720386312,-0.17170053766089208,0.036671763654459115,0.08842172286763339,0.04928100803366391,-0.006899402710433075,-0.009118840026576895,-0.03288108192519136,0.04363800405828576,0.12349426942358614,0.024142428853362884,0.09313462438900792,0.13191482684017905,-0.07232091759010503,0.019410087210228827,0.13130047103425413,-0.08230467430919589,0.10057675622229628,-0.14423898532864796,0.055023497640285884,-0.021459885986166903,-0.10303142492164603,0.04234219627230262,0.16233225951502694,0.12567189336443294,0.021379539463576618,0.008815898759710842,-0.15302564817652045,0.04283178918301944,-0.022823023909279157,0.002449313592229561,0.1416574954453957,0.06569883377333836,0.11316664120940603,-0.11655327784931177,-0.12861271896703985,0.026735171008467725,0.060801045001203764,-0.0433822122033104,-0.060840984041537434,0.12962966244027688,-0.09574390953131692,-0.03639120433775733,-0.10202639579252024,-0.11032717714782297,-0.08010891497091095,-0.06226601513791437,-0.07745331713422604,-0.0356680580556713,0.02493950782028493,0.05977930621303581,-0.07757296968371044,0.10225022702300093,0.059646309469080686,-0.13556850458516773,-0.08577965676799919,0.07227041315650282,-0.012357216113729573,0.038288476729743746,0.042066942974935094,-0.046836155471845116,-0.006641931769309708,-0.054808117506495196,-0.034226945999576625,0.007349800931697215,-0.009465609149443905,-0.02365504337607263,0.002964900044531276,0.17804992211122103,-0.012856811914534088,-0.11473801297966672
180,finance,0.027067080423073,-0.08530313082756023,-0.026846373069801734,-0.017001636704223604,-0.053542483223354614,-0.022678353760653556,0.08033546319158319,-0.0181205907719066,-0.008061272450087257,0.03461997005715988,-0.027020282600547132,-0.06718605195672242,-0.02504730687401322,0.017520354807659344,0.019468909586397343,-0.052482058821348695,-0.06386601622755843,-0.026569964961652717,0.01818838903330417,0.07315612344254477,0.1304118941758058,-0.11690916076323031,-0.05100812982140017,-0.00044813423721746734,0.07527517388736156,-0.04273555631605813,0.09949978278506719,0.03681226918710958,-0.018743257629617913,0.0925440026179394,-0.14346273620198774,0.04100761008584872,0.20151957567729406,-0.006823711507358381,0.041942318256263884,0.1787977355160673,0.26851930823456827,-0.10489901576634973,0.23281954169240104,0.18848715590668996,0.00027731698764404093,-0.09165274196627124,0.10312183643191566,0.04515754541275767,0.044978722042134024,0.033694823931472766,0.0688478478280564,-0.10454910034467049,0.02685279194436936,-0.023472381706317193,-0.001597346654498299,-0.005868841889914469,-0.115846825380926,0.03981066955700625,0.1180280601628803,0.024482466375265636,0.08773175523533598,0.0010972440490365002,-0.01609291760999533,0.017469733882264662,0.03999248950820622,-0.05781737626253531,-0.06349925580532848,-0.05654193567639982,0.16229240065463696,-0.020270282098304906,-0.10142676358796661,-0.033461501972210296,0.04332776274175043,0.0803552096320159,-0.03809987179903244,-0.06799681447099543,0.015980608621982056,-0.005158883168257081,0.13439022570484652,-0.06767896690936408,0.0360845451568464,-0.028251192987851118,-0.11975358140202055,-0.014593831664732581,-0.022604470329731556,0.03549973244155701,0.0651141741903409,0.013154109465737638,0.006514921452260534,-0.017698011496515842,0.03649667432396628,0.022892715280091142,-0.03308526303295701,-0.03575729305477175,0.013335554912890943,0.06949393243435827,0.08440246060463304,0.004793071642878913,0.009011666023184695,0.08179237557947457,-0.062411962686636374,0.011780096840790379,-0.01181822184527572,0.0215030824271958
181,finance,-0.024618638047717214,-0.11172265307345973,0.037394471168333464,-0.05687617531627239,-0.16685258515632612,-0.06987593101550994,-0.04913942458543921,-0.025854747886795273,-0.08694550085006243,-0.08506237958581167,-0.38130190865940217,-0.1053534278024067,-0.23541670604985082,-0.1335212814505904,-0.08479225236378471,-0.0018413727624266019,0.23598832648334597,0.17379350620093428,-0.06998693533450921,-0.12283950284363411,0.004852793445015424,-0.08022311919207414,0.09856874584079048,-0.010931156179557451,-0.08371634819178024,0.008985801599764797,-0.03953747391349194,-0.014779249519459558,0.03771641365632789,0.0707518902847936,-0.0008866537314475544,-0.0016941262794080134,-0.04815345338684258,0.01025165185398693,-0.04333373224968723,0.04296177571146709,0.021808234378959034,0.021032481646957243,-0.07377269631607215,-0.02289788628880819,-0.05271977929588099,0.08153659943376257,-0.10660293756443581,-0.04500101704077505,0.030728620138246024,-0.11819831734977782,0.04693098997746739,0.01926402974951833,-0.07205808713740036,-0.004844332977874195,-0.022839196482517705,0.05668288478064403,-0.024157089774437934,-0.092170098004971,0.00721190025917751,0.09866481601742384,0.018418097994087588,0.004065236051834167,-0.002796743221302788,0.06344574410905891,0.05954594494002028,-0.0743164193103254,0.011404348612929995,-0.03966657453932592,-0.018099543011728367,-0.055832575717216094,0.04114860777795085,-0.029649493740991167,-0.013483247416546202,-0.02677340850214643,0.05439412398246883,-0.08919301983810207,0.06645803711158946,0.01622764810411562,0.00039557064984433214,-0.07368274662729689,0.014477881266939914,0.026679431480986553,0.037735574796160194,0.06537413794781916,-0.11564601650778826,-0.014315733980013,0.00623648021804248,-0.03649117736276202,-0.06130911906012627,0.06175840448608883,-0.0485408172387842,-0.046548907003913974,0.14541830422874924,0.09692458138851084,0.008310571981001498,0.13974849758380836,0.013762585228608782,0.050062774029196656,-0.059156221570590986,0.17754054712704648,0.04925987353197697,-0.07266411210167857,0.03033286506856727,0.09016539706967563
182,finance,0.09031540781592005,-0.1451963667006917,0.06121034299449263,-0.11898262727705011,-0.05389713833271609,-0.13300317904516432,-0.04845236828842502,0.023182856250440968,0.05528486222415215,-0.14188254187676247,-0.20582148497431768,-0.11619132962996236,-0.1391742623640426,-0.07196099417530737,-0.029781749252542695,0.010530423470787836,0.12261524958175248,0.08476650322884095,-0.07683988304974279,-0.1863506635922046,0.0882077593943156,-0.12645383393100798,0.040951632108356416,-0.033778953116459585,-0.04256981735171786,0.040599992875771665,-0.037833864520685684,-0.021381876397252916,0.02969287973143013,-0.0005372864360886746,-0.04640879008434026,-0.011335831825403007,0.06003420111468676,0.016778144071473156,-0.011758366548490076,0.0037721093056996505,0.16591946983392555,0.008856138335658174,-0.019149561544505936,0.09437162419236314,0.09820701390707372,-0.053837110356228776,0.10087879766376846,-0.14685115084174197,-0.07145843744797929,0.21503892445836104,-0.06837893771557853,-0.0640743060594993,0.1919891323510066,-0.034295926388916834,-0.013784065025782069,-0.06241438199054584,0.06226404012844031,-0.03665562966307928,0.008268765047134731,-0.08411461854092227,-0.0878239151004745,-0.06575748293516431,0.03623503549346375,-0.03336281663288456,0.02810203448242045,0.05223444381737253,0.02928182607588939,-0.0442209266563767,0.056407556331652904,-0.007047947995527773,-0.0353036377542693,-0.0329194123877311,-0.04582108818048069,-0.05663067799704063,0.004696479257793725,0.06117886866787062,-0.07212067426301016,-0.043325901910892646,-0.006086238349454154,0.12373004391740974,0.04879857167916441,-0.10392436378377035,0.016431766960367154,-0.08646633160145588,0.09294780181121377,-0.0179455639787715,0.04749329035413234,0.05069224486988537,0.09370993768186943,-0.01849615952611367,0.06241605729639611,0.05489811563965228,-0.02950290594662006,-0.026193849253162243,-0.17042676204044985,-0.06934896838173862,-0.08903964925586635,0.05937428966257277,0.12589383623473946,-0.14382192226488202,0.052747858383926725,-0.08451168539922808,0.014372091343254786,-0.06053772855958307
183,finance,0.3318375801767009,-0.04583308937952345,0.0040219151314530785,-0.0649137637496555,0.04836471514961148,-0.033815733834067295,0.02298057158270583,-0.09214201501489029,0.09357395989822995,-0.13927232019296035,0.08705545345643761,0.037600218802171056,0.014264331636960547,0.0063039380212011175,-0.022052556719922154,-0.053510365171820305,-0.06249375851273572,-0.07757289313693234,-0.08693070370518399,-0.014535703090187879,0.011167764555773629,-0.02578373799860751,0.03253217011417333,-0.04531405582274302,0.04332200715220035,0.10765954152326955,-0.0012759471659010266,0.03928394569834888,-0.05147222496808816,0.02759765605193371,-0.0038155157935492387,0.04810720427118138,-0.034654780976821474,-0.08411609896212265,-0.03068982881363536,-0.025596855064357295,0.02126230998051054,0.016711259405474098,0.024819905662034243,0.05847618686349761,-0.10342974240917371,0.15870922241448848,-0.13201129176932086,-0.005858824350280594,-0.1121551431017217,-0.06603689619768344,-0.1066319681148578,0.1264725106478234,-0.07971685072151884,0.08369985934142746,-0.02391612261365058,-0.1292480289078088,-0.05992114045846482,0.05165513359973908,-0.0030846066502855673,-0.012806988421953552,-0.08113488407230142,-0.011183015270220193,-0.0118892218934875,0.08045631952217024,0.05898535580220993,-0.06311576812058357,-0.04782988291447387,-0.013022586037428565,-0.08586110392644306,-0.032327561801062346,-0.04465079587602844,0.003257128286438185,-0.04725293987722127,0.05959197181057759,-0.06282680757970299,-0.01958996647231035,0.060692868995127436,0.047957405554077785,0.09647312764744313,-0.06610677202902801,0.020839264290015497,-0.11692645223595872,-0.0013644199017136072,0.013028907657468801,-0.022117549068519555,-0.05164532112644271,-0.11175749575408203,-0.058600306939239045,0.000524885736831126,-0.06789064526824667,-0.018377449610359326,0.06515572306097628,0.010741629132617182,-0.014877611016958163,0.040347609899596105,0.04189269987118387,0.05998721292764524,-0.06822848162074502,0.09651275732037141,-0.05800757333722215,0.04790824690810701,-0.09232703950469191,-0.14537710478944177,-0.11498929059130644
184,finance,0.07658229748803946,-0.10171906495731933,0.008942030761943824,-0.04590479700946833,-0.12748178488028464,-0.04437518059034583,-0.03349078508027506,-0.08249417726512775,-0.041407801322419384,-0.04634199183164786,-0.03946367158111558,-0.08402609249260584,0.044828037143213345,0.03203975690404387,0.016272283698774783,-0.09156941058684073,-0.1153182426007208,-0.22248965167785867,0.14731687523805342,-0.001290789297333886,-0.1002675396850434,0.21503412060722582,-0.05785340853871546,-0.12156495991261781,0.059847754315604476,0.08397230813228153,-0.12275709669597339,-0.021669430569897726,0.02096733426490996,-0.04678453322143047,0.16256844262068568,-0.053429472798821175,-0.08257252292821961,-0.021998838467989938,-0.05222303744316799,0.10872437684210903,0.14779088352000144,-0.021451106972085823,-0.14272682357420238,0.0034855023205915005,-0.08068227273577257,-0.04997102643249495,0.07692799142270319,0.01621945255713912,-0.00962749523216014,0.06622031081179001,0.0009195306989344937,0.0506508495246508,-0.04716347994949302,0.0665935996566134,0.0335462271310175,-0.059839012188256505,0.0040585203365866495,-0.11201779513043121,-0.01759401962817811,0.04686692048522285,0.13615438742269376,0.05679391502389545,-0.07400049183405778,0.14731133944474212,-0.12388194417995758,0.005230187756759303,-0.013281363475746879,-0.013982467868416313,0.05902156431441791,0.02533504261650627,0.07780814462066091,-0.08862353293175936,0.043272834666570406,0.010369681163046058,-0.06681732840317688,0.12921500223228283,0.08301764059922499,-0.005613075787414255,-0.11911022381849301,0.003602259005297484,-0.03315993091679628,0.057828637582181264,-0.05655283441524278,-0.10486864259728701,-0.053418107719867984,0.0608994352803135,0.02268071484293381,0.01872877825430792,-0.055486352819253376,0.10010492518534586,0.1519439753284389,0.0864546774160894,-0.03443724391213441,-0.02061295346233728,0.07071946555413325,0.056174194813782864,-0.012129600887193894,0.12210382955365474,0.06705400404498633,0.018705539638452996,-0.01742167609409075,-0.09871367159991118,-0.015891275528241235,-0.07460862673111048
185,finance,0.012534888138843576,-0.1224597695087901,0.006644278176706892,-0.05919680488300862,-0.13729962927366243,0.016552044643683744,-0.06821709631502815,-0.050443615879820866,-0.06698370786222155,-0.0049668528456043295,-0.033384820759879724,-0.03641599921464505,-0.02568682095354961,-0.004940748176573234,-0.00533756997376827,-0.0022656588524876606,0.08637907892302546,-0.012375853328266056,0.02225368689703749,0.02555755921464662,-0.018716994000706037,0.009179988394519792,-0.018026401578537982,0.0011380895756182962,0.06833632544007583,0.0067924715224899086,0.04278961619410907,-0.005072569797318085,-0.027848203788960378,-0.05030317162617898,0.04422578065138813,0.0893675489607829,0.05682346590197056,0.020157366399405807,0.020641630918615518,-0.07219847957476397,-0.1833231670910648,-0.074256819504562,0.1920060490987399,0.07728462212542593,0.06406720346309563,-0.03274141631430075,0.006559702015006797,0.19344200877113565,-0.1261536342610701,0.007318555089816823,-0.10773216088592387,0.198781850320635,0.017689717178271825,0.22471255286063366,0.14730803963975203,-0.0911567725581466,-0.009938627041330386,0.02638866769572861,-0.057057752991228734,0.0009945945755681764,-0.012618704314235682,-0.05257334575495321,0.05361548113441151,-0.11237493910590224,0.0638285992482392,0.1029304045262618,-0.12813038514281977,0.005516151467198046,0.0514599424084695,0.012872953036031995,0.16977719137914143,-0.00885233172221887,0.11521881060758167,-0.014539760723976442,0.05668435390232236,-0.14652262136291777,-0.05161844857912979,-0.1787055580345832,0.17751192432302296,0.05900491025745876,0.12908672645894229,0.032791181158340794,0.15491863609967282,0.07480412622915691,0.03621059156741187,0.005392191824375645,0.10141161738579842,-0.07863153375349927,0.06285936927947873,-0.007353734261021968,0.13687850793117037,-0.00456932836595347,0.03896825516008249,-0.0674025269946193,0.07491735333955045,0.12814977096744676,-0.06473823371436999,0.10750482909282941,0.026082657539978377,-0.0463937429496024,0.041985264301104,0.008582525347356202,-0.205802473867631,-0.045978508008619474
186,finance,0.07854148098739533,-0.04601664463701083,0.02156653879743651,-0.07794558652958242,-0.040356577633246515,-0.0188287503395391,-0.04411766638427652,-0.010453642643097914,-0.07961881574989711,0.056561104710892304,0.06760367862814427,0.09275658221020969,-0.06077447863484407,0.0465588361982047,0.08788104032462749,0.02946834112765048,-0.038111728927245785,0.02586814148803952,0.08770065555377497,-0.06104723589134553,0.010770225747543678,-0.008109302190270961,-0.012450645117636923,0.002445552091903617,0.02402317831450945,0.012215363409993173,-0.004912459012546915,-0.004797737294487295,0.02668616476432703,-0.03594786968879266,0.004648396402757936,0.04799845859972797,0.07001934762644678,0.023516874943227184,0.0684399750400566,-0.1577734440195575,-0.015555341269606419,0.07848214678388905,0.021165261350522182,0.23625252060182222,0.11312458506420944,0.09157016949884118,0.1391900569874583,-0.04654825870895091,-0.104045672443413,-0.0504847170666485,0.135788063494628,-0.1847422853148816,0.04615560825110702,-0.03860942939246087,0.04689994839079035,0.20453355633399808,0.014049597428476382,-0.05566354437875318,-0.05440184300373823,-0.035708595061522644,0.014873436794688217,-0.028231626766338516,-0.16759329875857817,-0.08123140632706631,0.03833380272618898,-0.14624710315244052,0.01284157122308347,0.036924109948030824,0.0820271289603348,-0.027727041325999707,-0.025354144677523286,0.02091937957255218,0.0574493381402427,-0.15255103858157723,0.05096785831107629,-0.008158033868724794,-0.05783061382098978,0.004301067245921162,-0.052321782353431164,0.009344020124043428,-0.09258511660488228,-0.05385993580560054,-0.10334221699832066,0.07855605083673478,0.00016786215503934422,0.0889569518249653,0.008165665186757485,0.21524029133451278,0.11728567028866906,0.03888316751543746,-0.09796582377923946,-0.19265111114333308,0.010810499507010629,0.1058094924103677,0.004899327604750987,0.056864647985034454,0.1268971097831806,-0.06126682360657269,0.12639754143806115,-0.01875773332551229,0.07714304078234692,0.1507922921094747,0.0336118769652289,-0.08557275514805016
187,finance,0.03276676113323532,-0.01149862266511594,0.04244299527040238,-0.05865613653937332,0.01924082239744942,-0.007211527433150912,0.025708377044115067,-0.026750083276647085,0.012329446310969041,-0.015179031455652019,0.01100237617369512,0.05374218051026813,-0.0027926482392772976,-0.00869001294685775,0.019922999629979142,0.028569323647214973,0.018749299752237974,0.04635274324801648,0.028011732105234208,0.058093257789627685,0.05595033686721324,-0.016905258239018457,-0.0655794018787238,-0.00848720301649167,-0.009236685741666738,0.03671352017903993,0.04879508054527827,-0.05447806883591051,0.040560428507195836,-0.06603282468013946,0.14673636419841019,-0.037261554326697366,0.021767244447361674,0.03969117053654807,0.03780221624719631,-0.027969812143108435,-0.06027191327092641,-0.047065473968446195,-0.14224214509814387,0.017588184118553816,0.10777518398908967,0.008113943104984069,0.08182759703427225,-0.13939836493969537,0.19675016013615182,-0.06682790593445535,-0.13355353355303243,-0.04282767918841707,0.04961398734236953,0.0567277842272042,0.20904012327504196,0.16255561432959406,-0.05071041270098508,0.08419903744320496,-0.0969226277441233,-0.16459034515543194,-0.07908621695039791,0.12859886364737197,-0.09210802036161282,-0.12787720223236165,0.21556374702425266,0.02077736852312439,-0.05339772190741752,-0.10981486337273098,-0.09613049510379877,0.04715443807319069,0.03020900829308283,-0.14536424516548505,-0.22214666628270682,-0.09396836283093295,-0.01602361352417809,0.057963203335387764,-0.013725608777461271,0.2032500585593988,0.19345217219430877,-0.2125986518274315,0.05794345049542424,-0.11127086187599464,-0.04308282308235628,-0.0031334601790295284,0.08279810800588225,0.07844945492355036,0.020375480554879418,0.0599029656156293,-0.08790996365772118,0.07732923802956032,0.087592092682096,0.08978549855011703,-0.10990891009642406,-0.052871847435232606,-0.005427680432293458,-0.09087661490822663,-0.13084023577304327,-0.07623321551172016,-0.0028668138188379082,-0.003501270318499812,-0.013481887206482083,-0.06734580220527918,-0.03607430657286946,0.11198164443335364
188,finance,0.050574256471801235,-0.20240112106280983,0.05979726899200423,-0.07073277521166826,0.16420497629132777,0.0031387713867514207,0.4130451106325445,0.06190489309889071,0.11440244174128263,0.19392852205880337,-0.08068496895515864,0.10145005542899595,-0.12486313199870155,-0.03443018916422054,0.025679364789371273,0.10415749829306686,0.020525103238984106,0.24301100462372419,0.49237334993767573,0.28321893022256506,0.06814263312281413,0.014078406890438147,0.1904922564478363,-0.0915592871991586,-0.09566391755260971,0.35525789210235187,-0.017514086387033664,-0.052711617028214884,0.021837295984677065,-0.002109904976163124,-0.04543483817569016,0.021524333789677594,-0.05005390002664979,-0.039726643410779854,0.05362924588934233,-0.0072015447187229326,-0.04327735430342412,-0.054085348648444415,-0.03927846687359281,-0.04191451956363887,0.001987170134376467,-0.05688441661237087,-0.025179490761241957,0.05915048638170957,-0.04029355157241815,0.05008231464149082,0.0006336507126312328,-0.03832247434908251,-0.0056525456356355955,-0.017579053103951445,0.01571583648871269,-0.047636757358719396,0.027377233443173873,0.005318759551038594,0.010542859331483963,-0.006309379359297759,0.0029411879725635714,0.02098576704772545,0.0023461706504024236,0.04612789068579045,-0.007082483070764843,0.024936459785801158,0.014750559283280888,0.01698560707152164,0.024066683719939502,-0.015909815860873616,0.020516842176880653,-0.020029182574978124,-0.006004397421149916,-0.0019154175111737101,-0.049552537234074656,-0.0147008618560106,-0.00746217516053324,-0.04343831005999086,-0.014414945355956513,-0.00590987520578254,0.0016413067858095864,-0.001585253014298948,-0.004942054733561419,0.001437466905088111,-0.0009687020528008687,-0.014131307750033194,0.003185903403988344,0.001508284059142119,0.008855184563020535,-0.02538681800421747,-0.00513790298682392,0.008385591383397327,-0.0047275427459956415,0.004815381952415477,-0.010579040846463553,0.011582610965134696,0.02908960063136936,0.010264233171219272,-0.005525357958442393,0.003411462516399881,-0.00466973025588176,-0.006044675653651373,-0.0024912122979313723,-0.005822327969562612
189,finance,0.05070068017254425,-0.20227115016062705,0.05977117377466057,-0.0708264507094126,0.164243443219636,0.0033902808086179377,0.41246961422480866,0.06151570358011309,0.11428246987815456,0.1937410563459268,-0.08058061089599758,0.10117719249300629,-0.12499760356579638,-0.03422812316679351,0.02596445435878537,0.1041559849441704,0.02043366720453071,0.2430244903891912,0.4922521931354557,0.2828336646752291,0.06792164849568527,0.014356925687720514,0.19102819508106264,-0.0918509365468638,-0.09603467476321186,0.35620372781846293,-0.017319183419104895,-0.05297588059697628,0.021689762410267082,-0.002126739776389235,-0.045037918495135845,0.021841111194815327,-0.0500509150017784,-0.0396714580985468,0.05412212050434294,-0.007066432865793462,-0.04363537404105678,-0.05425735642804926,-0.039267010998181355,-0.04171513070936803,0.0022068243371450385,-0.057118887842186515,-0.024941162499003883,0.05962508816444344,-0.040350129561812116,0.049837813671231176,0.00054789552960634,-0.0382738853606983,-0.005264674365521708,-0.0176151228547367,0.015858130251862234,-0.04756690693141659,0.027484608197415814,0.00532775049132672,0.010658613912190992,-0.0062746845245249035,0.0027808647531441916,0.021083638120363988,0.0023383691821050484,0.04632616265215806,-0.006920686732636343,0.02505638320869889,0.014869263883903229,0.01702106330670863,0.023827826821377407,-0.016136064311182325,0.020661975391770497,-0.02049179151529886,-0.0060055921959639436,-0.0019047002157540891,-0.04967591231906281,-0.014567925488506103,-0.007459037831470907,-0.0436334252524495,-0.014656165790325467,-0.005433443312105246,0.001592569251870663,-0.0014111821881976426,-0.004980022015503109,0.0011236956689405018,-0.0008141775272637832,-0.014034799362798054,0.0030490652803844866,0.0007624566367735468,0.008819195570563992,-0.025379716256647773,-0.005625715140487822,0.008429225630681358,-0.004448317131838068,0.004968527966319677,-0.010406877478892868,0.012388352019752321,0.029455710243505195,0.010464601579006118,-0.006246058379383241,0.00353515358041595,-0.004673745483064165,-0.00583986678795331,-0.0022966364611366114,-0.005534103065533481
190,finance,0.016500729956938926,-0.08629952852922153,-0.02218049874536794,-0.019377554688228684,-0.022500274942653286,0.04428402581242036,0.10372693561479575,-0.015304035979908157,0.0207928252785943,0.0157075110275895,0.05195413121402442,0.011064339350165571,-0.03476099899647963,0.00226796691189647,-0.03535312152797474,-0.031988490019038925,0.040596903517468315,0.0822066972298872,0.04940899129777065,0.022806471531459857,-0.012889140450983896,0.03893188039143225,0.0704185852575782,-0.0988166162684795,-0.004526611384027314,0.13327288857433114,0.041174738286111685,-0.0022495248771109092,0.005036432829623749,0.08654373211467162,0.12511227454860843,-0.0245210318452776,-0.05731888335177126,0.08005967973114472,-0.0018895931181023954,-0.12071162312693041,0.0697214699619628,-0.05022011930062182,0.021213599478476425,-0.018298797192251408,-0.017256562566468184,0.14126779028709827,-0.12100350790238765,-0.11105792412478808,0.09746502662333742,-0.23729439746608003,0.20178601061159013,0.062145246143776305,-0.027577033451256797,0.02659872537381961,0.06431366662053467,0.2087526058023919,-0.07927809821805551,-0.13669097620489384,0.1523640005909912,-0.10212326259378139,-0.03621663576739877,-0.3079640990451035,0.14621261443613137,-0.14562278712454318,-0.12768925444771295,0.022780328491829347,-0.036581604535579064,0.03165000274318115,-0.05381252994779462,-0.1506767888830413,0.008427170533349997,0.10594493513572154,0.012607680980969949,-0.027793973876636607,0.20543207390307994,0.06026012251038466,0.020179518653477318,0.19237577167405553,0.03745280351792517,0.0545268076767134,-0.016708851958074963,0.11207399630881065,0.08296086537631155,0.05751575687050917,0.00403398414531777,0.08212842185671024,-0.03380158247122871,-0.010363183411558766,0.0368989288187129,0.006013570078455823,0.07654142247988129,0.02392500494220057,0.01954519507559476,-0.04244351810916196,0.09138460931401768,-0.010436652090026007,0.030730157120414013,-0.03531685286412094,0.08738815358247909,-0.07273116027154802,-0.09118306596892709,0.049932198798446174,-0.04175307642549449,-0.03351695865473433
191,finance,0.0968499838575221,-0.05984145573652935,-0.015524564053200636,-0.05560293385335773,0.023708443336094526,-0.023248443761550372,-0.01638811806603808,-0.06620148187742003,0.044684760792597464,-0.0826457936492684,-0.005819482256166774,-0.033461324053850904,-0.027390271997885567,0.021790353370013893,-0.008607905236160203,-0.07201216409875276,-0.023962149852651903,0.0009167238071830275,-0.0896874604581298,-0.07071633174107012,0.13317394716762104,-0.130793019588248,0.022541982302048406,-0.049260062453736694,0.009057609534972153,0.05710256979899824,-0.04887871693202696,-0.015865162797122585,0.034939325795434635,0.0038539638591172896,0.01559927832068902,-0.025630068389180773,-0.07340843744651604,-0.030827461671075026,-0.048749714452700384,0.012204194416967497,0.03720340150371303,-0.004885501328569204,0.016756420216174406,0.015911159383119197,0.08387776907907075,-0.0548960796911582,-0.0015065027360907607,-0.11116029840810855,0.0456997319147031,-0.0507382253916486,-0.11608879173763906,0.02506512663912133,0.041269569624627085,0.040275875709175235,0.1424845067478549,-0.10713777425871826,0.10283153913739652,0.0548463954290996,-0.07932061805783955,-0.10848745935427546,-0.024593270155269024,-0.02739638154498573,0.08466677276939977,0.004418476362795808,-0.00800780228081489,0.058436135286712335,-0.1690257684375366,0.1298342028839617,-0.11231564931977209,0.09842133653405895,-0.13030092305717703,0.007766489493452616,0.199388220030188,0.04375225016851809,-0.11295856747051224,-0.16509327660467782,-0.1886043178646878,0.017798939683577764,-0.21589361844997398,-0.06473720544699113,0.008484022176169267,-0.14121824136655048,-0.08522778657875964,-0.012519465253237546,-0.018864746194930122,0.03569130180005679,-0.16214256351853903,-0.04337136639203324,0.13077902077386125,0.016893893320334866,0.05739104881971258,-0.0798772601070519,-0.14685339389343624,-0.015134617724205318,0.018272552893705257,-0.028098052091856816,0.25205663286427965,-0.062350148255879985,-0.10216273781315109,-0.03201674156408512,0.016185983097121347,0.08134831561707406,0.03999644452756055,0.1611885016968494
192,finance,0.007580989194917666,-0.06894697248108424,0.037982148104001204,-0.07174878983283718,-0.10995959367429714,-0.11418345418015757,-0.05786642763656762,-0.04531893402062638,-0.3347842312846874,0.07291620782527963,0.2717350256036968,0.4518283661967882,-0.42012160044188485,0.27422274187899176,0.1852221695471666,0.02080765149896431,-0.09141614865166862,0.07624191876057322,0.036406831657715424,-0.27879738357982964,0.01423482134948639,0.048237303148909574,0.0347516624193228,-0.017850745806082847,-0.009259239602975557,-0.03963660583252242,-0.03860698877695648,-0.006613366290390107,-0.02406346951977938,-0.01152027167752438,-0.07186781977067949,-0.028122441290224533,0.01128975571830784,-0.002143200741744458,-0.0017788302442452468,0.02583877183688663,0.023569277725324606,0.012835397064631285,0.015404985568942958,-0.05859398136914236,-0.01628562423729303,-0.0011508660164155917,0.0010853363076040688,0.01666108268274398,-0.004864922132742473,0.02815451821785002,0.0002986516213142352,-0.016904456130802294,0.0023843253388125822,-0.007046838352324862,0.0010064891961200535,0.00706723455956284,0.00889608776208091,0.003405859298933999,-0.007226561161388635,-0.016522712925170435,0.010302081441568899,-0.0034231816030537076,-0.006986112522018478,-0.003634657831149207,0.0006206962952844748,0.003915451705494734,0.0028470101974722595,-0.0023801412644400056,-0.007373138886844443,-0.002019496455266712,-0.006310977586262544,0.0010331940210937792,0.006920878561188917,0.002728609209740865,0.021633661429534563,0.010472834460743125,0.009737165454812655,-0.0030095736236688867,-0.0026803861506528386,-0.00933718348361718,-0.004625641602650834,0.007659942091238834,0.0014035357641423677,-0.0063089864179093165,0.0012085009070972944,0.003462191685966469,0.008091235641067967,-0.0027212519945695388,-0.013512755857649944,0.013872614220839023,-0.011792817290329674,0.0028113408367281224,-0.003700526300202185,-0.006110932657483454,-0.003059784933266403,-0.004479149015672566,-0.006063732054575937,0.03170186144676856,-0.004694315754120732,-0.010573574936491806,-0.006834516041476583,-0.026753354543059864,0.0025211326250245336,-0.0018325152119656317
193,finance,0.02499617342289211,-0.1399352419314224,0.016546526221879392,-0.016658262013146036,-0.16540117443762414,-0.05702520048941917,-0.043659524698863555,-0.05405464864428261,-0.035446031078583365,0.020386037342554363,-0.07625052207275629,-0.12280787267976134,0.04337600003887646,-0.014293489787665899,0.035898358964711566,0.01563976954560084,-0.02453875661010294,-0.05818975392207628,0.15324652186005328,-0.04391757839797815,-0.054826199038974635,0.09231392761761102,-0.07513180328595191,-0.02531662698548656,0.10906892839208844,-0.02543217567828118,0.022825101076249788,-0.02008793852752203,-0.027246285502395662,-0.03079977137993107,-0.17643383602654641,0.07343116788392781,0.1305526831609374,0.028094158347455895,0.06929147310955294,-0.13192214119180284,-0.15322057810642398,0.034717681352920256,0.1791903733469299,0.05894887237444672,0.08199337524304204,0.06384571322043313,0.03271074327082512,0.06187490334088943,0.027338515556292478,-0.009161873731539058,0.04250445981872276,-0.13107875365977792,0.07300147797237012,0.026935152445511902,-0.02332729559083053,0.1469908783672186,0.081971500665625,-0.06544098306484313,-0.008430320341035417,0.14423760554597556,-0.06396846185549383,-0.02617978851992507,-0.003545183602338352,0.01786189613735909,0.019673651719343117,0.013455015793053877,0.014729341877149856,-0.13867418086349334,-0.10249211002093242,0.034334068441346205,0.009906665680362706,-0.01403309680338865,-0.0025755865173913554,0.11607058740627504,-0.0772229104800581,0.0016440914805870117,0.06835965728341299,0.056608260475781096,-0.23924945232658668,-0.06452790771225402,-0.0861568225626914,-0.13198059821563118,0.09445086192400659,-0.04367904240420676,-0.09192754553962935,-0.12268200774382428,-0.09919607257056533,0.04266935906395136,0.011840603984888324,-0.12885192694807018,0.07264386012238037,0.07029222019581799,0.05406980741974071,0.005106939568501319,0.06326608896526892,0.048072535039582254,0.018417533977839524,0.025685321434361533,0.08467642822031506,0.03562621541062081,-0.01641935657114474,-0.10947588040193748,-0.07080878361130523,0.1675365375014535
194,finance,0.012323207029586175,-0.066336801529758,0.0514042167608973,-0.03954724487703858,-0.10840431382410172,-0.07072749912306214,0.005491169640343256,-0.0455920210954505,-0.08437321839262704,-0.05368921350054594,-0.17416333360387634,-0.015365943717231165,-0.035556359655199106,-0.005093317335742099,-0.06218586753848786,-0.015921513216977098,-0.021652446454230815,-0.003031603266081538,0.03886848651127823,0.022055019667799738,-0.06562400571292376,-0.02631732432181809,0.10544756930039349,0.1024335603493415,-0.15520157032626308,-0.08718674943519791,0.5024583194494991,0.0353146678782913,-0.405633531679108,-0.1575467249226394,0.10494379620067815,-0.15221163467130502,-0.23403193144887993,-0.1541570934047742,-0.07853331357899582,-0.03801139719141791,-0.06238187132386179,0.04553217678510429,0.0946925818327475,-0.011861134882174993,-0.07248674961367582,-0.018735249060225532,-0.06487036003851059,-0.059270627500547755,0.059411849393132814,0.03306626174613316,0.06194633920764138,-0.05418937515219383,0.01417380503675251,-0.06190292177597773,0.013223521402879895,-0.00324275778930174,-0.004910903096141252,0.005628592532768397,-0.008232571123058882,0.0355527277579629,-0.00018132475616711825,0.028591242587538274,-0.023014602413430185,-0.008710451910152024,-0.02621866983245089,0.004298908421713422,0.0178591328969469,-0.019739905003542998,-0.0073381860461468815,-0.001016074153802082,0.0066549373437854095,-0.028983842915429922,0.014423303996113848,-0.010133512283207259,0.005158660846699387,0.013239260681190329,0.013545182371687678,-0.03491688879762659,-0.005028321740149925,-0.018006123934450165,0.04142193528757371,-0.02479385116355142,-0.013796438869945816,-0.008419528422072326,-0.011108861235791221,0.008218764430318283,-0.0150728204766912,0.0033857494911380434,-0.003909063532140273,0.006926729883860388,-0.006600386314183062,-0.031064828273072227,0.00011213062029916152,-0.007623829490793692,-0.01749937097345044,0.008378077911217583,0.011757563435429727,0.0018115295670529873,0.021549915578325175,0.029211482598487146,0.002948113539667967,-0.012254421810321478,-0.0066491175146235855,-0.007978540617248115
195,finance,-0.018770541147673795,-0.11214842411804578,0.04271902769400575,-0.0677092486711572,-0.1585841715418702,-0.08620547472791694,-0.04828396358304946,-0.018962618972000522,-0.07351259959045987,-0.10709899261591553,-0.36638896946718685,-0.13934904513310248,-0.21350634250409162,-0.11625572650850052,-0.0705087763274482,0.005499554897577367,0.24533184652390844,0.14936265259939832,-0.04776700143390373,-0.18569610098454162,0.03193365283212822,-0.10811903448870286,0.053782249707067714,-0.0352784858141425,-0.05492009957269566,0.003412654353928106,-0.1086949405492155,-0.016504389511337623,0.10157103626477063,0.05261324269152924,0.04631876669444197,0.0027583747341252225,0.012766100440144075,0.045377717728477415,-0.030471362641448157,0.006086254215549834,0.07152671512095594,-0.04640549061506815,-0.061811509460122205,-0.002768298568032594,-0.0034578955702587533,0.02689536980379486,-0.09593936877223024,-0.03518908157633813,0.03954187028956176,-0.03348245552698493,0.03477089464630762,-0.04636253275150007,-0.07432469621296584,-0.05216539433714487,-0.043577982925560955,0.013886291223185288,0.03644713845549194,0.058590489160498964,0.004126563187592586,-0.07132158680387639,0.11164862220852782,0.10064934300774679,-0.06457881700862171,0.03307827176644241,0.01941724671615291,0.05107398795149767,0.04593273293797458,-0.05433461732644847,0.025564468040455444,0.018330684638020917,0.08156598642782616,0.05359347106298146,-0.07781818020056532,-0.0007587208925597578,0.030975472555532693,0.11123337945076753,-0.04943133035874036,-0.038315655300926704,0.004954104237652309,0.04640143440650912,-0.026532566856157923,-0.01485662749692339,-0.004587077834005951,-0.02468607383681257,-0.024549192574836343,0.01897430470611824,0.033223342572075154,0.023397353802298623,0.09443589913049019,-0.06650412362982216,0.009116049221946525,-0.028753662143892585,-0.007541955485723398,-0.04913128921950963,-0.001148333263461064,0.09512503198666072,-0.07467004572696354,-0.025724969774476296,0.11882876338504397,-0.029406520055540834,-0.016388218011503617,-0.10874586506653022,0.021770566991855617,-0.057002992874448016
196,finance,0.03842738163540954,-0.12577475714330852,-0.005667941533114689,-0.028872250613333636,-0.1903018579112885,-0.03165584879857265,-0.024541257882848076,-0.1184145633858269,-0.07226993223185273,-0.06781569006074933,-0.08771590144682655,-0.17446421313323957,0.033565225263275406,0.02213317196497869,-0.004615412364519354,-0.07891104527525886,-0.14556848413981052,-0.2490567656042612,0.2445037266867723,-0.043684625716465385,-0.22210180881710645,0.40971809688663935,-0.16057446349401688,-0.14175314367925893,0.10751876611497148,0.09682320335957253,-0.05629151782761214,-0.017249797392086794,0.0034203365746512853,0.07452540770600513,-0.04711394193200084,-0.06232340330069545,0.0005552958545307373,-0.04010257064785993,-0.0823976481760902,0.05581388641597078,0.08526432510947855,0.06645779967128519,0.04647037831500062,-0.03351867982987797,-0.00012433395044001406,0.06794042102501091,-0.05055100180322394,-0.08109750833865419,0.07818769262564705,-0.050475994453376916,-0.05529263471594041,0.01708140857808252,0.05797892723851876,-0.12469805613255255,0.036374809999172225,-0.013206953095460609,0.0029915772160220137,0.006625009020787149,0.034775656427987515,-0.010887869773689725,-0.026395443077806863,0.019421004177774925,0.029851554629918974,-0.044155748257976635,0.07559669851040905,0.00211819495469518,0.01026968609997864,0.014907996635044779,-0.0049931662519502465,-0.017000150739411257,-0.04318794932432508,-0.007921956545966728,-0.014516819039449248,-0.0313475816756808,0.02021129442948745,-0.07574468717147265,-0.040332247747385176,-0.028268830724374056,0.039954136198774054,-0.02410133703767022,0.04782792138663624,-0.01738814072424799,0.018018603566526032,0.05392514131303151,0.01093901902736888,0.013993806928481988,0.033464229445415175,-0.017662875484471856,0.017409630812949814,0.0002485082979947943,-0.01960285191074124,-0.019892853838088875,0.0018583439659634452,0.018133441318879888,-0.03901033286419096,-0.0028538500623602444,-0.005094912874512406,-0.02918174599011953,-0.006483640487750116,-0.011268148711756385,-0.010039065244753719,-0.0007481167283748893,0.051731478276337596,-0.0351071305869982
197,finance,-0.0015195904699292838,-0.10516692754150452,0.007765949339852163,-0.031674823411354136,-0.15990566786535917,-0.03389361167104738,-0.021165185072368666,-0.08858989386406108,-0.07358483519183,-0.044531409524244364,-0.09090095467624718,-0.14335543790716737,0.031134648654775762,0.023386289042918083,-0.009641342345976453,-0.05978515920825124,-0.10811048926983889,-0.19124430722368263,0.22843130435139322,-0.02632770470464839,-0.22150288026006681,0.38279816778714515,-0.12939087355648435,-0.12923948145938804,0.0669265850524909,0.06311865309506125,-0.026041680043389935,0.015395040081232157,-0.0026734214117562233,0.06383862110460582,0.011035489883944233,-0.06410825917584505,-0.018072822979954654,-0.048372981175253515,-0.07625130772561924,0.026295275776720844,0.08121310987752887,0.07876085948237053,0.025565458889535313,-0.02816472723506571,-0.002799441372900626,0.05917534795559975,-0.04981443406124028,-0.10530326592207903,0.034252415592995474,-0.04014922539046225,-0.10470498982386504,0.07123084452717332,0.09168900202541161,-0.120546286446402,0.06619006705926171,-0.04092902091187952,0.0013533186397570716,-0.01913002107308737,0.03948072284234195,0.0011066003436207383,0.028607231935291227,0.019728904554965086,0.045978921822603526,-0.05823140958438761,0.022452956902400917,-0.014878240280677349,-0.02870586032117634,0.057919585815512195,0.030864118713298996,0.010161762193023434,-0.10276335374667896,0.004208845969327202,0.02877999068720994,-0.08854607849786464,0.04419501011772854,-0.07556527003202189,-0.01679357266652331,-0.043492616147592714,0.11468453943622871,-0.04391002342913194,0.1291025303613801,-0.01717927052593848,0.017620036523246303,0.05108090025591523,0.03256371823013258,-0.013664836486664104,0.04073987816943887,0.019732028292895346,0.05334791186895352,-0.08763103083428321,-0.062213451171319635,-0.08834287087050874,-0.010746212590770363,-0.05032594307409581,-0.04699249177671966,0.007571408530062541,0.038230094250459194,0.022949825018341443,-0.06488004663728772,-0.03348089754376159,-0.009064934083046065,-0.12551857764870072,0.07872565292635271,0.011685080615604452
198,finance,-0.0031488505575641983,-0.11358018535354107,-0.0064650244980479325,-0.01728420415955783,-0.01007340832593728,0.0553564561302094,-0.04857469681585448,-0.004336011970170052,-0.10372765720312609,0.023473165480653303,0.05941680000515694,-0.007551643947803429,0.05825348782763601,-0.01596013940812517,-0.02096842665305568,0.013748367985535493,0.01724535980454826,-0.055641511203013916,-0.08735440209475454,0.05718106624258974,0.055563880078640736,0.021209988978777367,0.05220074559675567,0.02454689273989713,-0.04678259003344119,0.15364679215130736,-0.0180631172646029,0.12974476148702715,-0.0530169705755516,-0.10354499912364713,0.25690340150399127,-0.03551427591294506,0.4587888996748132,0.07632201261638144,-0.0220632274736148,0.09452155465146783,-0.10999945628450218,-0.04893821720719725,-0.01203581122688264,-0.022733832450394835,-0.28205454418253084,-0.0382786617235535,-0.23172635666422586,-0.03095882234870133,0.007230912603267328,0.07866718364853854,-0.10250272835181945,-0.09630924316152645,0.12217582590377679,-0.039614429608279246,-0.07259944615277003,0.011108491624302804,-0.04386108428045363,0.0035380115941845737,-0.03524336747228285,0.019614787787234262,-0.01840648665162323,-0.005125391703614596,0.013884060213421059,-0.029870638820601435,0.016922591684564718,-0.02185844261368982,0.0260153856644769,0.04972051096807306,-0.030578042757503015,0.0028952926060677895,-0.0011014382973361173,-0.019670670332734737,0.0762981470571966,-0.034610050408193205,-0.04665155347595804,-0.03461879671489929,0.0715158284841803,-0.06224119877597011,-0.047323032139998465,-0.03892917393999216,-0.02003460857120298,0.035649342654688415,0.008422107943241578,0.010800210319548236,-0.02393727046085281,0.007553652684588751,-0.048389633536661904,0.041714213022319674,0.015804582770486884,-0.025796450977215567,-0.019412581414017107,-0.0013233093598938148,0.013844173379047945,-0.0715005779956861,-0.03770554518879569,0.03203354619040129,-0.026145115300362745,-0.01630332553440432,0.013994995941658428,0.011506783368306394,-0.10537722742345039,0.027620772616300117,-0.020548051116136636,0.053232847309735584
199,finance,-0.0028155432318456852,-0.08965034160568044,0.053728045189156276,-0.08186735054698414,0.007648715898101226,-0.08935085232864257,0.10600381221614845,0.014707104151206594,0.005587459121214029,-0.00043136017391571954,-0.0704627421364268,0.11282940741765053,-0.04011322610306643,-0.07435909510373687,0.07452816925319977,0.08537749032591009,0.13219438402876327,0.07901085713944649,0.24445099492932595,0.18172094418658644,0.17585959244878846,-0.13984066692900202,-0.2816245406087356,0.14367843373548783,0.35436817557018,-0.35566168804923093,-0.05389902369304617,0.16597443516168267,0.027063902945109262,-0.11162452309981571,-0.007311829838199922,-0.05729653134725232,0.011871004988741175,0.015900547777470336,-0.12782028399538944,-0.03249801692103293,-0.021242192379359225,0.062418131261516296,-0.013272766296009248,-0.03882753202745983,-0.13117743705620688,0.04962158314867935,0.035658402962626456,-0.18174358008620561,0.01727753594186891,-0.06076493695132335,-0.009761347853574107,0.12086769187775423,0.013518818173367586,-0.025495404883949288,0.02936459754062178,0.007242857537706264,0.020138930398136697,-0.04959149823302774,-0.004021183858041923,0.026292379195629045,0.0021349466166033547,0.005491513683332865,0.033904647189560336,0.04989896500298271,0.02413574591991028,-0.03142417076167721,0.03171308393562508,0.011539106742499791,0.002430221367578805,-0.0043499989277139125,0.038946079994789384,-0.02906459709160326,-0.03101498543058099,0.016668519228375783,-0.045697311398434054,-0.03005390398127684,-0.034001549904693666,-0.05005610791196799,-0.045870890473218365,0.04167839241233837,-0.0006981686402955088,0.0751438652448374,-0.026199439263783673,-0.0049484713685976865,0.012432033995525178,0.0004261094686189636,0.019142292881723044,-0.015559815707402523,0.021681035548184742,-0.014559268381459135,0.024051677519600512,0.014918565942320494,-0.006297118373221254,-0.032504720000320016,0.035525718487214,0.007163868914245364,0.026615095183919746,0.006620071398007266,0.016716853049028296,-0.02481970457763429,0.02327793251502867,5.973701776587391e-05,-0.016219547811202172,-0.019343295425334625
