judul,link,waktu,isi_berita,kategori
"SARGA.CO Gelar IHR Merdeka Cup 2026, Total Hadiah Rp 450 Juta",https://sport.detik.com/sport-lain/d-8628698/sarga-co-gelar-ihr-merdeka-cup-2026-total-hadiah-rp-450-juta,"Jumat, 21 Agu 2026 14:48 WIB",semangat merdeka republik indonesia raya sarga co lalu ajang olahraga hibur tajuk indonesia s horse racing ihr merdeka cup juara pacu kuda gelar minggu agustus lapang pacu kuda kubu gadang payakumbuh sumatera barat usaha ekosistem olahraga hibur sekaligus promotor pacu kuda profesional pertama satu satu indonesia sarga co hadir alam beda masyarakat lalu padu kompetisi olahraga hibur budaya lokal ihr merdeka cup jadi bagi rangkai kalender ihr kerja sama pp pordasi usung tema race to the world stage ihr merdeka cup jadi bagi komitmen sarga co bawa ekosistem pacu kuda indonesia tuju standar internasional hanya hadir kompetisi ajang jadi ruang kenal pacu kuda olahraga sekaligus waris budaya masyarakat luas ceo sarga co nugdha achadie kata sumatera barat milik tradisi pacu kuda kuat telah jadi bagi budaya masyarakat hadir ihr payakumbuh rupa bagi komitmen kembang pacu kuda olahraga kompetisi waris budaya sportainment beri manfaat lebih luas masyarakat daerah sumatera barat milik tradisi pacu kuda kuat telah jadi bagi budaya masyarakat hadir ihr payakumbuh rupa bagi komitmen kembang pacu kuda hanya olahraga kompetisi juga waris budaya sportainment beri manfaat lebih luas masyarakat daerah ujar terang tulis jumat kuda saing kelas total hadiah rp juta ihr merdeka cup hadir saing kuda asal bagai daerah serta datang batusangkar bukittinggi agam padang padang panjang padang pariaman payakumbuh sawahlunto solok tanah datar jawa barat hingga dki jakarta serta laga kelas tanding cakup kategori kelompok umur kelompok tinggi pacu tradisional seluruh kelas sebut rebut total hadiah capai rp juta tiga kelas gengsi kategori kelompok umur jadi perhati lain kelas tahun derby divisi i meter hadiah rp juta kelas tahun derby divisi ii meter hadiah rp juta kelas tahun remaja divisi i meter hadiah rp juta itu kategori pacu kelompok tinggi tanding kelas ab buka c buka d buka e buka kompetisi sebut temu kuda kuda baik ajang pacu kuda profesional tarik ihr merdeka cup tetap tahan unsur pacu tradisional identitas olahraga kuda sumatera barat beberapa kelas tradisional tanding liput draf bogi baru meter draf bogi usang baru meter draf bogi usang lamo meter kelas lokal payakumbuh meter padu pacu kuda modern tradisional jadi daya tarik sendiri ihr merdeka cup konsep sebut tunjuk upaya sarga co hadir kembang olahraga pacu kuda tinggal nilai budaya lokal sarga festival hadir hibur nuansa cowboy hanya hadir kompetisi olahraga sarga co juga madu pacu kuda hibur lalu sarga festival festival gelar hari ihr merdeka cup sabtu agustus lapang imam bonjol kota padang usung nuansa desa cowboy sarga festival akan hadir jumlah musisi tulus banda neira fiersa besar trio imron dj damonok acara jadi bagi rangkai akhir pekan merdeka gabung musik hibur alam sportainment selenggara sarga festival kota padang ihr merdeka cup payakumbuh beri sempat masyarakat nikmat alam beda satu rangkai acara mulai hibur musik hingga saksi langsung kompetisi pacu kuda tiket ihr merdeka cup mulai rp ribu masyarakat ingin saksi langsung ihr merdeka cup pilih bagai kategori tiket sesuai butuh tiket sedia mulai kategori regular hingga vip bagai benefit tarik vp marketing operation sarga co kevin jonathan kata pilih tiket sebut sedia masyarakat nikmat alam tonton sesuai preferensi masing masing sedia bagai pilih tiket dapat sesuai butuh tonton benefit dapat oleh tonton tiap jenis tiket yakin tonton ihr merdeka cup akan jadi alam senang jelas tiket regular sedia harga rp bonus topi payung unjung pertama tiket tribun banderol rp benefit race book soft drink alam lebih eksklusif sedia tiket vip mounting view harga rp beli online rp juta untuk beli langsung lokasi tiket vip beri fasilitas free flow food beverage race book warna akses best view itu tiket sarga festival sedia mulai harga rp tiket ihr merdeka cup sarga festival dapat oleh lalu sargatiket com maupun langsung venue pada agustus lalu ihr merdeka cup sarga festival sarga co ajak masyarakat raya merdeka indonesia lalu olahraga hibur bangga waris pacu kuda indonesia ihr merdeka cup dukung arsari tambang japfa fortis blue blood stable coca cola dan semen padang,sport
"IHR Merdeka Cup 2026 Digelar, 18 Ribu Penonton Hadir di Payakumbuh",https://sport.detik.com/sport-lain/d-8634255/ihr-merdeka-cup-2026-digelar-18-ribu-penonton-hadir-di-payakumbuh,"Selasa, 25 Agu 2026 20:50 WIB",indonesia s horse racing ihr merdeka cup rampung gelar lapang pacu kuda kubu gadang payakumbuh sumatera barat minggu ajang saksi hampir ribu unjung siar internasional kuda pacu raih podium kelas rebut total hadiah rp juta kelas pacu kelompok umur kelompok tinggi padang pariaman payakumbuh jadi daerah raih podium banyak masing masing enam podium susul bukittinggi agam empat podium meski raih jumlah podium lebih sedikit bukittinggi agam hasil tempat kuda podium pertama lalu emperor bukat rajo malindo masing masing kelas a b buka meter m kelas d buka m padang pariaman tempat golden sikumbang menang kelas f m kelas gengsi tahun derby div i m zara dinamite padang keluar menang saing ketat mutiara kemilau payakumbuh finis posisi dua leomord ch sumatera utara tampil menang kelas tahun remaja div i m pusako nagura padang panjang menang kelas tahun derby div ii m daerah luar sumatera barat dki jakarta jawa barat aceh hasil tempat kuda podium ihr merdeka cup dki jakarta raih menang kelas tahun derby div ii m lalu golden kalashnikov jawa barat lalu monica dupont menang kelas c buka m aceh tempat hennessy angel podium dua kelas tahun derby div ii direktur komersialsarga codiana airin apresiasi antusiasme masyarakat selenggara ihr merdeka cup turut kembali ihr payakumbuh tunjuk kuat posisi pacu kuda tengah masyarakat khusus sumatera barat ihr merdeka cup bukan kena siapa jadi juara lintas bagi jalan bangun pacu kuda indonesia jadi makin profesional modern sekaligus tetap harga tradisi arif lokal ujar ana terang tulis selasa hadir sumatera barat lalu ihr merdeka cup sarga co gelar lima ihr jawa tengah yogyakarta jawa barat kalender ihr hadir ihr bagai daerah jadi bagi upaya luas jangkau olahraga pacu kuda sekaligus bangun platform hubung olahraga hibur pariwisata ekonomi kreatif potensi daerah luas jangkau sebut juga laku sarga co lalu siar ihr merdeka cup bahasa inggris vp marketing operation sarga co kevin jonathan kata langkah sebut jadi salah satu implementasi tema ihr race to the world stage produksi buah siar standar internasional jangkau masyarakat global rupa salah satu implementasi tema ihr race to the world stage kami harap siar ihr bahasa inggris jadi pintu masuk perhati minat audiens komunitas dunia pacu kuda indonesia ujar kevin sherman tan director of sales nep middle east asia southeast asia tambah world feed produksi pacu kuda indonesia jadi tayang pacu kuda internasional pertama asia tenggara turut siar sebut hanya hadir alam saksi pacu kuda ala indonesia tonton internasional juga kenal indonesia daerah tempat lebih luas kelas tradisional tunjuk modern tanding kelas kelas pacu modern ihr merdeka cup tetap tahan unsur tradisional lalu tiga kelas draf bogi kelas lokal payakumbuh kelas draf bogi bukittinggi agam raih jumlah podium banyak kelas lokal payakumbuh pyk stable raih tiga podium tabstar stable raih dua podium ketua komisi pacu pp pordasi munawir kata payakumbuh rupa salah satu sentra utama ternak kuda sumatera barat milik banyak kuda hasil silang kuda luar turut kelas lokal payakumbuh beri sempat kuda kuda lokal tanding standar nasional sekaligus dorong tingkat kualitas kuda joki daerah itu ketua urus provinsi pordasi sumatera barat dery asta nilai selenggara ihr di sumatera barat jadi langkah maju tradisi pacu kuda lokal lihat tradisi pacu kuda langsung turun turun di sumatera barat kini dapat kemas tunjuk modern lalu padu metode balap teknologi emas tepat tuju seri ihr ikut ihr merdeka cup jadi juara enam delapan event masuk kalender ihr belum sarga co sama pp pordasi telah selenggara ihr jateng derby ihr triple crown serie pertiwi cup ihr triple crown serie piala raja mangkunegaran ihr piala paku alam ihr indonesia derby merdeka cup rangkai ihr lanjut tuju kejurnas seri ii jadwal langsung oktober di sulawesi utara rangkai sebut kemudian tutup piala hamengku buwono x di di yogyakarta november rangkai ihr tema race to the world stage jadi bagi komitmensarga codan pp pordasi bangun ekosistem pacu kuda indonesia makin profesional kompetitif penuh standar internasional ihr merdeka cup turut dukung arsari tambang japfa fortis blue blood stable coca cola semen padang,sport
"Akademi Dewa United Punya Markas Baru, Demi Masa Depan Basket RI",https://sport.detik.com/basket/d-8611410/akademi-dewa-united-punya-markas-baru-demi-masa-depan-basket-ri,"Senin, 10 Agu 2026 02:10 WIB",dewa united basketballbaru buka markas baru akademi jadi cara dewa united ikut bangun masa depan basket nasional bina usia dini jadi salah satu fondasi tentu bagaimana wajah olahraga basket beberapa tahun datang bukan tentang temu main bakat sedia ruang mungkin talenta muda kembang konsisten arah lanjut semangat coba bangun dewa united lalu gedung dewa united basketball academy gading serpong tangerang banten resmi kukuh sabtu hampir tiga tahun jalan program akademi sejak libat kompetisi indonesia basketball league ibl dewa united hadir fasilitas lebih lengkap tunjang proses bina atlet muda gedung latih dewa united basketball academy langsung resmi gubernur banten andra soni hadir resmi sebut founder jhl group jerry hermawan lo ceo dewa united academy archangela lina presiden dewa united basketball club michael ow kapolres tangsel akbp boy jumalolo ceo dewa united group lexyndo hakim sebut bangun fasilitas sebut rupa bagi upaya siap masa depan basket indonesia jadi kalau akademi sendiri kan memang hampir tahun tiga telah klub profesional libat ibl kemudian bentuk akademi hari siap fasilitas lebih buat adik adik latih dewa united academy ujar lexyndo rilis namun akademi mau penuh butuh dewa united punya cita cita lebih besar jadi bina level akar rumput salah satu fondasi kuat basket nasional bukan sekadar soal hari dewa united bagaimana kita lihat masa depan basket indonesia hingga tahun depan harap kuat tim nasional basket indonesia bisa terus kembang awal bina sini sambung lexyndo dewa united basketball academy bangun atas lahan meter persegi proses bangun langsung lama kurang lebih tahun bangun diri tiga tengah lantai rancang sebut buat akomodasi butuh atlet seluruh latih teknis bukan satu satu aspek perhati kembang fisik nutrisi sehat pulih hingga alam kenal jalan olahraga tempat satu ekosistem lexyndo gambar akademi rumah calon talenta basket indonesia dewa united basketball academy ini bukan sekadar gedung latih biasa rumah calon talenta generasi baru bola basket indonesia masa depan ujar jalan pasuk akademi mulai area basement fungsi tempat parkir area sebut milik kapasitas hingga mobil lengkap tempat parkir sepeda motor naik lantai pertama suasana ubah jadi lebih buka dapat lobi kafeteria siap dukung butuh atlet muda anak anak latih nikmat makan minum pilih lebih agam nutrisi lantai sama dapat pro shop sedia lengkap olahraga sepatu basket bagai merchandise pusat aktivitas basket ada lantai dua area kantor tempat tim manajemen staf dukung dapat lapang basket lantai kayu lisensi fiba fasilitas sebut diri tiga court multifungsi butuh tanding tiga konfigurasi jadi satu lapang utama area sebut juga lengkap tribun teleskopik sisi kiri kanan sesuai butuh selenggara tanding latih konfigurasi lapang guna total enam ring basket fasilitas sebut beberapa kelompok atlet dapat jalan program latih sama akademi tempat bina usia dini bagai salah satu fokus utama fleksibilitas fasilitas jadi penting anak anak datang main tetapi jalan proses latih rancang bangun mampu cara tahap jalan orang atlet henti sesi latih selesai dewa united basketball academy turut sedia fasilitas dukung kembang fisik sehat lantai atas dapat pusat bugar rancang butuh atlet muda program strength and conditioning beri untuk bantu tingkat kuat bugar mampu fisik mereka cara ukur fasilitas sebut lengkap locker room area medis ruang fisioterapi para atlet dapat dukung terap olahraga profesional baik untuk jaga kondisi tubuh jalan proses recovery maupun tangan cedera dekat sebut tunjuk bina akademi tidak hanya arah mampu teknis main basket aspek fisik sehat turut siap sejak awal para atlet milik fondasi lebih kuat dalam jalan karier akhir dewa united basketball academy bukan hanya tentang tiga lapang basket gym ruang fisioterapi atau deret trofi yang pajang museum lebih jauh fasilitas sebut jadi bagi dari buah gagas kena bagaimana masa depan basket indonesia siap,sport
Duet Pegolf Indonesia-Thailand Juara The Indonesia Pro-Am 2026,https://sport.detik.com/sport-lain/d-8629348/duet-pegolf-indonesia-thailand-juara-the-indonesia-pro-am-2026,"Jumat, 21 Agu 2026 22:15 WIB",ajangthe indonesia pro am selesai duet golf indonesia thailand raja turnamen sebut pasang parathakorn suyasri thailand luke evan moore am kuasa puncak klasemen putar akhir jumat gunung geulis country club west course bogor jawa barat buku skor total unggul duet gabriele de barba ita andree harahap am hasil sodok posisi dua selisih satu pukul alhasil suyasri luke hasil tahan gelar juara regu asi development tour empat kali ajang sangat senang luke adalah orang main sangat takjub sangat paham kondisi lapang gunung geulis jadi tim sangat baik milik hari sangat senang jelas suyasri rilis sementara golf china andi xu jadi juara kategori individual jadi golf empat ukir juara turnamen adt pro am pertama besar indonesia pimpin klasemen putar dua kemarin xu akhir tarung putar final posisi sama golf usia tahun kumpul skor total bawah par salip rekan main satu grup darcy brereton sempat pimpin papan atas leaderboard bogey hole xu mampu kembali percaya diri buat birdie hole pun makin percaya diri buku birdie hole akhir pasti trofi internasional pertama tidak lihat papan skor hole papan leaderboard samping green skor bawah par rasa tinggal satu pukul darcy ujar xu akhir hasil masuk pukul birdie pinggir green sana lalu buat beberapa birdie tiga hole akhir tutup putar akhir menang unggul satu pukul sambung green green tidak benar benar tahu putt jauh kaki masuk hanya kata diri sendiri tiap putt laku putt bagus sama semua putt anda latih jangan pikir skor kemudian bola bola itu pun masuk menang jadi momen emosional xu sedang jalan musim pertama kompetisi asi tour adt selesai kuliah xu raih gelar rasa luar biasa jujur lama sekali saya tidak rasa menang turnamen akhir saya jadi saat kuliah bisa menang panggung profesional seperti sangat arti saya sukses helat the indonesia pro am saja beri puas sponsor combiphar nomura tetap komitmen selenggara turnamen lahir juara level internasional telah selenggara turnamen adt sejak gunung geulis ubah format jadi pro am lalu the indonesia pro am presented by combiphar nomura tepat tahun lalu jadi tampil nomor individual turnamen pun depan kategori regu pro am nyata suka para amatir kata michael wanandi selaku presiden direktur combiphar sama pak agung budiman president director gunung geulis country club ingin tawar suasana kompetisi beda lalu pro am ini sambung the indonesia pro am presented by combiphar nomura beri platform para golf nasional untuk grow the game hasil cukup senang golf kevin c akbar peter gunawan amadeus susanto bisa compete para golf luar hingga putar akhir kami harap tahun depan akan banyak golf bisa saing golf golf adt timpal presiden direktur gunung geulis country club agung budiman golf indonesia kevin c akbar hasil finis di posisi t total di bawah par ini jadi prestasi baik kevin telah tang edisi perdana tiga tahun silam hasil akhir he indonesia pro am presented by combiphar nomura kategori individualpos nama r r r total par xu andi chi darcy brereton aus minhyeok yang kor michele ortolani ita khavish varadan mas t roberto lebrija mex kevin c akbar ina kategori regu pro am pos nama r r r total parathakorn suyasri tha luke evan moore am gabriele de barba ita andree harahap am kosuke hamamoto tha alwin ciputra am jazz janewattananond tha matthew wanandi am michael ortolani ita maureen shavelle yose am,sport
"Throttle LAnd 2026 by Bold Riders Digelar 29 Agustus, Ini Rangkaian Acaranya",https://sport.detik.com/sport-lain/d-8637888/throttle-land-2026-by-bold-riders-digelar-29-agustus-ini-rangkaian-acaranya,"Jumat, 28 Agu 2026 12:34 WIB",kultur otomotif roda bakal semarak lewat throttle land festival usung konsep cross genre moto festival pertama indonesia acara temu komunitas motor bagai genre mulai sport klasik custom adventure supermoto skutik hingga motor listrik satu ruang kolaborasi throttle land gelar sabtu mitra terrace gatot subroto jakarta mulai pukul hingga wib beda festival motor umum komunitas hadir peran unjung libat langsung bagi selenggara acara sejak gelar pertama kali throttle land dapat sambut positif komunitas roda hanya jakarta jawa barat jawa tengah hingga lebih komunitas libat rangkai acara mulai pre event hingga hari laksana bangun antusiasme lalu giat warna bagai seru unik gathering wheels knock riding bareng kurator cukur rambut motor sabu sarap bubur hingga roda ria dj set atas motor puncak acara agustus datang pasti hanya tampil motor bagai genre throttle land satu kultur roda seni musik lifestyle unjung bakal suguh aksi throttles orchestra live painting helmet sengit head to head drag speed challenge hingga deret booth moto street market f b racik komunitas tarik lewat pre event seru potong rambut atas motor lewat kurator siap hadir jumlah brand hadir tawar khusus lama event langsung rabbit wheels bagi free t shirt beli motorsport jacket polytron tawar diskon hingga rp juta plus merchandise eksklusif beli motor listrik merchandise gratis unjung coba test ride syarat tentu laku event lahir komunitas throttle land saji tradisi riding bareng kemas beda lewat rolling wheels serta berangkat satu lokasi kumpul titik kumpul dasar genre skuad matic sport kumpul taman menteng kubu custom vintage ambil start motovillage hingga nanti luncur serempak tuju venue project director throttle land adam hadziq jelas tiap genre motor punya selera musik masing masing throttle land hadir deret musisi lintas genre panjang hari band rock ntrl tampil salah satu headliner sama teenage death star full squad with vincent rompies orkes nunung cs ten hole feat nuwie fourtwnty the egos karaoke session sama adella johana bottom bunkk throttle land hadir satu seluruh genre komunitas motor satu festival ingin hadir ruang seluruh cinta roda temu bagi inspirasi raya kultur kendara indonesia pandang jenis motor ujar adam hadziq terang tulis senin semangat sama jadi dasar throttle land juga jalan bold riders hadir sponsor utama taung lebih komunitas motor lintas genre indonesia bold riders milik semangat sama the spirit of brotherhood semangat juga bawa langsung throttle land lebih member bold riders bagai daerah akan turut hadir brand communications bold riders matthew raynaldi kata bold riders lahir wadah komunitas motor bold riders lahir wadah komunitas motor tiap komunitas punya karakter bangga masing masing throttle land jadi tempat semua kumpul harus jadi seragam buat itu the spirit of brotherhood kata bentuk apresiasi komunitas sudah jadi bagi jalan bold riders hadir lucky draw hadiah utama satu unit sepeda motor buka seluruh unjung dainese brand apparel lengkap kendara asal italia turut hadir doorprize eksklusif upa explorer wp duffel bag liter explorer wp upbag liter total nilai capai rp juta tidak hanya itu di selenggara perdana throttle land juga buka akses gratis komunitas motor maupun unjung umum cukup laku registrasi untuk masuk area festival informasi lengkap bisa akses lalu akun instagram throttle land undang seluruh cinta roda untuk datang jadi bagi throttle land tahun ini unjung nikmat seluruh rangkai acara gratis dengan registrasi lalu mtix me tlm link dapat ig throttle land sama bold riders komunitas seluruh mitra yang libat harap throttle land tumbuh jadi salah satu festival roda dua besar di indonesia tutup adam,sport
"Pejuang Olahraga Tradisional Daerah Layak Bersinar, Usul di Sini!",https://sport.detik.com/sport-lain/d-8622172/pejuang-olahraga-tradisional-daerah-layak-bersinar-usul-di-sini,"Senin, 17 Agu 2026 19:30 WIB",kamu kenal sosok juang lestari olahraga tradisional budaya daerah aju sekarang dpd ri awards melaluiawards dpd go id nominasi daftar buka hingga agustus pukul wib balik seni bela diri olahraga tradisional terus tahan tengah ubah zaman sosok sosok tak kenal lelah jaga waris daerah ajar teknik rawat nilai tradisi identitas waris generasi generasi salah satu pencak silat seni bela diri asal indonesia sebut tetap unesco waris budaya takbenda wbtb sidang intergovernmental committee for the safeguarding of the intangible cultural heritage bogota kolombia desember upaya jaga seni bela diri tradisional tidak henti pencak silat bagai olahraga tradisional budaya daerah butuh sosok konsisten rawat sekaligus kenal generasi ikut gerak balik lestari sebut usul dpd ri awards tahun dapat empat kategori harga jadi ruang apresiasi sosok sosok inspiratif bagai daerah inovator didik non formal didik luar sekolah kategori pertama tuju individu dedikasi kembang didik nonformal luas sempat ajar masyarakat harga beri inovator didik nonformal didik luar sekolah dedikasi kembang didik nonformal luas sempat ajar masyarakat tulis dpd ri sosok lama gerak beri didik masyarakat masuk lalu dekat metode ajar inovatif usul kategori inovator teknologi sehat kategori dua beri individu profesional akademisi hadir inovasi bidang teknologi sehat beri individu profesional akademisi hasil inovasi bidang sehat lalu riset klinis maupun laboratorium masuk temu obat terapi alat sehat beri manfaat masyarakat jelas dpd kategori jadi bentuk apresiasi sosok hadir solusi bidang sehat lalu inovasi kembang teknologi gerak desa mandiri pangan ikut kategori gerak desa mandiri pangan tuju sosok dorong mandiri pangan tingkat desa tuju gerak desa mandiri pangan dorong mandiri pangan lalu manfaat potensi pangan lokal daya masyarakat kuat tahan pangan lanjut kata upaya bangun desa mampu kelola kembang potensi pangan lokal jadi bagi penting dorong mandiri masyarakat daerah lestari budaya daerah kategori empat jadi salah satu relevan juang seni bela diri olahraga tradisional daerah lestari budaya daerah beri individu milik inovasi kembang lestari budaya daerah beri individu milik inovasi kembang lestari budaya daerah peran aktif promosi budaya daerah tingkat nasional maupun internasional jelas itu sosok lama konsisten jaga seni bela diri olahraga tradisional seni maupun tradisi khas daerah dapat jadi bagi apresiasi sebut empat kategori sebut dpd ri juga hadir special recognition awards harga khusus tuju tokoh individu maupun kelompok telah beri kontribusi konsisten lanjut daerah angkat kiprah tokoh daerah nasional ketua dpd ri sultan b najamudin kata dpd awards jadi ruang hormat figur inspiratif bagai daerah lama kerja beri kontribusi nyata banyak dapat sorot tingkat nasional lalu ajang dpd ri tegas kuat bangun indonesia tumpu inisiatif kerja keras masyarakat seluruh wilayah nusantara bukan pada pusat perintah kota kota besar kata sultan dpd awards tahun lalu harga sebut sekaligus cermin aspirasi masyarakat juang dpd ri tingkat pusat anggota dpd ri rupa representasi penting daerah bawa suara rakyat dapat hadir bijak nasional sultan nilai banyak tokoh masyarakat jadi gerak ubah maju daerah bagai sektor strategis belum oleh apresiasi pada kontribusi para kandidat final dpd awards cakup bagai sektor mulai didik sosial sehat pariwisata ekonomi kreatif budaya hingga lestari lingkung lalu dpd ri awards sosok sosok sebut harap dapat apresiasi sekaligus jadi inspirasi masyarakat daerah lain kenal juang olahraga tradisional lestari budaya sosok inspiratif yang terus kontribusi daerah jangan lewat sempat usul dpd ri awards melaluiawards dpd go id nominasi daftar buka hingga agustus pukul wib,sport
"Adidas Hyperboost Edge Hadir, Bawa Sensasi Baru untuk Pelari Jalanan",https://sport.detik.com/advertorial-news-block/d-8622837/adidas-hyperboost-edge-hadir-bawa-sensasi-baru-untuk-pelari-jalanan,"Senin, 17 Agu 2026 20:01 WIB",adidas kenal hyperboost edge sepatu lari baru rancang hadir alam lari lebih nyaman ringan responsif gabung tiga teknologi utama midsole hyperboost pro upper primeweave outsole lighttraxion sepatu tawar padu bantal empuk dorong energi bobot ringan satu perangkat lari hyperboost edge jadi sepatu lari bobot ringan pertama hadir guna pelat non plated beda sepatu lari pelat biasa guna struktur lebih kaku bantu beri dorong tambah sepatu andal teknologi busa baru dapat ikut gera alami kaki lari konsep sebut lari tetap dapat pijak ringan sekaligus dorong energi tiap langkah milik bobot gram hyperboost edge rancang beri nyaman maksimal kurang responsivitas guna gm adidas running patrick nava kata hyperboost edge jadi wujud inovasi adidas hadir sepatu mampu jawab butuh lari gabung tiga elemen utama bantal energi bobot ringan ingin hadir benar benar transformatif lari hyperboost edge wujud nyata power of three bantal energi bobot ringan padu sempurna satu sepatu madu tiga elemen sebut kompromi hasil cipta buah super trainer asa ringan kena responsif tiap langkah beri bantal optimal kaki sentuh muka ujar patrick nava terang rabu sepatu rancang dukung lari bagai jenis jarak tempuh baru mula bagai potensi dapat hadir hyperboost pro portofolio produk performa imbuh teknologi hyperboost pro jadi andal performa lari lebih optimal salah satu teknologi utama hyperboost edge dapat hyperboost pro foam material busa baru jadi bagi penting sistem bantal sepatu teknologi adopsi midsole balap kelas elite adidas sesuai dapat dukung bagai butuh lari mulai latih rutin hingga sesi jarak tempuh tinggi bagi sol sepatu buat ukur mm area tumit beda tinggi mm bagi belakang depan kaki kombinasi sebut bantu beri pijak lebih empuk sekaligus hadir sensasi dorong energi lari lang teknologi hyperboost pro kembang lalu uji laboratorium adidas riset konsumen sama german sport university cologne studi libat lari hyperboost edge tunjuk performa lebih unggul banding sepatu biasa guna serta hasil uji sebut tunjuk hasil sebut tunjuk hyperboost pro mampu hadir standar baru teknologi sepatu lari primeweave lighttraxion lengkap nyaman lari teknologi bantal adidas kuat hyperboost edge lalu bagi atas sepatu upper sol luar outsole upper primeweave guna material lembut ringan kaki tetap asa nyaman sekaligus dapat dukung pas gerak bagi tumit adidas tambah heel pods integrasi fungsi beri bantal tambah sekaligus jaga stabilitas kaki fitur bantu beri rasa nyaman sejak pertama kali sepatu kena hingga guna lari itu outsole lighttraxion hadir daya cengkeram inspirasi teknologi sepatu balap adidas material ringan bentang bagi tumit hingga ujung kaki bantu jaga pijak tetap stabil bagai kondisi muka struktur lebih tipis ringan outsole sebut bawa karakter performa lini adidas adizero sepatu lari hari lari tetap dapat rasa percaya diri lang hilang traksi sisi desain hyperboost edge bawa tampil baru lini sepatu lari adidas desain midsole tebal kembang ambil inspirasi bentuk industrial fokus utama teknologi hyperboost pro ada bawah kaki pertama kali sepatu lari adidas ikon three stripes tempat tumpuk bagi midsole tempat sebut jadi tegas teknologi utama jadi sumber performa sepatu bagi upper hadir desain minimal futuristis lalu detail lebih bersih lubang tali sembunyi elemen ringan rekat langsung beri tampil modern hyperboost edge banderol us rp juta kurs dollar sedia dalam pilih warna merah rilis perdana para lari yang ingin coba inovasi baru adidas dapat oleh lalu outlet resmi adidas maupun adidas com depan adidas akan hadir pilih warna baru rangkai luncur ikut lengkap lini sepatu lari ini,sport
"Kolaborasi dengan NPC, Kemenpora Genjot Pembinaan Atlet Disabilitas",https://sport.detik.com/sport-lain/d-8646915/kolaborasi-dengan-npc-kemenpora-genjot-pembinaan-atlet-disabilitas,"Kamis, 03 Sep 2026 16:15 WIB",menteri pemuda olahraga kemenpora tegas komitmen terus dukung bina tingkat prestasi atlet disabilitas indonesia dukung sebut laku lalu kerja sama koordinasi lanjut dengankomite paralimpiade nasional indonesia npc indonesia baik siap multi event maupun keikutsertaan bagai juara internasional deputi bidang tingkat prestasi olahraga kemenpora surono kata perintah selalu beri perhati serius atlet atlet disabilitas bagi penting kuat olahraga nasional kemenpora selalu bangga beri dukung atlet atlet disabilitas indonesia milik kerja sama sangat baik npc indonesia upaya tingkat prestasi olahraga disabilitas nasional ujar surono terang media salah satu bukti hasil sinergi capai kontingen indonesia asean games thailand indonesia hasil raih medali emas medali perak medali perunggu sekaligus tempat peringkat dua klasemen akhir lebih target awal banyak medali emas rupa prestasi sangat bangga target awal emas atlet atlet mampu beri jauh lebih target tunjuk bina laku sama sama perintah npc indonesia latih seluruh ekosistem olahraga disabilitas beri hasil nyata sambung surono surono tegas kerja sama kemenpora npc indonesia langsung level nasional cakup koordinasi daerah dukung partisipasi indonesia bagai agenda olahraga disabilitas internasional kerja sama cakup bagai agenda baik asean games asi games maupun agenda olahraga internasional lain masuk dalam keikutsertaan atlet tunarungu deaflympics prinsip seluruh program siap rencana partisipasi indonesia beri dampak maksimal prestasi nasional jelas khusus kait bina atlet tunarungu surono jelas perintah perlu pasti seluruh proses bina keikutsertaan kompetisi internasional jalan lalu organisasi milik legitimasi sesuai tentu federasi internasional hadap npc indonesia icsd international committee of sports for the deaf khusus atlet tuna rungu organisasi kumpul atlet tunarungu indonesia patrin aku internasional karena hanya patrin aku perintah konteks tata kelola perintah dukung fasilitas beri lalu organisasi milik legitimasi sesuai tentu organisasi olahraga internasional tegas surono tambah juara internasional ikut atlet bukan sekadar ajang kompetisi tempat bagi strategi bina jangka panjang juara dunia ikut prinsip rupa bagi proses try out kumpul poin peringkat perlu kejar kualifikasi tuju paralimpiade itu keikutsertaan buah juara lihat konteks lebih besar bagaimana kompetisi sebut kontribusi target prestasi indonesia ujar atas dasar itu surono tekan tentu juara single event akan ikut atlet lalu konsolidasi rencana sama npc indonesia kemenpora surono tegas tata kelola bina olahraga disabilitas jalan dasar atur regulasi organisasi olahraga internasional relevan koordinasi baik patuh statuta international paralympic committee ipc khusus olahraga tunarungu tentu bylaws icsd bina anggar dukung perintah arah lebih efektif efisien transparan tepat sasar tutur surono pasti perintah hanya bicara kena dukung atlet ikut kompetisi juga bangun ekosistem bina lanjut komitmen kemenpora sama npc indonesia sangat konsisten dukung perintah beri mulai proses bina fasilitas latih pusat latih berangkat kompetisi internasional harga atas prestasi atlet kata salah satu bentuk dukung sebut adalah bangun kembang paralympic training center indonesia karanganyar jawa tengah yang jadi fasilitas penting bina atlet atlet paralimpiade indonesia kemenpora juga terus dorong fasilitas sebut jaga kualitas lanjut sebut fasilitas baik asia tenggara dukung fasilitas bina perintah juga beri dukung biaya keikutsertaan kontingen indonesia ajang internasional masuk asean games asi games kita juga beri dukung biaya berangkat keikutsertaan atlet multi event internasional asean games perintah juga beri bonus bentuk harga atas prestasi atlet bonus sebut salur langsung para terima lalu kerja sama bank rakyat indonesia total harga raih medali capai lebih rp miliar kata surono,sport
"Tak Hanya Empuk, Adidas Hyperboost Edge Dirancang Punya Bobot Ringan",https://sport.detik.com/advertorial-news-block/d-8622858/tak-hanya-empuk-adidas-hyperboost-edge-dirancang-punya-bobot-ringan,"Rabu, 19 Agu 2026 00:00 WIB",adidas kenal hyperboost edge sepatu lari baru rancang hadir alam lari lebih nyaman ringan responsif sepatu rancang milik bobot ringan hyperboost edge pun jadi sepatu lari bobot ringan pertama hadir guna pelat non plated beda sepatu lari pelat biasa guna struktur lebih kaku bantu beri dorong tambah sepatu andal teknologi busa baru dapat ikut gera alami kaki lari konsep sebut lari tetap dapat pijak ringan sekaligus dorong energi tiap langkah milik bobot gram hyperboost edge rancang beri nyaman maksimal kurang responsivitas guna sepatu gabung tiga teknologi utama midsole hyperboost pro upper primeweave outsole lighttraxion teknologi sebut sepatu pun tawar padu bantal empuk dorong energi bobot ringan satu perangkat lari gm adidas running patrick nava kata hyperboost edge jadi wujud inovasi adidas hadir sepatu mampu jawab butuh lari gabung tiga elemen utama bantal energi bobot ringan kata adidas hadir benar benar transformatif lari hyperboost edge wujud nyata power of three bantal energi bobot ringan padu sempurna satu sepatu madu tiga elemen sebut kompromi adidas hasil cipta buah super trainer asa ringan kena responsif tiap langkah beri bantal optimal kaki sentuh muka sepatu rancang dukung lari bagai jenis jarak tempuh baru mula bagai potensi dapat hadir hyperboost pro portofolio produk performa ujar patrick nava terang rabu adidas kuat hyperboost edge lalu bagi atas sepatu upper sol luar outsole upper primeweave guna material lembut ringan kaki tetap asa nyaman sekaligus dapat dukung pas gerak bagi tumit adidas tambah heel pods integrasi fungsi beri bantal tambah sekaligus jaga stabilitas kaki fitur bantu beri rasa nyaman sejak pertama kali sepatu kena hingga guna lari itu outsole lighttraxion hadir daya cengkram inspirasi teknologi sepatu balap adidas material ringan bentang bagi tumit hingga ujung kaki bantu jaga pijak tetap stabil bagai kondisi muka struktur lebih tipis ringan outsole sebut bawa karakter performa lini adidas adizero sepatu lari hari lari tetap dapat rasa percaya diri lang hilang traksi adidas hyperboost edge dapat hyperboost pro foam material busa baru jadi bagi penting sistem bantal sepatu teknologi adopsi midsole balap kelas elite adidas sesuai dapat dukung bagai butuh lari mulai latih rutin hingga sesi jarak tempuh tinggi bagi sol sepatu buat ukur mm area tumit beda tinggi mm bagi belakang depan kaki kombinasi sebut bantu beri pijak lebih empuk sekaligus hadir sensasi dorong energi lari lang teknologi hyperboost pro kembang lalu uji laboratorium adidas riset konsumen sama german sport university cologne studi libat lari hyperboost edge tunjuk performa lebih unggul banding sepatu biasa guna serta hasil uji sebut tunjuk hasil sebut tunjuk hyperboost pro mampu hadir standar baru dalam teknologi sepatu lari sisi desain hyperboost edge bawa tampil baru lini sepatu lari adidas desain midsole tebal kembang ambil inspirasi bentuk industrial fokus utama teknologi hyperboost pro ada bawah kaki pertama kali sepatu lari adidas ikon three stripes tempat tumpuk bagi midsole tempat sebut jadi tegas teknologi utama jadi sumber performa sepatu bagi upper hadir desain minimal futuristis lalu detail lebih bersih lubang tali sembunyi elemen ringan rekat langsung beri tampil modern hyperboost edge banderol us rp juta kurs dollar sedia dalam pilih warna merah rilis perdana para lari yang ingin coba inovasi baru adidas dapat oleh lalu outlet resmi adidas maupun adidas com depan adidas juga akan hadir pilih warna baru rangkai luncur ikut lengkap lini sepatu lari ini,sport
Hari Ini! Batas Daftar Penghargaan Pelestari Olahraga-Budaya Tradisional,https://sport.detik.com/sport-lain/d-8625919/hari-ini-batas-daftar-penghargaan-pelestari-olahraga-budaya-tradisional,"Jumat, 21 Agu 2026 08:30 WIB",punya sosok inspiratif daerah konsisten jaga eksistensi olahraga tradisional hari rupa sempat akhir daftar pahlawan budaya olahraga daerah sebut ajang dpd ri awards lalu laman resmiawards dpd go id nominasi daftar buka hingga malam agustus pukul wib hadir olahraga tradisional main rakyat bagai penjuru nusantara bukan sekadar sarana hibur aset budaya bentuk identitas bangsa tengah gempur olahraga modern gim digital ada tokoh tokoh lokal dedikasi waktu hidup pencak silat tradisional egrang hingga festival olahraga daerah jadi benteng penting lestari waris leluhur beri panggung hormat atas dedikasi sebut dewan wakil daerah dpd ri ajak seluruh masyarakat rekomendasi gerak daerah ajang dpd ri awards masyarakat tahu sosok kiprah sebut dewan wakil daerah dpd ri ajak publik rekomendasi pahlawan daerah ajang dpd ri awards hadir ajang harga jadi harap makin banyak apresiasi beri masyarakat jadi buah inspirasi daerah lain lalu dpd ri awards dpd ri harap makin banyak sosok telah kerja karya masyarakat dapat apresiasi sekaligus jadi inspirasi daerah lain ujar sultan dpd awards kategori terima dpd ri awards ikut jelas inovator didik non formal didik luar sekolah kategori pertama bidang didik harga beri individu milik dedikasi kontribusi didik nonformal harga beri inovator didik nonformal didik luar sekolah dedikasi kembang didik nonformal luas sempat ajar masyarakat tulis dpd ri inovator teknologi sehat dpd ri awards beri harga tokoh hadir inovasi bidang sehat harga tuju mereka hasil inovasi teknologi sehat beri individu profesional akademisi hasil inovasi bidang sehat lalu riset klinis maupun laboratorium masuk temu obat terapi alat sehat beri manfaat masyarakat jelas dpd kategori jadi ruang inovator kembang teknologi sehat sekaligus beri dampak masyarakat daerah gerak desa mandiri pangan lanjut bidang tahan pangan harga beri tokoh jadi gerak bangun desa mandiri pangan tuju gerak desa mandiri pangan dorong mandiri pangan lalu manfaat potensi pangan lokal daya masyarakat kuat tahan pangan lanjut kata lestari budaya daerah kategori akhir bidang seni budaya harga beri individu lestari hingga promosi budaya daerah beri individu milik inovasi kembang lestari budaya daerah peran aktif promosi budaya daerah tingkat nasional maupun internasional jelas dpd dpd ri hadir special recognition awards tokoh individu maupun kelompok telah beri kontribusi konsisten lanjut daerah angkat kiprah tokoh daerah nasional ketua dpd ri sultan b najamudin kata dpd awards gelar beri panggung hormat figur figur inspiratif bagai daerah lama kerja kontribusi nyata sorot publik nasional lalu ajang dpd ri tegas kuat bangun indonesia tumpu inisiatif kerja keras masyarakat seluruh wilayah nusantara bukan pada pusat perintah kota kota besar ucap sultan dpd awards tahun lalu sultan jelas harga sekaligus cermin aspirasi masyarakat juang dpd ri tingkat pusat ingat anggota dpd ri rupa representasi langsung penting daerah bawa suara rakyat hadir bijak nasional turut banyak tokoh masyarakat sungguh jadi gerak ubah dorong maju daerah bagai sektor strategis belum dapat apresiasi pada beberapa kategori pantas beri orang daerah tokoh tokoh daerah memang kontribusi cukup signifikan kata kontribusi para kandidat final lanjut sultan cakup sektor didik sosial sehat pariwisata ekonomi kreatif budaya hingga lestari lingkung dpd awards harap dapat kuat semangat para tokoh sebut terus inspirasi luas dampak juang masyarakat anda milik rekomendasi tokoh gerak daerah batas daftar nominasi dpd ri awards akan tutup malam jangan lewat sempat usul dpd ri awards lalu laman resmiawards dpd go id nominasibatas akhir pukul wib,sport
"Gabungkan 3 Teknologi, Adidas Hyperboost Edge Bikin Lari Makin Nyaman",https://sport.detik.com/advertorial-news-block/d-8622847/gabungkan-3-teknologi-adidas-hyperboost-edge-bikin-lari-makin-nyaman,"Selasa, 18 Agu 2026 00:00 WIB",adidas kenal hyperboost edge sepatu lari baru rancang hadir alam lari lebih nyaman ringan responsif sepatu gabung tiga teknologi utama adapun teknologi midsole hyperboost pro upper primeweave outsole lighttraxion sepatu tawar padu bantal empuk dorong energi bobot ringan satu perangkat lari gm adidas running patrick nava kata hyperboost edge jadi wujud inovasi adidas hadir sepatu mampu jawab butuh lari gabung tiga elemen utama yakni bantal energi bobot ringan kata adidas hadir benar benar transformatif lari hyperboost edge wujud nyata power of three bantal energi bobot ringan padu sempurna satu sepatu madu tiga elemen sebut kompromi adidas hasil cipta buah super trainer asa ringan kena responsif tiap langkah beri bantal optimal kaki sentuh muka sepatu rancang dukung lari bagai jenis jarak tempuh baru mula bagai potensi dapat hadir hyperboost pro portofolio produk performa ujar patrick nava terang rabu salah satu teknologi utama hyperboost edge dapat hyperboost pro foam material busa baru jadi bagi penting sistem bantal sepatu teknologi adopsi midsole balap kelas elite adidas sesuai dapat dukung bagai butuh lari mulai latih rutin hingga sesi jarak tempuh tinggi bagi sol sepatu buat ukur mm area tumit beda tinggi mm bagi belakang depan kaki kombinasi sebut bantu beri pijak lebih empuk sekaligus hadir sensasi dorong energi lari lang teknologi hyperboost pro kembang lalu uji laboratorium adidas riset konsumen sama german sport university cologne studi libat lari hyperboost edge tunjuk performa lebih unggul banding sepatu biasa guna serta hasil uji sebut tunjuk hasil sebut tunjuk hyperboost pro mampu hadir standar baru teknologi sepatu lari teknologi bantal adidas kuat hyperboost edge lalu bagi atas sepatu upper sol luar outsole upper primeweave guna material lembut ringan kaki tetap asa nyaman sekaligus dapat dukung pas gerak bagi tumit adidas tambah heel pods integrasi fungsi beri bantal tambah sekaligus jaga stabilitas kaki fitur bantu beri rasa nyaman sejak pertama kali sepatu kena hingga guna lari itu outsole lighttraxion hadir daya cengkram inspirasi teknologi sepatu balap adidas material ringan bentang bagi tumit hingga ujung kaki bantu jaga pijak tetap stabil bagai kondisi muka struktur lebih tipis ringan outsole sebut bawa karakter performa lini adidas adizero sepatu lari hari lari tetap dapat rasa percaya diri lang hilang traksi sisi desain hyperboost edge bawa tampil baru lini sepatu lari adidas desain midsole tebal kembang ambil inspirasi bentuk industrial fokus utama teknologi hyperboost pro ada bawah kaki pertama kali sepatu lari adidas ikon three stripes tempat tumpuk bagi midsole tempat sebut jadi tegas teknologi utama jadi sumber performa sepatu bagi upper hadir desain minimal futuristis lalu detail lebih bersih lubang tali sembunyi elemen ringan rekat langsung beri tampil modern hyperboost edge pun jadi sepatu lari bobot ringan pertama hadir guna pelat non plated beda sepatu lari pelat biasa guna struktur lebih kaku bantu beri dorong tambah sepatu andal teknologi busa baru dapat ikut gera alami kaki lari konsep sebut lari tetap dapat pijak ringan sekaligus dorong energi tiap langkah milik bobot gram hyperboost edge rancang beri nyaman maksimal kurang responsivitas guna hyperboost edge banderol us rp juta kurs dollar sedia dalam pilih warna merah rilis perdana para lari yang ingin coba inovasi baru adidas dapat oleh lalu outlet resmi adidas maupun adidas com depan adidas akan hadir pilih warna baru rangkai luncur ikut lengkap lini sepatu lari ini,sport
"Siman Sudartawa Urung Pensiun, Masih Diandalkan Indonesia di Asian Games 2026",https://sport.detik.com/sport-lain/d-8617923/siman-sudartawa-urung-pensiun-masih-diandalkan-indonesia-di-asian-games-2026,"Jumat, 14 Agu 2026 10:30 WIB",i gede siman sudartawa tutup karier kolam renang renang senior dapat sempat kuat indonesia asi games aichi nagoya jepang pasti sebut sampai wakil ketua umum i bidang bina prestasi sport science pb akuatik indonesia wisnu wardhana siman masuk proyeksi tim renang indonesia asi games penuh kriteria tetap salah satu berkat medali raih sea games sea games thailand siman raih medali perunggu nomor meter gaya punggung putra catat waktu detik medali emas jadi milik junior jason donovan yusuf catat waktu detik hasil sebut turut buat siman penuh kriteria guna tentu atlet proyeksi asi games sesuai hasil tim review tingkat prestasi olahraga nasional ppon menteri pemuda olahraga kemenpora memang siman sudartawa sempat niat pensiun tahu belum statment resmi kata wisnu sambung telepon peluang tampil asi games buat siman milik satu target ingin tuntas kembang memang tuntas coba dapat medali asi games waktu nyaris cara kriteria siman masuk proyeksi asi games medali sea games kemarin jadi masuk kriteria ppon memang masih beri sempat cara kriteria layak masuk skuad asi games ujar asi games bukan panggung baru siman tampil ajang sebut sejak pernah nyaris raih medali edisi incheon asi games siman finis empat nomor meter gaya punggung empat tahun kemudian indonesia jadi tuan rumah asi games gagal naik podium finis lima waktu detik padahal siman sempat tampil janji babak sisih meter gaya punggung asi games catat waktu detik sekaligus pecah rekor nasional jadi catat baik sempat tampil aichi nagoya jadi peluang siman kembali buru medali asi games kini peran batas kejar prestasi pribadi pb akuatik indonesia lihat ada siman bagi proses regenerasi renang nasional siman harap jadi mentor renang muda masuk jason donovan yusuf farrel armandio tangkas alam siman tampil bagai ajang internasional nilai bantu junior utama dalam hadap tekan bangun percaya diri level multievent lihat regenerasi paham tahu ada junior ada farrel armandio tangkas jason cuma harus laku alih baik ujar peran sebut bahkan sudah lihat indonesia tampil sea games siman sebut aktif beri masuk para renang muda sea games banyak kasih masuk junior tak jason ada bagai renang mentor alam sebut makin penting asi games jason jadi salah satu harap baru renang indonesia hadap multiajang level asia pertama kali perlu jason baru pertama kali tampil asi games tentu juga harap siman beri baik indonesia waktu baik dia tak terlalu jauh waktu baik asi games aichi nagoya jadwal langsung pada september hingga oktober pb akuatik indonesia tidak hanya bawa misi regenerasi target medali tetap jadi sasar tim renang indonesia wisnu sebut capai waktu para atlet juga penting akan jadi bagi meta tuju kualifikasi olimpiade target tetap usaha dapat medali jadi yang kami harap capai target waktu masing masing dari sini kami bisa meta lolos atlet olimpiade tim relay estafet yang bisa dapat sempat lebih orang lolos limit tegas wisnu dengan demikian ada siman asi games milik misi sekaligus masih harap beri kontribusi prestasi pada saat yang sama juga jadi jembatan generasi senior para renang muda indonesia siman sempat itu sekaligus buka kembali peluang kejar medali asi games yang belum pernah raih,sport
Tantangan Terberat Soft Tenis RI di Asian Games: Tuan Rumah dan Angin,https://sport.detik.com/sport-lain/d-8613423/tantangan-terberat-soft-tenis-ri-di-asian-games-tuan-rumah-dan-angin,"Selasa, 11 Agu 2026 13:30 WIB",soft tenis asi games gelar nagoya city higashiyama park tennis center september datang jepang tuan rumah jadi salah satu kuat utama harus hadap indonesia atlet indonesia tio juliandi hutauruk allif nafiiah jadi bagi skuad siap tampil nagoya dua sadar saing level asia mudah allif jalan asi games dua dapat gambar kena kuat lawan mengikutitry outdi korea selatan juni lalu indonesia bawa pulang tiga medali perunggu ajang sebut masing masing lalu tunggal putri ganda campur ganda putri alam sekaligus buat allif makin paham level saing hadap asi games memang try out korea lihat saing internasional kayak taiwan jepang korea bilang masih jauh saing lawan kata allif usai latih lapang soft tenis kawasan kebayoran lama selasa meski allif jadi hasil uji coba sebut alas pesimistis percaya siap laku sama tim jadi modal tampil maksimal jepang tetap optimistis mampu ada fasilitas beri negara sama dukung latih manajer ketua kamu optimistis buat beri baik indonesia nagoya jepang tegas allif kuat lawan kondisi lapang cuaca jepang jadi perhati allif nilai tim indonesia butuh proses adaptasi tanding soft tenis guna bola karet jauh lebih ringan banding bola tenis lapang karakter sebut buat kondisi angin jadi salah satu faktor rasa main kontrol arah bola perlu sih aklimatisasi cuaca mungkin lapang suhu sana mungkin sejuk ketimbang jakarta panas memang pengaruh ke bola pantul angin ujar atlet asal jawa tengah tio rasa rupa milik alam menjalanitraining campdi jepang siap diri tuju asi games hangzhou alam sebut buat tio paham kondisi angin jepang beri tantang sendiri main betul waktu sempat training camp jepang nah itu angin tuh cukup dingin sama besar jadi pengaruh arah bola sih benar kata tio karakter bola ringan memang jadi salah satu ciri khas soft tenis komite olimpiade jepang bola soft tenis buat karet milik bobot jauh lebih ringan banding bola tenis lapang kontrol putar bola jadi aspek penting main itu mampu adaptasi kondisi tempat jadi bagi penting siap indonesia tanding siap indonesia tuju asi games memang sepenuh ideal batas anggar buat tim milik satu kesempatantry outinternasional korea selatan juni lalu kondisi sebut buat atlet kurang intensitas latih masing masing betul siap matang untuk siap asi games untuk latih cukup maksimal butuh cukup penuh kata atlet asal jawa barat benar tinggal turnamen try out sih cuma turnamen ada apa buat kami maksimal latih indonesia akan usaha tingkat capai soft tenis asi games belum hangzhou gelar indonesia raih satu medali perunggu jepang tampil sangat dominan rebut empat lima medali emas rebut pp satu soft tenis indonesia pesti belum patok target medali perak satu perunggu aichi nagoya target sebut jadi beban para atlet tio fokus utama beri tampil baik apa warna medali akhir bawa pulang target ingin dapat hasil baik apa itu hasil medali perunggu perak emas kalau kami atlet ingin raih baik lah untuk asi games ini pungkas tio lawan tangguh jepang korea selatan taiwan tantang kondisi lapang angin soft tenis indonesia akan hadap uji berat nagoya para atlet pilih berangkat optimisme dan jadi faktor sebut bagi dari tantang harus takluk mcy krs taut salin,sport
"Penjaga Seni Beladiri Layak Bersinar, Ajukan di DPD RI Awards 2026",https://sport.detik.com/sportstyle/d-8618480/penjaga-seni-beladiri-layak-bersinar-ajukan-di-dpd-ri-awards-2026,"Jumat, 14 Agu 2026 14:42 WIB",balik gera silat waris satu generasi generasi ikut sosok sosok tak kenal lelah jaga seni bela diri tradisional tetap hidup tengah ubah zaman pencak silat sendiri rupa seni bela diri asal indonesia tetap unesco waris budaya tak benda wbtb tetap laku sidang intergovernmental committee for the safeguarding of the intangible cultural heritage langsung bogota kolombia desember pencak silat seni beladiri olahraga tradisional perlu jaga sosok sosok balik bukan sekadar ajar teknik tarung rawat nilai tradisi identitas sosok ini layak dapat panggung lebih luas lalu dpd ri awards daftar dpd ri awards buka hingga agustus datang kategori harga dpd ri awards apa publik usul sosok sosok jadi gerak daerah dpd ri awards lalu formulir laman resmihttp awards dpd go id daftar buka hingga agustus pukul wib lalu dpd ri awards dpd ri harap makin banyak sosok telah kerja karya masyarakat dapat apresiasi sekaligus jadi inspirasi daerah lain tulis dpd terang tulis jumat kategori terima dpd ri awards ikut jelas inovator didik non formal didik luar sekolah kategori pertama bidang didik harga beri individu milik dedikasi kontribusi didik nonformal harga beri inovator didik nonformal didik luar sekolah dedikasi kembang didik nonformal luas sempat ajar masyarakat tulis dpd ri inovator teknologi sehat dpd ri awards beri tokoh hadir bidang sehat harga beri mereka jadi inovator teknologi sehat beri individu profesional akademisi hasil inovasi bidang sehat lalu riset klinis maupun laboratorium masuk temu obat terapi alat sehat beri manfaat masyarakat jelas dpd gerak desa mandiri pangan lanjut bidang tahan pangan harga akan beri tokoh jadi gerak bangun desa mandiri pangan tuju gerak desa mandiri pangan dorong mandiri pangan lalu manfaat potensi pangan lokal daya masyarakat kuat tahan pangan lanjut kata lestari budaya daerah kategori akhir bidang seni budaya harga akan beri individu lestari hingga promosi budaya daerah beri individu milik inovasi kembang lestari budaya daerah peran aktif promosi budaya daerah tingkat nasional maupun internasional jelas dpd dpd ri akan hadir special recognition awards tokoh individu maupun kelompok telah beri kontribusi konsisten lanjut daerah angkat kiprah tokoh daerah nasional ketua dpd ri sultan b najamudin kata dpd awards gelar beri panggung hormat figur figur inspiratif bagai daerah lama kerja kontribusi nyata sorot publik nasional lalu ajang dpd ri tegas kuat bangun indonesia tumpu inisiatif kerja keras masyarakat seluruh wilayah nusantara bukan pada pusat perintah kota kota besar ucap sultan dpd awards tahun lalu sultan juga jelas harga sekaligus cermin aspirasi masyarakat juang dpd ri tingkat pusat ingat anggota dpd ri representasi langsung penting daerah bawa suara rakyat hadir bijak nasional turut banyak tokoh masyarakat sungguh jadi gerak ubah dorong maju daerah bagai sektor strategis belum dapat apresiasi pada beberapa kategori pantas beri orang daerah tokoh tokoh daerah memang kontribusi cukup signifikan kata kontribusi kandidat final lanjut sultan cakup sektor didik sosial sehat pariwisata ekonomi kreatif budaya hingga lestari lingkung dpd awards harap kuat semangat para tokoh terus inspirasi luas dampak juang masyarakat kenal sosok inspiratif terus lestari budaya daerah segera aju untuk ikut dpd ri awards daftar buka hingga agustus pukul wib melaluiawards dpd go id nominasi,sport
Romy Tahrizi Juara Nasional Shifter 2026 Bersama Dewa United,https://sport.detik.com/sport-lain/d-8656176/romy-tahrizi-juara-nasional-shifter-2026-bersama-dewa-united,"Rabu, 09 Sep 2026 23:15 WIB",juara nasional gokart langsung enam putar hadir saing ketat hingga seri akhir romy tahrizi hasil jadi juara nasional shifter tahun sama dewa united motorsport lalu juang panjang musim pasti sebut raih romy final race round langsung september belum balap profesi lawyer kantor ahhn lawyers sebut tempat posisi dua klasemen selisih poin puncak klasemen tampil konsisten mampu aman posisi hingga balap akhir romy hasil unggul saing dekat sekaligus kumpul poin banyak panjang musim hasil sebut antar jadi puncak klasemen akhir juara nasional gokart kelas shifter capai jadi hasil proses panjang mudah balap usia tahun sekaligus salah satu balap paling senior kelas shifter romy siap kondisi fisik mental optimal balap gokart intensitas tinggi butuh stamina konsentrasi daya tahan fisik prima utama hadap rangkai kompetisi lama satu musim panjang enam putar langsung sejak januari hingga september romy catat empat menang satu kali finis runner up satu kali gagal selesai balap toreh sebut romy hasil koleksi lima podium pasti gelar juara nasional shifter tahun performa romy lepas dukung penuh dewa united motorsport cara konsisten beri siap setting gokart baik tiap putar kolaborasi balap tim jadi salah satu faktor penting jaga performa hingga akhir mampu aman gelar juara nasional bahagia makin lengkap hasil romy turut antar dewa united motorsport jadi juara nasional tim juara nasional gokart romy sama balap dewa united motorsport kenal dengan sebut anak dewa hasil beri kontribusi penting capai sebut saing putar akhir langsung kondisi penuh tantang balap sempat ancam tiada akibat abu vulkanik erupsi anak krakatau capai kawasan sentul karting circuit kondisi sebut buat muka lintas jadi debu jarak pandang balap sangat batas alami tunda lama hampir empat jam balap akhir langsung laku tanggulang pihak organizer sama tugas madam bakar laku semprot seluruh muka lintas kondisi sebut tambah tantang para balap tentu strategi jaga konsentrasi hingga balap akhir gelar sangat arti juang tidak mudah panjang musim harus jaga konsistensi siap fisik jaga fokus terus laku evaluasi satu seri seri ikut saing kelas shifter sangat ketat harus mampu jaga kondisi tengah sibuk lawyer kata romy tahrizi nyata resmi syukur kerja keras sama tim akhir buah hasil terima kasih besar besar dewa united motorsport selalu beri support setting baik tiap seri gelar bukan milik tetapi milik seluruh tim keluarga sponsor semua pihak terus beri dukung lanjut romy juga tegas hasil raih gelar juara nasional bukan jadi akhir jalan motivasi hadap tantang ikut ingin jadi capai tahun bagai motivasi terus kembang target depan tentu tahan gelar jika sempat coba kompetisi level internasional saya percaya lama mau kerja keras terus ajar tidak mudah serah banyak capai mudah mudah saya bisa terus beri prestasi baik sama dewa united motorsport kata romy depan romy tahrizi tekad tahan gelar juara nasional sekaligus buka peluang tampil kompetisi gokart internasional komitmen sebut terus jalan sama dewa united motorsport telah beri percaya dukung panjang musim atas capai sebut romy sampai apresiasi seluruh jajar dewa united motorsport sponsor keluarga kerabat seluruh pihak yang telah beri dukung percaya lama jalan kompetisi hingga hasil raih gelar juara nasional shifter tahun,sport
Titan Run 2026 Raih Rekor MURI,https://sport.detik.com/sport-lain/d-8620390/titan-run-2026-raih-rekor-muri,"Sabtu, 15 Agu 2026 23:45 WIB",titan runkembali catat prestasi selenggara edisi tahun lalu raih rekor museum rekor dunia indonesia muri acara lari pertama saji durian tahun ajang sebut oleh harga rekor kali beri titan run selenggara lomba lari jarak tempuh kilometer rekor sebut jadi bagi spesial raya satu dekade selenggara titan run langsung ice bsd tangerang selatan sabtu project director titan run ailiy kata capai sebut buat selenggara tahun asa makin istimewa turut serta milik peran besar lahir rekor muri sebut tahun sangat spesial raya tahun titan run tahun lebih spesial karena titan run dapat rekor muri selenggara lomba lari jarak tempuh kilometer jadi hari sangat spesial terima kasih runners hari sama sama buat histori ujar ailiy rilis terima berkat capai sebut titan run kini milik catat muri kait karakter khas acara sebut direktur titan group victor b tanuadji sebut hasil titan run tahan lama satu dekade jadi patut bangga nilai konsistensi jadi salah satu kunci acara sebut terus jalan masuk lewat masa sulit pandemi covid luar biasa titan run tahun lewat susah senang covid bisa bangkit pelan pelan bangga tim panitia titan run selalu konsisten tahun kata victor selenggara tahun jumlah serta alami tingkat sekitar serta ambil bagi tahun lalu titan run ikut lari victor tingkat jumlah serta jadi sinyal positif langsung acara pihak selenggara tetap timbang nyaman lari tentu kapasitas serta bisa saya bangga konsistensi tim panitia sudah puluh tahun edisi titan run gelar semua serta selalu senang ikut acara ucap victor tahan jarak kilometer titan run tahan jumlah karakteristik lekat ini salah satu sedia makan minum serta gratis selesai lomba project lead titan run vickers gunawan jelas makan sedia usung konsep kuliner nusantara saji sebut jadi bagi upaya titan run hadir nuansa raya merdeka indonesia tepat momentum agustus siap makan minum seluruh serta free makan tempat tidak bawa pulang kita saji upa makan nusantara tutur vickers khusus serta kategori kilometer panitia siap area tenda khusus pasti tetap oleh makan selesai lari sisi fasilitas vickers sebut selenggara tahan jumlah standar dukung medical station water station tempat titik air minum sebut telah hitung dasar jarak butuh lari tetap penuh untuk selenggara ikut titan run buka mungkin laku sesuai rute alam lari jadi lebih nyaman namun selenggara tetap tahan konsep utama acara sebut titan run komitmen tahan tradisi gelar lomba lari bagi raya hari merdeka indonesia konsistensi jadi salah satu identitas acara telah jalan lama tahun kembali catat rekor muri titan run bukan tanda satu dekade jalan selenggara ajang sebut tunjuk upaya tahan identitas lalu jarak kilometer yang kini jadi bagi penting karakter titan run ikut daftar menang titan run kategori kilometer pria robi syianturi immanuel hutasoit argo katiga wanita isania tarigan ina lydia marhaendrassiwi dyahprasetyo kategori kilometer pria pandu sukarya julkipri hutapea hendrik nainggolan wanita aprilia kartina anjellika br ginting inge prasetyo kategori kilometer pria jupianto sembiring danu maarif akbar maulana wanita desi kristiani dwi sagita maria suparno,sport
Ini Dia Para Pemenang Maybank Marathon 2026,https://sport.detik.com/sportstyle/d-8631632/ini-dia-para-pemenang-maybank-marathon-2026,"Minggu, 23 Agu 2026 22:40 WIB",selesai event lari bergengsimaybank marathon empat menang muncul salah satu jago indonesiarobi syianturi maybank marathon rupa lomba lari standar internasional mulai bal united training center gianyar bal minggu pagi wib empat kategori tanding marathon half marathon k kategori wheelchair sejak dini hari ribu lari penjuru indonesia luar negeri padat area start total serta negara ikut banyak serta negara ambil bagi selenggara tahun flag off laku tahap mulai kategori marathon pukul wita lanjut half marathon pukul wita k pukul wita kategori wheelchair president director maybank indonesia steffano ridwan tutur event tahun tunjuk maybank marathon hanya jadi ajang kompetisi ruang lari tantang batas diri sekaligus raya sportivitas hari hanya raya menang juga seluruh serta berani diri garis start tantang diri sendiri selesai lomba kami serta milik capai masing masing ini semangat pace you forward terus gerak maju jadi lebih baik ujar steffano terang total hadiah lebih rp miliar panitia beri harga juara bagai kategori michael kimani kamau kenya keluar juara marathon open male waktu jam menit detik lalu veronicah njeri maina kenya hasil tang kategori sama sektor putri waktu jam menit detik itu lari indonesia robi syianturi hasil juara marathon national male waktu jam menit detik kategori marathon national female raih ina lydia catat waktu tiga jam sembilan menit detik menang marathon open masing masing terima hadiah rp juta juara marathon national oleh rp juta selenggara leberhasilan race day rupa hasil siap panjang kolaborasi bagai pihak masuk perintah daerah aparat aman tenaga medis marshal pacers calang sponsor mitra masyarakat bal media salah satu sponsor dukung acara aqua percaya official hydration partner maybank marathon rupa tahun delap kerjasama kolaborasi rupa buah bangga ingat maybank marathon rupa salah satu ajang lari paling prestisius asia tenggara telah kantong world athletics elite label predikat tanda selenggara lomba telah penuh bagai syarat ketat kait kualitas kompetisi selamat serta manajemen acara hingga tata kelola aku global status sebut sekaligus tempat maybank marathon salah satu event olahraga level dunia jadi tuju lari bagai negara aqua jadi sponsor event lari kelas dunia bukti peduli hadap kondisi para serta lama event jaga hidrasi adalah salah satu kunci bisa tuntas lari jarak jauh maraton itu aqua juga juga ajak para serta jadi bagi kaum adem individu mampu jadi versi baik diri sekaligus bawa energi dampak positif lingkung masyarakat kami bangga kembali percaya official hydration partner maybank marathon ke delapan kali mitra jadi bagi komitmen aqua terus dukung masyarakat indonesia jalan gaya hidup sehat lalu hidrasi kualitas sekaligus ajak lebih banyak orang cipta dampak positif lingkung ujar marketing director aqua adisti nirmala terang media maybank marathon rupa event dengan standar dunia hadir tantang fisik mental tiap serta butuh hidrasi kualitas jadi makin penting dukung tampil performa baik lalu semangat kaum adem kami ingin inspirasi masyarakat jadi versi baik diri bawa energi positif sekitar sambung,sport
AXCR 2026: Overheating Gagalkan Misi Juara Memen Harianto,https://sport.detik.com/sport-lain/d-8621643/axcr-2026-overheating-gagalkan-misi-juara-memen-harianto,"Minggu, 16 Agu 2026 22:47 WIB",pen hariantoharus gigit jari diasia cross country rally axcr gagal juara mesin alami overheating reli indonesia bawa nama indonesia cross country rally team sebut paksa hilang peluang rebut gelar juara mobil toyota hilux revo milik alami overheating leg kilometer capai flying finis jumat padahal hingga selesai leg pen ada posisi overall jadi pimpin klasemen kelas t g posisi atas kelas bahkan hasil tahan sejak leg performa terus konsisten sejak awal reli pen benar datang leg peluang besar tahan posisi atas hingga akhir axcr reli lintas alam tunjuk menang tentu cepat tahan mesin kondisi kendara navigasi cuaca medan untung masalah overheating jadi hujung leg buat pen hadap nyata pahit garis finis makin dekat juang telah bangun lama hari hari akhir henti jujur sangat berat buat leg masih ada posisi overall nomor satu t g posisi pertama kelas pegang sejak leg jadi sangat yakin tahan sampai akhir ujar pen rilis sayang leg mobil alami overheating kilometer flying finish usaha maksimal mungkin kondisi mobil mungkin lanjut juang harap sambung pen aku hasil sebut jadi pukul berat bukan diri tim juga seluruh pihak telah beri dukung lama siap hingga laksana axcr target bawa thailand tahun bilang tinggi sukses ajang sama tahun lalu ingin sampai mohon maaf besar besar seluruh keluarga tim mekanik partner sponsor komunitas teman teman media seluruh masyarakat indonesia sudah beri doa dukung kata pen tahu banyak harap bawa hasil baik kibar merah putih podium juga sangat harap sama pen dunia reli memang selalu beri ajar buah lomba baru benar benar selesai kendara lewat garis finis bagi motorsport bisa siap semua baik mungkin lintas selalu hal ada luar kendali kali terima nyata masalah teknis henti juang kami ketika finis sudah begitu dekat meski gagal tahan peluang jadi juara axcr pen tegas alam sebut akan buat henti akan jadi bahan evaluasi hadap kompetisi ikut sangat kecewa tidak mau henti sini akan evaluasi semua utama masalah teknis jadi kami akan lebih kuat pen juga sampai terima kasih khusus seluruh sponsor partner telah beri percaya dukung tampil axcr terima kasih yang besar besar seluruh sponsor partner yang sudah percaya dukung dukung kalian sangat arti bukan dalam bentuk materi tetapi juga jadi energi bagi lama jalan reli sekali mohon maaf tahun belum bisa beri hasil yang kita semua harap tahu juang bukan hanya milik saya ada banyak orang di belakang saya yang ikut juang terima kasih sudah tetap percaya saya akan ajar gagal dan juang indonesia tutup pen,sport
Kejuaraan Panahan Satria Legawa Diikuti Ribuan Peserta,https://sport.detik.com/sport-lain/d-8629408/kejuaraan-panahan-satria-legawa-diikuti-ribuan-peserta,"Jumat, 21 Agu 2026 23:40 WIB",juara panahansatria legawa pro championship resmi mulai jakarta international equestrian park pulomas jiepp jakarta timur jumat agustus ajang tak sekadar jadi panggung adu tepat bidik sasar satria legawa pro championship langsung hingga agustus banyak serta ambil bagi diri atlet official luar negeri jumlah sebut atlet indonesia asal klub panah sebar bagai daerah atlet asing datang enam negara malaysia singapura thailand kanada prancis hong kong adapun official turut libat dukung jalan kompetisi hadir atlet mancanegara buat satria legawa pro championship milik atmosfer beda kompetisi sekaligus jadi sempat manah indonesia ukur mampu hadap lawan bagai negara buka satria legawa pro championship makin istimewa hadir jumlah tokoh penting antara wakil kepala staf angkat laut wakasal laksamana madya tni edwin srikandi panah indonesia nurfitriyana saiman nurfitriyana saiman rupa salah satu legenda panah indonesia jadi sosok inspiratif atlet tampil juara sebut alam panggung internasional harap beri motivasi generasi muda indonesia terus prestasi ikut jejak senior hingga level olimpiade aster kasau marsda tni palito sitorus wakil ksau marsekal tni mohamad tonny harjono tegas ajang jadi bukti komitmen tni angkat udara tni au dukung kembang olahraga nasional palito bahkan sebut satria legawa pro championship arah jadi agenda tahun hari pagi tadi sama sama saksi buka panah satria legawa tadi sudah sampai ketua panitia depan giat panah akan jadi kalender tahun kata palito turut tanding milik peran penting bangun fondasi prestasi atlet jalan tuju level internasional mulai lalu kompetisi rencana lanjut adalah suatu ajang bukan batas tanding rupa suatu tahap bagaimana mulai giat giat dalam tanding siap sejak dini ujar palito harap kompetisi sebut mampu pacu semangat para atlet terus kembang hingga akhir jadi andal indonesia kancah dunia harap atlet atlet punya semangat punya prestasi andal dunia panah tutur komitmen tni au olahraga nyata henti panah palito ungkap pihak telah gelar jumlah juara nasional judo pencak silat taekwondo tni au milik perhati khusus olahraga dirgantara rutin gelar tanding skala internasional jumlah daerah angkat udara konsen mungkin rekan rekan angkat darat angkat laut punya program sama bukan panah tetapi beberapa cabang olahraga kata palito khusus panah tni au kembali kuat bina nilai indonesia milik potensi atlet besar jumlah fasilitas milik tni au nilai manfaat dukung kembang olahraga sebut gali bahwa panah memang harus kembang karena punya atlet atlet dulu lihat ini perlu up sehingga ke depan bisa jadi atlet atlet bisa andal jelas palito bahkan kompetisi rupa buka mungkin gelar bagai daerah tni au milik jumlah pangkal udara dapat jadi lokasi kembang olahraga ke depan mungkin bukan hanya sini juga banyak lanud pangkal pangkal mungkin kita bisa lihat bagaimana kembang olahraga di daerah daerah yang kemudian kita kembang di sana juga ujar,sport
Pemprov DKI Akan Gelar One Running Series 2026 di Lima Rute Berbeda,https://sport.detik.com/sport-lain/d-8635772/pemprov-dki-akan-gelar-one-running-series-2026-di-lima-rute-berbeda,"Rabu, 26 Agu 2026 21:17 WIB",perintah provinsi dki jakarta pt sasana jiwa kolaborasi gelar rangkai event lari one running series gelar lima rute beda lokasi ajang gelar jakarta selatan jakarta barat jakarta timur jakarta utara jakarta pusat usung tema one city one celebration jakarta one running series hadir bukan sekadar kompetisi olahraga buah raya temu masyarakat bagai latar belakang satu nuansa sama langkah jakarta one running series jadi raya tahun sejarah kembang juang transformasi bangga masyarakat dki jakarta kota sambut gubernur dki jakarta pramono anung sorot jakarta one running series jadi cermin nilai nilai satu kolaborasi semangat kolektif masyarakat jakarta lihat jakarta one running series milik nilai sangat strategis libat lima wilayah kota hadir titik temu monumen nasional giat representasi jakarta simbol satu kolaborasi semangat kolektif seluruh warga kata pramono anung hotel borobudur jakarta rabu pramono sampai apresiasi baik jakarta one running series dorong gaya hidup aktif lanjut dukung penuh masyarakat gerak sama tunjuk rasa cinta kota hadir jakarta kota global sehat inklusif jakarta one running series desain rangkai giat lari sorot karakter khas tiap wilayah jakarta mulai distrik bisnis ramai hingga pusat sejarah budaya jakarta one running series bukan tentang lari capai garis finis cipta satu acara ikut semua orang jakarta mulai lari hingga ingin mulai lari jadi bagi buah raya lari paling cepat hanya perlu ambil satu langkah ujar ceo pt sasana jiwa rufina novalita semangat sebut cermin konsep alam hadir panjang rangkai jakarta one running series serta tidak hanya ajak kejar jarak waktu juga nikmat jalan atmosfer kota komunitas bagai aktivitas jadi bagi raya jakarta race director jakarta one running series husni kamil jelas alam serta jadi salah satu fokus utama selenggara event ingin tiap kilometer milik cerita mulai race experience komunitas hingga bagai elemen hadir panjang jalan semua rancang serta dapat rasa jakarta cara beda ucap husni kamil jakarta one running series akan mulai november scbd jakarta selatan lanjut ancol jakarta utara januari maret puri jakarta barat april velodrome jakarta timur tutup lapang banteng jakarta pusat juni acara hanya milik satu kategori km daftar buka tanggal agustus online itu dapat hadiah total puluh juta rupiah serta capai podium hingga kami target lari untuk satu acara satu wilayah jakarta diri giat komunitas olahraga lari nasional masyarakat umum kota jakarta hingga ajar tutur husni kamil jakarta one running series dukung perintah provinsi dki jakarta menteri ekraf republik indonesia menteri pariwisata republik indonesia sponsor hotel borobudur jakarta bagai official hotel partner connectx miels wikinara ibunda kliktron jabra race pack collection akan ada hotel borobudur jakarta tanggal dan oktober,sport
"Padel Jadi Gaya Hidup Aktif, Juego Padel Club Hadir di Jakarta Barat",https://sport.detik.com/advertorial-news-block/d-8613598/padel-jadi-gaya-hidup-aktif-juego-padel-club-hadir-di-jakarta-barat,"Selasa, 11 Agu 2026 14:03 WIB",olahraga padel kini makin mati masyarakat urban tawar main dinamis padel madu aktivitas fisik hibur interaksi sosial satu waktu karakter sebut buat olahraga padel relevan masyarakat kota tetap aktif tengah rutinitas padat owner juego padel club malvin sebut padel relatif mudah ajar mula nikmat main sejak pertama coba padel tawar kombinasi olahraga hibur interaksi sosial satu aktivitas main dinamis senang relatif mudah ajar orang baru pertama kali coba nikmat main butuh waktu lama adaptasi ujar malvin terang selasa malvin ungkap banyak main datang hanya olahraga temu teman luas komunitas nikmat waktu sama keluarga ini buat padel kembang sekadar olahraga jadi bagi gaya hidup aktif masyarakat urban manfaat olahraga padel bugar relaksasi padel libat bagai gera tubuh mulai jalan lari pendek pindah arah hingga pukul bola laku rutin sesuai mampu olahraga bantu latih stamina koordinasi imbang lincah manfaat fisik main padel interaktif jadi cara jenak lepas diri kerja rutinitas main fokus tanding sosial teman mula padel relatif senang coba tidak langsung kuasa teknik tingkat tinggi main laku rally sama teman olahraga rutin lebih mudah nikmat konsistensi sering jadi tantang orang mulai jalan gaya hidup aktif padel milik unsur main sosial kuat olahraga bisa asa lebih senang jadi aktivitas nanti main mula tahap misal lalu sesi coaching main sama partner level mampu sesuai sekadar coba satu kali main bisa temu partner main gabung komunitas ikut sesi latih hingga jadi padel bagi aktivitas minggu juego padel club ruang main mula hingga komunitas baru coba padel temu tempat main nyaman bisa jadi langkah awal mulai rutin olahraga juego padel club hadir kawasan daan mogot jakarta barat pilih lapang padel masyarakat jakarta barat sekitar usung konsep built by padel players for padel players juego rancang perhati alam main mulai kualitas lapang jarak antar court sirkulasi main udara area istirahat juego hilang kesan padel olahraga sulit eksklusif main bisa mulai level dasar ikut coaching lalu perlahan temu main komunitas sesuai level kata malvin lapang padel juego sedia coaching anak anak remaja dewasa agam tingkat mampu community session aktivitas klub juga jadi wadah main temu partner main hubung komunitas padel juego turut lengkap cafe area santa taman bunga children s playground fasilitas dukung sebut juego ingin jadi sport and lifestyle destination nikmat sama teman maupun keluarga cara booking lapang padel juego main laku booking juego padel club lalu aplikasi ayo informasi kena jadwal coaching community session program anak event aktivitas baru dapat oleh lalu kanal resmi juego padel club juego buka bagai level main masuk masyarakat yang baru pertama kali pegang raket visi juego bangun ekosistem padel mana orang dapat play improve connect and enjoy satu tempat,sport
Pentingnya Nge-gym Buat Pelaku Olahraga,https://sport.detik.com/sportstyle/d-8641153/pentingnya-nge-gym-buat-pelaku-olahraga,"Minggu, 30 Agu 2026 23:51 WIB",cuma atlet laku olahraga butuh laku latih bugar tetap fit mengapa nama pusat bugar alias gym gym bukan baru dunia olahraga gym biasa pakai bentuk kondisi fisik mumpuni olahraga baik atlet tentu kait performa lapang prestasi atlet laku olahraga kerap maksimal gym tingkat kuat daya tahan performa maksimal arena bukan olahraga aktivitas hari hari jangan heran era modern sekarang pusat bugar alias gym makin jamur laku usaha gym lomba buka pusat bugar galak hidup sehat kalang masyarakat salah satu laku local performance gym baru buka cabang alam sutera lokasi lantai lg basement mall alam sutera tangerang local perfomance gym gelar acara local performance open house agustus acara jadi langkah awal local performance bangun ruang fitness fokus latih komunitas gaya hidup aktif usung semangat come in move more perform better local performance hadir konsep open house mungkin unjung datang coba bagai aktivitas interaksi komunitas nikmat brand experience kenal lebih dekat fasilitas lingkung gym ferrianto surya selaku founder bagi manajemen local performance sebut hadir local performance gym bukan sekadar hadir tempat baru olahraga jadi awal jalan sama bangun komunitas positif hari bukan sekadar open house awal jalan baru sama local performance gym buah tempat harap jadi ruang gerak kembang bangun komunitas positif ujar ferri rilis beda open house gym umum local performance open house rancang buah fitness experience libat unjung langsung lalu bagai aktivitas salah satu aktivitas utama local performance passport mana unjung selesai lima misi sederhana lama ada lokasi mulai check in ikut local performance challenge nikmat brand community experience hingga ikut social mission lalu the local wall passport telah lengkap beri sempat unjung ikut grand prize draw bagai hadiah brand partner itu unjung juga ikut local performance challenge buah kompetisi fitness uji mampu serta lalu beberapa station chest press pull up squat burpee kompetisi buka kategori pria wanita hadiah khusus serta performa baik lalu leaderboard tidak uji mampu individu local performance juga hadir community best costume bentuk apresiasi komunitas hadir kompetisi nilai kreativitas team spirit local identity crowd impact masing masing komunitas kaya alam unjung bagai brand community experience turut hadir lama acara unjung dapat nikmat product sampling brand activation community activities bagai alam partner yang ikut jadi bagi local performance open house lalu acara open house local performance gym bangun lebih sekadar tempat olahraga local performance hadir ruang masyarakat latih temu kembang jadi bagi komunitas yang milik semangat terus perform lebih baik local performance hadir bukan hanya bagai tempat workout bagai tempat untuk bangun performance community kami ingin cipta lingkung di mana orang bisa datang gerak kembang jadi bagi local papar ferri,sport
"Nikmati Keseruan Lari di Solo Run Fest 2026, Beli Tiketnya via BRImo!",https://sport.detik.com/sportstyle/d-8653975/nikmati-keseruan-lari-di-solo-run-fest-2026-beli-tiketnya-via-brimo,"Selasa, 08 Sep 2026 15:47 WIB",lari urban lari kini bukan sekadar kejar catat waktu capai garis finis alam lama lari jadi bagi tak kalah penting mulai nikmat suasana kota kenal budaya lokal hingga cicip kuliner khas daerah jadi alas konsep sportourism makin mati tren buat ajang lari sekadar arena kompetisi cara baru masyarakat urban nikmat destinasi wisata olahraga konsep ini hadir solo run fest buah festival lari madu olahraga budaya pariwisata satu rangkai acara festival ajak serta jajah bagai daya tarik kota solo nikmat alam lari mulai kaya budaya hingga geliat ekonomi kreatif masyarakat tempat lalu konsep sebut serta hanya ajak cetak waktu tempuh baik rasa langsung suasana kota solo sudut pandang beda jalan semangat sportourism belakang makin gari lari bagai kota besar ajang belum kenal sha run for solo kini kembang jadi festival olahraga budaya lebih besar solo run fest gelar september kota solo jawa tengah rangkai acara mulai race pack collection race village festival september area race village hanya jadi tempat ambil race pack hadir agam aktivitas tarik buat suasana festival makin hidup sejak hari lomba mulai hadir race village festival sekaligus jadi ajang panas serta kenal lebih dekat suasana solo run fest pasuk hari lomba utama serta manfaat momen sosial sama lari nikmat bagai aktivitas dukung sedia panitia pasuk race day september serta ikut bagai kategori lomba sesuai mampu masing masing kategori sedia half marathon hm k k umum k ajar bisa ikut lari bagai latar belakang tingkat alam mulai lari kompetitif hingga mula kompetisi lari unjung juga nikmat bagai aktivitas dukung umkm bazaar sportswear expo live music performance entertainment stage rangkai acara juga riah umum menang serta doorprize hingga cultural running festival makin kuat nuansa khas kota solo ada umkm bazaar jadi daya tarik sendiri beri sempat serta kenal sekaligus dukung produk produk lokal hadir bazaar sekaligus hidup sisi ekonomi kreatif masyarakat solo tengah gelar festival sekaligus beri ruang promosi para laku usaha kecil tempat itu sportswear expo hadir bagai butuh olahraga lengkap lengkap para lari hadir expo mudah serta masih butuh lengkap tambah atau hari lomba perlu cari jauh jauh lokasi acara tarik lari juga bisa dapat diskon tiket besar beli lalu brimo diskon jadi nilai tambah sendiri serta laku transaksi lewat kanal resmi sebut para lari ingin ikut rasa alam sebut proses daftar kini makin praktis brimo jadi metode bayar resmi sekaligus kanal eksklusif beli tiket solo run fest lalu aplikasi serta dapat laku registrasi digital proses transaksi lebih mudah nyaman mudah akses sebut lari perlu lagi lalu proses daftar rumit untuk bisa ambil bagi festival lari sekaligus budaya ini informasi lebih lengkap dapat cek melaluibbri id solorun,sport
"erafone Run 2026 Jogja Kembali Digelar, Pilih Rute Dekat Kaki Gunung Merapi",https://sport.detik.com/sportstyle/d-8637597/erafone-run-2026-jogja-kembali-digelar-pilih-rute-dekat-kaki-gunung-merapi,"Jumat, 28 Agu 2026 08:41 WIB",erafone run yogyakarta series hadir empat kali tahun lalu ambil rute pesisir selatan yogyakara tahun event lari konsep sunset run inj ambil rute sangat tolak belakang dekat kaki gunung rapi erafone run yogyakarta series tahun akan gelar oktober museum gunungapi rapi yogyakarta tahun lalu serta suguh pandang pantai jogja tahun gagah gunung rapi saji panjang rute lari head of marketing erajaya digital region samuel arief gunawan jelas hadir erafone run hingga tahun empat adalah bentuk konsistensi erafone hadir giat relevan cinta lari jogja sekitar erafone run bukan giat olahraga jadi ruang temu tumbuh sama komunitas ingin dukung gaya hidup aktif lalu alam senang relevan masyarakat papar samuel jumpa pers teras malioboro kamis malam erafone nggak cuma jual handphone event sportaiment bentuk apresiasi atas sambut positif para lari komunitas partner seluruh pihak lama dukung erafone run sambung samuel kembang erafone run tunjuk event telah kembang jadi buah alam sportainment temu olahraga komunitas teknologi hibur gaya hidup kurang lebih serta tahun harap erafone run jogja bukan jadi event tunggu tahun jadi event gengsi cinta lari yogyakarta maupun indonesia ujar samuel project manager erafone run yoas muliawan papar alas pilih kawasan utara jogja jadi rute erafone run jogja ada waris dunia sumbu filosofi yogyakarta jadi alas utama tahun mau lihat sumbu filosofi yogyakarta satu garis bentang utara selatan dari selatan utara gitu ujar yoas kami ingin serta datang lari pulang bawa cerita jogja komunitas alam jarang temu event imbuh latar kawasan rapi serta beri pilih kategori k k agam aktivitas dukung bagai doorprize hingga hibur musik sama band ska nama souljah erafone run mau beri experience luar mungkin event event lari yogyakarta hadiah doorprize lain itu banyak banget jadi konsep sportainment healthy party ujar yoas race director erafone run roostian gamananda tambah start k pukul wib k pukul wib tahun tidak cut off time cot khusus serta lebih leluasa nikmat rute kawasan rapi meski selamat tetap prioritas utama koordinasi dukung medis teknis ketat serta saran siap kondisi fisik ikut pandu resmi aman nyaman lama lomba tahun lalu yang sempat ngomong sama marshal kita nih mas kok rute tahu tahu pasir ya kan kaget tenang tahun nggak pasir ada naik turun gunung jadi tetap ada hal yang tarik yang itu challenging buat teman teman jelas roostian jangan khawatir safety kita prioritas safety situ di situ semua sudah kita siapin kolaborasi tentu rumah sakit rumah sakit tentu terus juga stakeholder stakeholder lain dari sar bpbd juga pungkas untuk informasi daftar serta akses www erazon id ikut kanal instagram resmi erafone run,sport
Spesialnya Jakarta International 10K Tahun Ini,https://sport.detik.com/sportstyle/d-8645952/spesialnya-jakarta-international-10k-tahun-ini,"Kamis, 03 Sep 2026 02:50 WIB",jakarta international kak pasuk edisi tahun spesial event gelar sama raya hari olahraga nasional sukses rangkai milo activ indonesia race yogyakarta medan bandung surabaya ikut lebih serta gelar acara puncak upa ajang lari jakarta international k minggu selenggara gelora bung karno jakarta minggu ajang lari akan ikut serta akan partisipasi empat kategori k open k closed k family run k edisi kali akan tepat raya haornas jatuh september menteri pemuda olahraga republik indonesia erick thohirmengapresiasi nestle milo terus komitmen gelar ajang jakarta k sebab jadi wujud nyata usaha upaya sehat hidup bangsa lewat ekosistem olahraga wujud masyarakat indonesia lebih sehat aktif lalu olahraga perlu kolaborasi kuat bagai pihak apresiasi atas komitmen nestle milo cara konsisten hadir program giat dukung partisipasi masyarakat olahraga masuk lalu milo activ indonesia race jakarta international k inisiatif jalan upaya sama budaya olahraga tengah masyarakat depan harap sinergi perintah sektor swasta komunitas masyarakat terus kuat bangun ekosistem olahraga makin inklusif lanjut dampak positif indonesia ujar erick rilis brand komitmen dorong gaya hidup aktif nestle milo sadar penting peran olahraga bantu masyarakat jaga sehat sekaligus bangun nilai nilai karakter positif hidup sukses selenggara rangkai milo activ indonesia race empat kota sangat antusias bawa semangat ibu kota lalu milo activ indonesia race jakarta international k harap ajang dapat inspirasi masyarakat bagai usia latar belakang terus aktif nikmat olahraga bawa semangat energitanpabatas ke hidup hari hari ujar marketing manager beverages confectionery business unit pt nestle indonesia alaa shaaban biasa jakarta international k hadir kategori k open buka lari indonesia maupun serta bagai negara dunia hadir serta internasional tegas komitmen hadir wadah olahraga inklusif temu masyarakat lalu semangat sama olahraga lari gaya hidup aktif lalu jakarta international k nestle milo dorong partisipasi masyarakat lebih luas dalam olahraga sekaligus kontribusi dalam kuat posisi jakarta salah satu destinasi dinamis selenggara ajang olahraga internasional lari bukan jarak cepat juga tentang konsistensi berani tantang diri sendiri komunitas saling dukung milo activ indonesia race jakarta international k jadi sempat tarik temu lari bagai latar belakang masuk lari internasional saya harap makin banyak masyarakat inspirasi mulai lari jadi olahraga bagai bagi gaya hidup papar giat olahraga lari shanada jzen tahun menteri pemuda olahraga kemenpora nestle milo kolaborasi dukung indonesia sports summit iss buah wadah olahraga skala nasional temu mang penting olahraga kuat kolaborasi dorong maju ekosistem olahraga indonesia race pack collection rpc jakarta k akan selenggara lama iss tuju bangun antusiasme erat koneksi lari komunitas olahraga mang penting jelang hari lomba,sport
PTN Hoops Fest 2026 Jadi Ajang Nolstagia & Sinergi di Lapangan Basket,https://sport.detik.com/basket/d-8634365/ptn-hoops-fest-2026-jadi-ajang-nolstagia-sinergi-di-lapangan-basket,"Rabu, 26 Agu 2026 00:45 WIB",ratus alumni berbagaiperguruan tinggi negeri ptn indonesia turun lapang nostalgia sinergi ptn hoops fest turnamen bola basket antaralumni langsung gor bulungan jakarta selatan agustus usung agenda resmi senior unity alumni ptn hoops fest usung tema besar one basketball countless memories tema cermin misi utama giat sedia wadah kompetisi sehat sekaligus jadi jembatan silaturahmi ruang nostalgia alumni senior masa duduk bangku kuliah turnamen tahun ikut jajar kampus nama negeri antara universitas indonesia ui universitas gadjah mada ugm institut teknologi bandung itb institut tani bogor ipb universitas padjadjaran unpad universitas diponegoro undip universitas sebelas maret uns pasti jalan tanding adil imbang kompetisi bagi beberapa kelompok umur ku ku putri ku putra ku putra ku putra ketua lembaga jamin simpan indonesia lpsi anggito abimanyu hadir tutup helat ptn hoops fest anggito mantan ketua umum pb basi periode apresiasi ajang karena jadi wadah temu rekan rekan masih kuliah semangat turnamen adalah semangat unity semangat tanding semangat tetap sehat sekaligus silaturahmi khusus para alumni guru tinggi negeri kata anggito nyata selasa ada turnamen kembali temu teman teman kuliah sekarang temu main basket sama dulu pernah main sama jadi sekarang nostalgia ujar tambah ptn hoops fest milik banyak manfaat alumni guru tinggi negeri anggota dewan komisaris otoritas jasa uang ojk hasan fawzi kata ajang tidak wadah silaturahmi juga wadah sinergitas antar alimni kini kerja instansi intanai beda masing masing karya instansi masing masing lalu temu dalam ajang turnamen basket banyak laku sinergi luar olahraga bola basket sendiri suasana juga lebih cair tutur hasan fawzi kami apresiasi panitia selenggara giat ini tuju sangat baik terus semarak olahraga basket tingkat nasional ajang ini juga jadi sekaligus kenang masa masa mereka ada puncak stamina bagai mahasiswa basket guru tinggi masing masing ucap kategori ku putri tim alumni universitas padjadjaran unpad keluar bagi juara final kalah tim universitas indonesia ui skor kategori ku putra titel juara raih ugm kalah unpad gagal tim ui putri untung mampu bayar lunas menang tiim ui putra kategori ku lalu tanding seru ui lewat lawan ketat universitas diponegoro undip skor yakin sekaligus pasti titel juara sungguh tanding keras lelah kami syukur keluar tinggal di dua kuarter awal jadi juara ucap firdaus kapten tim ui ku putra saya terima kasih tim dan semua main yang telah kerja keras kami bisa jadi juara kata daus di ku putra tim alumni institut teknologi bandung itb aman mahkota juara di partai puncak tumbang tim universitas padjadjaran unpad dengan skor akhir,sport
5 Rider Ini Belum Dapat Kursi MotoGP 2027,https://sport.detik.com/moto-gp/d-8618916/5-rider-ini-belum-dapat-kursi-motogp-2027,"Jumat, 14 Agu 2026 19:50 WIB",tengah motogp masa depan lima rider jadi tanda tanya kursi motogp adalah brad binder franco morbidelli jack miller lex rins maverick vi ales grid motogp memang umum lengkap resmi mayoritas kursi mulai isi peta saing makin jelas hubung pula indikasi bagi kursi motogp antara condong terjun ajang lagi motogp meski pula tanda tanya ikut sosok sebut rangkum informasi darimotosan situs resmi wsbk dansky sports brad binder jadi salah satu nama sebut bakal tinggal motogp balap ktm kabar capai sepakat bmw pindah worldsbk binder sebut ganti danilo petrucci franco morbidelli masuk daftar balap potensi pindah worldsbk rider italia kait aruba it racing ducati ganti nicol bulega bulega sendiri justru jadi salah satu nama peluang muncul grid motogp jack miller jadi nama status paling jelas rider asal australia sebut umum tinggal motogp musim tuju yakin arah worldsbk meski sepakat final umum miller sebut dapat tawar yamaha gabung tim crescent sama andrea locatelli wujud posisi xavi vierge tim sebut ancam bicara miller yamaha kait detail finansial miller sendiri tegas tinggal dunia balap lama tahun tahun kompetisi cara kendara balap level ubah selalu usaha terus adaptasi ajar terampil baru mungkin waktu motogp akhir rasa milik lebih banyak beri olahraga saya masih milik beberapa ingin saya laku pribadi hal balap saya guna tahu alam saya milik coba bantu kembang lex rins hadap situasi sulit karier motogp beberapa musim akhir ganggu cedera kaki serius saat sama yamaha belum mampu beri motor kompetitif konsisten rins belum konfirmasi tahan sama yamaha motogp mulai cari peluang worldsbk rins kait tim go eleven guna ducati belum sepakat resmi umum jika benar pindah rins tinggal motogp jalan karier panjang di kelas utama maverick vi ales jadi kasus paling rumit balap tech ktm itu awal proyeksi tetap sama ktm era baru rencana sebut ubah ktm pilih susun komposisi balap untuk proyek vi ales pun kini ada posisi kursi untuk motogp bahkan sempat aku lelah situasi yang jadi saya rasa lelah saya yakin lanjut ujar vi ales wawancara sky sport juli lalu meski masa depan vi ales belum sepenuh akhir juga sebut akan pindah worldsbk pilih jadi makin batas situasi sebut motogp potensi hadir ubah besar di grid binder morbidelli miller rins vi ales rupa lima nama yang ancam hilang kursi bagi lanjut worldsbk bagi lain masih cari jalan keluar,sport
16 Peserta Audisi PB Djarum ke Fase Karantina,https://sport.detik.com/raket/d-8610413/16-peserta-audisi-pb-djarum-ke-fase-karantina,"Minggu, 09 Agu 2026 00:40 WIB",atlet muda hasil raih super tiket audisi umum pb djarum makassar lanjut jalan fase karantina cari talenta bulutangkis langsung gor dafest tanggal agustus audisi umum pb djarum ikut tak kurang serta kota kabupaten tiga kategori usia u ku ku baik putra maupun putri ikut bagai rangkai giat pilih orang lanjut fase karantina september oktober tahap akan dua kali eliminasi september oktober resmi gabung klub pb djarum tim cari bakat cukup kagum karakter main atlet audisi umum pb djarum makassar banyak mereka milik mampu dasar baik tidak sedikit sudah pernah ikut audisi pilih baik sesuai butuh pb djarum kami ucap raih super tiket bagi belum hasil jangan kecil hati kta ketua tim cari bakat audisi umum pb djarum sigit budiarto terang pers liliyana natsir turut pantau audisi umum pb djarum makassar sejak hari pertama ungkap atlet atlet putri ikut seleksi milik potensi cukup janji legenda bulutangkis lahir manado sulawesi utara sebut nilai mayoritas serta milik postur relatif tinggi kuat pukul jadi modal penting kembang level lebih tinggi kalau lihat atlet atlet putri makassar lihat banyak milik postur tinggi power cukup bagus tentu jadi modal awal baik walaupun perlu asah teknik konsistensi mampu main bisa kembang lebih jauh ujar raih medali emas olimpiade rio de janeiro sama tontowi ahmad sebut ikut daftar raih super tiket jalur turnamen maupun pilih tim cari bakat serta asal kota klub super tiket jalur turnamen u putri arachely sabila kinga gorontalo gorontalo billionaires gorontalo ku putri andi nahwah khaliqah makassar sulawesi selatan pb champion makassar ku putri kresensia lembayung ubung mering balikpapan kalimantan timur champion klaten u putra muh nur rizki ismail kendari sulawesi tenggara pb indojaya kendari ku putra russel junior sumual minahasa utara sulawesi utara pb talenta ku putra muhammad abidzar alghifari balikpapan kalimantan timur pb padu super tiket pilih tim cari bakat u putri balqis maharani s makassar sulawesi selatan karsa mandiri makassar ku putri kartika madelynne tambahani minahasa sulawesi utara mangun badminton club ku putri nadine serenity maweru runtu makassar sulawesi selatan pb avanti ainiyah farah dai gorontalo gorontalo pelatkot gorontalo nur hidayah makassar sulawesi selatan pb yanti jaya makassar u putra mickael desman pekey jayapura papua jayawijaya badminton club jj miguel ongels ambon malu pb micky ku putra kean alfa y warankiran makassar sulawesi selatan pb tiga berlian makassar ku putra muh faiz athallah makassar sulawesi selatan pb ukhuwah makassar geralldy mananggel minahasa utara sulawesi utara pb talenta,sport
"Soft Tenis RI Incar 2 Perak Asian Games, Minim Uji Coba Tak Halangi Target!",https://sport.detik.com/sport-lain/d-8613406/soft-tenis-ri-incar-2-perak-asian-games-minim-uji-coba-tak-halangi-target,"Selasa, 11 Agu 2026 12:30 WIB",siap tuju asi games laku sejak maret batas anggar buat tim soft tenis indonesia dapat satu kesempatantry outke luar negeri tim manajer soft tenis indonesia qamariah ferly montolalu kata skuad terus matang siap hingga berangkat jepang september datang iya memang batas anggar kemenpora kami dapat sempat satu kali try out korea juni kemarin ungkap ferly temu usai latih kawasan kebayoran lama selasa dalamtry outdi korea selatan sebut tim indonesia ikut turnamen internasional incheon juni sunchang juni hasil indonesia bawa pulang tiga medali perunggu meski milik satu agenda uji coba internasional alam sebut jadi modal penting meta kuat calon lawan asi games dapat gambar calon kami hadap asi games edisi belum jepang korea taiwan cukup dominan cabor ujar asi games indonesia turun tujuh atlet diri lima putra putri tio juliandi hutauruk fernando sanger bagus angga boedy pradewa rizky zammy febrian laluyan muhammad reza falevi siti nur arasy allif nafiiah tujuh atlet sebut proyeksi tampil lima nomor regu putra ganda putri tunggal putra tunggal putri ganda campur lima nomor sebut pesti tentu sektor anggap paling realistis sumbang medali medali perak satu medali perunggu regu putra ganda campur tunggal putri kata ferly target sebut sekaligus tunjuk ambisi soft tenis indonesia baik capai dua asi games belum asi games jakarta palembang soft tenis indonesia koleksi satu medali perak tiga perunggu medali perak raih alexander elbert sie tunggal putra perunggu datang tunggal putra tunggal putri regu putra asi games hangzhou gelar pada indonesia raih satu medali perunggu nomor regu putra demikian target dua perak satu perunggu aichi nagoya potensi jadi tingkat banding capai hangzhou ferly sadar target sebut mudah jepang korea selatan taiwan jadi tiga negara lama milik kuat besar cabang soft tenis asia itu indonesia pasang target emas pesti pilih sasar nilai lebih realistis dasar peta saing iya kalau lihat peta kuat cukup berat buat dapat medali emas realistis kami medali perak regu putra ganda campur kata ferly dua perak sebut tunggal putri jadi nomor harap beri satu medali perunggu salah satu andal sektor putri adalah siti nur arasy milik modal positif juara nomor tunggal putri pathum thani international thailand kalah wakil taiwan cheng jul final soft tenis sendiri tanding lima nomor asi games aichi nagoya tunggal putra tunggal putri ganda campur regu putra regu putri siap terus genjot hingga berangkat jepang tim soft tenis indonesia harap batas uji coba jadi halang untuk penuh target medali di asi games mcy krs taut salin,sport
Mencari 12 Pebasket Putri KU 19 buat Wakili Indonesia di Berlin,https://sport.detik.com/basket/d-8611644/mencari-12-pebasket-putri-ku-19-buat-wakili-indonesia-di-berlin,"Senin, 10 Agu 2026 11:30 WIB",imma do great basketball beri sempat emas kepadapebasket putri indonesia banyak atlet baik wakil ri lin jerman ajang jadi sempat langka buat basket muda putri bawa bendera indonesia level internasional jadi impi banyak atlet rasa basket lolos seleksi sempat datang imma do great basketball dapat undang langsung alba lin tim profesional jerman tanding turnamen eksibisi turnamen selenggara rangkaianfiba women s basketball world cup juga gelar lin turnamen tajuk adidas x alba next up tournament khusus turnamen eksibisi serta rupa kelompok usia ku tahun bawah memang jalin kerja sama kembang basket alba lin salah satu klub basket baik jerman sebab dapat sempat representasi indonesia turnamen kata head of operation imma do great basketball krishna juwono nyata karena undang main putri seluruh indonesia lahir maksimal tahun turut seleksi nanti main berangkat lin seluruh akomodasi jalan lama lin tanggung semua sponsor ujar tambah seleksi atlet basket putri ku gelar agora sports hall jakarta agustus total main daftar seleksi serta datang bagai kota imma do great basketball libat latih senior indonesia johannis winar main raih mvp kali indonesia abraham grahita proses seleksi siap lin seleksi tim jalan training camp tc lama hari tempat agora sports hall roar performance center imma do great diri harap bantu atlet atlet basket indonesia capai performa baik salah satu dengan lihat cakrawala basket internasional ucap krishna nanti kami main empat kali plus saksi laga fiba women s basketball world cup moga petik banyak manfaat jalan tutur imma do great basketball ada bawah naung pt ambisi dahsyat gema prestasi buah institusi basket milik program bina basket muda dalam kembang atlet jadi versi baik diri gandeng alba lin partner materi kembang atlet imma do great basketball harap indonesia bisa telur basket basket saing kancah internasional undang memang sangat dadak kami ingin lewat saja harap kami basket basket putri muda indonesia bisa manfaat sempat dengan baik kami tidak punya target macam macam sempat kali representasi indonesia beri usaha sepenuh ajar banyak banyak kata krishna jelas total ada delapan tim yang akan laga adidas x alba next up tournament bagi jadi grup indonesia masuk grup b sama basketball magic australia cb canarias dan sopron basket nanti tanding akan siar kanal resmi youtube alba lin jadwal tanding imma do great basketball vs basketball magic australia september wib vs sopron basket september wib vs cb canarias september wib classification games september tbc,sport
"Jete Run Festival 2026 Selesai, Masuk Rekor MURI",https://sport.detik.com/sportstyle/d-8651462/jete-run-festival-2026-selesai-masuk-rekor-muri,"Senin, 07 Sep 2026 00:35 WIB",jete run festival baru selesai gelar akhir pekan event lari juga masuk buku rekormuri ajang lari gelar kawasan balai kota surabaya minggu lari ambil bagi dua kategori k k start buka langsung wali kota surabaya eri cahyadi jete run tahun juga tampil format lebih luas beda belum bukan ajak masyarakat lari selenggara emas jadi festival olahraga gaya hidup bagai aktivitas dukung pilih balai kota surabaya pusat jete run beri alam beda serta start finis ada jantung kota rute bawa lari lintas jumlah ruas jalan utama surabaya penuh lanskap ikonik kota pahlawan kategori k serta mulai jalan balai kota surabaya tuju jalan pemuda rute kemudian lanjut lewat jalan panglima sudirman jalan basuki rahmat jalan gubernur suryo hingga jalan wuni kembali tuju garis finis balai kota kategori k bawa lari jelajah area pusat kota cakup lebih luas lepas start balai kota serta gerak tuju jalan pemuda jalan panglima sudirman jalan basuki rahmat para lari kemudian ajak nikmat lanskap lain lalu jalan embong malang kawasan blauran jalan bubut jalan pahlawan hingga jalan yos sudarso kembali selesai lomba kawasan balai kota surabaya rute sebut buat serta sekadar selesai jarak sekaligus lintas jumlah koridor pusat kota jadi bagi wajah surabaya panjang jalur selenggara turut sedia titik water station layan medis dukung butuh serta lama giat langsung jete run tahun ambil venue beda belum belum citraland balai kota jadi pilih kita hadir nuansa lari konsep lanskap kota modern khas surabaya penuh nilai sejarah jadi panjang rute lari lintas jalan tempat sejarah kota ungkap jhonny thio dor selaku ceo founder jete rilis banyak giat serta selenggara jete run festival kemudian hasil catat sendiri muri beri harga jete kategori ajang lari ragam giat dukung banyak jete run festival hadir giat dukung bagai kategori mulai olahraga wellness kreativitas hingga giat temu bagai komunitas rekor sebut jadi salah satu tanda kembang jete run buah giat olahraga tuju festival cakup lebih luas terima kasih seluruh masyarakat indonesia telah dukung percaya jete pilih aktivitas hari hari mulai kerja olahraga nikmat hibur era digital capai luar biasa mustahil capai ada dukung keluarga tim konsumen setia jete masyarakat sekali terima kasih semua papar jhonny piagam muri dapat memang jadi capai baik tahun namun kita jangan ada atas angin lupa kualitas adalah ingat brand untuk terus inovasi tengah teknologi terus kembang beri baik utama jadi jete solusi butuh produk aksesoris gadget smarthome wearable juga event olahraga dalam dukung gaya hidup sehat tutup,sport
erafone Run 2026 Sukses Padukan Trail Run-Konser Musik di Tangkuban Perahu,https://sport.detik.com/sportstyle/d-8612182/erafone-run-2026-sukses-padukan-trail-run-konser-musik-di-tangkuban-perahu,"Senin, 10 Agu 2026 14:45 WIB",pasuk tahun empat selenggara erafone run pertama kali hadir jawa barat lalu erafone run bandung series gelar kawasan wisata gunung tangkuban perahu tepat terminal bus jayagiri minggu giat madu olahraga lari hibur musik gaya hidup sehat konsep fun trail run tema runthebeat sejak pertama kali gelar daerah istimewa yogyakarta erafone run terus kembang jadi agenda olahraga tahun sukses gelar yogyakarta tahun erafone run hadir bandung ikut serta head of region erajaya digital ronald suryadinata sampai hadir erafone run bandung series jadi komitmen erafone dukung gaya hidup sehat ajang dorong kembang olahraga tanah air sekaligus beri alam rekreasi tak lupa langgan erafone run bukan sekadar kompetisi olahraga rupa bagi komitmen erafone dorong gaya hidup sehat aktif sekaligus bangun semangat sama lalu olahraga kami sangat apresiasi antusiasme seluruh serta telah jadi bagi erafone run bandung series harap alam lari tangkuban perahu jadi momen kesan mereka ujar ronald terang senin lebih sekadar lari tantang alam indah tangkuban perahu beda ajang lari umum erafone run bandung series tawar rute madu road run trail run kawasan gunung tangkuban perahu serta pilih kategori kategori k buka umum kategori k open master buka umum master adapun rute lintas buat khusus beri puas serta lari pacu diri cetak catat waktu baik personal best juga manja suguh alam pukau panjang rute serta lewat jalur hutan rindang susur indah kawasan lorong lumut kawah domas hingga takluk tantang tanjak tuju titik kawah ratu akhir finis area utama race village runthebeat raya menang sport music lifestyle tahun erafone run usung tema runthebeat jadi identitas event rupa panjang sukses konser musik erasoundwave bandung itu euforia erafone run bandung series rancang tidak hanya henti lintas lari capai garis finis seluruh lari ajak masuk atmosfer festival riah di race village konsep one stop entertainment area tawar paket hibur relaksasi lengkap lari saling baur lalu aktivitas interaktif community engagement penuh games tarik pulih energi sedia eksplorasi activation booth mitra dukung seru erafone run bandung series juga lanjut sesi undi hadiah serta sempat bawa pulang bagai hadiah mulai televisi hingga aksesori grand prize jumlah sponsor erafone more oppo indodana paylater samsung acara kemudian tutup tampil the changcuters tambah semarak suasana lengkap padu olahraga musik gaya hidup sehat dalam erafone run bandung series lalu erafone run bandung series erafone bukti gaya hidup sehat dapat jalan cara senang selaras alam penuh energi positif,sport
Hangtuah Jakarta Punya Pelatih Interim Baru,https://sport.detik.com/basket/d-8624467/hangtuah-jakarta-punya-pelatih-interim-baru,"Selasa, 18 Agu 2026 20:40 WIB",hangtuah jakarta basketballsudah punya latih interim baru siap jelangibl adalahyohanes kristian kristian bagi ombak hangtuah besar besar hangtuah lepas ibl cuma latih jumlah main lepas pria akrab sapa coach bombom tugas awal siap tim jelang ibl all indonesian jadwal gulir oktober bangun fondasi musim kompetisi hangtuah kristian pernah jadi asisten latih satu klub ibl sama lama tiga periode beda louvre surabaya louvre dewa united dewa united basketball club kistian bukan sosok asing fighters pernah jadi asisten latih hangtuah nakhoda andika supriadi saputra kompetisi ibl bahkan coach bombom sempat jabat interim head coach ganti posisi coach bedu henti tengah musim musim selang takdir temu kristian hangtuah kristian bantu moosa madi hantijono pernah kerja jumlah tim basket tanah air hendrikus andi anggriyanto milik alam tangan basket kelompok usia muda sempat dua tangan hangtuah kristian tekad jadi bagai tim prestasi pentas ibl kristian siap maksimal potensi muda sudah milik klub sembari cari tenaga tambah kuat tim baru saya tawar naik jam terbang main main muda sudah tim rekrut jumlah main muda alam jadi fondasi utama tim hangtuah papar krisian rilis ada agenda besar hangtuah hadap musim baru tim kirim rombong anggota kristian moosa hendrikus direktur operasional danzel hartono australia jalan program latih intensif sama perth wildcats akhir agustus lama pek delegasi hangtuah sempat lihat dekat sistem operasional perth wildcats rupa klub basket profesional sukses australia koleksi gelar juara national basketball league nbl lawat markas perth wildcats kali jadi bagi proses benchmarking hangtuah basketball standar kelola klub basket profesional level elite khusus kait metodologi latih sport science player development performance management hingga operasional hari hari alam dapat agenda sebut harap hadir perspektif standar baru kemudian adaptasi iklim basket indonesia kata managing director hangtuah basketball kurniawan santoso agenda besar dua tim kumpul awal september jalan program training camp tc bandung program tc jadi momentum penting coach bombom jajar latih laku evaluasi sekaligus bentuk kerangka utama hadap ibl all indonesian maupun musim kompetisi sedang bangun hangtuah seluruh bukan kena siapa main latih juga bagaimana bangun organisasi kultur fondasi bisnis klub lebih kuat sustainable jangka panjang mohon sabar dukung terus fighters di seluruh indonesia dalam proses papar santoso coach bombom akan pimpin fase siap tim sisi teknis main kami ingin manfaat periode tuju musim ikut kerja lebih intensif ajar organisasi perth wildcats lalu bawa alam sebut training camp di bandung,sport
Ngedadak Padel: Ketika Padel Jadi Ajang Reuni,https://sport.detik.com/sportstyle/d-8653076/ngedadak-padel-ketika-padel-jadi-ajang-reuni,"Selasa, 08 Sep 2026 04:15 WIB",padelkini jadi gaya hidup masyarakat urban indonesia cuma olahraga padel jadi ajang reuni laku alumni fakultas hukum fh universitas trisakti angkat minggu kemarin lokasi hq padel tennis pesanggrahan jakarta selatan laku giat gathering kemas bentuk turnamen padel tajuk ngedadak padel alumni fh trisakti sebut boleh bawa pasang masing masing saing tanding nomor campur turnamen padel ikut fixed partners mixed partners bagi grup serta lihat tampil antusias kompetitif inti jaga silaturahmi angkat fh trisakti memang sering buat giat kumpul kumpul salah satu padel padel sedang gari baik laki laki maupun perempuan ujar salah orang panitia mega ruhapy terang media giat memang hanya ajang silaturahmi panitia tampak serius selenggara acara podium juara pertama peringkat runner up tiga siap menang hak dapat harga medali hadiah arie pujianto salah orang alumni jadi motor gerak aktivitas olahraga kalang alumni fh universitas trisakti sebut angkat memang golong cukup aktif gelar giat giat olahraga padel ini yakin arie jadi pilih tepat silaturahmi baik alumni laki laki maupun perempuan partisipasi zaman kuliah udah lebih tahun lalu memang akur alhamdulillah hubung baik akhir sekarang coba main padel istri main kata arie mudah mudah ada turnamen padel perdana ini angkat mau angkat fh trisakti lain pasti seru kalau seluruh fh trisakti laku gathering sambung arie sebut alumni angkat fh trisakti rencana gelar turnamen padel depan ada asha beach club resort pulau payung pulau ribu tak cuma padel arie para alumni fh trisakti rupa juga gabung dalam klub sepak bola inkracht sakti fc jadwal ikut juara dunia antar advokat mundiavocat bal april mundiavocat ini juga jadi salah satu fokus inkracht sakti fc memang basicnya adalah para lawyer lulus trisakti mungkin kami juga buka peluang ajak main adi fc ucap arie arie jabat kapten tim inkracht sakti fc tambah hadap mundiavocat tahun depan skuad harus bentuk bulan november tim lebih konsentrasi laku siap inkracht sakti fc sendiri tunjuk orang latih profesional kenal kalang olahraga futsal mario silitonga mario memang kali kali bawa tim advokat indonesia kompetisi juara dunia sepak bola antar advokat tangan dingin alam mario harap bisa bawa inkracht sakti fc capai prestasi bangga untuk mundiavocat biasa negara unggul dari asia adalah thailand iran jepang dulu pernah bawa tim sepak bola advokat indonesia ke peringkat tiga kata mario agenda dekat inkracht sakti fc gelar tanding panas hadap para mantan main profesional malaysia sabah fc jakarta september,sport
"Raul Fernandez Marah Dulu, Menang MotoGP Inggris Kemudian",https://sport.detik.com/moto-gp/d-8611685/raul-fernandez-marah-dulu-menang-motogp-inggris-kemudian,"Senin, 10 Agu 2026 12:30 WIB",raul fernandez raih menang race utama motogp inggris marah diri sendiri akibat gagal sesi sprint race silverstone fernandez raih menang motogp inggris sirkuit silverstone minggu pimpin sejak lap pertama hingga finis kalah jorge martin unggul detik menang jadi pertama fernandez motogp sekaligus menang dua kelas premier jadi menang beda gelar motogp inggris akhir fernandez benar awal akhir pekan baik rebut posisi dua kualifikasi paut detik jorge martin raih pole position performa sprint justru akhir buruk fernandez jatuh fase awal sedang saing posisi depan gagal buat fernandez datang sesi warm up hari minggu pagi emosi kemudian dorong ban belakang medium terlalu keras situ fernandez justru dapat ajar penting kena batas ban akan guna balap utama balap lebih baik kira sejak tikung pertama sudah ada depan mulai atur ritme kata fernandez dilansircrash net lihat jorge martin dekat tiga empat puluh detik bilang oke sedikit tekan lebar jarak arti laku kerja sangat bagus lama balap pikir balap yang sempurna fernandez kemudian ungkap bagaimana sesi warm up bantu paham karakter ban belakang rasa marah lecut semangat pikir sesi panas bantu paham batas ban belakang pagi cukup marah diri sendiri mungkin terlalu paksa diri sana paham batas ban ada kisar menit detik menit detik langsung coba ada kisar menit detik rendah jadi pagi tadi ajar mana batas ban belakang terlalu peduli performa ban belakang akhir balap ajar sebut kemudian terap fernandez balap utama balap mulai rider spanyol itu langsung ambil posisi depan lap pertama itu mampu bangun jarak para rival jorge martin sempat dekat detik fernandez tingkat cepat jaga unggul bendera finis strategi kelola ban jadi sangat penting seluruh balap guna ban belakang medium masalahtyre dropyang jadi sprint fernandez juga atur guna bahan bakar panjang balap nilai menang silverstone bukan tentu cepat juga tenang kelola balap saya pikir balap hari adalah soal mentalitas sulit atur bukan soal ban tetapi juga bahan bakar kasus saya saya harus atur sejak lap pertama saya sangat senang saya benar benar tidak tahu harus kata apa terima kasih tim saya menang sebut jadi jawab fernandez telah gagal sprint juga catat nama menang beda balap utama motogp inggris akhir belakang fernandez jorge martin finis dua marco bezzecchi tempat posisi tiga aprilia dominasi podium motogp inggris,sport
Menjaga Gaya Hidup Sehat Lewat Hyrox,https://sport.detik.com/sportstyle/d-8653072/menjaga-gaya-hidup-sehat-lewat-hyrox,"Selasa, 08 Sep 2026 03:20 WIB",hyroxtak dipungkiri naik daun dunia utama indonesia olahraga memang punya peran penting jaga stamina tubuh hyrox kompetisi bugar global kombinasi lari jarak jauh latih fungsional satu rangkai lomba intens olahraga pertama kali luncur jerman tahun cepat kembang jadi fenomena internasional tuju utama kompetisi adalah uji daya tahan endurance kuat strength serta seluruh beda kompetisi atletik lain sering kali tuju profesional hyrox rancang inklusif semua tingkat bugar serta mula hingga atlet elit kompetisi bawah standar sama waktu selesai catat digital jadi hyrox salah satu jenis kompetisi fitness race paling populer dunia mengapa banyak pusat bugar kota kota besar indonesia masuk hyrox salah satu jual tinggi minat saat sudah sering lihat kompetisi hyrox tanding cuma tanding resmi hyrox kerap jadi gimmick buah seremoni salah satu hari merdeka ri bulan lalu synergy worldwide indonesia usaha gerak bidang nutrisi wellness synergy kolaborasi south barn hadir buah kompetisi fitness madu semangat olahraga kompetisi tradisi raya agustus lalu acara agustus throwdown usung konsep kompetisi gaya hyrox agustus throwdown hadir tantang fisik uji kuat daya tahan cepat tangguh serta beda kompetisi fitness umum acara bawa suasana khas raya merdeka indonesia lalu bagai lomba agustus lomba makan kerupuk mengigit sendok kelereng ingin hadir beda sambut hari merdeka fitness olahraga milik nilai sangat dekat semangat juang konsistensi disiplin berani hadap tantang mudah serah lalu agustus throwdown ingin gabung nilai nilai sebut dengan ceria sama jadi ciri khas raya agustus indonesia produk produk synergy indonesia hadir dukung performa cinta olahraga fitness ujar dina yuliyanti selaku senior marketing manager synergy worldwide indonesia terang kolaborasi sama south barn juga jadi bagi upaya hadir alam olahraga lebih inklusif senang komunitas serta hanya tantang tunjuk mampu fisik arena kompetisi juga ajak nikmat suasana raya merdeka sama komunitas rekan rekan sama cinta olahraga konsep work hard play hard jadi salah satu semangat utama acara ini gabung tantang fisik dalam kompetisi main main khas agustus hadir suasana santai penuh tawa kompetisi yang sahabat hadir agustus throwdown sekaligus cermin makin kembang budaya fitness olahraga fungsional di indonesia kompetisi hyrox gabung bagai elemen latih mulai kuat kardio hingga functional movements tuntut serta untuk milik mampu fisik yang seluruh lalu giat ini synergy worldwide indonesia south barn harap semangat merdeka tidak hanya raya lalu seremonial juga wujud lalu gaya hidup aktif sehat sportif penuh sama,sport
"Dari Hyrox ke 10K, Fanny Ghassani Pilih Pace Santai",https://sport.detik.com/sportstyle/d-8655787/dari-hyrox-ke-10k-fanny-ghassani-pilih-pace-santai,"Rabu, 09 Sep 2026 18:50 WIB",demam olahraga lari terus jalar kalang selebritas salah satu kini gari olahraga sebut fanny ghassani dua kali jajal race fanny kini naik level sports enthusiast jalan debut nomor k runxperience gelar awal oktober lari k k jadi habis k perdana ikut nomor sebut kata fanny temu kawasan semanggi rabu fanny k jadi langkah nanti coba half marathon full marathon pasang target waktu pilih nikmat lomba enggak target sih kalau lari tuh ingin anggap lari tuh fun gitu pernah target belum tahap misal lari k satu jam gitu ungkap sibuk artis jadi salah satu alas fanny milik waktu latih atur lari serius tekun olahraga sebut saya beban berapa waktu saya capai lebih baik penting lari fun aja ingat waktu latih enggak akan sama kayak serius lari kerja kan kayak kerja kantor umum kata fanny gemar fanny lari dorong butuh tingkat mampu fisik ikut hyrox kompetisi bugar madu lari latih fungsional sadar butuh fisik lebih kuat hyrox fanny mau tak mau tambah latih khusus program lari dia bahkan dua kali jajal race tingkat mampu fisik benar dulu aku penasaran tidak bisa lari kayak kok aku bisa enggak suka lari saat semua orang suka lari tutur akhir aku serius lari hyrox hyrox aku delapan kali lari delapan kali station jadi mau enggak mau aku ajar bagaimana cara lari cepat situ lah aku paksa diri lari jadi kalau tanya siapa ajak lari enggak diri sendiri kalau tak latih lari aku ko habis lari lalu narik jadi combine tegas meski kini mulai serius lari selebritas usia tahun tidak terlalu ngoyo ikut kompetisi lari utama kejar catat waktu fanny sadar tuju utama olahraga laku jaga bugar sehat aku ekspetasinya gitu dampak hyrox lebih dari itu lari buat sehat otot jantung angkat beban lebih tulang otot yang bentuk jadi aku perlu latih cardionya jadi aku mau ujar aku tak mau paksa diri ingat aku bukan atlet waktu aku ini bukan kerja aku sadar diri jadi pace santai santai enggak pelan enggak kencang juga pungkas runxperience gelar dua kota surabaya juli gelar sebut akan lanjut jakarta oktober di surabaya runxperience gelar di kawasan balai kota surabaya ikut serta ajang sebut tanding kategori k k k di jakarta kategori yang sedia k fun run k k k half marathon,sport
Fearless Padel Festival 2026: Karena Padel Tak Lagi Sekadar Olahraga,https://sport.detik.com/sportstyle/d-8619577/fearless-padel-festival-2026-karena-padel-tak-lagi-sekadar-olahraga,"Sabtu, 15 Agu 2026 09:05 WIB",padel bukan sekadar olahraga masyarakat urban tanah air padel jadi gaya hidup itu dasar ada fearless padel festival agustus athletiqs airdome jakarta usung konsep festival olahraga ajang tidak sekadar hadir tanding hibur ruang kumpul main komunitas hingga masyarakat umum sedia hadiah total rp juta kompetisi buat bagai kategori main agam level rasa atmosfer tanding kategori putra dapat open silver bronze kategori putri liput open bronze lower bronze celebrity mixed upper beginner kategori youth u u boys khusus main mula fearless hadir women s beginner men s upper beginner fixed mixed upper beginner sifat invitation only konsep sebut rancang main baru kenal turnamen oleh alam kompetitif suasana lebih nyaman direktur utama pt elang kreasi indonesia lita novita kata pihak syukur selenggara fearless padel festival mulai baik harap giat hari minggu fasilitas semua atlet main mulai beginner open tournament bisa jadi lebih baik beri inspirasi banyak orang ujar lita terang turut lita pesat tumbuh padel jadi salah satu alas utama gelar fearless lihat makin banyak masyarakat ambil bagi olahraga sebut tarik padel nilai bukan sekadar aktivitas fisik olahraga main pasang buka ruang interaksi sosial luas relasi sekaligus erat silaturahmi pandang sebut jalan deputi bidang tingkat prestasi olahraga kemenpora surono apresiasi selenggara kompetisi padel nilai penting bangun ekosistem olahraga turut kompetisi bukan jadi arena tentu menang cundang lebih itu kompetisi jadi instrumen identifikasi talenta ukur kembang mampu atlet sekaligus meta potensi prestasi lanjut surono sorot penting data atlet integrasi mulai tempat latih latih kembang prestasi hingga rekam jejak tanding tumbuh padel lanjut buka peluang besar sektor sport tourism sport industry makin besar komunitas makin tinggi pula butuh fasilitas lengkap latih selenggara event sponsorship media hingga bagai jasa dukung olahraga itu wakil ketua umum i kumpul besar padel indonesia pbpi mochtar sarman tegas padel milik peluang besar kembang olahraga prestasi pbpi bahkan catat prestasi raih peringkat tiga tim putri tahun belum waktu dekat tim indonesia juga hadap asi games jadi momentum penting kembang padel nasional siap laku serius atlet kirim latih spanyol pbpi hadir latih kepala asal spanyol tingkat kualitas tim luar tanding fearless padel festival juga tawar alam festival unjung saksi tanding bagai level sekaligus nikmat hibur puncak mollucan akan tampil acara tutup minggu pukul wib konsep madu kompetisi komunitas hibur gaya hidup fearless padel festival ambisi jadi lebih sekadar turnamen tanding penuh sportivitas fair play yang paling penting have fun kata mochtar,sport
MotoGP Kaji Bursa Transfer untuk Rider seperti di Sepakbola!,https://sport.detik.com/moto-gp/d-8615237/motogp-kaji-bursa-transfer-untuk-rider-seperti-di-sepakbola,"Rabu, 12 Agu 2026 15:30 WIB",motogp sedang kaji mungkin menerapkantransfer window alias bursa transfer pindah balap buah konsep lama guna sepakbola gagas sebut muncul bursa balap motogp gerak sangat cepat paruh pertama musim kondisi bahkan nilai potensi geser perhati saing lintas laporanmotorsport com mang penting utama motogp tengah ajar mekanisme tetap periode tentu tim ikat balap sepakat buat luar periode sebut nanti anggap sah bahas kena gagas langsung temu irta management council paddock silverstone jumat pagi forum sebut temu wakil asosiasi tim motogp irta tim tim serta direktur olahraga motogp carlos ezpeleta hadir temu langsung hampir tiga jam bahas jumlah soal salah satu mungkin buat sistem efektif jadi transfer window motogp gagas sebut muncul alas bursa balap grid motogp gerak jauh lebih cepat banding biasa akhir januari lalu fabio quartararo lapor capai sepakat gabung honda jorge martin kemudian proyeksi ambil tempat quartararo yamaha lama selang pada januari sepakat pedro acosta ducati cuat acosta proyeksi isi kursi tim pabrikan ducati jadi rekan tim marc marquez gera sebut buat bagi besar kursi motogp sudah isi jauh jeda musim panas persen kursi sedia sebut milik balap jeda musim panas padahal periode sebut tradisional jadi masa mayoritas sepakat pindah balap baru selesai cara atur kondisi sebut benar jadi soal ada khawatir bursa balap gerak terlalu dini justru kurang perhati apa jadi lintas pihak kait kini ajar mungkin adopsi sistem sudah kenal luas cabang olahraga utama sepakbola sepakbola transfer window tetap periode tentu klub laku daftar pindah main motogp tengah ajar konsep rupa pasar balap terap sederhana buat tanggal buka tutup bursa motogp timbang jumlah kondisi khusus salah satu promosi balap kelas lebih rendah sistem buat tetap beri ruang balap moto moto naik kelas itu mungkin perlu kerangka atur khusus jumlah kecuali gagas transfer window sebut dapat pandang seragam seluruh tim laporanmotorsport com dapat beda dapat antara pihak pihak hadir bahas silverstone yamaha sebut masuk pihak lihat gagas sebut sesuatu layak terap potensi beri dampak positif balik ducati lebih hati hati pabrikan asal italia itu nilai terap transfer window jadi target sangat sulit wujud arti bahas ada tahap awal belum ada putus motogp akan benar benar terap transfer window realisasi atur sebut akan jadi ubah besar cara bursa balap motogp kerja bursa lagi gerak bebas panjang musim harus ikut periode telah tentu kata motogp mulai timbang transfer deadline ala sepakbola drama bursa balap kalah drama lintas,sport
"PABKI Catatkan Rekor MURI, Tancapkan 600 Pisau!",https://sport.detik.com/sportstyle/d-8640052/pabki-catatkan-rekor-muri-tancapkan-600-pisau,"Minggu, 30 Agu 2026 03:55 WIB",satu olahraga akurasi bilah kapak indonesia pabki baru masuk buku museum rekor indonesia muri bilah pisau tancap sama anda belum tahu pabki organisasi bawah olahraga lempar pisau kapak masuk daftar olahraga rekreasi indonesia organisasi diri mako brimob kelapa depok jawa barat viktor alexander lateka rupa perwira tinggi polri pangkat brigadir jenderal tunjuk jadi ketua umum periode organisasi olahraga pabki punya jumlah agenda turin tahun salah satu kejurnas lempar pisau kapak ikut ratus atlet bagai daerah kiara artha park bandung agustus upacara buka panitia laku pecah rekor upa tancap pisau papan pecah rekor libat lebih lempar kontingen provinsi indonesia serta guna satu set lengkap standar kompetisi diri atas empat bilah pisau lempar ketua hari pabki hendri jay agustian kata aksi sebut jadi capai penting kembang olahraga lempar pisau kapak indonesia bahkan sebut giat sebut rupa pertama kali laku skala sebut dunia giat muri laksana bisa kata pertama kali dunia bukan indonesia kami maksimal lempar tancap target putih jadi bukti simbolis betapa masif kembang olahraga tanah air kata hendri terang proses nilai rekor pabki sama tim muri terap awas ketat pasti lempar sah catat pisau hasil tancap papan sasar hitung satu poin bahkan pisau sempat tancap kemudian jatuh akibat timpa lempar ikut tetap nyata sah hitung sebut laku dasar awas asisten juri tempat sisi kiri kanan papan sasar usai pecah rekor giat lanjut kejurnas lempar pisau kapak langsung lama hari banyak kelas tanding rebut total gelar juara kejurnas sebut guna sistem open tournament hingga persen serta rupa anggota resmi pabki sisa asal lempar umum nonanggota hendri kata komunitas olahraga lempar pisau kapak aktif gelar bagai juara sejak kejurnas kali jadi momentum terap tata kelola kompetisi lebih profesional masuk selenggara siar langsung daring siar langsung sebut turut pantau hingga lempar profesional bagai negara pabki manfaat momentum sebut tahap awal jaring atlet internasional jelang piala dunia lempar pisau rencana gelar indonesia akhir di sisi pabki tengah selesai final administrasi gabung resmi di bawah naung komite olahraga nasional indonesia koni hendri sebut seluruh lengkap tata kelola syarat organisasi penuh kejurnas kali jadi salah satu momentum penting proses sebut depan pabki target jumlah partisipasi atlet tingkat hingga tiga kali lipat target harap kuat posisi indonesia salah satu negara kuat utama dalam olahraga lempar pisau di tingkat internasional,sport
PATRIN Buka Suara soal Kabar Atlet Tuna Rungu Galang Dana,https://sport.detik.com/sport-lain/d-8641175/patrin-buka-suara-soal-kabar-atlet-tuna-rungu-galang-dana,"Senin, 31 Agu 2026 01:50 WIB",sempat viral atlet tuna rungu indonesia galang dana mandiri ikut juara internasional kumpul atlet tunarungu indonesia patrin sampai klarifikasi klarifikasi sebut sampai langsung jajar dewan pimpin pusat patrin ketua umum patrin pusat dimyati hakim sama wakil sekretaris jenderal dpp patrin agung baghaskoro terang resmi kamis agung tegas patrin kancah internasional kenal nama iada indonesian association of the deaf athlete organisasi resmi satu satu indonesia aku international committee of sports for the deaf icsd organisasi taung olahraga tunarungu tingkat internasional tegas patrin iada internasional organisasi resmi satu satu aku icsd bawah pimpin ketua umum bapak dimyati hakim milik legitimasi taung bina kirim atlet tunarungu indonesia ajang resmi internasional ujar agung nyata jalan sebut patrin tegas kirim keikutsertaan atlet tunarungu indonesia giat olahraga internasional lama tempuh lalu mekanisme koordinasi resmi sama national paralympic committee of indonesia npci menteri pemuda olahraga republik indonesia kemenpora agung pasti hubung koordinasi patrin iada npc indonesia lama jalan baik harmonis turut kirim kontingen resmi mengatasnamakan indonesia laku lalu koordinasi jenjang pihak pihak kait kait isu kirim atlet tunarungu harus galang dana organisasi resmi satu satu aku icsd baik sama ketua patrin pusat bapak dimyati hakim tahu sama sekali ujar patrin tegas pihak pernah terima koordinasi resmi maupun beri tuju kait galang dana masyarakat kirim atlet tunarungu indonesia juara internasional bagaimana informasi edar itu patrin sayang ada informasi kena kirim atlet mengatasnamakan indonesia lalu koordinasi resmi patrin iada npc indonesia kemenpora segera coba komunikasi telusur atlet atlet sebut kirim koordinasi resmi selaku patrin iada npc kemenpora harus lurus tidak rugi atlet coreng nama baik indonesia mata internasional kata agung patrin akan laku komunikasi koordinasi lebih lanjut seluruh pihak kait oleh jelas kena soal sebut langkah laku tiap proses kirim keikutsertaan atlet tunarungu indonesia ajang internasional jalan transparan koordinasi profesional tetap tempat penting masa depan atlet bagai prioritas sisi patrin sampai apresiasi terima kasih kemenpora ri atas dukung lama beri patrin bina atlet tunarungu indonesia kami sampai apresiasi terima kasih kemenpora lama konsisten beri dukung support penuh kepada patrin atlet tunarungu ujar agung patrin tegas komitmen terus bangun komunikasi koordinasi seluruh mang penting olahraga baik tingkat nasional maupun internasional hal sebut jadi bagi upaya pasti para atlet tunarungu indonesia oleh sempat kembang prestasi lalu proses bina kirim kontingen resmi koordinasi transparan profesional,sport
Petinju Prichard Colon Meninggal di Usia 33 usai 11 Tahun Alami Cedera Otak,https://sport.detik.com/g-sport/d-8618284/petinju-prichard-colon-meninggal-di-usia-33-usai-11-tahun-alami-cedera-otak,"Jumat, 14 Agu 2026 14:15 WIB",kabar duka datang dunia tinju tinju puerto rico prichard col n tinggal dunia usia tahun hampir tahun alami cedera otak parah buah tarung kabar sebut sampai ayah richard col n lalu facebook kamis rangkum jumlah informasi lain dariespndantalksport sebab spesifik mati col n umum selamat pagi sahabat semua berat hati memberitahukan pergi putra prichard dunia sekarang ada dunia lebih baik sudah laku segala mungkin penuh ingin mimpi bawa libur puerto rico sangat ingin hal tidak laku terima kasih atas banyak tahun cinta doa bisa mungkin tetap doa tulis richard col n rupa tinju muda sempat gadang gadang milik masa depan cerah pasuk tarung akhir rekor sempurna menang kalah masuk menang ko tarung lawan terrel williams fairfax virginia oktober tahun ubah hidup lama tarung sebut col n beberapa kali kena pukul bagi belakang kepala williams dapat kurang satu poin ronde tujuh karenarabbit punch col n kemudian jatuh ronde sembilan akhir nyata kalah lalu diskualifikasi jadi kesalahpahaman sudut saat tinggal ring kondisi col n buruk muntah kemudian ambruk ruang ganti lari rumah sakit dokter temu hematoma subdural darah sekitar otak col n jalan operasi darurat kurang tekan otak kemudian ada koma lama hari kalah williams jadi pertama karier profesional rekor ubah jadi karier tinju akhir malam bangun koma col n alami rusa neurologis berat tidak kembali jalan bicara belum butuh awat lama jam keluarga terus damping lama tahun tahun hampir delapan tahun cedera sebut col n jalan pulih dukung penuh keluarga kini juang panjang sebut akhir col n tinggal dunia usia tahun hampir tahun hidup dampak cedera ubah seluruh hidup pergi col n dapat hormat organisasi organisasi tinju dunia presiden wbo gustavo olivieri kenang col n sosok berani semangat juang luar biasa hidup prichard tanda berani tekun semangat juang luar biasa kata olivieri kisah lampau ring sentuh komunitas tinju dalam lama tahun tahun damping rasa hormat kagum harap wbc beri hormat col n orang juang sejati kuat berani semangat juang inspirasi orang orang seluruh dunia tulis wbc itu wba sebut col n juang sejati segala arti prichard tinggal ajar dalam hidup tangguh olahraga seluruh komunitas tinju duka atas hilang milu begitu arti tulis wba prichard col n pergi usia tahun tinggal kisah karier yang henti usia muda juang panjang hampir tahun telah tragedi atas ring,sport
Amri/Nita Happy Dapat Pelatih Baru: Coach Nova Tahu Pola Ganda Campuran,https://sport.detik.com/raket/d-8615360/amri-nita-happy-dapat-pelatih-baru-coach-nova-tahu-pola-ganda-campuran,"Rabu, 12 Agu 2026 16:30 WIB",ganda campur indonesia amri syahnawi nita violina marwah sambut positif kembali nova widianto pelatnas pbsi nilai nova paham detail main butuh pasang ganda campur pbsi gandeng nova tangan sektor ganda campur pelatnas cipayung ubah sebut laku pbsi laku evaluasi jajar latih sektor sebut akhir juli nova mulai tangan amri nita langsung sektor ganda campur damping latih pratama muhammad rijal hendra mulyono nita sambut antusias hadir nova alam nova tangan ganda campur jadi nilai penting sektor sebut butuh perhati detail detail main kalau bilang happy happy mungkin tahu pola ganda campur tuh apa detail apa gimana dia tahu kata nita pelatnas pbsi rabu nita nilai main ganda campur butuh sosok latih ingat kecil tanding langsung detail sebut nila pengaruh main pasang jadi benar main main tuh dibutuhin kecil hal kayak ingat habis kayak gin sini habis kayak gin harus kayak gin sih perlu ingat nita detail detail seperti jadi salah satu hal sempat lewat bina ganda campur indonesia beberapa tahun akhir mungkin lihat semua beberapa tahun tuh miss detail detail banget gitu jadi kendala ganda campur kayak enggak yang ingetin harus bagaimana main itu harus bagaimana itu hadir nova harap bisa bantu main lebih paham pola main yang harus terap lapang sekarang coach nova balik latih sama rijal sementara gitu itu ingat banget sih hal hal detail kayak gitu tuh ingat kita banget gitu sih ujar meski nova kembali lingkung pelatnas amri nita nyata sempat bicara langsung latih yang belum tangan ganda campur indonesia sebut amri kata diri baru batas tegur sapa nova temu jumlah turnamen dua sempat ada lokasi yang sama ikut turnamen jepang china sih saling tegur aja kalau ketemu tanding belakang gitu kalau pas jepang china kan ketemu cuma mau ngobrol mungkin coach nova ada tanggung jawab sana jadi enak lah ngobrol jadi paling ya sapa sapa gitu kata amri amri nita sendiri rupa salah satu pasang ganda campur indonesia yang tengah jadi tumpu maret capai peringkat dunia data yang cantum profil bwf pasang juga terus buru konsistensi level elite indonesia open amri nita henti babak besar kalah pasang china guo xinwa chen fanghui kembali nova damping sementara dari rijal hendra mulyono amri nita harap benah detail main bisa bantu kembang tampil lebih konsisten turnamen turnamen ikut,sport
Arwana Jaya dan Onic Sport Juara IPL Season 2,https://sport.detik.com/sport-lain/d-8642836/arwana-jaya-dan-onic-sport-juara-ipl-season-2,"Selasa, 01 Sep 2026 08:25 WIB",selesai musim keduabri indonesia pingpong league ipl arwana jaya onic sport tampil juara grand final season hadir format kompetisi tuntut konsistensi tim panjang empat hari selenggara agustus main atrium trans studio mall ciubur depok format grand final seluruh tim masing masing kategori elite putera elite puter saling temu hasil akhir tentu dasar total raih poin tim lama rangkai tanding khusus kategori elite puter temu dapat sesi tanding ganda pada kategori elite putera tanding langsung sesi ganda saing elite putera langsung ketat hingga tanding akhir arwana jaya hasil kumpul poin keluar juara hasil sebut jadi capai istimewa arwana jaya hasil ambil alih tahta onic sport rupa juara ipl season pilar arwana jaya muhammad bima abdi negara sebut hasil rebut gelar juara tahan jadi capai sangat arti tim sangat syukur jadi juara onic juara season tahu punya kualitas sangat bagus jadi rebut gelar tentu jadi capai sangat spesial semua main beri baik usaha jaga fokus tanding akhir ujar bima rilis sistem ini tanding sangat penting walaupun menang dapat poin kalah dapat satu poin tetap boleh lengah target menang tiap tanding kumpul poin banyak mungkin kompak mental tim jadi kunci kata itu onic sport tampil juara kategori elite puter raih poin onic sport unggul sukun kudus posisi dua lima poin arwana jaya posisi tiga poin jasa raharja putera posisi empat dengan tiga poin main onic sport cindy marcella aku bangga bawa tim raih gelar juara elite puter cindy konsistensi jadi kunci menang onic sport ingat turnamen langsung cuma empat hari pasti sangat senang bangga jadi juara jalan tuju grand final mudah semua tim punya kualitas bagus usaha jaga fokus saling dukung beri mampu baik tiap tanding papar cindy kami harus jaga fokus tanding pertama tanding akhir tiap tanding punya nilai sangat penting kami syukur jaga konsistensi akhir dapat hasil baik sambung grand final indonesian pingpong league season turut hadir ketua umum ipl petrus reinhard golose sekretaris jenderal ipl yon mardiyono seluruh jajar urus indonesian pingpong league petrus kata grand final jadi momentum penting para atlet tunjuk hasil kerja keras panjang musim grand final adalah panggung para atlet tunjuk hasil kerja keras mereka panjang musim kami ingin ipl terus jadi kompetisi beri ruang atlet kembang prestasi dapat alam tanding level tinggi ujar petrus,sport
"Jonatan Christie Sempat Tegang, Nyaris Tersusul, tapi Akhirnya Menang",https://sport.detik.com/raket/d-8625581/jonatan-christie-sempat-tegang-nyaris-tersusul-tapi-akhirnya-menang,"Rabu, 19 Agu 2026 15:15 WIB",jonatan christie sempat ada tekan hadap jia heng jason teh juara dunia bulutangkis sempat tegang hilang gim pertama jonatan akhir mampu bangkit laju babak besar jonatan hadap wakil singapura babak besar new delhi india rabu jojo lewat tanding tiga gim menang hasil sebut lanjut dominasi jonatan atas jason teh belum dua beberapa kali temu jonatan selalu mampu raih menang tanding kali jalan mudah jonatan aku terlalu tegang sejak awal strategi siap langsung jalan jonatan kemudian coba keluar tekan mulai main lebih berani kurang ragu ambil putus tadi main terlalu tegang panik percaya buat guna strategi pola siap jadi serba ragu tengah gim pertama ujar jonatan terang lalu federasi coba keluar tekan lebih berani lebih terlalu banyak timbang main cukup hasil kejar sayang poin akhir kurang tepat guna pukul upaya sebut cukup selamat gim pertama jonatan hilang gim buka skor pasuk gim dua jonatan mulai temu main baik bahkan mampu unggul jauh hingga hanya butuh satu poin paksa gim tentu jason teh tidak serah wakil singapura ubah pola main mampu rebut lima poin untun hingga kecil tinggal jadi situasi sebut sempat buat jonatan panik untung akhir dapat poin butuh tutup gim dua gim dua unggul saya rasa lawan lepas siap fokus gim tiga nyata usaha ganti pola main mungkin mau main gim tiga tutur buat dapat banyak poin dan saya lumayan panik untung selesai gim tiga sudah lebih baca main ujar jonatan gim tiga jonatan tampil lebih tenang main jason teh sudah lebih baca jonatan mampu kontrol tanding hingga akhir menang menang sebut jadi ajar penting jonatan utama soal kelola tekan tanding juara all england itu sadar tanding hadir situasi beda itu tidak terlalu terpa apa sudah ajar laga belum tidak hanya juara dunia turnamen tanding selalu jadi ajar pasti dapat kata jonatan susah bukan mutlak matematika jadi yang ajar kemarin beda di hari next tanding banyak situasi yang buat beda mungkin kondisi mood feelnya atau segala macam ini yang masih saya nikmat proses hari tegas jonatan kini lang babak besar juara dunia lewat laga yang sempat buat tegang jojo harap bisa tampil lebih tenang pada tanding ikut,sport
Menkomdigi Imbau Warga Waspadai Dampak Erupsi Anak Krakatau,https://sport.detik.com/advertorial-news-block/d-8651455/menkomdigi-imbau-warga-waspadai-dampak-erupsi-anak-krakatau,"Minggu, 06 Sep 2026 23:48 WIB",menteri komunikasi digital menkomdigi meutya hafid imbau masyarakat tetap tenang tingkat waspada susul aktivitas erupsi gunung anak krakatau selat sunda minta masyarakat pantau informasi sumber percaya paling penting tetap tenang jangan kurang waspada masyarakat perlu ikut arah otoritas kait pasti informasi terima asal sumber percaya kata meutya terang tulis minggu tahu gunung anak krakatau gak tunjuk aktivitas vulkanik sangat signifikan sejak jumat malam kini status ada level iii siaga abu vulkanik telah deteksi sebar jumlah wilayah masuk banten dki jakarta jawa barat erupsi gak sebab jumlah terbang batal timbul khawatir masyarakat akibat isu potensi tsunami akan timbul dentum getar sempat jadi bagi wilayah jawa barat akibat aktivitas gak juga cukup buat masyarakat khawatir kait ini meutya minta masyarakat ikut kembang aktivitas gunung anak krakatau kondisi sebar abu vulkanik sumber sumber resmi percaya utama lalu kanal resmi perintah lain pvmbg bmkg bnpb perintah daerah instansi kait lain pasti akurat informasi pihak pihak milik wenang kait bencana gunung rap hindar misinformasi informasi sesat sebab resah ungkap lebih lanjut meutya ingat masyarakat sebar informasi belum verifikasi benar kait kondisi gunung anak krakatau situasi ini informasi benar dapat timbul panik itu saring sharing pasti informasi kita terima asal sumber resmi dapat dipertanggungjawabkan tegas meutya meutya dorong masyarakat tetap tenang juga tingkat waspada khusus warga tinggal dekat gak wilayah turut dampak abu vulkanik tetap waspada tetap tenang jangan mudah percaya informasi belum jelas sumber mana jelas masyarakat ada wilayah dampak abu vulkanik meutya imbau laku jumlah langkah jaga selamat sehat pertama guna masker tepat apabila aktivitas luar rumah masker n kn bantu nyaring partikel abu vulkanik dua guna kacamata lindung hindar guna lensa kontak softlens lama kondisi udara pengaruh abu vulkanik tiga kurang aktivitas ruang buka apabila tidak ada perlu desak masyarakat saran tetap ada ruang batas papar abu vulkanik empat bagi masyarakat yang harus kendara kurang cepat tingkat waspada abu vulkanik dapat kurang jarak pandang buat muka jalan jadi licin lima cuci tangan wajah aktivitas luar ruang pasti sumber air bersih lindung papar abu itu meutya imbau masyarakat wisatawan nelayan tidak dekat kawasan gunung anak krakatau laku aktivitas dalam radius kilometer kawah aktif sesuai rekomendasi pvmbg selamat yang utama tidak perlu panik tetap selalu waspada jaga selamat sehat pungka meutya,sport
Ketika 140 Pegolf Bertarung Rayakan Hut ke-81 RI,https://sport.detik.com/sportstyle/d-8635820/ketika-140-pegolf-bertarung-rayakan-hut-ke-81-ri,"Kamis, 27 Agu 2026 00:15 WIB",hari merdeka republik indonesiamemang lewat masih cara raya suka cita lewat ayun stik golf the manor golf estate hadir the manor golf member guest medal tournament agustus minggu bagi club series rangkai turnamen telah agenda panjang tahun bentuk komitmen bangun engagement lebih dekat member lalu bagai event turnamen rutin itu manor ingin partisipasi kembang olahraga golf tanah air turnamen kali usung tema par tee agustus langsung antusiasme tinggi para member maupun guest pasti nyaman serta sekaligus jaga kualitas selenggara jumlah serta batas maksimal serta kategori menang member guest tinggi antusiasme buat slot turnamen kali isi cepat manor golf estate turnamen cuma ajang temu sama golf anggota tapi ikut raya hut ri sangat apresiasi antusiasme luar biasa member guest the manor golf member medal tournament kali pasti nyaman serta jaga kualitas selenggara tetap kapasitas maksimal serta tinggi antusiasme buat slot turnamen kali isi cepat ujar chief of committee the manor golf member guest medal tournament agustus asep hendi terang media bukan sekadar kompetisi golf tawar saing lapang turnamen turut hadir agam hadiah tarik salah satu jadi daya tarik utama dua unit mobil hadiah hole in one tur gratis maladewa banyak menang lucky draw sempat bawa pulang hadiah total nilai rp juta itu tiga serta untung dapat grand prize upa ponsel total nilai capai rp juta bagai aktivitas brand sponsor buat suasana turnamen makin semarak game challenge aktivitas interaktif jumlah hole buat serta tidak hanya fokus kompetisi nikmat alam main lebih dinamis muncul menang julius setiawan hasil raih gelar best gross overall benar cukup jarang ikut tournament jadi ikut main the manor kali hasil raih best gross overall sekaligus nobat champion jadi alam sangat senang kesan sejak awal datang suasana asa riah bahkan sambut lobby lama main juga banyak aktivitas game challenge brand sponsor hole suasana tetap seru buat makin excited selesai tiap hole papar julius aktivitas aktivitas sebut buat tournament asa beda kompetisi tetap tetapi suasana juga sangat enjoyable saya puas alam main the manor kali saya akan tunggu club championship tentu siap main jadi menang sambung the manor golf estate harap kontribusi ini dampak positif untuk kembang olahraga golf tanah air,sport
FIP Silver & FIP Promises Bali: Cara PBPI Memajukan Padel Tanah Air,https://sport.detik.com/raket/d-8634091/fip-silver-fip-promises-bali-cara-pbpi-memajukan-padel-tanah-air,"Selasa, 25 Agu 2026 18:55 WIB",kumpul besar padel indonesia pbpi terus kuat komitmen dorong tumbuh olahragapadeldi indonesia salah satu lewat turnamen pbpi baru tuntas helat fip silver fip promises bal agustus island sports bal pertama kali fip silver ada indonesia hadir kompetisi standar internasional ajang jadi salah satu langkah penting upaya pbpi bangun ekosistem padel indonesia makin kompetitif sekaligus buka lebih banyak sempat atlet nasional dapat alam tanding lawan main bagai negara banyak atlet negara hadir spanyol italia argentina portugal singapura jepang jerman brasil inggris thailand hingga negara negara lain pbpi hadir atlet internasional indonesia milik arti penting kembang padel nasional kompetisi internasional selenggara tanah air beri sempat atlet indonesia uji mampu langsung hadap main alam level main agam kategori putra gelar juara raih marcos gonzalez blanco spanyol martin abud kategori putri menang carla fernandez gonzalez nerea guerra santana dua spanyol keikutsertaan atlet bagai negara tunjuk indonesia makin mampu jadi bagi kalender kompetisi padel internasional sekaligus jadi tuan rumah tanding standar global investasi pbpi regenerasi atlet kompetisi senior fip promises bal jadi bagi tidak kalah penting visi pbpi bangun jalur bina atlet sejak usia dini banyak atlet muda negara ikut fip promises bal serta amerika serikat malaysia italia inggris kazakhstan prancis rusia singapura kuwait jerman pbpi kompetisi kelompok usia bukan kena hasil tanding juga kena cipta jalur generasi muda indonesia kembang jadi atlet prestasi masa depan lalu kompetisi internasional fip promises atlet muda indonesia oleh alam tanding level lebih tinggi hadap gaya main beda paham standar kompetisi internasional sejak usia dini pbpi lihat selenggara turnamen internasional bagi proses bangun ekosistem padel indonesia seluruh hadir kompetisi internasional indonesia beri manfaat lebih luas mulai tingkat alam atlet sempat latih official dapat exposure internasional hingga dorong klub komunitas lokal terus tingkat standar makin banyak turnamen internasional hadir indonesia pbpi harap atlet nasional milik jalur kompetisi lanjut mulai kelompok usia hingga level senior ini jalan dengan visi pbpi bawa padel indonesia tuju level lebih tinggi cipta fondasi kuat prestasi nasional masa datang hasil fip promises bal u putra m rakha rezqiano simanjuntak oziel kurnia alfarizqiu putra gibra hazell alvaro oliver nathan darmawanu putri calia de heyn namu steenbakkersu putri johanna nesya rosejaya ratu athena putriu putra bagas putrajati rafael jose soesilou putri ratu athena putri kadek nandini oktavia nandin,sport
"Lewat Buku, Eks Judoka Tuang Buah Pikiran untuk Kemajuan Olahraga Nasional",https://sport.detik.com/sport-lain/d-8650061/lewat-buku-eks-judoka-tuang-buah-pikiran-untuk-kemajuan-olahraga-nasional,"Sabtu, 05 Sep 2026 22:45 WIB",eks judoka nasional sadik algadri rilis buku soal buah pikir kemajuanolahraga indonesia saat olahraga tanah air kendala masalah selalu sama buah buku judul bangun otot negeri kertas tulis sadik buku rilis agustus fragmentasi bijak publik indonesia lemah tata kelola regulasi organisasi organisasi olahraga ilusi politik anggar infrastruktur kompetisi hingga terap sport science kembang sumber daya manusia jadi isi acara bedah buku gelar gedung serbaguna gelora bung karno gbk jakarta sabtu hadir acara rocky gerung wartawan senior olahraga asro kamal rok guru besar universitas didik indonesia upi prof yunyun yudiana sadik ungkap proses tulis buku makan waktu lima enam bulan atur keluar mang bijak lantik presiden ri pilih prabowo subianto oktober jadi picu meski tak sebut spesifik atur sadik khawatir bahaya olahraga seluruh jadi perlu tahu olahraga prestasi milik macam garis besar undang undang sendiri sebut olympic charter dalam garis besar atur jika perintah ikut campur politik olahraga sampai atur proses olahraga konsekuensi tentu masuk mungkin dapat sanksi kata sadik rilis terima bahas beberapa podcast kena gelisah soal kondisi olahragaindonesiaitu sadik tuang buku atlet judo era an hingga an tekan penting etika olahraga gelisah pasti dasar kalau marah marah tentu masuk akal semua proses laku memang orang orang ada organisasi olahraga paham etika olahraga etika sangat harga kata sadik event besar biasa jadi titik balik kembang buah negara indonesia sukses selenggara asi games jepang china korea selatan ubah ajang besar piala dunia olimpiade saya kata jepang selenggara olimpiade tunjuk mereka meski kalah perang sudah jadi negara siap mampu bangkit kata sadik nah harap asi games indonesia bisa jadi momentum asi games bahkan pasuk terus lagi soal anggar bicara tadi tambah sadik harap buku bangun otot negeri kertas tidak henti karya kritisi soal olahraga ingin buku sebut dorong ubah sekaligus buka berani aku bagai soal masih jadi seperti saya sampai tadi harap besar ada ubah berani nyata berani aku kata sadik pertama kalau mau marah harus aku lebih bahwa salah aku baru berani nyata ini salah telah itu maju bisa ubah that s it pikir harus jernih kerja tentu mudah kata pria yang masuk jajar urus koni pusat itu,sport
Jonatan Christie Terima Tawaran PBSI Tampil di Asian Games 2026: Ini Targetnya,https://sport.detik.com/raket/d-8617220/jonatan-christie-terima-tawaran-pbsi-tampil-di-asian-games-2026-ini-targetnya,"Kamis, 13 Agu 2026 18:30 WIB",jonatan christie terima tawar pbsi tampil asi games jonatan ajang olahraga multievent besar asia memang masuk daftar target sejak awal tahun asi games gelar aichi nagoya jepang september hingga oktober cabang bulutangkis tanding regu jadwal lebih dulu nomor orang pbsi belum tetap kuota atlet bulutangkis asi games nama nama resmi atlet akan bawa umum jonatan jadi salah satu main non pelatnas dapat tawar kuat indonesia jonatan ungkap tawar sebut datang langsung kepala bidang bina prestasi pbsi eng hian komunikasi laku satu bulan lalu iya asi games ditawarin telepon koh didi eng hian kabid binpres pbsi kayak satu bulan lalu china open ujar jonatan temu kawasan kelapa gading jakarta utara kamis jonatan putus terima tawar sebut bukan alas asi games memang jadi salah satu target susun sama tim sejak awal asi games jonatan bidik jumlah turnamen besar masuk all england indonesia open juara dunia bwf world tour finals asi games salah satu tanding besar kan juara dunia memang goals awal tahun jadi memang mau ikut tegas raih medali emas asi games jonatan sendiri milik alam manis asi games edisi jakarta palembang hasil rebut medali emas tunggal putra kini delapan tahun selang jonatan peluang bela indonesia ajang sama mudah mudah ulang kata jonatan putus terima tawar asi games buat jadwal jonatan makin padat tampil aichi nagoya lebih dulu lewat jumlah agenda besar juara dunia india jadi salah satu tantang dekat turnamen sebut langsung agustus beberapa pekan belum asi games jonatan milik agenda bwf world tour lain masuk china masters main kini ada peringkat tiga dunia sebut pasti akan pilih milih turnamen ikut tetap all out ajar chou tien chen lah mana pokok sikat latih tanding tegas juara asia itu sikap sebut tunjuk ambisi jonatan tetap kompetitif tengah padat kalender tanding jonatan belum memang jadi indonesia open salah satu target besar ia bahkan hasil tembus final istora jadi capai baik turnamen sebut meski akhir harus puas jadi runner up telah kalah victor lai terima tawar pbsi asi games jonatan kini punya satu target besar tambah kalender mampu jaga kondisi fisik konsistensi main jojo peluang jadi salah satu tumpu indonesia raih medali emas aichi nagoya nah sisa mungkin yang bagi grade grade gitu,sport
"Usai Dilantik KONI, PB ORADO Siap Hadirkan Kompetisi Berjenjang",https://sport.detik.com/sport-lain/d-8627609/usai-dilantik-koni-pb-orado-siap-hadirkan-kompetisi-berjenjang,"Kamis, 20 Agu 2026 21:35 WIB",urus besar olahraga domino nasional pb orado resmi lantik komite olahraga nasional indonesia koni pusat pb orado kini siap hadir bagai kompetisi pb orado lantik koni kantor koni pusat senayan jakarta pusat kamis agustus lantik laku ketua koni marciano norman ketua umum pb orado yooky tjahrial kata lantik sebut sekaligus jawab tanya masyarakat kena organisasi resmi taung olahraga domino indonesia hari jawab satu lama mungkin sering tanya masyarakat benar organisasi resmi olahraga domino indonesia siapa jawab jelas pb orado induk organisasi olahraga domino terima anggota koni pusat hari urus pb orado resmi lantik koni pusat kata yooky awal media saya ingat teman teman semua status resmi bukan buat rasa paling hebat lebih tinggi siapa justru amanah ujar tambah yooky amanah sebut wujud taung tata bina kembang olahraga domino resmi jenjang mulai tingkat kabupaten kota provinsi hingga nasional orado hadir provinsi kabupaten kota seluruh indonesia jaring sebut jadi modal organisasi rangkul komunitas main domino telah kembang bagai daerah yooky tegas ada pb orado bukan tajam beda komunitas maupun kelompok domino telah lebih dulu hadir bukan tajam beda hadir satu seluruh insan domino indonesia dalam satu wadah satu sistem satu tuju sama jelas lantik pb orado prioritas bangun sistem kompetisi jelas bina atlet jenjang tingkat kualitas wasit bentuk klub selenggara tanding profesional tarik yooky kata orado akan kembang bagi sport industry konsep sebut olahraga domino harap milik nilai prestasi hibur sekaligus nilai ekonomi akan manfaat teknologi tanding domino tonton tarik akan bangun klub turnamen liga merchandise buka ruang kerja sama bagai pihak ungkap tegas atlet tetap jadi pusat kembang olahraga domino jadi bintang adalah para atlet kenal dapat prestasi jadi brand ambassador inspirasi generasi ikut tutur pb orado juga target olahraga domino tanding cabang olahraga eksibisi pekan olahraga nasional pon capai target sebut yooky kata orado harus bukti milik organisasi kuat bina jalan atlet kualitas regulasi jelas kompetisi aktif tingkat daerah hingga nasional ia juga ajak generasi muda kenal olahraga domino jadi aktivitas yang buka tertib sportif profesional hari ini koni telah beri percaya kita sekarang tugas kita adalah bukti percaya sebut beri organisasi yang tepat pungkas,sport
Fajar/Fikri Bidik Kado HUT RI di Kejuaraan Dunia 2026,https://sport.detik.com/raket/d-8619846/fajar-fikri-bidik-kado-hut-ri-di-kejuaraan-dunia-2026,"Sabtu, 15 Agu 2026 13:15 WIB",fajar alfian muhammad shohibul fikri bidik kado spesial indonesia juara dunia bulutangkis dua sembah gelar juara dunia tepat hut republik indonesia juara dunia gelar indira gandhi stadium new delhi india agustus tarik turnamen sebut mulai tepat agustus hari indonesia raya hari merdeka fajar fikri jadi momentum sebut motivasi tambah tekad beri prestasi baik sekaligus harum nama indonesia panggung dunia beri kado buat indonesia kalau hasil baik juara mungkin jadi hadiah buat indonesia ujar fikri temu pelatnas pbsi cipayung jakarta timur juara dunia jadi tampil perdana fajar fikri sejak resmi pasang jalan tahun akhir pasang kini tempat peringkat dunia tunjuk performa konsisten baru fajar fikri raih gelar untun japan open china open japan open kalah kim won ho seo seung jae gim pek kemudian kembali takluk pasang korea selatan sebut final china open lalu rubber game modal sebut buat fajar fikri datang new delhi percaya diri tinggi fikri enggan pasang target lebih peluang ada siapa peluang buka lebar cuma balik masing masing individu world championships tanding cukup sangat raih kata fikri jadi kadang kalau terlalu gebu gebu itu baik jadi lebih fokus step by step sih fikri sadar saing juara dunia beda banding turnamen bwf world tour biasa status salah satu major event buat tanding milik tekan lebih besar itu fajar fikri waspada pasang pasang ada jajar elite dunia main luar kelompok unggul anggap bisa jadi ancam ya pasti beda world championships karena itu salah satu major event jadi pasti beda ya karena saing jadi lebih ketat enggak lengah mau lawan siapa tutur fikri kita enggak hanya lihat main main top mungkin bawah main main top pasti jadi kuda hitam untuk raih menang itu sangat bahaya sih kata fajar fikri juga bawa misi akhir puasa gelar ganda putra indonesia juara dunia kali akhir ganda putra indonesia jadi juara dunia pada tahun hendra setiawan mohammad ahsan raih gelar basel swiss itu indonesia gagal rebut emas ganda putra empat edisi ikut dan kini gilir fajar fikri yang coba putus nanti sebut modal dua gelar untun di japan open dan china open fajar fikri berangkat india bukan sekadar kejar prestasi pribadi punya sempat kirim kado hut ri ke dari new delhi,sport
Akhir Perjalanan Dua Srikandi RI di AXCR 2026,https://sport.detik.com/sport-lain/d-8621702/akhir-perjalanan-dua-srikandi-ri-di-axcr-2026,"Senin, 17 Agu 2026 02:41 WIB",selesai tualang reli wanita indonesialody natashadansasty laksamanadiasia cross country rally axcr bagaimana hasil lody florist sasty selaku dokter gigi turun ajang rally raid paling tantang asia dar agustus thailand meski latar belakang profesi surut semangat dua takluk keras medan axcr lewat rangkai lomba lama tujuh hari tempuh jarak km lody sasty akhir selesai axcr p kategori ladies p serta kelas t d modified diesel p serta overall lody axcr rupa keikutsertaan tujuh sasty jadi keikutsertaan empat dua laga privateer indonesia guna toyota hilux kelas t d kelas isi bagai balap profesional tim dukung pabrikan besar toyota ford isuzu mitsubishi hasil tahun memang sama capai axcr belum pada tahun lody sasty hasil raih posisi pertama kategori ladies p overall axcr bukti hasil akhir pernah prediksi hingga kendara benar benar lewat garis finis total jarak lomba kilometer stage bawa tantang beda beda reli konvensional mungkin balap laku survey lintas belum axcr tuntut balap baca road book gaya tulip langsung adaptasi kondisi lintas lomba langsung posisi ubah drastis satu hari hari ikut salah navigasi speed limit zone penalty kondisi kendara hingga putus hitung detik pengaruh hasil signifikan axcr benar benar tebak hari kita ada posisi bagus besok ubah jauh jarak sangat panjang kita jaga mobil sekaligus jaga pace jadi bukan soal siapa paling cepat papar lody rilis turut lody mampu kemudi hanya satu bagi tantang axcr balap tuntut mampu baca navigasi cepat ambil putus lintas jaga kendara lama ribu kilometer kerja sama tim mekanik mobil tetap mampu selesai stage meski gagal tahan gelar juara kelas ladies lody sasty tetap bangga capai apalagi tantang harus hadap mudah buat hasil memang seperti harap axcr ajar kita tidak pernah tahu apa akan jadi benar benar lewat finish line akhir kami tetap sana sambung lody bagi lody alam axcr justru makin kuat diri wujud satu mimpi bawa merah putih laga di juara dunia rally raid masuk rally raid portugal dakar rally tidak tahu kapan mimpi bisa wujud saya terus coba moga tuhan restu suatu hari saya bisa bawa nama indonesia lebih jauh tutup lody,sport
MotoGP 2027: Selangkah Mundur untuk Maju Dua Langkah?,https://sport.detik.com/moto-gp/d-8620093/motogp-2027-selangkah-mundur-untuk-maju-dua-langkah,"Sabtu, 15 Agu 2026 17:45 WIB",motogp pasuk era baru ubah regulasi besar kapasitas mesin bakal turun cc jadi cc guna aerodinamika batas ubah sebut harap buat saing lintas makin rapat rangkum ucap dicrash netdanvisordown guenther steiner nilai hasil mungkin langsung lihat awal era baru steiner kini jabat ceo tech ktm pernah jadi bos tim haas formula ikut angkat bicara steiner balap motogp benar cukup tarik ubah regulasi bukan arti kualitas balap sekarang buruk upaya buat lebih baik jangka panjang pikir balap cukup tarik hampir panjang waktu beberapa balap mungkin sedikit lebih baik seluruh cukup tarik pikir beri motor cc kita sedikit mundur selang kemudian maju langkah balap ucap tenaga sedikit lebih kecil aerodinamika sedikit lebih sedikit pikir jadi balap kata motor ini mudah kendali milik kendali atas motor sebut itu paling penting regulasi memang bawa ubah besar kapasitas mesin pangkas jadi cc aerodinamika akan rang perangkat ride height hapus ubah itu harap buat balap milik kontrol lebih besar motor kurang pengaruh perangkat aerodinamika tarung masa adaptasi tetap jadi tantang pabrikan kembang motor baru karakter beda mesin cc guna ini salah satu pabrikan mampu kembang motor jauh lebih cepat rival saing justru potensi timpang awal musim steiner ingat hasil tes motor cc ini terlalu cepat jadi patok ini dengar olah tahun depan akan ada lima juara dunia semua uji jalan fantastis semua orang ujar steiner itu normal cukup lama ada duniamotorsport sama jadi awal musim ada jalur bagus sangat bagus benar benar bagus ada orang lebih baik hingga kini ada gambar kena pabrikan mana akan jadi kuat utama era cc uji memang sudah laku steiner nilai hasil tes cukup tentu hierarki musim depan turut uji cara umum jalan baik semua orang terkadang anda dengar orang pikir tahu tetapi saya sudah cukup lama laku ini sehingga saya terima dengan sedikit skeptis lama motor dapat lap yang cukup mereka laku uji ajar hasil ajar ban semua hal lain dapat data saya senang berapa kompetitif masing masing pabrikan nanti satu satu cara tahu tunggu tahun depan,sport
Bakal Ada Jakarta Vertical Run 2026 Bulan November,https://sport.detik.com/sportstyle/d-8647394/bakal-ada-jakarta-vertical-run-2026-bulan-november,"Kamis, 03 Sep 2026 22:15 WIB",asosiasi lari trail indonesia alti dki jakarta gelar jakarta vertical run apa ambil tema tantang urban lanjut lingkung alti dki bekerjasama cakrawala jakarta kreatif selaku selenggara dukung oleh geely sponsor utama fortesport gelar ajang tower running taraf internasional lomba lari naik tangga helat minggu november autograph tower kompleks thamrin nine jakarta pusat thamrin nine merupaka gedung tinggi jakarta catat gedung tinggi bahan bumi selatan tinggi meter serta tantang fisik mental takluk kurang lebih anak tangga gedung lantai ketua umum alti dki jakarta eko putro had prasetyo sampai ajang beri sensasi olahraga urban beda road run umum lomba mulai pukul wib lari cepat sempat nikmat momen matahari terbit langit jakarta capai puncak percaya olahraga urban beri tantang sensasi beda serta moga akan cipta saing tarik antarpeserta ujar eko putro jumpa pers kamis start laku sistem wave bagi jadi empat gelombang wave kategori elite atlet wave kategori open masing masing lepas lima serta detik wave wave lepas satu menit hingga kini catat lari negara siap saing tiga kategori utama elite tower running senior master ajang lari naik tangga gedung tingkat tinggi lazim selenggara bagai kota dunia mati tingkat sulit beda lomba lari jalan raya umum libat geely sponsor utama kuat sinergi gaya hidup aktif komitmen lanjut lingkung green mobility lalu terap konsep eco friendly event selenggara taruh perhati penuh selamat aman nyaman serta siaga tenaga sehat paramedis ambulans rumah sakit rujuk apabila jadi ada darurat lama lomba langsung ajang ini sekaligus jadi momen strategis songsong ingat tahun kota jakarta panitia harap selenggara jakarta vertical run kembali gelar tahun depan skala lebih besar kepala dinas pemuda olahraga provinsi dki jakarta andri yansyah dukung penuh giat ini selain fungsi tolok ukur bina prestasi atlet jakarta vertical run dorong ajang sport tourism rekreasi gengsi mana para serta nikmat indah lanskap kota jakarta titik tinggi jakarta vertical run bakal jadi selenggara vertical running pertama gedung tinggi indonesia jumlah serta banyak potensi dapat rekor muri khusus lari kategori elite vertical running akan oleh poin skor dapat naik peringkat di klasemen atlet vertical run internasional,sport
Agar MotoGP Indonesia 2026 Sukses di Dalam dan Luar Lintasan,https://sport.detik.com/moto-gp/d-8645850/agar-motogp-indonesia-2026-sukses-di-dalam-dan-luar-lintasan,"Rabu, 02 Sep 2026 22:15 WIB",motogp indonesia gelar awal oktober siap sudah laku sejak dini event jalan sukses maupun luar lintas untukmotogp balap gelar oktober sirkuit mandalika lombok tengah ntb ingat mandalika seri dari balap musim maka saing prediksi makin ketat sana karena indonesia tuan rumah boleh main main siap banyak baik maupun luar lintas injourney tourism development center itdc panitia lokal laku kolaborasi pihak swasta bumn panitia atur jumlah aspek krusial cakup akomodasi transportasi konektivitas hingga logistik itdc isu akomodasi transportasi lama sorot publik antisipasi lalu skema integrasi susun sama mitra bank travel agent bagai partner strategis lain salah satu itdc sama mandalika grand prix association mgpa siap paket hubung tiket balap komponen jalan kalau tanya sulit akomodasi sulit transportasi rasa jawab ditandatangani sore hari ujar direktur utama itdc troy warokka rilis skema sebut liput akomodasi transportasi udara laut layan airport hospitality travel package kerjasama nanti cakup tangan kargo anggap elemen penting dalam operasional gelar aktivitas cargo handling mulai gerak dua minggu motogp indonesia pasti butuh logistik jalan baik utama motor lengkap tim balap motogp troy motogp bukan sekadar olahraga juga bisnis itu mengapa motogp sangat penting dorong pariwisata ekonomi tingkat kunjung wisatawan panjang length of stay ungkit tourism spending troy selenggara motogp hasil dampak ekonomi besar rp triliun efek hanya rasa mandalika juga jalar jumlah daerah indonesia troy harap pola kolaborasi bangun motogp mandalika lanjut dalam jangka panjang troy nilai dukung perintah bumn sektor swasta masyarakat jadi faktor penting motogp terus gelar indonesia beri dampak ekonomi lebih besar bangun ekosistem integrasi ingin pasti dampak motogp indonesia henti sirkuit mampu dorong gera wisatawan panjang lama tinggal tingkat belanja wisatawan beri manfaat lebih luas industri pariwisata masyarakat di lombok sambung masyarakat yang ingin saksi langsung balap di mandalika presale langsung hingga september potong harga hingga kategori grandstand kategori vip hospitality ikut harga tiket untuk tonton motogp indonesia regular grandstand zona e g h i rp premium grandstand zona a rp premium grandstand zona b c j k rp vip hospitality deluxe class rp vip hospitality luxury tent t rp,sport
Bagaimana Kiprah Pereli Indonesia di AXCR 2026?,https://sport.detik.com/sport-lain/d-8619150/bagaimana-kiprah-pereli-indonesia-di-axcr-2026,"Jumat, 14 Agu 2026 20:15 WIB",asia cross country rally axcr jalan paruh pertama kompetisi bagaimana kiprah reli indonesiamemen harianto wakil indonesia ajang axcr pen kendara toyota hilux revo mampu tahan laju kompetitif dar awal balap minggu sekaligus lebar unggul kelas t g ffa bensin pasuk leg langsung kamis pen catat hasil positif jadi menang kelas t g ffa bensin awal etape posisi start overall selesai etape posisi overall klasemen gabung kendara diesel bensin hasil sebut jadi puncak performa terus tingkat sejak awal reli hari pertama pen tinggal tiga menit rival dekat situasi ubah hari dua mampu ambil alih unggul satu menit tekan terus beri hari ikut unggul tambah jadi delapan menit hari tiga lebar hingga menit selesai leg saing sangat rapat banget antar serta waktu mepet mepet ujar pen rilis tarik capai sebut raih bukan hambat leg pen sempat hilang waktu wiper toyota hilux mampu bersih kaca depan penuh lumpur henti mobil baru sadar plastik lindung wiper nyata lepas akibat insiden sebut posisi sempat lewat serta soal teknis kembali muncul hari dua cv joint kiri as roda depan alami rusa mobil laju lintas licin lumpur kondisi sebut bahkan buat hilux sempat sangkut area sawah lama kurang lebih menit temu titik winching alih alih kendur pen justru mampu bangkit leg berangkat posisi ia hasil baik posisi hingga finis urut overall karakter lintas rupa trek sprint rally indonesia turut bantu gaya balap pen tantang selesai ss gearbox sempat kunci gigi empat jarak tuju finis sekitar kilometer pen harus selesai sisa etape guna gigi empat hingga capai garis finis kalau tidak ada issue harus aman catat waktu rapat banget kata masalah gearbox sistem ac toyota hilux alami kendala sejak leg dan masih proses baik tengah bagai soal sebut pen pilih dekat lebih ukur ia sadar karakter kendara lawan masuk suzuki jimny milik unggul sendiri hadap jumlah kondisi lintas itu strategi pen bukan kejar waktu cepat juga jaga mobil tetap ada kondisi mungkin selesai etape paruh jalan axcr lewat pen kini milik modal penting upa unggul menit kelas tantang ikut tahan konsistensi toyota hilux revo bisa capai garis finis,sport
Indonesia Pro-Am: Arena Pegolf Amatir Asah Mental,https://sport.detik.com/sport-lain/d-8617678/indonesia-pro-am-arena-pegolf-amatir-asah-mental,"Jumat, 14 Agu 2026 03:05 WIB",ajangthe indonesia pro amtidak cuma wadah golf profesional adu mampu asah mental main amatir the indonesia pro am presented by combiphar nomura rupa kompetisi golf profesional amatir rutin gelar sejak tahun gunung geulis country club bogor tunjuk jadi venue ajang mulai agustus turnamen jadi bagi kalender asi development tour adt ikut golf profesional golf amatir kompetisi uji mampu juga bangun alam mentalitas kompetitif the indonesia pro am tanding kategori individual pro am team total hadiah buat profesional besar ribu dolar as rp miliar diri ribu dolar as kategori individual ribu dolar as kategori pro am dua putar pertama serta main east west course gunung geulis pasuk babak final the indonesia pro am jadi sempat golf amatir indonesia rasa atmosfer tanding sama profesional tiga edisi belum kolaborasi profesional amatir juga hasil pasang juara thailand malaysia australia indonesia selenggara tahun jadi makin istimewa combiphar raya tahun jalan usaha terus komitmen dorong hidup lebih sehat lalu semangat championing a healthy tomorrow salah satu presenting sponsor libat combiphar the indonesia pro am rupa bagi komitmen jangka panjang usaha dukung kembang golf indonesia combiphar sendiri telah dukung selenggara event asi development tour indonesia sejak tahun sangat spesial combiphar raya tahun jalan semangat championing a healthy tomorrow tidak bicara sehat juga bagaimana dapat inspirasi masyarakat jalan gaya hidup sehat aktif lalu the indonesia pro am kami ingin beri alam kompetitif harga golf amatir indonesia sekaligus terus dukung para golf profesional prestasi tingkat internasional ujar michael wanandi selaku president director combiphar terang pada edisi perdana golf tuan rumah kevin caesario akbar hasil jadi juara raih prestasi ajar edisi perdana combiphar selaku sponsor selalu antusias beri sempat lebih luas golf indonesia ajar kompetisi bangun alam tanding kevin golf tuan rumah patut tunggu aksinay naraajie emerald ramadhan putra naraajie telah koleksi tiga gelar adt belum hasil finis t skor under pada edisi hanya paut satu pukul juara itu nopparat panichphol thailand temu main profesional amatir satu kompetisi the indonesia pro am harap jadi panggung penting kembang golf indonesia sekaligus hadir alam kompetitif dapat bangun mentalitas juara,sport
"Sempat Insiden, DMO Garage Pertamax Turbo Fin+ Mampu Comeback di APRC Sumut",https://sport.detik.com/sport-lain/d-8611403/sempat-insiden-dmo-garage-pertamax-turbo-fin-mampu-comeback-di-aprc-sumut,"Senin, 10 Agu 2026 01:10 WIB",dmo garage pertamax turbo fin tampil gigih asia pacific rally championship aprc kejurnas rally sumatera utara sempat insiden bangkit hadap insiden berat leg sabtu pasang aldio oekon respati adhi akrab sapa adhi kz hasil bangkit leg dua raih hasil positif andal hyundai i n rally aldio oekon adhi kz alami insiden mobil balik leg jadi bikin mobil alami jumlah rusa masuk kaca depan pecah berkat kerja keras kru mekanik dmo garage pertamax turbo fin mobil baik tancap gas leg aldio jadi hadap tantang sendiri selesai lomba siapa sangka juang buah hasil aldio sempat puruk usai tempat posisi bangkit selesai kompetisi sangat baik tempat peringkat empat penuh sukses selesai seluruh rangkai lomba total waktu jam menit detik aldio hasil selesai lomba alami insiden hari belum jadi bukti penting tim punya kualitas mental baja lintas jadi leg fokus benar sederhana bagaimana mobil siap kembali lintas kondisi ideal sempat alami mobil balik kaca depan pecah seluruh tim kerja sangat keras baik mobil leg kami usaha lupa apa jadi belum fokus satu special stage special stage ikut paling penting bawa mobil finis ujar aldio pasang donny m pramurahardjo pacu subaru wrx sti hadap tantang sendiri leg dua alami kendala listrik mobil tangan cepat meski untung pihak donny pramurahardjo dua kembali alami rusa kali pada bagi gearbox bikin juang henti dmo garage pertamax turbo fin sumatera utara bukti hadap karakter balap reli penuh tantang tidak bisa prediksi hasil raih aldio oekon respati adhi jelas jadi modal penting beri alam harga sisi teknis maupun nonteknis bisa bangkit finis posisi empat jadi hasil sangat kami syukur tunjuk kami tidak serah meski sempat alami situasi yang sulit pungkas aldio hasil selesai aprc kejurnas rally peringkat empat aldio juga hasil tempat peringkat tiga kategori rc atas hasil sebut dmo garage pertamax turbo fin komitmen terus beri performa baik di ajang yang ikut sekaligus jadi tiap lomba bagi proses kembang mampu balap navigator mekanik seluruh kru tim,sport
Jawa Barat Juara Umum di Indonesia Muay Thai Championship,https://sport.detik.com/sport-lain/d-8611379/jawa-barat-juara-umum-di-indonesia-muay-thai-championship,"Minggu, 09 Agu 2026 22:36 WIB",indonesia muay thai championship imc akhir minggu jawa barat jadi daerah raih oleh medali banyak ajang gulir gor abdu rosyad kota bekas jawa barat koleksi medali emas perak perunggu total medali unggul jawa timur medali dki jakarta medali semua saksi buah ubah besar hasil latih wasit juri standar ifma baru kita laksana benar benar aplikasi kejurnas kata ketua urus besar muay thai indonesia pbmi aa la nyalla mahmud mattalitti rilis imc ikut serta atlet baik imc masuk proses seleksi hadap bagai agenda internasional masuk sea games pon sea games malaysia pbmi target sedikit medali emas indonesia semua final jalan lancar pasti cedera olahraga combat semua tangan baik tim medis kejurnas jadi ajang nyaring bakat pbmi acara acara internasional khusus tahun depan kata sekretaris jenderal pbmi azwan karim imc banyak pengprov muay thai indonesia hadir ada bagai daerah sebut tunjuk makin luas ekosistem bina muay thai nasional pbmi tengah siap indonesia tuan rumah asi muay thai championship rencana langsung jakarta azwan tegas juara kejurnas merta dapat tempat permanen pelatnas sistem promosi degradasi la nyalla sampai apresiasi seluruh pihak telah kontribusi sukses juara mulai panitia selenggara perintah kota bekas aparat aman tim medis ketua pengprov muay thai indonesia manajer tim latih atlet hingga masyarakat hasil imc bukan ukur lahir juara juga makin kuat saudara antardaerah sekretaris umum pengprov muay thai jawa barat d k p tine yowargana kata hasil jawa barat jadi daerah oleh medali banyak rupa hasil proses bina turut capai sebut lepas kesiap atlet kualitas latih serta kerja keras seluruh tim sejak masa siap hingga tanding sangat syukur hasil sangat bangga atlet jawa barat tampil luar biasa bukan dari sisi teknik fisik juga mental tanding mampu jaga fokus jalan strategi beri latih tunjuk semangat juang tinggi tanding ujar wanita biasa sapa tingting medali ini bukan sekadar angka balik tiap medali ada latih panjang disiplin korban berani atlet tanding bawa nama jawa barat sangat apresiasi juang ini jadi pijak tingkat kualitas atlet makin siap hadap juara nasional maupun internasional tegas,sport
Mangkuluhur Cup: Ketika Golf Bukan Lagi Sekadar Olahraga,https://sport.detik.com/sportstyle/d-8644207/mangkuluhur-cup-ketika-golf-bukan-lagi-sekadar-olahraga,"Selasa, 01 Sep 2026 23:15 WIB",golfmemang jadi salah satu olahraga papan atas dunia bukan sekadar adu mampu golf rambah banyak sektor masuk bisnis bagi orang golf memang bukan cuma cari keringat prestasi juga sarana strategis bangun jaring bisnis latih mental jaga sehat mengapa banyak turnamen golf gelar indonesia cuma atlet juga main amatir nikmat salah satu baru laku inventra platform trading forex cfd lisensi bappebti badan awas dagang jangka komoditi kuat engagement luar jaring inventra jadi sponsormangkuluhur cup turnamen golf ikut serta bagai wilayah indonesia new kuta golf bal agustus lalu serta bagi besar para bisnis jadi turnamen sekaligus salah satu turnamen golf komunitas jumlah serta besar gelar new kuta golf panjang golf pilih bukan alas olahraga identik kalang bisnis profesional golf jadi titik temu alami komunitas olahraga komunitas bisnis ruang relevan invetra kenal diri calon trader mitra baru luar kanal digital lama hari turnamen invetra hadir bukan sekadar lewat logo banner usaha buka booth interaktif kenal edukasi serta putar aplikasi trading invetra lengkap merchandise eksklusif unjung booth nilai tambah serta tarik mulai jalan trading nya invetra turut hadir promo daftar nila dolar as khusus serta turnamen jadi partisipasi mangkuluhur cup pintu masuk langsung calon trader baru kenal platform invetra lalu tournament golf mangkuluhur cup lihat sempat kenal invetra lebih banyak kalang masuk para profesional hadir bagai latar belakang ajang jadi cara efektif bangun koneksi langsung calon trader mitra bisnis sekaligus lengkap hadir kami kanal digital ujar jufri ramadhan surat selaku direktur pt invetra teknologi jangka rilis darma mangkuluhur hutomo selaku komisaris utama pt intra golflink resorts turut apresiasi libat invetra sponsor utama tahun hadir invetra sponsor utama beri dimensi baru turnamen khusus temu komunitas olahraga komunitas profesional bisnis partisipasi serta tahun ini tunjuk besar antusiasme masyarakat kami harap kolaborasi ini terus beri nilai positif kembang komunitas industri di indonesia kata darma depan event rupa mangkuluhur cup potensi gelar karena cuma jadi ajang adu mahir main golf juga bangun relasi bisnis,sport
4 Rider Ini Masih Tunggu Kemenangan Perdana MotoGP,https://sport.detik.com/moto-gp/d-8623375/4-rider-ini-masih-tunggu-kemenangan-perdana-motogp,"Selasa, 18 Agu 2026 10:30 WIB",belum jumlah rider menang motogp musim lebih banyak ai ogura hasil hapus nama daftar raih menang perdana kelas utama motogp belanda ogura raih menang pertama assen kini sisa pedro acosta luca marini diogo moreira toprak razgatlioglu pernah tang balap utama motogp antara rider penuh waktu musim maksud menang daftar balap utama grand prix hari minggu bukan sprint race acosta benar pernah tang sprint motogp belum raih menang balap utama ikut dirangkumautosport pedro acosta jadi nama paling colok daftar balap ktm sebut pasuk musim tiga motogp sejak naik kelas utama acosta beberapa kali tunjuk cepat saing baris depan menang grand prix belum hasil raih acosta bahkan milik menang sprint jadi menang sprint motogp thailand menang sebut hitung menang grand prix acosta tunggu menang pertama balap utama hari minggu peluang benar beberapa kali buka mampu koleksi podium tunjuk performa buat pandang salah satu calon bintang besar motogp mulai musim acosta akan kuat ducati pindah sebut jadi sempat baru bagi kejar menang perdana kelas premier luca marini jadi rider paling alam daftar adik valentino rossi sebut cukup lama karier motogp meski sekarang belum pernah diri podium tinggi balap utama marini kuat honda musim akan pindah tech ktm hadap musim pindah sebut jadi sempat baru marini buru menang pertama motogp diogo moreira ada situasi beda balap brasil itu rupa salah satu rookie grid motogp arti moreira ada tahap awal karier kelas premier menang bukan target mudah orang debut harus hadap para juara dunia menang grand prix status rookie buat moreira milik waktu kembang bangun alam saat satu kejar adalah menang pertama balap utama motogp toprak razgatlioglu jadi nama latar belakang paling tarik masuk motogp toprak rupa salah satu jawara world superbike bahkan sudah koleksi tiga gelar juara dunia wsbk sukses sebut belum lanjut jadi menang kelas premier motogp toprak adaptasi motogp sama pramac yamaha karakter motor yang beda yang biasa kendara wsbk jadi tantang sendiri krs krs taut salin,sport
"Debut di Kejuaraan Dunia, Raymond/Joaquin: Lawan Terberat Diri Sendiri",https://sport.detik.com/raket/d-8620251/debut-di-kejuaraan-dunia-raymond-joaquin-lawan-terberat-diri-sendiri,"Sabtu, 15 Agu 2026 21:15 WIB",raymond indra nikolaus joaquin siap jalan debut juara dunia bulutangkis new delhi india meski status debut dua terlalu pikir nama besar lawan joaquin justru sebut diri sendiri lawan berat takluk raymond joaquin pertama kali tampil juara dunia level senior sempat sebut dapat catat jumlah hasil positif masuk jadi juara australia open turnamen sebut kalah fajar alfian muhammad shohibul fikri final anyar raymond joaquin tunjuk performa impresif indonesia open laju hingga final turnamen bwf world tour super akhir jadi runner up kalah goh sze fei nur izzuddin alam sebut joaquin nilai lawan juara dunia jauh beda turnamen bwf lain fokus utama justru jaga diri sendiri enggak lawan berat musuh berat diri sendiri kata joaquin temu pelatnas pbsi cipayung jakarta timur joaquin lihat saing sektor ganda putra indonesia sesuatu positif turut hasil satu pasang jadi picu motivasi pasang lain bagus sih jadi misal juara motivasi biar sama kayak kalau lebih jadi kayak ganti ganti juara kan itu benar benar sehat sih buat ganda putra positif ujar raymond joaquin status pasang muda buat pasang target terlalu rendah juara dunia joaquin bahkan pandang sempat jadi juara harus kejar sejak sekarang harus tunggu mereka lebih senior kalau bukan muda misal juara sekarang enggak harus tunggu pas agak umur kalau misal muda enggak jadi tunjuk kalau itu bisa kata joaquin joaquin juara dunia juga milik arti khusus pernah rasa kalah tampil level junior kini ingin coba raih prestasi lebih baik level senior meski joaquin tidak ingin beban diri hasil akhir siap maksimal jadi pegang berangkat new delhi juara dunia kalau salah satu turnamen gengsi juga kalau saya medali beda sendiri saya ken punya juga dulu junior kan saya individual kalah jadi saya ken coba ambil yang senior apa hasil juara dunia yang kita laku yang baik latih itu hasil tegas runner up indonesia open juara dunia bulutangkis langsung indira gandhi stadium new delhi india agustus raymond joaquin jadi salah satu tiga wakil ganda putra indonesia ajang sebut,sport
"Setelah 9 Tahun Gelar Basket, Kini LJK 2026 Rambah Padel",https://sport.detik.com/sportstyle/d-8653121/setelah-9-tahun-gelar-basket-kini-ljk-2026-rambah-padel,"Selasa, 08 Sep 2026 07:11 WIB",liga jasa uang ljk lebih kenal kompetisibasketkini mulai rambah kepadel ljk pertama kali gelar padel mulai tahun banyak tim institusi uang ikut rangkai kompetisi buka wakil ketua dewan komisioner otoritas jasa uang ojk hernawan bekti sasongko milo s padel kemang jakarta minggu opening ceremony hadir parade tim tanding eksibisi level eksekutif tanding awal fase grup giat turut hadir deputi gubernur bank indonesia solikin m juhro jajar pimpin bagai institusi serta serta datang tiga kelompok utama sektor perban wakil institusi sektor asuransi uang nonbank kelompok regulator lembaga kait institusi turun satu tim diri atas lima main putra lima main putri damping maksimal tiga ofisial total banyak main catat ikut turnamen masuk padel cabang baru tunjuk liga jasa uang terus kembang ikut minat insan jasa uang paling penting bukan sekadar cabang olahraga semangat bawa berani tanding junjung sportivitas bangun kompak kata ketua urus ljk insan hasan temu regu tim tanding tiga kategori men s doubles women s doubles mixed doubles kompetisi mulai fase kualifikasi grup kemudian lanjut empat final semifinal rebut tempat tiga final format jenjang sebut buat tiap hasil fase grup tentu langkah tim tuju babak gugur selenggara dukung perangkat tanding profesional atur level main sistem skor publikasi giat rancang kompetisi format regu tiap tim tampil satu satu strategi dalam skuad konsistensi jadi tentu harap turnamen langsung kompetitif fair beri alam tanding baik dapat nikmat seluruh serta ujar ketua laksana ljk padel greatman rajab ljk pertama kali selenggara bagai wadah olahraga regulator laku industri mang penting sektor jasa uang pasuk selenggara delapan tambah padel luas cabang tanding sekaligus respons minat komunitas olahraga sebut usung tema play bold build bonds ljk padel madu saing sehat sportivitas kompak tim tutup september jadi momentum serah harga sekaligus apresiasi seluruh tim ikut selenggara perdana cabang padel lebih sekadar kompetisi ljk padel harap jadi medium efektif kuat konektivitas kolaborasi antarinsan industri jasa uang saat sama sportivitas tumbuh tanding lalu disiplin integritas kerja sama tim sikap saling hormat cermin nilai nilai juga butuh dalam bangun ekosistem jasa uang yang sehat solid lanjut,sport
Kabar Dugaan Pelanggaran Integritas Tak Pengaruhi Kondisi Ganda Campuran PBSI,https://sport.detik.com/raket/d-8615579/kabar-dugaan-pelanggaran-integritas-tak-pengaruhi-kondisi-ganda-campuran-pbsi,"Rabu, 12 Agu 2026 17:30 WIB",rumor duga langgar integritas libat jumlah pebulutangkis indonesia tak pengaruh suasana sektor ganda campur pelatnas pbsi cipayung amri syahnawi nita violina marwah pasti tetap fokus siap diri hadap juara dunia amri sebut situasi pelatnas pbsi jalan biasa pilih ganggu isu tengah edar arah perhati siap sama nita suasana sih benar sama maksud enggak gimana gimana lebih fokus sama siap juara dunia kata amri pelatnas pbsi rabu amri spekulasi kena isu sebut turut banyak main sama nita perlu benah jelang juara dunia kalau misal isu isu telah edar tutup mata lah enggak mau mau fokus sama kembang diri saya kembang sama partner banyak pr nya resin dua jadi kita fokus sendiri tambah belum pp pbsi lalu sekretaris jenderal ricky soebagdja nyata tahu ada proses adil independen judicial proceedings sedang jalan badminton world federation bwf kait duga langgar integritas libat jumlah main indonesia hingga kini tahu siapa atlet indonesia kait proses sebut pp pbsi pilih beri komentar lebih jauh kena substansi perkara atau kait proses masih jalan atlet tentu tengah proses sebut pbsi tetap ingat atlet kena penting jaga integritas pebulutangkis profesional main dapat atur baru bwf ajar amri benar ingat kena atur integritas terus beri para atlet iya selalu reminder ya terus akhir berapa minggu lalu gitu kirim atur baru ya bwf kita buat ajar karena banyak banget memang kita teliti lah harus hati hati ujar amri amri atur sebut hanya beri baca jelas latih para main iya dijelasin kok dijelasin terus selalu reminder latih hari hari juga terus kasih atur bentuk pdf gitu kita suruh ajar ada arah dari latih ingat terus hari datang sama latih nita tambah ingat kena atur sebut sampai jenjang lalu tim latih jadi mungkin kita reminder nya dari latih mungkin urus lewat latih jadi latih atlet gitu sih nita tegas dengan proses masih jalan belum ada informasi kena atlet yang libat amri nita pilih tidak larut dalam rumor fokus kini tetap siap tuju juara dunia bulutangkis di new delhi india agustus,sport
Tenis Meja Targetkan Tembus 8 Besar di Asian Games 2026,https://sport.detik.com/sport-lain/d-8627387/tenis-meja-targetkan-tembus-8-besar-di-asian-games-2026,"Kamis, 20 Agu 2026 17:30 WIB",tenis meja indonesia pasang target realistis asi games tim merah putih bidik babak delapan besar aichi nagoya jepang asi games gelar september hingga oktober datang tenis meja jadi salah satu cabang olahraga ikut indonesia indonesia pingpong league ipl siap atlet diri lima putra lima putri atlet cadang sekretaris jenderal ipl yon mardiyono sebut lolos delapan besar jadi capai arti tenis meja indonesia jadi target realistis masuk delapan besar sudah cukup jadi sejarah tenis meja kata yon jumpa pers grand final ipl season trans studio cibubur kamis tuju asi games ipl manfaat grand final ipl season ajangtry inbagi atlet atlet pelatnas tampil world tour filipina hadap asi games yon nilai siap tuju ajang besar laku lalu proses lanjut kompetisi liga jadi salah satu sarana jaga atlet tetap latih tanding yon kompetisi jadi ruang lihat pilih atlet baik nanti wakil indonesia jadi prestasi adalah buah proses tahu tahun depan akan ada sea games siap satu dua bulan jadi siap liga liga pingpong supaya latih siap terus mereka tahu arah tutur bagai urus siap ruang atlet harus diberitahu mereka tahu goalnya nah grand final ipl season atmosfer kompetitif buat tinggal tugas kami cari best of the best wakil negara ini tambah yon tenis meja indonesia akhir kali tampil asi games hasil baik atlet indonesia nomor orang sampai babak besar ficky supit santoso capai babak sebut tunggal putra tunggal putri rina sintya kharisma nur hawwa henti babak besar nomor regu baik putra maupun putri mampu laju babak knockout adapun medali akhir tenis meja indonesia asi games raih di bangkok saat itu empie wuisan sinyo supit raih medali perak ganda putra kalah wakil china catat sebut target tembus delapan besar di asi games jadi sasar yang ingin wujud tenis meja indonesia mudah mudah kita enggak tahu kalau mixed double double bisa tembus semifinal itu juga sangat luar biasa makanya kalau tembus perempatfinal jadi yang perlu apresiasi kata yon,sport
"Abdul Kadir Karding Jadi Ketum Perbasasi, Singgung Pembinaan dan Prestasi",https://sport.detik.com/sport-lain/d-8643405/abdul-kadir-karding-jadi-ketum-perbasasi-singgung-pembinaan-dan-prestasi,"Selasa, 01 Sep 2026 14:30 WIB",abdul kadir kardingjadi ketumperserikatan baseball softball seluruh indonesia pb perbasasi periode diri singgung soal bina prestasi abdul kadir kardingterpilih aklamasi ketua umum urus besar serikat baseball softball seluruh indonesia pb perbasasi usai pilih karding tegas langkah awal urus fokus konsolidasi organisasi fondasi bangun ekosistem baseball softball indonesia lebih kuat kalau solid apa apa jadi solid dulu kuat dulu itu baru bangun target target prestasi ujar karding sambut tangerang senin karding usung agenda modernisasi kolaborasi kuat tata kelola organisasi salah satu langkah dorong bangun basis data lebih baik bina baseball softball indonesia itu perbasasi akan kuat sistem bina atlet jenjang bina jenjang jadi penting tidak kalah penting bagaimana masyarakat buat cinta baseball softball kata tingkat popularitas olahraga sebut karding dorong bentuk klub klub baseball softball lalu kerja sama bagai pihak masuk perintah daerah sektor swasta nilai jaring milik urus mang penting manfaat luas basis bina tingkat partisipasi masyarakat itu karding target perbasasi mampu tingkat prestasi indonesia bagai kompetisi sebut ingin bawa baseball softball indonesia masuk jajar besar jumlah level kompetisi harus bangun lalu fondasi organisasi kuat target tentu prestasi sea games asi games bahkan olimpiade dana jaring organisasi model bina harus jadi satu ekosistem baseball softball baik ujar karding aku soal dana jadi salah satu tantang utama kelola organisasi olahraga itu perbasasi akan cari bagai alternatif dana kuat kolaborasi bagai pihak program bina kembang organisasi jalan lanjut juga buka ruang libat lebih luas bagai unsur struktur organisasi perbasasi turut bangun organisasi tidak dapat laku orang diri butuh kerja sama seluruh urus urus daerah komunitas atlet mang penting lain rekonsiliasi bangun sama target adalah cipta ekosistem baseball softball baik organisasi kuat prestasi indonesia tingkat dunia kata karding tidak kerja sendiri harap semua ada sini bisa libat kita ingin punya ekosistem baseball softball bagus perbasasi yang kuat prestasi indonesia tingkat dunia pungkas,sport
Resmi! Enea Bastianini Gabung Trackhouse Aprilia untuk MotoGP 2027,https://sport.detik.com/moto-gp/d-8632765/resmi-enea-bastianini-gabung-trackhouse-aprilia-untuk-motogp-2027,"Senin, 24 Agu 2026 16:50 WIB",enea bastianini resmi gabung trackhouse aprilia motogp balap italia menandatangani kontrak tahun jadi rekan tim raul fernandez pasti sebut umum trackhouse jelang motogp aragon akhir pekan bastianini kuat tim satelit aprilia mulai musim jadi awal era baru motogp motor ban regulasi baru trackhouse belum cari balap baru ai ogura pilih gabung tim pabrikan yamaha musim jadi rekan tim jorge martin nama bastianini kemudian kuat beberapa pekan akhir balap tahun akhir pilih trackhouse isi kursi tinggal ogura sangat semangat gabung superfile trackhouse motogp team juara motogp ikut kata bastianini nyata tim dilansircrash net mulai tes valencia tahun jadi tantang baru nyata pasuk era baru motor baru ban baru regulasi baru itu senang bawa alam semangat juang trackhouse kembang aprilia rs gp baru sama sama tim kembang pesat lama telah jadi tantang gelar juara saja saya laku baik tetap ada papan atas ujar pindah trackhouse jadi sempat bastianini bangkit lewat dua musim sulit sama tech ktm jauh bastianini baru mampu raih satu podium lama periode sebut padahal sudah koleksi enam menang motogp panjang karier kini bastianini akan kuat baris aprilia era baru motogp tim pabrikan marco bezzecchi pecco bagnaia akan jadi bagi skuad aprilia musim bastianini akan usaha bawa alam milik bantu trackhouse kembang rs gp hadap ubah besar milik trackhouse justin marks sambut datang bastianini antusias momen sangat tarik tim superfile trackhouse sambut orang enea balap aprilia ujar marks rekam jejak balap sejarah menang motogp alam level tinggi olahraga ini semua kontribusi skenario sempurna tim balap kami semua yakin ada ambang jaya marks nilai karakter bastianini jadi salah satu alas trackhouse pilih pribadi enea tular ingin segera mulai rendah hati sikap positif adalah atribut selalu kami cari misi kami tarik atlet milik paket lengkap tutur kami akan senang senang kejar trofi cipta momen momen kesan beberapa tahun ke depan sama enea raul seluruh orang mitra luar biasa trackhouse,sport
Pelari Indonesia Berkesempatan Tampil di Nagoya Women's Marathon 2027,https://sport.detik.com/sport-lain/d-8614480/pelari-indonesia-berkesempatan-tampil-di-nagoya-womens-marathon-2027,"Selasa, 11 Agu 2026 22:44 WIB",lari perempuan indonesia sempat ambil bagi dinagoya women s marathon rupa ajang khusus perempuan besar dunia nagoya women s marathon gelar nagoya aichi jepang minggu maret daftar serta internasional resmi buka mulai selasa agustus nagoya women s marathon kenal maraton khusus perempuan besar dunia telah oleh sertifikasi guinness world records ajang sandang status world athletics platinum label level tinggi klasifikasi lomba lari jalan raya world athletics edisi kapasitas serta tambah banyak lari jadi serta banyak kuota beri lari internasional lomba buka perempuan bagai usia tingkat mampu mulai baru pertama kali ikut maraton hingga lari alam kejar personal best seluruh serta tempuh jarak kilometer titik start finis vantelin dome nagoya karakter lintas relatif datar batas waktu tujuh jam jadi salah satu alas lomba ramah lari agam level mampu periode early entry langsung agustus biaya daftar besar jpy rp juta regular entry buka agustus september biaya jpy rp juta kuota guna sistem first come first served biaya pemrosesan tambah laku kaum pria bisa partisipasi event karena selenggara gelar nagoya city marathon hari sama kategori sedia half marathon nagoya run jauh kilometer nagoya city marathon biaya daftar internasional tetap besar jpy rp juta half marathon jpy rp juta nagoya run km salah satu ciri khas nagoya women s marathon hadiah eksklusif tiap finisher lari hasil capai garis finis terima tumbler kristal baccarat buat khusus ajang sebut baccarat rupa rumah kristal mewah asal prancis sejarah lebih tahun desain sebut kenal marathon expo langsung hari lomba tak depan kompetisi selenggara juga tempat nyaman aman lari prioritas dukung medis sedia toilet jumlah banyak ruang ganti luas hingga guna stadion atap area start finis jadi bagi fasilitas siap serta konsep sebut nagoya women s marathon tahan identitas the world s greatest stage for women to shine buah panggung perempuan raya mampu capai mereka lalu olahraga,sport
Kejuaraan Dunia Bulutangkis: Rehan/Gloria Bungkam Pasangan Malaysia,https://sport.detik.com/raket/d-8623810/kejuaraan-dunia-bulutangkis-rehan-gloria-bungkam-pasangan-malaysia,"Selasa, 18 Agu 2026 13:55 WIB",rehan gloria tampil new delhi india selasa kalah wakil malaysia wong tien ci lim chiew sien skor babak besar tanding sebut langsung tengah jam menang asa spesial rehan gloria belum nyaris masuk daftar serta juara dunia pasang non pelatnas baru dapat pasti tampil jumat pagi siap diri waktu singkat berangkat india rehan bahkan aku sempat laku uji coba lapang lebih dulu tempat tes arena tanding baru hari senin dini hari tadi memang gim pertama raba raba kondisi lapang kata rehan terang tulis lalu federasi catat kutip langsung atas tahan persis sesuai materi meski frasa tempat tes tampak rupa typo transkripsi sumber mungkin sempat tes arena tanding karena tetap kutip boleh ubah bagi sebut saya koreksi dalam kutip rehan sebut sempat tampil juara dunia kali rezeki duga bahkan sempat harap tampil rehan gloria kemudian fokus jalan latih sembari tunggu pasti main juara dunia memang tidak duga kalau rezeki masuk masuk jadi bukti bilang berat last minutes main ujar benar sudah tidak harap bukan arti tidak mau main jadi balik fokus latih intens pasti hari jumat pagi langsung siap semua buru buru memang siap gloria pun gambar jalan tuju juara dunia naik turun roller coaster ketika kami pertama kabar main nyata berat akhir akhir beneran bisa main jadi kami akan ambil hikmah baik moga semua jalan lancar gloria harap sempat nyaris lepas akhir bayar menang telak atas pasang malaysia rehan gloria bahkan mampu kunci gim dua skor menang sebut rehan gloria laju babak besar juara dunia babak ikut akan hadap pasang taiwan ye hong wei nicole gonzalez chan status unggul sembilan tarik ye nicole bukan pasang asing main indonesia dua catat bagai salah satu pasang kuat sektor ganda campur pernah jadi lawan wakil merah putih jumlah turnamen juara dunia langsung new delhi india agustus rehan gloria jadi salah satu wakil non pelatnas indonesia dapat sempat tampil ajang sebut mcy krs taut salin,sport
Ketum KOI dan Menpora Mengukuhkan Tim Indonesia untuk Asian Games 2026,https://sport.detik.com/sport-lain/d-8655067/ketum-koi-dan-menpora-mengukuhkan-tim-indonesia-untuk-asian-games-2026,"Rabu, 09 Sep 2026 11:50 WIB",ketua umum komite olimpiade indonesia koi raja sapta oktoharidan menporaerick thohirmengukuhkan tim indonesia untukasian games aichi nagoya siap aksi laksana kukuh langsung wisma serba gelora bung karno gbk rabu indonesia kirim atlet ofisial cabang olahraga ucap bismillahirrahmanirrahim tim indonesia asi games aichi nagoya kukuh ucap okto sempat sebut menpora erick thohiryang turut hadir beri pesan harap atlet cabang olahraga akan tampil multievent besar se asia sebut indonesia banyak kibar merah putih manca negara dapat emas para dahulu bagi sini tepuk tangan kalian semua buka erick pantas puas diri kalau lihat negara tetangga lama asi games kumpul emas kalau bicara besar negara indonesia besar asi games baik segi duduk politik ekonomi semua karena natang semua hadir masuk enggak siap asi games baik tidak kibar merah putih banyak banyak asi games ajak menpora usia tahun kemudian tanya atlet hadir siapa mau medali emas tanya kemudian atlet tunjuk tangan serempak bukti bukti buat diri sudah juang tinggal hidup hari keluarga letih tangis cedera tinggal hari tegas erick belum rasa potensi medali tantang diri bisa potensi perunggu tantang diri perak potensi perak tantang diri anda emas yang potensi emas saing sangat ketat banyak negara yang sudah investasi olahraga kenapa kemenpora berintropeksi diri ubah pola pikir arah presiden ri prabowo subianto olahraga duta bangsa cermin hidup bangsa karena itu asi games jadi pantau dekat tuju olimpiade tak lama tinggal tahun siap pelatnas sinambung ada indeks prestasi dan kalau ada yang main main anggar yang bawa hukum jangan main main tegas erick harap seluruh atlet dapat satu komitmen jumpa presiden ri prabowo subianto harap dengan satu komitmen ketemu bapak presiden bulat tekad adalah negara yang besar asia tenggara kita patut rebut emas banyak banyak kita bisa kita bisa salam olahraga ucap erick simak juga video bicara kesiap atlet untuk asi games mensesneg siap sangat baik,sport
"Grand Final IPL Season 2 Digelar di Mall, Ada Desta Vs Bedu Adu Pingpong!",https://sport.detik.com/sport-lain/d-8627433/grand-final-ipl-season-2-digelar-di-mall-ada-desta-vs-bedu-adu-pingpong,"Kamis, 20 Agu 2026 18:10 WIB",grand final indonesia pingpong league ipl season bukan cuma saji saing klub klub tenis meja pula duel ekshibisi desta mahendra vs bedu ramai babak puncak kompetisi sebut grand final ipl season gelar agustus trans studio mall tsm cibubur desta bedu tanding partai ekshibisi bedu sebut duel sebut jadi bagi upaya masyarakat olahraga tenis meja akan lawan desta bantu masyarakat olahraga pingpong olahraga pingpong sangat bagus main semua kalang tak peduli usia anak anak orang tua latih motorik olahraga sehat kata bedu luar duel desta vs bedu grand final ipl season jadi bagi penting siap tenis meja indonesia tuju asi games sekretaris jenderal ipl yon mardiyono kata pilih pusat belanja lokasi tanding memang sengaja ipl ingin bawa olahraga tenis meja lebih dekat masyarakat adakan tengah tengah mall tuju masyarakat olahraga tenis meja harap bisa tarik perhati unjung pusat belanja bisa mulai cinta tenis meja ujar yon jumpa pers trans studio mall cibubur kamis grand final ipl season akan temu delapan klub baik total tim serta serta diri empat klub putra empat klub putri asal onic sport jakarta ptm arwana jaya ptm sukun kudus zakhwan sport jasa raharja putera babak puncak sedia gelar akhir laksana tunda atlet ikut sea games jumlah juara internasional grand final harus laku akhir tahun tunda sea games beberapa juara internasional ikut atlet jadi undur pilih agustus karena tepat hut ri bisa jadi siap atlet tuju asi games yon ungkap tarik seluruh atlet akan kirim indonesia asi games turun kuat klub klub sebut total ada atlet inti diri lima putra dan lima putri dua atlet cadang demikian grand final ipl season hanya jadi rebut gelar klub juga sempat uji kuat para atlet proyeksi tampil asi games atlet onic sport jakarta muhammad naufal junindra irawan sebut siap hadap grand final laku maksimal siap sangat keras jelang grand final lawan lawan hadap bukan sembarang jadi siap maksimal kata naufal,sport
IHR 2026 Perluas Olahraga Pacuan Kuda Indonesia,https://sport.detik.com/sport-lain/d-8654586/ihr-2026-perluas-olahraga-pacuan-kuda-indonesia,"Selasa, 08 Sep 2026 22:52 WIB",pacu kudaindonesia mulai arah tuju panggung dunia lalu indonesia s horse racing ihr ini kembang sarga co konsep olahraga hibur pariwisata ekonomi kreatif ihr kembang bukan kompetisi tentu kuda cepat platform sebut rancang jadi bagi ekosistem hubung olahraga kuda potensi daerah bagai wilayah indonesia sarga co hadir bagai promotor pacu kuda profesional pertama satu satu indonesia lalu ip indonesia s horse racing hadir ihr jadi bagi upaya ubah cara pacu kuda kelola kemas kenal masyarakat olahraga milik sejarah panjang indonesia sebut kini dapat dekat baru makin dekat generasi masa kini ihr gelar sembilan event tema the race of rising stars pasuk sarga co bawa ambisi lebih besar lalu tema race to the world stage tema sebut jadi landas kembang ihr tuju kompetisi lebih profesional sekaligus milik jangkau tonton lebih luas sama pp satu olahraga kuda seluruh indonesia pordasi sarga co hadir delapan juara kalender ihr rangkai kompetisi sebut gelar jumlah wilayah karakter tradisi kuda beda agenda ihr buka lalu ihr jateng derby gelanggang pacu kuda tegalwaton kabupaten semarang februari itu kompetisi lanjut lewat ihr triple crown serie pertiwi cup stadion sultan agung bantul april mei gilir ihr triple crown serie piala raja mangkunegaran gelar gelanggang pacu kuda tegalwaton rangkai sebut kemudian lanjut juni lalu ihr piala paku alam stadion sultan agung bantul agenda utama lain hadir lewat ihr indonesia derby gelanggang pacu kuda legokjawa pangandaran jawa barat juli pasuk agustus kompetisi lanjut lalu ihr merdeka cup sumatera barat rangkai ihr lanjut jadwal tuju kejurnas seri ii sulawesi utara oktober kompetisi kemudian tutup piala hamengku buwono x yogyakarta november sangat syukur apresiasi antusiasme masyarakat selenggara ihr panjang kami ihr bukan kena siapa jadi juara di lintas juga bagi jalan bangun pacu kuda indonesia jadi makin profesional modern sekaligus tetap harga tradisi arif lokal kata direktur komersial sarga co ana airin lalu indonesia s horse racing tradisi padu dekat industri modern kompetisi kembang profesional produksi siar tingkat alam tonton luas peluang komersial buka lebih jauh,sport
Pemanasan Timnas Basket 3x3 di Taiwan Jelang Asian Games 2026,https://sport.detik.com/sport-lain/d-8648160/pemanasan-timnas-basket-3x3-di-taiwan-jelang-asian-games-2026,"Jumat, 04 Sep 2026 12:50 WIB",jelang asi games timnas basket x putraterbang taiwan ikut fiba x challenger ajang penting bentuk mental langsung kaohsiung taiwan september timnas basket x indonesia kuat empat main total delapan nama ikut latih siap tahap akhir empat nama almando davin nepa bait halmaheranno aprianto lolaru hady erick ibrahim junior daffa dhoifullah berangkat kaohsiung bawa nama tim balige main aymane arip richard kornelius susul gabung laku scrimmage tim klub lokal taiwan hari ikut september kaohsiung tim balige juang babak kualifikasi gabung grup b sama tim shibuya asal jepang tim phoenix amerika serikat shibuya rupa tim profesional kuat dua main jepang rekrut asal latvia kristaps gluditis zigmars raimo main senior usia tahun kemudian phoenix usa isi main matang usia tahun kualfikasi grup b balige isi main muda usia bawah tahun wakil ketua program x badan tim nasional btn dpp basi sekaligus general manager timnas x putra derry primasta octa tegas kirim main muda sesuai regulasi asi games batas usia maksimal tahun basket x alam rasa atmosfer tanding ajang internasional butuh main bentuk karakter main tuju asi games kata derry terang tim balige kuat main usia lebih muda kirim ajang dengan tuju bentuk mental tanding ambil alam rasa atmosfer tanding level internasional derry tekan hasil akhir nomor dua utama proses hasil akhir memang penting tanding dalam proses bentuk tim ini lihat paham main dalam jalan strategi main telah beri lama training camp nasional jauh lebih penting asi games bisa dapat hasil maksimal ujar asi games timnas basket x putra gabung di pool c di sana indonesia saing lawan qatar taiwan bahrain komposisi main ini adalah baik proses training camp yang sudah jalan pimpin coach donnda lihat banyak ubah positif sejak fiba batam challenger dukung anak anak muda prestasi indonesia wakil kita di kancah global lalu x basket ultimately sama mau beri yang baik asi games tegas derry,sport
Memen Harianto Minta Maaf Gagal Pertahankan Gelar AXCR 2026,https://sport.detik.com/sport-lain/d-8621659/memen-harianto-minta-maaf-gagal-pertahankan-gelar-axcr-2026,"Minggu, 16 Agu 2026 23:45 WIB",pen hariantogagal tahan gelar juaraasia cross country rally axcr pen minta maaf semua pihak atas hasil pen kendara toyota hilux revo sama indonesia cross country rally team tampil konsisten sempat pimpin kelas t g akhir finis posisi empat alami masalah overheating ss sabtu hasil bilang kecewa pen sejati target gelar juara tahun namun pen tetap syukur masih tuntas balap paling penting selesai seluruh leg leg leg ss memang alami overheating harus laku baik lebih ss buat waktu buang cukup banyak ujar pen rilis kalau ada masalah sebut tentu masih milik peluang tahan posisi pertama t g akhir ini rally paling penting buat serah tetap selesai ss finish sambung target tentu juara jadi pasti kecewa sempat akhir hilang akibat masalah overheating waktu buang syukur tetap selesai seluruh rangkai axcr kata balik juang pen axcr dapat dukung para sponsor partner tim mekanik keluarga komunitas media masyarakat indonesia pen sampai apresiasi seluruh pihak telah beri percaya dukung sejak masa siap hingga kompetisi langsung ingin ucap terima kasih besar besar seluruh sponsor partner sudah percaya dukung axcr juang bukan juang tetapi juang sama ujar pen itu pen sampai mohon maaf mampu wujud target juara t g mohon maaf tahun belum bisa beri gelar juara harap saya tahu banyak sekali sudah beri support harap bisa bawa hasil baik indonesia saya harap semua bisa lihat juang cara seluruh leg leg tetap juang hasil jadi finisher saja masalah overheating di ss buat kami hilang waktu sangat harga akhir peluang juara ikut hilang pen masalah ss jadi bahan evaluasi penting utama tingkat reliability kendara kesiap tim hadap reli jarak panjang kondisi ekstrem kami akan evaluasi semua masalah di ss jadi ajar sangat harga kami akan dengan siap yang lebih baik,sport
"Jorge Martin Susah Ngebut di MotoGP Aragon, Ini Masalahnya",https://sport.detik.com/moto-gp/d-8641884/jorge-martin-susah-ngebut-di-motogp-aragon-ini-masalahnya,"Senin, 31 Agu 2026 17:10 WIB",jorge martin sulit laju kencang motogp aragon grip jadi masalah utama buat balap aprilia racing tak mampu saing podium seri belum martin tampil impresif motogp silverstone raih finis aragon hanya mampu finis lima balap gelar hasil sebut memang sebut buruk martin masih pimpin klasemen unggul poin atas marc marquez poin atas rekan tim aprilia racing marco bezzecchi martin tak milik pace silverstone belum mampu saing menang dua balap motogp aragon punya cepat rebut podium baik balap jarak pendek maupun balap utama dua kali finis lima akhir jadi hasil maksimal raih martin pun tetap rasa puas capai sebut sulit beda apa harap kata jorge martin kena balap aragon dilansircrash net coba optimistis mungkin start bagus bisa laku beda tidak bisa hari finis lima besar hasil maksimal senang bisa dapat hasil maksimal benar benar lang maju pikir misano martin aku tahu sejak jumat diri sulit saing podium aragon martin masalah grip jadi kendala utama panjang akhir pekan aragon silverstone asa sedikit lebih baik jadi harap mungkin bisa tarung podium sejak jumat sudah lihat tidak bisa tahu finis lima besar akan sulit jadi senang hari lebih dekat podium banding kemarin ucap grip seluruh jadi batas panjang akhir pekan sangat sulit grip rasa jelang paruh balap di akhir balap rasa sedikit lebih baik bisa sedikit kejar alex marquez seluruh saya senang dengan capai maksimal bisa saya laku hari seperti saya kata belum finis lima besar hasil maksimal saya dapat poin saya lebih pilih itu daripada ambil risiko jatuh yang saya perlu saya laku ini tutur situasi yang kemudian buat diri pilih tidak paksa diri di motogp aragon mungkin di balap balap ikut saya harus ambil lebih banyak risiko tidak balap yang satu ini,sport
"Eks Pelatih Panjat Tebing Jadi Tersangka, Menpora: Negara Ada untuk Atlet",https://sport.detik.com/sport-lain/d-8630677/eks-pelatih-panjat-tebing-jadi-tersangka-menpora-negara-ada-untuk-atlet,"Minggu, 23 Agu 2026 08:45 WIB",eks latih kepala pelatnas federasi panjat tebing indonesia fpti hendra basirditetapkan sangka kasus duga keras seksual menteri pemuda olahraga erick thohirmenyambut positif putus dasar terang polisi peristiwa sebut duga jadi ulang rentang hingga desember berkas perkara kini nyata lengkap p telah laksana serah sangka barang bukti tahap kejar kota bekas dukung penuh langkah polisi tegak hukum ungkap perkara cara tuntas tetap laku sangka proses rupa bukti segala bentuk keras leceh dapat tempat ujar erick terang tulis jumat erick tegas laku boleh kecimpung dunia olahraga paling penting pasti korban dapat lindung damping adil negara boleh biar atlet harus ada lingkung aman justru alami keras leceh korban tahu sendiri perintah hadir pihak korban sambung pria tahun sebut kasus bukan soal hukum satu orang juga momentum benah seluruh ekosistem olahraga nasional olahraga jadi ruang aman tiap atlet tumbuh latih prestasi harum nama bangsa boleh penyalahgunaan kuasa relasi kuasa keras keras seksual prestasi boleh bangun korban martabat selamat atlet kata erick lantas minta seluruh induk organisasi cabang olahraga latih ofisial jadi selamat lindung atlet prioritas utama juga harap korban dapat ruang pulih tekan stigma harap korban tetap kuat jangan rasa salah atas apa jadi fokus pulih diri harap mereka dapat dukung keluarga federasi perintah seluruh masyarakat ujar kemenpora dorong sistem lindung atlet lebih kuat semua cabang olahraga liput cegah mekanisme adu damping tangan pihak kepada korban ingin bangun olahraga indonesia bersih bersih bukan doping atur tanding juga bersih keras leceh intimidasi penyalahgunaan kuasa integritas olahraga mulai dari bagaimana laku manusia dalam ujar erick juga ingin atlet indonesia prestasi setinggi tinggi mereka juga rasa aman harga medali penting selamat martabat masa depan atlet jauh lebih penting jangan pernah lagi atlet rasa harus pilih kejar prestasi lindung diri sendiri tutup eks menteri bumn sebut,sport
"Rayakan Hari Jadi ke-50, PB Jaya Raya Ingin Terus Cetak Prestasi",https://sport.detik.com/raket/d-8612747/rayakan-hari-jadi-ke-50-pb-jaya-raya-ingin-terus-cetak-prestasi,"Senin, 10 Agu 2026 20:30 WIB",klub bulu tangkis indonesiapb jaya rayamerayakan hari jadi pb jaya raya tekad terus cetak atlet prestasi indonesia tempat gor pb jaya raya ciputat tangerang selatan senin acara hadir petinggi pb jaya raya candra ciputra ketua umumsusy susanti legenda bulu tangkis indonesiarudy hartono presiden direktur pt bangun jaya trisna muliadi kini pb jaya raya pimpin susy baru tunjuk ketua umum ganti rudy hartono tekad pb jaya raya tak sekadar raya jalan panjang ketua lihat usia tahun bangun bulu tangkis indonesia depan terus cari bina talenta muda program latih baik lingkung dukung atlet teknik mental karakter kata susy wartawan lepas acara prestasi hasil proses disiplin kerja keras konsistensi jadi juara musuh besar kalah diri sendiri ucap susy trisna muliadi sampai harga setinggi langit mendiang ir ciputra jasa diri pb jaya raya turut beri apresiasi seluruh jajar urus latih sampai terus rawat semangat cetak atlet bakat sempat pb jaya raya beri harga insan prestasi atlet muda hingga latih cetak atlet jempol sempat sampai harga setinggi tinggi almarhum bapak ciputra yakin prestasi hasil bentuk manusia adalah waris sungguh ujar trisna muliadi terima kasih seluruh urus latih atlet seluruh keluarga besar pb jaya raya lama lima dekade telah jaga terus cita cita sebut ucap legenda rudy hartono turut utara harap raih gelar juara delapan kali all england sektor tunggal putra harap klub manfaat ubah pimpin jadi lebih baik syukur terima kasih tuhan maha kuasa para bina pb jaya raya yayasan semua atlet bawah tahun telah hasil beri darma bakti kepada indonesia tutur rudy pimpin sekarang adalah saudari sus ketua hari saudari rosiana tendean harap sudah memang harus jadi ubah ubah makanya saya sendiri rasa waktu sudah lama ucap sempat ini pb jaya raya juga umum nama baru gor pb jaya raya di ciputat tangerang selatan tempat bina atlet kini nama gor ciputra pb jaya raya,sport
"Rizki Juniansyah Siap Debut di Asian Games 2026, Naik Kelas ke 85 Kg",https://sport.detik.com/sport-lain/d-8655636/rizki-juniansyah-siap-debut-di-asian-games-2026-naik-kelas-ke-85-kg,"Rabu, 09 Sep 2026 17:30 WIB",rizki juniansyah siap jalan debut asi games raih medali emas olimpiade paris aku pulih persen sempat alami cedera bahu bulan lalu rizki tampil kelas kg putra jadi salah satu andal angkat besi indonesia raih medali asi games aichi nagoya jepang alhamdullilah cukup baik untui asi games baru pulih angkat sudah balik insyaallah tanding maksimal asi games ujar rizki temu wisma serba gbk rabu beda olimpiade paris rizki akan turun kelas kg asi games raih emas olimpiade tampil kelas kg asi games memang tidak main usus buntu absen alhamdullilah asi games pertama turun kelas kg change senior rahmat erwin abdullah memang jatah satu orang satu kelas akhir kg jelas rizki kini usia tahun naik kelas bukan perkara mudah sesuai berat badan sekaligus tingkat power hadap saing kelas kg pasti lebih berat lawan lawan jaga pola makan naik berat badan tingkat apa nutrisi protein lain lain ujar pertama makan dua latih full power tiga kondisi harus lebih baik naik berat badan bukan asal naik harus punya power manfaat buat tanding tutur rizki ungkap berat badan kg pun capai kg jujur berat badan kg enggak nyampe kg tak masalah penting tanding maksimal ada berat badan saya seperti kata soal peta saing kelas kg rizki sorot lima negara nila bakal jadi tantang berat adalah korea utara china iran thailand korea selatan meski saing berat rizki tekad beri performa baik status raih medali emas olimpiade buat ekspektasi diri cukup tinggi benar bukan beban saya tapi motivasi semangat tanding karena buat apa jadi beban kalau beban saya akan jelek tanding jadi saya tetap enjoy negara target harus emas apa lalu pb pabsi harus ini yang penting saya enjoy jalan sendiri usaha yang baik buat indonesia pungkas,sport
Kata Jonatan Christie Soal Kecocokan Main di India,https://sport.detik.com/raket/d-8616776/kata-jonatan-christie-soal-kecocokan-main-di-india,"Kamis, 13 Agu 2026 14:50 WIB",jonatan christiemengomentari soal cocok main diindia jauh jojo sapa karib kali sukses tampil negeri bollywood sebut edisi india open jonatan hasil tembus semifinal keluar runner up meski juara tak salah ia sebut cukup cocok main india bukan tak mungkin juara dunia selenggara new delhi india beri dampak positif jonatan tanggap jonatan enggan dapat label sebut turut semua gantung kondisi lawan enggak sih enggak tahu maksud balik gantung ketemu musuh siapa sekali yang bilang cocok cocok kondisi india open tahun india open tahun lalu beda besar stadion beda feel nya beda shuttlecock mungkin sama sama yonex kata jonatan temu kawasan kelapa gading jakarta utara kamis feel nya stadion besar kecil pengaruh mana angin datang segala jadi mungkin adaptasi kemarin jalan baik adaptasi main asing jalan baik tahu bagaimana atas dalam dua tahun akhir puji tuhan kali main india semua oke mudah mudah juara dunia dapat hasil bagus tutur hubung jonatanmenilai alam main india jauh selalu bagus walaupun jumlah rekan rekan sama pebulutangkis sempat alami alam kurang senang india selalu cerita sendiri mana mana entah stadion hotel makan jadi juara dunia india cukup tantang akhir india open seluruh oke dengan alam india open akhir cukup baik kata juara asi itu misal soal makan mungkin lebih spesifik putus makan misal hotel mana restoran jepang makan sana mungkin bawa makan sendiri rumah jakarta jadi lebih meminimalisir makan di luar itu segi lapang sendiri india open tahun adalah lapang juara dunia seluruh stadion bagus tempat oke ya memang segi bersih sedikit terlalu banyak debu bagai macam untuk juara dunia kali ada di tengah tahun jadi kondisi india juga lagi tidak dingin awal tahun memang cukup dingin juga pertama kali jadi tidak tahu apa kondisi seperti apa mudah mudah dari alam saya kami bisa untuk siap juara dunia pungkas,sport
Ini 2 Pemenang Bold Riders Podium Picks Edisi MotoGP Inggris,https://sport.detik.com/moto-gp/d-8615541/ini-2-pemenang-bold-riders-podium-picks-edisi-motogp-inggris,"Rabu, 12 Agu 2026 16:44 WIB",raul fernandez hasil jadi menang motogp inggris sirkuit silverstone minggu rider trackhouse aprilia tampil kuat sejak awal balap hasil tahan posisi depan hingga finis fernandez mulai race posisi dua langsung lesat depan lepas start jorge martin awal balap pole position sempat cecer kembali naik baris depan martin kemudian libat saing marco bezzecchi rebut posisi dua hasil lewat bezzecchi martin aman posisi sebut hingga finis fernandez akhir keluar juara unggul detik atas martin bezzecchi lengkap podium posisi tiga selisih detik sang menang hasil sekaligus buat podium motogp inggris asai tiga rider aprilia alex marquez hasil selesai balap hasil positif rider gresini racing itu finis empat tepat belakang tiga balap aprilia kuasa podium hasil akhir motogp inggris kemudian alami ubah fabio quartararo dapat penalti detik akibat langgar regulasi tekan ban depan rider yamaha belum finis turun posisi telah hukum sebut terap menang bold riders podium picks seru motogp inggris hanya jadi lintas gemar ikut uji prediksi lalu bold riders podium picks seri silverstone kali aryadi heri purnawan hasil jadi serta oleh poin tinggi dua hak dapat voucher masing masing nila rp bold riders podium picks rupa kompetisi ajak gemar motogp tebak rider finis posisi pertama dua tiga race lewat kompetisi serta andal tahu insting prediksi siapa diri podium tiap seri jadi sempat kumpul poin saing serta lain selamat aryadi heri purnawan tim akan hubung masing masing menang proses verifikasi informasi lebih lanjut kait beri hadiah gabung bold riders buat lo yang belum gabung sekarang waktu join bold riders official sponsor gresini racing motogp sekaligus wadah komunitas motor multi genre besar indonesia sini rider kumpul riding bareng seru seru sama sama cinta roda komunitas jadi ruang untuk bagi alam ikut bagai aktivitas putar dunia motor pastiin juga lo follow instagram boldriders biar tinggal update putar motogp konten konten seru info event event motor keren lain bold riders spirit of brotherhood,sport
Jagoan Reli Dunia Akan Tampil di FIA Rallycross 2026 Jakarta,https://sport.detik.com/sport-lain/d-8638498/jagoan-reli-dunia-akan-tampil-di-fia-rallycross-2026-jakarta,"Jumat, 28 Agu 2026 17:50 WIB",jakarta bakal jadi panggung hadir salah satu legenda motorsport dunia raih sembilan gelar juara dunia world rally championship wrc sebastien loeb pasti ambil bagi fia rallycross world cup pertama kali gelar indonesia loeb turun sama sarga motorsport ajang langsung jakarta international e prix circuit jiec ancol jakarta desember hadir jadi salah satu daya tarik utama debut fia rallycross world cup asia tenggara sangat nanti sempat balap jakarta jadi rekan satu tim kevin selenggara fia rallycross world cup perdana indonesia rupa kembang tarik olahraga senang jadi bagi babak baru sama sarga kata loeb terang pers balap asal prancis sebut laga kategori rx tarik loeb sendiri satu tim balap swedia kevin hansen dua bukan sosok asing loeb hansen pernah jadi rekan satu tim peugeot libat ajang world rx periode hingga kini dua kembali kerja sama hadap babak baru rallycross jakarta loeb fia rallycross world cup indonesia jadi sempat tarik untuk kembali rasa atmosfer rallycross belum pernah kompetisi world rallycross championship hingga sarga motorsport siap talenta indonesia kingston effendi kuat tim sebut turun kategori rx hadir loeb sekaligus jadi bagi komposisi balap internasional lokal ajang perdana sebut fia rallycross world cup jakarta rupa tonggak penting sarga co bangun hadir lebih kuat panggung motorsport internasional kata founder sarga co aryo ps djojohadikusumo bangga kerja sama kevin hansen s bastien loeb nama milik reputasi luar biasa dunia motorsport sekaligus beri panggung kingston effendi representasi generasi baru talenta indonesia sambung fia rallycross world cup sendiri jadi sejarah baru indonesia jakarta tunjuk tuan rumah edisi perdana kompetisi sebut sekaligus jadi selenggara rallycross kelas dunia pertama asia tenggara balap akan guna lintas telah modifikasi jiec komposisi persen aspal persen gravel s bastien kevin kingston wakil tiga elemen penting apa ingin bangun lalu sarga motorsport alam kelas dunia prestasi level tinggi dan potensi generasi baru indonesia kata chief of sarga motorsport felix effendi,sport
MotoGP Inggris 2026: Raul Fernandez Juara dengan Balapan Sempurna,https://sport.detik.com/moto-gp/d-8611258/motogp-inggris-2026-raul-fernandez-juara-dengan-balapan-sempurna,"Minggu, 09 Agu 2026 19:57 WIB",rider trackhouseraul fernandezsukses tang balap utamamotogp inggris fernandez tak sentuh start lintas garis finis sirkuit silverstone minggu malam wib fernandez mulai balap grid dua belakang jorge martin balap spanyol langsung lesat lampu hijau nyala kemudian terus jaga jarak aman rival rival raih menang jadi menang dua raul fernandez musim juara sprint race mugello seluruh fernandez arti kantong tiga menang usai juara grand prix australia tahun lalu aprilia tegas dominasi tempat duet rider pabrikan jorge martin marco bezzecchi posisi tiga turut turut marc marquez sulit panjang lomba harus puas finis tujuh adapun tujuh balap gagal selesai balapanmotogp inggris joan mir alex rins enea bastianini iker lecouna cal crutchlow francesco bagnaia ai ogura jalan balap raul fernandez rebut posisi depan start pole sitter jorge martin salip marc marquez tempat posisi tiga belakang marco bezzecchi mulai putar dua fernandez buka jarak detik bezzecchi jarak lebih detik jadi antara bezzecchi martin itu joan mir alex rins sama sama jatuh tikung tujuh mir retired rins lanjut balap meski akhir retired enea bastianini jatuh alex marquez sodok posisi empat salip kakak lap enam raul fernandez unggul bezzecchi detik putar lanjut jorge martin akhir meng takeover bezzecchi rebut posisi dua pedro acosta hasil mangkas jarak salip alex marquez tempat p itu ai ogura retired crash akhir putar lewat paruh balap raul fernandez terus depan selisih detik jorge martin bezzecchi posisi tiga tempel ketat acosta serang alex marquez buah hasil hasil salip acosta alex ke posisi empat depan acosta marc marquez francesco bagnaia retired fase akhir balap crash dua kali raul fernandez nyaman posisi depan unggul lebih empat detik jorge martin detik bezzecchi marc marquez lorot telah salip fabio giannantonio putar tiga akhir raul fernandez akhir tang balap selisih detik jorge martin bezzecchi alex marquez acosta lengkap lima besar giannantonio lima depan marc marquez brad binder luca marini dan diogo moreira turut turut finis enam puluh,sport
Atlet Muda Modern Pentathlon Punya Kesempatan Karier di Militer,https://sport.detik.com/sport-lain/d-8656170/atlet-muda-modern-pentathlon-punya-kesempatan-karier-di-militer,"Rabu, 09 Sep 2026 23:50 WIB",modern pentathlonakan tanding momen hari ulang tahun hut tni ketua umum urus pusat modern pentathlon indonesia pp mpi marsekal muda marsda tni purwoko aji prabowo sampai apresiasi modern pentathlon cabang olahraga olimpiade gabung lima disiplin beda anggar renang lari tembak rintang obstacle ganti disiplin kuda mulai tahun modern pentathlon indonesia open rebut piala panglima tni jadwal langsung akademi angkat udara aau yogyakarta september rupa suatu hormat modern pentathlon jadi satu delapan cabang olahraga tanding rangka ingat hut tni tahun siap sukses modern pentathlon indonesia open rebut piala panglima tni kata purwoko aji prabowo damping panglima koopsudnas pangkoopsudnas marsekal madya marsdya tni minggit tribowo ada modern pentathlon indonesia open wujud ingin terus gema bina modern pentathlon mampu bentuk karakter generasi muda disiplin tinggi daya juang talenta juara sambung wawancara medai ruang leo watimena koopsudnas lanud halim perdanakusuma jakarta timur selasa purwoko aji prabowo sampai kabar gembira atlet muda modern pentathlon tampil rebut piala panglima tni pasti pp mpi awal fasilitas menang kategori u milik minat lanjut karier dunia militer lalu jalur prestasi buka sempat para juara kategori u tarik gabung jadi anggota tni coba fasilitas sempat panglima tni buka lebar bibit bibit muda prestasi pungkas marsda tni purwoko aji juara piala panglima tni buka saing kategori senior u putra putri tiga nomor utama siap uji tahan fisik mental para atlet liput pentathlon triathle biathle lebih jauh purwoko aji menyampaiakan kembang prestasi modern pentathlon indonesia alami tingkat prestasi cukup signifikan sea games thailand lalu timnas modern pentathlon indonesia sumbang medali emas perak perunggu kini pp mpi siap atlet bakal tampil asi games aichi nagoya sudah siap lima atlet modern petathlon indonesia maksimal bisa beri baik saat tampil asi games khusus modern pentathlon indonesia open kita harap muncul bibit bibit potensial akan bina untuk siap hadap single multi event internasional depan tutup,sport
MTCC 2026: Avila Bahar Juara Umum di Sepang,https://sport.detik.com/sport-lain/d-8634061/mtcc-2026-avila-bahar-juara-umum-di-sepang,"Selasa, 25 Agu 2026 17:55 WIB",selesai kiprahavila bahardimalaysia touring car championship mtcc sama rekan aaron lim avila hasil jadi juara umum hasil dapat avila seri empat mtcc sirkuit internasional sepang minggu avila sama aaron memperkuathonda malaysia racing team hmrt sejak balap race pertama sabtu avila aaron sama sama tampil tawan panjang lap avila aaron finis raih podium tiga race pertama sabtu finis tiga bikin avila puas dia bayar balap dua avila aaron begitu semangat pacu kendara honda fe livery putih merah nomor apalagi avila memang tampil istimewa round mtc sejak official practice qualification session hingga race pertama avila aaron selalu jadi cepat avila catat waktu cepat race dua menit detik lap dua race avila start pole position langsung gebrak sejak awal dua jaga irama laju kendara baik hingga sudah lap waktu cepat posisi p sayang sempat terlalu cepat satu detik keluar pitstop avila harus kena penalti detik posisi sama aaron lorot tempat dua hasil tidak tahan laju avila aaron puncak klasemen sekaligus gelar juara mtcc overall round memang besar itu cukup terus jadi pimpin klasemen juara championship mtc kata avila rilis avila aku ada banyak drama putar empat dia syukur lalu baik sekaligus raih gelar juara pertama sejak lima tahun l alu pindah hmrt sempat susul susul strategi kami terap sempat terchallenge paling senang putar akhir adalah kami beberapa kali pimpin selalu jadi cepat mulai official practice kualifikasi hingga balap akhir kunci finis p bahkan fastest lap semua sambung bahagia sekali rasa tahun sama hmrt akhir bisa juara championship juga punya satu kali balap tahun yaitu sepang km november untuk balap panjang kita harap alam data kita punya mtcc jadi modal yang cukup buat kita lomba lama jam di sepang km demikian avila,sport
"Tanda Tanya soal MotoGP Qatar 2026, Terkait Situasi di Timur Tengah",https://sport.detik.com/moto-gp/d-8619635/tanda-tanya-soal-motogp-qatar-2026-terkait-situasi-di-timur-tengah,"Sabtu, 15 Agu 2026 10:15 WIB",muncul kabar soal mungkin pindah seri motogp qatar situasi geopolitik timur tengah buat balap sirkuit lusail ada tanda tanya seri motogp qatar cantum kalender motogp balap jadwal langsung november lusail international circuit tetap jadi venue resmi motogp sebut tengah siap opsi situasi kawasan sebut mungkin balap gelar qatar belum motogp qatar jadi seri empat motogp april balap sebut kemudian tunda akibat situasi geopolitik timur tengah pindah november putus sebut buat jadwal seri akhir musim ubah motogp portugal portimao geser november seri tutup valencia langsung november kini soal muncul jelang laksana motogp qatar motogp akhir pindah motogp qatar soal bukan sekadar cari sirkuit penuh standar sirkuit ganti sedia waktu sesuai mampu gelar satu pekan penuh motogp beri waktu cukup tim pindah motor seluruh lengkap rujuk informasi darivisordown jadwal november sangat padat qatar november motogp jadwal tuju portimao november tutup musim valencia november carmelo ezpeleta selaku ceo motogp sebut situasi sebut jadi soal sendiri bagi besar sirkuit eropa milik agenda periode sebut ada titik tahun bagi besar sirkuit eropa sudah isi ujar ezpeleta kutip lapor sebut soal sedia sirkuit jarak antarlokasi jadi tantang logistik alat motogp sudah siap kirim portugal sekitar pekan jadwal qatar meski opsi pindah sedang timbang motogp qatar jauh ini jadwal langsung november lusail venue baru jadi opsi cadang kondisi mungkin ezpeleta sebut masih lebih pilih motogp tetap datang qatar ketimbang hapus balap sebut kalender putus kena lokasi gp qatar sebut harap tentu paling lambat akhir agustus arti waktu motogp tim laku siap makin batas qatar akhir pindah ubah sebut potensi dampak kalender motogp qatar ini jadwal jadi seri dua musim thailand itu lanjut qatar tuan rumah motogp kembali jadi tanya jika situasi geopolitik kawasan sebut baik,sport
"AVC Continental: Ditunggu Lawan-lawan Berat, Ini Target Timnas Voli Putri RI!",https://sport.detik.com/sport-lain/d-8626901/avc-continental-ditunggu-lawan-lawan-berat-ini-target-timnas-voli-putri-ri,"Kamis, 20 Agu 2026 13:30 WIB",timnas voli putri indonesia hadap tantang berat avc women s volleyball continental championship indonesia gabung pool b sama thailand kazakhstan australia tetap pasang target tembus enam besar avc women s volleyball continental championship langsung tianjin china agustus turnamen ikut tim bagi tiga pool indonesia ada satu grup thailand kazakhstan australia thailand datang juara tahan kazakhstan milik rekam jejak kuat level asia meski saing mudah ketua umum urus pusat satu bola voli seluruh indonesia pp pbvsi imam sudjarwo nilai target enam besar realistis target masuk enam besar lawan kuat mudah mudah target capai bisa lebih bagus ujar imam dalam terang tulis kutip kamis indonesia hadap tiga lawan pool b laga pertama bahkan langsung temu garuda pertiwi kazakhstan agustus hadap thailand agustus australia agustus thailand jadi salah satu uji berat status juara tahan avc women s volleyball continental championship baru sapu bersih seri sea v cup imam minta target enam besar justru jadi beban para main turut aspek mental jalan iring mampu teknik kondisi fisik main latih ofisial minta milik visi sama target pasang kejar maksimal kejar prestasi avc continental penting indonesia tiga tim atas dapat tiket fivb women s world championship sistem sebut laku tiga besar masing masing juara kontinental imam ingat enam besar pandang batas akhir kaca hasil timnas voli putra indonesia avc cup target awal beri itu capai semifinal performa tim kemudian bawa indonesia lampau sasar sebut hingga jadi juara hasil sebut tunjuk target lewat apabila seluruh anggota tim mampu jaga bugar kuat mental kompak rasa sama ujar itu timnas voli putri indonesia harap sekadar kejar posisi enam besar mampu lang jauh mungkin fase pool lawan lawan tangguh pool b tanding sejak awal jadi uji penting skuad indonesia mampu lewat fase sebut hasil positif peluang kejar target lebih tinggi buka,sport
"Padel Series 2026 Digelar di 4 Kota, 2.048 Peserta Siap Tanding",https://sport.detik.com/sportstyle/d-8618245/padel-series-2026-digelar-di-4-kota-2-048-peserta-siap-tanding,"Jumat, 14 Agu 2026 12:50 WIB",olahraga padel makin kembang indonesia tak jadi bagi gaya hidup urban padel mulai jadi ruang bangun komunitas jejaring profesional kembang sebut turut dorong makin banyak turnamen padel gelar tanah air salah satu naven padel series mulai gulir jumat ajang gelar empat kota besar jakarta yogyakarta bandung bal dasar terang selenggara total pasang sekitar serta ambil bagi rangkai turnamen sebut jakarta jadi kota buka seri pertama langsung agustus kawasan jakarta selatan jakarta rangkai padel series lanjut yogyakarta agustus ikut bandung jadi tuan rumah september seri akhir gelar bal september jadwal sebut telah publikasi selenggara beda turnamen sasar level tentu padel series buka sempat main padel bagai level empat kota sebut pilih nilai milik kembang komunitas padel pesat sebenernya gin penetrasi dulu kota kota besar masuk kota kota secondary city jadi memang kenal event padel series jauh lebih luas jauh lebih besar kata founder naven taufik andre sumo jumpa pers kawasan jakarta selatan jumat taufik kembang padel indonesia buka peluang selenggara kompetisi orientasi tanding temu komunitas kalang profesional padel milik karakter sangat kuat bangun interaksi hubung kami ingin hadir alam premium ukur lanjut ujar taufik naven padel series nanti tidak henti empat seri empat kota selenggara siap grand final temu juara masing masing kota lokasi waktu laksana umum juara juara satu kota tanding mungkin kota info jakarta di bal mungkin imbuh taufik format sebut juara jakarta yogyakarta bandung bal akan dapat sempat kembali tanding dalam satu panggung cakup empat kota ajang harap bisa jadi salah satu bagi kembang kompetisi padel di indonesia taufik juga harap turnamen sebut gelar cara rutin tiap tahun jangkau lebih banyak kota depan harap nanti buat rutin akan ada atlet atlet profesional kata taufik,sport
"Padel Series 2026 Padukan Gaya Hidup, Olahraga, dan Energi Positif",https://sport.detik.com/sportstyle/d-8638727/padel-series-2026-padukan-gaya-hidup-olahraga-dan-energi-positif,"Jumat, 28 Agu 2026 22:45 WIB",olahragapadelsemakin kembang indonesia ajang madu gaya hidup energi terus gerak naven padel series seri yogyakarta resmi gelar wii social hub agustus rupa seri lanjut tuntas helat jakarta total hadiah rp miliar khusus seri yogyakarta turnamen ikut serta pasang kompetisi kategori diri lower bronze men lower bronze women lower bronze mixed bronze men silver men silver women tema energy in motion sangat selaras semangat pln energi terus gerak inovasi beri dampak positif masyarakat bangga jadi bagi naven padel series yogyakarta general manager pt pln persero unit induk distribusi yogyakarta deri prasetio utomo terang pers kolaborasi pln giat juga jadi bagi upaya hadir alam lebih makna serta salah satu lalu program sosial energy in motion lighting futures lalu program sebut poin hasil tanding konversi jadi kontribusi bantu hadir akses listrik masyarakat butuh demikian tanding hasil kompetisi juga bawa manfaat sosial tetes keringat para atlet tanding nanti ikut bantu masyarakat butuh jadi olahraga bukan menang kalah juga bagaimana energi hasil beri manfaat orang kata deri taufik andre sumo akrab sapa andre selaku founder naven indonesia kata ajang lahir gagas olahraga mampu cipta energi alam positif orang libat naven olahraga bukan sekadar menang kalah olahraga energi tentang komunitas juga tentang koneksi itu ingin naven padel series jadi ruang main kompetisi temu sekaligus cipta alam senang ujar andre ingin semua main nikmat tiap momen hari bukan hanya tentang siapa jadi juara bagaimana kita cipta energi positif alam senang sama sambung giat sebut turut hadir deny setiawan senior manager pt pln persero unit induk distribusi yogyakarta febri andriansyah pln icon plus sbu jawa tengah helat yogyakarta naven padel series gulir bandung september bal jadi seri akhir jadwal september,sport
Jonatan dan Tantangan Berat Kejuaraan Dunia 2026,https://sport.detik.com/raket/d-8618256/jonatan-dan-tantangan-berat-kejuaraan-dunia-2026,"Jumat, 14 Agu 2026 15:15 WIB",jonatan christie dapat tantang berat juara dunia jalur undi jalan sesuai skenario tunggal putra indonesia potensi temu lin chun yi babak besar victor lai perempatfinal dua pebulutangkis sebut jadi ganjal jonatan beberapa turnamen akhir lin chun yi jadi lawan belum hasil takluk jonatan tiga temu akhir temu china masters india open all england victor lai kali kalah jonatan temu pertama jadi final indonesia open juni jonatan gagal raih gelar takluk wakil kanada skor dua hadap china open juli kali jonatan gagal menang singkir lai perempatfinal skor hasil sebut konfirmasi pbsi catat sebut buat lin chun yi victor lai jadi nama patut waspada jonatan temu juara dunia lin chun yi victor lai jadi tantang kata jonatan temu kawasan kelapa gading jakarta utara meski jonatan ingin terlalu jauh pikir potensi temu sebut fokus tetap lewat tanding tanding awal lebih jojo aku siap strategi akhir hadap lin victor rencana a rencana b lawan awal kalah tiga kali hadap victor kalah kali otomatis saya ajar kalah kalah saya diskus tim segala macam tutur alam kalah belum jadi bahan jonatan sama tim meta main dua lawan apa biasa bagaimana cara main kondisi india lapang akhir kami guna apa kondisi jadi mungkin gambar seluruh sudah ada mungkin cara laksana ujar juara asia ini siap sebut cakup biasa gaya main lawan masuk kondisi lapang akan guna india siap itu jonatan harap strategi sudah susun sama tim terap baik kembali hadap salah satu dua main sebut jadi mungkin harap sesuai dengan apa sudah siap jonatan tegas juara dunia jadi sempat jonatan putus tren kurang baik hadap dua lawan sebut namun belum pikir lin chun yi victor lai jonatan harus lebih dulu lewat tanding depan,sport
"Starting Grid MotoGP Inggris 2026: Martin Pole, Marc Marquez Start Keenam",https://sport.detik.com/moto-gp/d-8610696/starting-grid-motogp-inggris-2026-martin-pole-marc-marquez-start-keenam,"Minggu, 09 Agu 2026 12:15 WIB",jorge martin mulai balap utama motogp inggris posisi depan rider aprilia aman pole position silverstone catat rekor lap baru martin buku waktu menit detik sesi kualifikasi sabtu unggul tipis atas raul fernandez selisih detik ai ogura lengkap baris depan tempat posisi tiga demikian tiga rider aprilia kuasa baris pertama motogp inggris martin kemudian lanjut performa apik tang sprint lap sabtu martin kalah ogura marco bezzecchi finis tiga raul fernandez justru gagal selesai sprint alami celaka marc marquez mulai balap posisi enam rider ducati lenovo tempat posisi sebut catat waktu detik lebih lambat martin marquez benar sempat ada saing posisi depan kemudian sulit sprint akibat masalah grip ban belakang hanya finis sembilan baris dua marquez tani fabio giannantonio bezzecchi giannantonio jadi balap ducati posisi start baik empat alex marquez jadi balap gresini ducati baik start posisi tujuh akan ada satu baris franco morbidelli pedro acosta francesco bagnaia alami akhir pekan sulit jauh juara tahan motogp sebut gagal lewat q hanya tempat posisi bagnaia kemudian finis dalam sprint akan mulai balap utama baris enam sama alex rins brad binder itu jack miller jadi balap yamaha posisi start baik urut joan mir jadi balap honda depan start posisi tidak penalti ubah susun grid balap utama motogp inggris baris baris fabio giannantonio vr ducati marco bezzecchi aprilia marc marquez ducati lenovo baris alex marquez gresini ducati franco morbidelli vr ducati pedro acosta ktm baris iker lecuona gresini ducati jack miller pramac yamaha joan mir honda baris fabio quartararo yamaha diogo moreira lcr honda luca marini honda baris francesco bagnaia ducati lenovo alex rins yamaha brad binder ktm baris enea bastianini ktm tech cal crutchlow lcr honda pol espargaro ktm tech baris toprak razgatlioglu pramac yamaha augusto fernandez yamaha,sport
"Marini Keluhkan Kalender MotoGP: Balapan Terlalu Padat, Minim Waktu Istirahat",https://sport.detik.com/moto-gp/d-8619953/marini-keluhkan-kalender-motogp-balapan-terlalu-padat-minim-waktu-istirahat,"Sabtu, 15 Agu 2026 18:45 WIB",resmi kalender motogp rancang diri seri jumlah sebut ancam kurang jadi grand prix qatar gagal gelar motogp qatar belum jadwal langsung april tunda november akibat situasi konflik timur tengah balap lusail kini jadwal november lepas ketidakpastian qatar marini nilai padat kalender memang jadi soal sendiri balap jadwal panjang tahun ideal pikir harus jadwal balap lebih dekat ganti coba buat jeda lebih panjang musim dingin kata marini kepadaspeedweek com motogp sendiri akhir valencia november dua hari kemudian para balap jadwal lintas tes valencia bagai siap hadap musim itu memang jeda musim dingin waktu sebut sepenuh jadi masa istirahat akhir januari tim tim kembali jalan tes malaysia tes sebut jadi bagi siap motor rangkai uji lanjut thailand marini situasi sebut buat balap nyaris milik waktu benar benar pulih kondisi tubuh satu sisi nikmat waktu paddock lama musim balap semua sempurna selalu ada sana habis lebih banyak waktu sini itu arti milik jeda musim dingin benar benar cukup ujar fakta ini sama sekali punya waktu ada waktu benar benar pulih diri lebih penting ada waktu siap diri khusus hadap musim ikut ada waktu terus kembang marini nilai waktu istirahat lebih panjang penting siap fisik kalender ada sekarang rasa mungkin henti latih waktu yang cukup lama padahal jeda sebut butuh baik kondisi tubuh tangan cedera lama lebih seluruh kalender ini ada jeda sama sekali latih panjang tahun jadwal ini tidak mungkin tidak laku apa bahkan saat kata marini butuh seluruh energi siap tanding saya milik lebih banyak waktu tangan cedera lama lebih seluruh misal saya juga ingin tingkat kondisi fisik musim ke musim itu butuh waktu untuk program fisioterapi khusus krs ran taut salin,sport
"Main di Kejuaraan Dunia, Fajar/Fikri Enggan Terbebani Target Tinggi",https://sport.detik.com/raket/d-8625966/main-di-kejuaraan-dunia-fajar-fikri-enggan-terbebani-target-tinggi,"Rabu, 19 Agu 2026 18:30 WIB",fajar alfian muhammad shohibul fikri tak beban ekspektasi tinggi juara dunia bulutangkis meski datang modal gelar super untun pilih fokus jalan tanding satu satu fajar fikri laju babak besar kalah pasang prancis elo adam leo rossi new delhi india rabu pasang peringkat dunia menang gim langsung skor fajar ungkap diri fikri ajar karakter main lawan salah satu dasar temu adam rossi sabar karyaman gutama moh reza pahlevi isfahani thomas cup kalau segi teknik mungkin sedikit paham karakter lawan temu sabar reza thomas cup terus ajar kata fajar terang lalu federasi pernah latih pelatnas lama minggu beberapa waktu lalu jadi tahu gera tempat bola biasa lain selalu waspada semua fajar nilai adam rossi rupa pasang agresif itu fikri usaha redam main lawan sejak awal juga pasang sangat agresif lapang terus redam pola main seluruh tanding pertama kami temu masalah apa apa mungkin cuma arah angin lain lanjut menang sebut jadi awal positif fajar fikri juara dunia hasil sebut maupun gelar belum justru tambah tekan fajar fikri datang new delhi percaya diri tinggi juara japan open dan china open untun meski fajar jadi capai sebut modal bukan beban moga ekspektasi juara jepang dan china open itu tidak terlalu beban buat kami kami mau memmbuatnya tambah semangat tambah percaya diri kata fajar fikri juga pilih dekat sama rupa juara dunia pertama jalan sama fajar mereka ingin nikmat tanding pasang beban lebih pertama kali main juara dunia pasang tidak ada obrol cara lebih spesifik memang kemarin latih utama coba lebih fokus ini major event semua apa jadi kami mau nikmat momen kata fikri tiket babak besar sudah aman fajar fikri kini tinggal jaga fokus gelar super jadi modal juara dunia tuntut mereka kembali mulai nol tiap tanding,sport
Crutchlow: Quartararo dan Honda Bakal Jadi Duet yang Sempurna,https://sport.detik.com/moto-gp/d-8634700/crutchlow-quartararo-dan-honda-bakal-jadi-duet-yang-sempurna,"Rabu, 26 Agu 2026 12:30 WIB",cal crutchlow punya prediksi positif atas putus fabio quartararo pindah honda mulai motogp turut quartararo honda jadi kombinasi sangat ideal quartararo putus lanjut negosiasi yamaha musim frustrasi lihat kembang yzr m beberapa tahun akhir juara dunia motogp kemudian menandatangani kontrak tahun sama honda pindah sebut sekaligus jadi pertama quartararo bela pabrikan yamaha sejak naik kelas motogp langkah quartararo datang momen penting motogp pasuk era baru ubah regulasi besar masuk kapasitas mesin turun jadi cc arti musim depan seluruh balap hadap tantang baru relatif mulai awal crutchlow pernah kerja honda maupun yamaha motogp nilai quartararo ambil putus tepat pikir bagus kata crutchlow tanya soal duet quartararo honda dilansirmotorsport com tahu cara fabio balap tahu karakter pribadi menang honda ingin menang ada alas jadi pasang sempurna crutchlow nilai datang quartararo jadi untung besar honda pabrikan jepang dapat balap bukti mampu jadi juara dunia pikir langkah bagus dua honda datang orang juara dunia fabio dengan cara balap pikir akan tampil sangat sangat baik ujar fabio gabung dengan tim ingin ke jalur menang crutchlow mampu quartararo hanya letak bakat etos kerja balap prancis jadi modal penting hadap proyek baru honda tarik bagi banyak pihak juara lihat pindah jadi bursa balap fabio balap hebat sisi bakat benar benar ada level atas grid dia juga kerja keras jadi saya bisa lihat ini jadi kombinasi bagus tutur quartararo akan jadi bagi susun baru honda motogp rekan tim tim pabrikan belum tentu honda sudah ikat balap diogo moreira bintang moto david alonso pabrikan asal jepang masih tentu siapa akan isi kursi tim pabrikan sama quartararo siapa tempat lcr honda sama johann zarco,sport
"Tebak Sirkuit MotoGP Bisa Dapat Saldo E-Wallet Rp 750 Ribu, Mau?",https://sport.detik.com/moto-gp/d-8656147/tebak-sirkuit-motogp-bisa-dapat-saldo-e-wallet-rp-750-ribu-mau,"Rabu, 09 Sep 2026 21:49 WIB",buat kamu ikut motogp rasa hafal karakter bagai sirkuit tantang tarik ikut bold riders sama hadir kuis tebak sirkuit motogp hadiah saldo e wallet total rp ribu kuis serta tantang tebak nama nama sirkuit dasar siluet postingan kuis tantang sebut jadi sempat uji berapa jauh tahu serta bagai lintas motogp tarik kuis tidak andal jawab tepat serta perlu ikut jumlah mekanisme tentu ikut kuis sesuai tentu ikut kuis serta perlu pasti beberapa syarat laku ikut mekanisme follow akun instagram boldriders tulis nama nama sirkuit sesuai siluet slide postingan kuis kolom komentar mention boldriders teman dekat ikut ramai kuis pasti jawab seluruh mekanisme telah laku sesuai tentu kuis uji mampu serta nali sirkuit lalu tampil siluet gemar biasa ikut balap motogp bentuk lintas karakter tikung dapat jadi tunjuk tentu jawab uji tahu sirkuit motogp kuis tawar hadiah tarik tiga detikers jawab benar dapat saldo e wallet masing masing menang hak dapat saldo e wallet besar rp ribu total hadiah siap capai rp ribu jadi buat kamu rasa jago nali sirkuit motogp jangan lewat sempat ikut jawab tantang siap jawab baik ikut seluruh mekanisme laku bukti berapa kenal kamu bagai lintas motogp bold ridershadir wadah komunitas motormultigenre apa punbrandatau jenis motor semua bisa gabung bawah satu semangat sama brotherhood jalan berani pacu adrenalin ambil risiko sirkuit bold riders juga dengan bangga jadi sponsor resmigresini racing teamdi ajang motogp lebih sekadar komunitas bold riders dukung penuh nilai nilai jadi jiwa motogp para cinta roda selalu berani tampil beda live bold berani ambil putus hitung detik mentalitas terus maju kembang passionyang kuat dunia roda dua dedikasi harga proses latih disiplin prinsip untuk jadi jalan alam arti semangatbrotherhoodyang solid rangkul semua genre motor sekat jangan tinggal seru followakun boldriderssekarang untukupdateinfo baru putar dunia motor motogp,sport
Bali Bakal Gelar Turnamen Catur Internasional Akhir Oktober,https://sport.detik.com/sport-lain/d-8649165/bali-bakal-gelar-turnamen-catur-internasional-akhir-oktober,"Jumat, 04 Sep 2026 22:35 WIB",balijadi tuan rumah turnamen catur level internasional akhir oktober tak sekadar adu tangkas turnamen tuju genjot pariwisata pulau dewata turnamen nama catur bal fide rated kapal api chess festival gelar hotel ululani uluwatu bal oktober november ajang gagas ketua umum urus cabang satu catur seluruh indonesia pengprov cas kabupaten muna sulawesi tenggara jalaluddin madjinuhu dapat dukung pb cas klub jayakarta muda jakarta bakal total hadiah rp juta mana rp juta beri sang juara jauh serta rencana ikut ajang baik maupun luar negeri indonesia baru atlet atlet jawa timur bal sulawesi tenggara nusa tenggara barat nusa tenggara timur daftar jalaludin jumlah serta cukup banyak sesuai daya tampung ballroom hotel ululani bal jadi arena tanding harap nanti serta lolos syarat sesuai atur fide calon serta surat fide ikut turnamen negeri sendiri beberapa daerah sudah konfirmasi saya jawa timur banyak catur bal catur sulawesi tenggara catur dari ntt ntb ujar jalaludin dalam rilis karena turnamen pertama kategori challenger serta catur milik elo rating bawah sambung lebih lanjut pilih pulau bal tempat selenggara turnamen catur level international langsung pulau jawa dampak positif pariwisata bal lama turnamen langsung pilih bal bagai destinasi wisata karena letak tengah tengah hingga serta dari pulau kalimantan sulawesi dari indonesia bagi timur lain bisa ikut ambil bagi papar jalaludin lama ini turnamen catur taraf international fide rated indonesia hanya ada satu kali gelar turnamen kapal api chess festival jumlah turnamen taraf international tanah air harap makin banyak jadi tak usah jauh jauh luar negeri cari poin elo rating balik serta dari luar negeri juga bisa sekali libur bal turnamen buka ini sukses depan jadi kalender tetap tiap tahun titel akan ubah jadi open jalaludin,sport
"Asian Games 2026: Timnas Basket Masuk Grup Neraka, CdM Optimistis",https://sport.detik.com/basket/d-8649778/asian-games-2026-timnas-basket-masuk-grup-neraka-cdm-optimistis,"Sabtu, 05 Sep 2026 15:50 WIB",timnas basket putra indonesiamasuk grup neraka asi games cdm todotua pasaribu optimistis timnas basket putra indonesia lakon siap akhir terbang jepang ikut asi games ketua umum satu bola basket seluruh indonesia basi budi djiwandono datang langsung latih lepas sekaligus beri semangat hadir bukan lihat beri semangat kata budi sama cdm todotua pasaribu kawasan jakarta selatan sabtu bagaimana lolos indonesia asi games rezeki slot buka tahu sama tadi timnas putra kualifikasi asi games karena kemarin ada slot buka akhir indonesia kompetisi ujar asi games aichi nagoya indonesia ada grup neraka sama jepang korea selatan arab saudi budi minta semangat atlet tetap nyala tahu juang tidak mudah tim tim hadap tim tim hebat asia yakin alam ada beberapa atlet milik alam cukup panjang kuat bibit bibit muda rasa rupa kombinasi baik hadap tim tim sebut kata budi yakin tadi titip latih para atlet untuk beri baik ingin kompetisi bagus bagus doa beri hasil baik tegas itu cdm todotua pasaribumemastikan timnas basket putra jadi delegasi pertama indonesia berangkat negeri matahari sebut akan terbang senin mulai tanding september harap tim basket jadi endorsement positif jadi buka yakin percaya tim basket bisa beri baik buka asi games punya kabar baik kata todotua todotua aku sudah kali tinjau tim bagi keluarga besar basi punya yakin tinggi yakin percaya momentum harus kita manfaat betul betul harap sisi atlet saya sendiri punya yakin tim ini bisa bawa pulang medali nanti ujar siap sana nanti akan masuk kompleks athlete village bagai siap cdm juga akan beri dukung backup pada saat masuk official team dari cdm juga sudah akan stand by tegas todotua,sport
Prediksi Pol Espargaro: Para Jagoan MotoGP Bisa Keteteran di Era Baru 2027,https://sport.detik.com/moto-gp/d-8618856/prediksi-pol-espargaro-para-jagoan-motogp-bisa-keteteran-di-era-baru-2027,"Jumat, 14 Agu 2026 21:50 WIB",motogp pasuk era baru ubah regulasi besar yakin acak acak peta saing bahkan buat jago sulit adaptasi prediksi sebut sampai test rider ktm pol espargaro turut balap tampil cepat jadi depan regulasi baru laku balik balap naik moto justru potensi milik untung awal musim pol jadi salah satu test rider jalan cukup banyak uji motor cc ban pirelli motogp rasa motor motogp cc tampil ganti maverick vinales silverstone alam sebut buat pol lihat beda karakter motor sangat besar dunia beda tahun depan saja jadi balap tidak tampil bagus tahun justru sangat cepat tahun depan kata pol diprediksicrash net balik balap sangat cepat tahun belum tampil bagus tahun depan motor ubah sangat besar tenaga jauh kurang ban paksa kendara cara sangat beda ujar mulai motogp guna mesin cc turun cc pasok ban juga ubah michelin jadi pirelli regulasi aerodinamika ketat perangkatride heightdilarang ubah sebut buat cara kendara motor ikut ubah pol nilai balap motogp sudah tahun tahun biasa motor cc ban michelin butuh waktu adaptasi sulit balap saat ada kategori motogp adaptasi tahun tahun guna michelin ucap espargaro balap naik moto akan milik untung besar awal cara kendara rasa motor ini lebih dekat moto banding motogp saat ini ujar pirelli sendiri sudah jadi pasok ban moto moto itu balap naik moto akan datang motogp alam guna ban sama untung sebut pol lebih mungkin asa fase awal para balap tim makin paham karakter motor baru saing kira makin ketat demikian motogp potensi jadi titik balik besar nama besar performa musim ini belum tentu jadi jamin kembali jaya era cc bahkan para rookie moto saja langsung curi perhati,sport
BNI Dukung Skuad Bulutangkis Indonesia Menuju Asian Games 2026,https://sport.detik.com/raket/d-8656150/bni-dukung-skuad-bulutangkis-indonesia-menuju-asian-games-2026,"Rabu, 09 Sep 2026 21:53 WIB",pt bank negara indonesia persero tbk bni beri dukung juang bulutangkis indonesia panggung internasional ini iring tetap bulu tangkis kuat merah putih asi games aichi nagoya jepang main pilih satu bulutangkis seluruh indonesia pp pbsi banyak main akan jalan debut asi games antara alwi farhan moh zaki ubaidillah muhammad shohibul fikri nikolaus joaquin mutiara ayu puspitasari rachel allessya rose hingga nita violina marwah itu tujuh main lain milik alam tampil asi games jonatan christie fajar alfian leo rolly carnando daniel marthin putri kusuma wardani febriana dwipuji kusuma siti fadia silva ramadhanti corporate secretary bni okki rushartomo kata komposisi main alam debut tunjuk proses regenerasi terus langsung bulutangkis indonesia asi games aichi nagoya jadi sempat main uji mampu sekaligus tambah alam level internasional bni harap seluruh atlet kuat indonesia beri mampu baik hadir main alam sekaligus debut tunjuk regenerasi terus jalan jadi bagi penting jaga sinambung prestasi bulutangkis indonesia ujar okki terang tulis rabu asi games hadir kombinasi baru sektor ganda campur nikolaus joaquin siti fadia silva ramadhanti jadwal tampil pasang ajang sebut belum masing masing kompetisi pasang beda okki hadir kombinasi main baru beri sempat luas alam tanding sekaligus tambah alternatif indonesia hadap saing level asia paling utama harap tim indonesia tampil maksimal nomor regu baik putra maupun putri itu harap atlet mampu tunjuk performa baik nomor orang kata okki nomor regu bulutangkis asi games jadwal langsung september kemudian lanjut nomor orang september dukung juang atlet sebut juga tepat momentum hari olahraga nasional haornas ingat september bni haornas jadi ingat penting dukung lanjut bina atlet kembang olahraga nasional bni yakin juang para atlet asi games jadi inspirasi generasi muda terus prestasi sekaligus bawa nama indonesia tingkat asia dunia,sport
DKI Jakarta Gelar PON Pantai 2026 Bulan November,https://sport.detik.com/sport-lain/d-8647346/dki-jakarta-gelar-pon-pantai-2026-bulan-november,"Kamis, 03 Sep 2026 21:20 WIB",koni dki jakartaterus siap diri jelangpon salah satu jadi tuan rumahpon pantai bulan november rangka wujud misi jadi juara umum pon koni dki sama dinas pemuda olahraga spora dprd urus cabor terus kolaborasi matang siap dekat kolaborasi wujud laksana pekan olahraga nasional pon pantai gelar ancol jakarta bulan november ajang nasional perdana rupa kolaborasi koni pusat pemprov dki koni dki jakarta pt bangun jaya ancol ketua umum koni provinsi dki jakarta hidayat humaid kata pon pantai jadi ajang tingkat prestasi olahraga harap mampu gerak ekonomi masyarakat khusus umkm sekitar kawasan ancol itu sampai hidayat press gathering media tema gerak jakarta juara jakarta kamis turut hadir kepala dinas pemuda olahraga spora dki jakarta andri yansyah sekretaris umum koni dki aminulah wakil ketua umum i fatchul anas wakil ketua umum v anondo eko juga bendahara umum hadameon aritonang pon pantai bukan hanya soal prestasi ingin giat olahraga nasional ikut gerak ekonomi masyarakat umkm sekitar lokasi ujar guru besar fakultas ilmu olahraga sehat fikk universitas negeri jakarta unj dalam terang media hidaya ungkap gerak jakarta juara komitmen koni dki wujud harap warga jakarta rindu jadi juara umum pon koni terus gerak jadi pr tantang sama wujud juara umum sambung pon pantai ancol akan tanding cabang olahraga disiplin akuatik bola basket x bola voli pantai bola tangan pantai layar modern pentathlon rugby pantai selam laut teqball triathlon laku visitasi pon pantai ancol koni pusat spora koni dki sama cabor laku tinjau lokasi tanding veneu tegas waketum i koni dki jakarta fatchul anas anas jelas pantai festival jadi lokasi akuatik renang air buka selam laut lalu kawasan lagoon guna bola voli pantai layar adapun beach city international stadium bcis jadi venue triathlon teqball bola tangan pantai bola basket x beach pool rugby pantai modern pentathlon akuatik polo air venue ini sementara sudah pakat anas,sport
Transformasi Industri Pupuk RI: Dari Produktivitas ke Keberlanjutan,https://finance.detik.com/berita-ekonomi-bisnis/d-8648916/transformasi-industri-pupuk-ri-dari-produktivitas-ke-keberlanjutan,"Minggu, 06 Sep 2026 09:49 WIB",langkah strategis terus ambil jajar badan kelola bp bumn kuat daya saing efisiensi usaha milik negara pasar domestik maupun global lalu ombak seluruh perintah konsisten dorong entitas bisnis negara tinggal pola operasional lama efisien pt pupuk indonesia persero jadi salah satu usaha tengah laku transformasi sebut alih model bisnis konvensional tuju sistem lebih dinamis orientasi pasar beri dampak nyata tahan pangan nasional proses transformasi fundamental wujud lalu efisiensi biaya modernisasi infrastruktur pabrik hingga optimalisasi rantai pasok digital strategi jalan hasil tekan harga pokok jual cogs hadir pupuk lebih jangkau tani hasil luas jangkau pasar hingga ranah ekspor seluruh benah struktural langsung muara kuat sehat finansial korporasi masif hasil komitmen ubah seluruh cermin jelas lapor performa uang usaha alami lonjak sangat signifikan panjang januari juni pupuk indonesia hasil buku laba bersih besar rp triliun tumbuh banding periode sama tahun belum capai luar biasa jadi bukti valid transformasi bisnis mampu bawa bumn tumbuh lanjut sekaligus kokoh fondasi ekonomi kancah industri kerja positif sebut cermin tumbuh dapat capai rp triliun tingkat itu ebitda usaha tumbuh jadi rp triliun tumbuh sebut jadi iring tingkat volume produksi efisiensi biaya operasional jadi bagi transformasi bisnis usaha presiden ri prabowo subianto belum ungkap naik untung pupuk indonesia pidato sidang tahun mpr sidang sama dpr dpd ri jumat untung pt pupuk indonesia usaha negara bumn untung naik ujar prabowo tarik tingkat kerja sebut jalan iring bijak perintah turun harga pupuk hingga prabowo sebut turun harga pupuk sebut pertama kali jadi sejarah pertama kali harga pupuk kita turun rakyat ujar efisiensi jadi fondasi tumbuh direktur utama pupuk indonesia rahmad pribadi kata tingkat kerja usaha lepas terap operational excellence cost leadership disiplin dia efisiensi operasional disiplin biaya laku konsisten mungkin usaha terus tumbuh lanjut perlu gantung ubah siklus harga komoditas berkat dukung perintah lalu danantara transformasi bisnis seluruh mulai buah hasil upa capai kerja uang bangga fondasi uang makin kuat optimistis tumbuh lanjut bukan kerja usaha kontribusi lebih besar tahan pangan nasional ujar rahmad transformasi sebut jadi makin penting industri pupuk milik gantung jumlah bahan baku energi harga pengaruh kondisi pasar global itu pupuk indonesia andal efisiensi biaya produksi kuat daya tahan bisnis lalu diversifikasi sumber dapat usaha besar kontribusi segmen non subsidi produk non pupuk sisi pasok pupuk indonesia luas sumber pasok skema kontrak bahan baku redam dampak volatilitas harga komoditas global struktur biaya usaha langkah sebut tunjuk masa depan industri pupuk tentu mampu produksi pupuk jumlah besar mampu usaha kelola risiko cipta sumber tumbuh baru transformasi bisnis tata kelola beberapa tahun akhir pupuk indonesia laku transformasi bisnis seluruh lalu operational digital excellence kuat holding business streamlining distribusi public service obligation kuat bisnis komersial sisi tata kelola transformasi usaha turut dukung terbit atur presiden nomor tahun jadi salah satu titik balik upaya tingkat efisiensi operasional usaha transformasi arah optimalisasi aset pupuk indonesia komitmen laku remaja revitalisasi tujuh pabrik lima tahun depan kuat kerja uang hasil capai usaha luas kapasitas usaha jalan investasi proyek revitalisasi sebut langkah sebut jalan arah danantara optimal portofolio aset bumn makin produktif beri nilai tambah kapasitas produksi nasional juta ton per tahun pupuk indonesia milik kapasitas penuh butuh pupuk domestik sekaligus respons peluang pasar global ganggu pasok tani indonesia pupuk portofolio bisnis baru transformasi pupuk indonesia juga arah luas portofolio bisnis usaha siap jumlah langkah strategis kembang beberapa tahun depan beberapa antara ekspansi diversifikasi portofolio produk lalu kembang metanol turun kembang bisnis clean ammonia kembang bisnis industrial support diversifikasi sebut jadi penting kurang gantung usaha satu sumber dapat sekaligus buka peluang tumbuh baru kembang bisnis clean ammonia juga jadi bagi upaya industri pupuk adaptasi tuntut global produk lebih rendah emisi demikian agenda lanjut hanya tempat aspek lingkung juga bagi strategi bisnis jangka panjang kerja usaha ujung tani transformasi industri pupuk akhir hanya nilai kerja uang usaha dampak tani jadi salah satu indikator penting hasil transformasi sebut pupuk indonesia catat salur pupuk subsidi panjang capai ton jumlah sebut tingkat banding tahun belum tingkat salur sebut dukung implementasi sistem i pubers cepat mudah proses tebus pupuk itu terap atur presiden nomor tahun turut sederhana tata kelola salur pupuk subsidi pupuk indonesia gerak cepat pasti butuh tani penuh tepat waktu catat hingga september banyak juta ton pupuk subsidi sukses salur bagai daerah salur telah capai total alokasi juta ton perintah cermin kerja keras tim lapang dukung produktivitas hasil tani indonesia arti transformasi tingkat korporasi milik kait langsung upaya baik akses tani pupuk distribusi lebih cepat tepat sasar harap bantu tani oleh sarana produksi sesuai butuh jalan agenda transformasi bumn dorong danantara semua ubah struktural muara satu pupuk jangkau lebih cepat tani cost lebih sehat negara jaga tahan pangan ungkap rahmad tuju industri pupuk lanjut jalan industri pupuk indonesia ke depan hadap tantang makin kompleks butuh pangan terus tingkat industri juga harus adaptasi ubah iklim dinamika harga komoditas global kembang teknologi tuntut proses produksi lebih efisien konteks sebut lanjut industri tidak cukup hanya ukur besar laba usaha juga harus milik fondasi operasional kuat mampu optimal aset laku diversifikasi bisnis jaga pasok bahan baku pasti produk tetap akses masyarakat pupuk indonesia nilai efisiensi optimalisasi aset praktik bisnis harus jalan cara lanjut jaga daya saing usaha jangka panjang lanjut laba bukan soal kejar angka tinggi tiap tahun pasti fondasi cukup kuat tetap tumbuh meski kondisi global ubah ubah tahan bisnis kami bukan hanya soal tahan gejolak industri juga soal pasti tumbuh rasa langsung laku usaha kecil tani akar rumput kata rahmad akhir masa depan industri pupuk indonesia ada mampu gabung tiga aspek utama produktivitas efisiensi lanjut produktivitas perlu untuk pasti butuh pupuk pangan penuh efisiensi jadi kunci industri tetap kompetitif mampu sedia pupuk harga jangkau lanjut perlu tumbuh industri langsung jangka panjang abai aspek ekonomi sosial lingkung transformasi laku pupuk indonesia tunjuk industri pupuk nasional mulai gerak sekadar kejar kapasitas produksi tuju model bisnis yang lebih adaptif lanjut hasil transformasi sebut bukan hanya cermin lapor uang usaha juga berapa besar manfaat rasa tani dukung tahan pangan indonesia,finance
"Laba Pupuk Indonesia Naik 253%, Harga Pupuk Turun, Apa Strateginya?",https://finance.detik.com/berita-ekonomi-bisnis/d-8650941/laba-pupuk-indonesia-naik-253-harga-pupuk-turun-apa-strateginya,"Senin, 07 Sep 2026 09:01 WIB",situasi tarik jadi industri pupuk nasional harga pupuk turun hingga pt pupuk indonesia persero justru mampu catat tumbuh laba signifikan panjang januari juni pupuk indonesia buku laba bersih besar rp triliun angka sebut lonjak banding periode sama tahun belum presiden ri prabowo subianto turut sorot kerja sebut pidato sidang tahun mpr sidang sama dpr dpd ri jumat untung pt pupuk indonesia usaha negara bumn untung naik kata prabowo sisi perintah hasil turun harga pupuk hingga prabowo sebut turun harga sebut pertama kali jadi sejarah harga pupuk hasil turun jadi pertama kali sejarah negara satu republik indonesia pertama kali harga pupuk kita turun rakyat ujar kondisi kemudian muncul tanya bagaimana usaha catat lonjak laba harga pupuk justru turun jawab semata mata asal harga jual pupuk indonesia laku transformasi bisnis andal efisiensi operasional optimalisasi aset diversifikasi dapat hingga kuat tata kelola usaha laba tumbuh tengah turun harga kerja pupuk indonesia semester i tunjuk tumbuh usaha gantung naik harga produk laba bersih rp triliun usaha catat dapat besar rp triliun tumbuh banding periode sama tahun belum itu ebitda tingkat jadi rp triliun tumbuh sebut jalan tingkat volume produksi efisiensi biaya operasional laku usaha beberapa tahun akhir direktur utama pupuk indonesia rahmad pribadi kata terap operational excellence cost leadership disiplin jadi salah satu fondasi utama usaha tingkat kerja turut efisiensi laku konsisten buat usaha milik mampu tumbuh lanjut masuk jadi ubah siklus harga komoditas berkat dukung perintah lalu danantara transformasi bisnis seluruh mulai buah hasil upa capai kerja uang bangga fondasi uang makin kuat optimistis tumbuh lanjut bukan kerja usaha kontribusi lebih besar tahan pangan nasional ujar rahmad andal efisiensi bukan sekadar harga industri pupuk milik karakteristik buat biaya produksi sangat pengaruh harga bahan baku energi harga komoditas global gerak volatil struktur biaya usaha ikut dampak antisipasi kondisi sebut pupuk indonesia laku bagai langkah tingkat efisiensi kuat daya tahan bisnis usaha luas sumber pasok skema kontrak bahan baku redam dampak volatilitas harga komoditas global struktur biaya itu pupuk indonesia kuat kontribusi segmen non subsidi produk non pupuk bagi diversifikasi sumber dapat strategi sebut buat usaha hanya andal satu sumber dapat portofolio bisnis lebih agam kerja usaha harap jadi lebih adaptif ubah kondisi pasar transformasi laku lalu operational digital excellence holding business streamlining distribusi public service obligation kuat bisnis komersial optimalisasi aset jadi kunci kuat kerja uang capai beri ruang pupuk indonesia rencana laku remaja revitalisasi tujuh pabrik lima tahun depan langkah sebut jalan arah danantara optimal portofolio aset bumn jadi lebih produktif beri nilai tambah pupuk indonesia milik kapasitas produksi nasional juta ton per tahun kapasitas sebut jadi modal usaha jaga butuh pupuk domestik sekaligus tangkap peluang pasar global optimalisasi aset jadi penting usaha hanya tuntut hasil produk jumlah besar pasti aset beri kontribusi maksimal kerja usaha fasilitas produksi lebih efisien usaha milik ruang jaga biaya produksi sekaligus tahan daya saing bisnis tak hanya soal pupuk efisiensi strategi siap pupuk indonesia luas portofolio bisnis beberapa tahun depan usaha siap jumlah kembang bisnis mulai metanol turun clean ammonia hingga industrial support diversifikasi sebut jadi strategi kuat sumber tumbuh sekaligus kurang gantung siklus bisnis pupuk harga komoditas kembang clean ammonia buka peluang pupuk indonesia masuk lebih jauh bisnis kait transisi energi butuh industri masa depan demikian transformasi usaha hanya orientasi tingkat laba jangka pendek bangun fondasi bisnis mampu tahan hadap ubah ekonomi global efisiensi tetap ujung tani tengah transformasi korporasi sebut tuju utama industri pupuk tetap kait butuh tani turun harga pupuk hingga harap buat pupuk makin jangkau perintah juga upaya baik tata kelola distribusi pupuk lebih cepat tani pupuk indonesia catat panjang salur ton pupuk subsidi jumlah sebut tingkat banding tahun belum tingkat salur sebut dukung implementasi sistem i pubers cepat mudah proses tebus pupuk terap atur presiden nomor tahun juga sederhana tata kelola salur pupuk subsidi catat hingga september banyak juta ton pupuk subsidi sukses salur bagai daerah salur telah capai total alokasi juta ton perintah cermin kerja keras tim lapang dukung produktivitas hasil tani indonesia jalan agenda transformasi bumn dorong danantara semua ubah struktural ini muara satu pupuk jangkau lebih cepat ke tani cost lebih sehat negara jaga tahan pangan ungkap rahmad arti efisiensi laku usaha bukan sekadar baik lapor uang efisiensi juga arah usaha mampu jaga sedia pupuk sekaligus beri harga lebih jangkau tani bukan sekadar kejar laba lonjak laba semester i tunjuk tingkat untung dapat jalan iring upaya hadir pupuk lebih jangkau kunci bangun struktur bisnis lebih efisien sepenuh gantung naik harga jual pupuk indonesia kini gabung efisiensi biaya optimalisasi aset digitalisasi diversifikasi bisnis kuat tata kelola bagi strategi jangka panjang rahmad tegas lanjut laba usaha semata mata ukur berapa tinggi angka untung yang dapat capai tahun lanjut laba bukan soal kejar angka tinggi tiap tahun pasti fondasi yang cukup kuat tetap tumbuh meski kondisi global ubah ubah tahan bisnis kami bukan hanya soal tahan gejolak industri juga soal pasti tumbuh ini rasa langsung laku usaha kecil tani akar rumput pungkas rahmad strategi sebut tumbuh pupuk indonesia ke depan tidak hanya harap kuat kerja usaha juga jaga imbang profitabilitas jangkau harga pupuk penting tani akhir tanya kena bagaimana laba naik harga pupuk turun temu jawab satu kata efisiensi biaya operasional kelola lebih baik ruang untuk tingkat untung sekaligus beri manfaat konsumen jadi makin buka,finance
"Dari Pupuk ke Panen, Begini Peran Pupuk Indonesia dalam Jaga Ketahanan Pangan",https://finance.detik.com/berita-ekonomi-bisnis/d-8654948/dari-pupuk-ke-panen-begini-peran-pupuk-indonesia-dalam-jaga-ketahanan-pangan,"Rabu, 09 Sep 2026 10:34 WIB",tahan pangan bicara kena berapa banyak hasil panen hasil tani balik produksi tani dapat rantai panjang tentu hasil panen salah satu sedia pupuk jangkau mudah akses konteks sebut industri pupuk milik posisi strategis dukung tahan pangan nasional pupuk jadi salah satu input penting bantu jaga produktivitas tanam sekaligus pasti tani penuh butuh produksi peran sebut jadi makin penting perintah tengah dorong swasembada pangan sedia pupuk hanya kait butuh industri hubung langsung aktivitas tani lapang pt pupuk indonesia persero jadi salah satu usaha milik peran penting rantai sebut jaga kapasitas produksi usaha laku transformasi pasti pupuk sedia lebih mudah akses tani pabrik hingga lahan tani pupuk produksi pabrik akhir lahan tani hasil industri pupuk hanya ukur kapasitas produksi mampu jaga lancar distribusi pupuk indonesia catat panjang salur ton pupuk subsidi jumlah sebut tingkat banding tahun belum tingkat salur sebut dukung implementasi sistem i pubers cepat mudah proses tebus pupuk subsidi itu terap atur presiden nomor tahun turut sederhana tata kelola salur pupuk subsidi proses distribusi harap jadi lebih cepat mudah tepat sasar hingga september pupuk indonesia salur pupuk subsidi banyak juta ton alokasi juta ton tetap perintah angka sebut gambar besar skala distribusi pupuk harus kelola butuh tani penuh harga pupuk turun akses tani kuat pasti sedia harga jadi faktor penting tani biaya pupuk rupa salah satu komponen biaya produksi tani ubah harga pengaruh mampu tani kelola lahan presiden ri prabowo subianto kata perintah hasil turun harga pupuk hingga turut kondisi sebut rupa pertama kali jadi sejarah pertama kali harga pupuk turun rakyat kata prabowo pidato sidang tahun mpr sidang sama dpr dpd ri jumat prabowo turun harga sebut ikut tingkat volume sedia pupuk masyarakat saat sama harga turun volume sedia tambah rakyat rakyat kita sekarang mudah dapat pupuk itu produksi tingkat ujar harga lebih jangkau akses makin mudah pupuk harap bantu tani jaga produktivitas tanam dampak henti tingkat tani produktivitas tingkat pasok hasil tani potensi tingkat kuat sedia pangan negeri kapasitas produksi jadi sangga pasti butuh pupuk domestik tetap penuh kapasitas produksi jadi salah satu faktor penting pupuk indonesia milik kapasitas produksi nasional juta ton per tahun kapasitas sebut beri ruang usaha penuh butuh pupuk negeri sekaligus respons peluang pasar global ganggu pasok tani indonesia kapasitas produksi sebut perlu topang fasilitas produktif itu pupuk indonesia siap program remaja revitalisasi tujuh pabrik lima tahun depan kuat kerja uang capai usaha turut beri ruang tingkat investasi program revitalisasi sebut lalu modernisasi fasilitas produksi pupuk indonesia tingkat kapasitas sekaligus efisiensi produksi sehingga aset milik beri nilai tambah lebih optimal fasilitas lebih produktif efisien mampu usaha jaga lanjut pasok pupuk harap makin kuat sekaligus dukung sedia pupuk tetap jangkau tani kerja usaha tahan pangan tengah peran jaga pasok pupuk pupuk indonesia catat kerja uang positif panjang januari juni usaha buku laba bersih rp triliun tumbuh banding periode sama tahun belum dapat usaha capai rp triliun tumbuh ebitda tingkat jadi rp triliun kerja sebut dorong tingkat volume produksi efisiensi biaya operasional direktur utama pupuk indonesia rahmad pribadi kata transformasi laku usaha hanya tuju kuat kerja bisnis turut fondasi uang makin kuat beri ruang usaha beri kontribusi lebih besar tahan pangan nasional berkat dukung perintah lalu danantara transformasi bisnis seluruh mulai buah hasil upa capai kerja uang bangga fondasi uang makin kuat optimistis tumbuh lanjut bukan hanya kerja usaha kontribusi lebih besar tahan pangan nasional ujar rahmad arti kerja uang peran strategis usaha dalam ekosistem pangan milik kait usaha sehat finansial milik kapasitas lebih besar jaga operasional laku investasi pasti langsung pasok efisiensi jaga harga pasok tarik tumbuh laba pupuk indonesia jadi perintah turun harga pupuk kondisi sebut lepas strategi usaha tingkat efisiensi pupuk indonesia terap operational excellence cost leadership disiplin jaga daya saing usaha juga laku diversifikasi sumber dapat kuat segmen non subsidi produk non pupuk sisi bahan baku pupuk indonesia luas sumber pasok skema kontrak redam dampak volatilitas harga komoditas global struktur biaya langkah sebut penting mampu sedia pupuk harga jangkau butuh struktur biaya sehat rahmad kata seluruh transformasi sebut akhir arah penting tani jalan agenda transformasi bumn dorong danantara semua ubah struktural muara satu pupuk jangkau lebih cepat sampai tani cost lebih sehat negara jaga tahan pangan ungkap rahmad pupuk tuju panen rantai hubung pupuk tahan pangan akhir lihat jalan sederhana pupuk produksi distribusi guna tani kemudian dukung proses budidaya hingga hasil panen karena itu pasti pupuk sedia bukan sekadar soal industri dalam dapat penting tani produksi pangan tahan pangan nasional transformasi pupuk indonesia juga arah pasti rantai sebut makin kuat mulai efisiensi produksi optimalisasi aset digitalisasi distribusi hingga diversifikasi bisnis akhir hasil industri pupuk hanya lihat dari besar produksi laba usaha ukur kalah penting berapa jauh pupuk sedia harga jangkau sampai tani tepat waktu jalan tuju tahan pangan tidak henti pabrik pupuk jalan sebut lanjut hingga ke lahan tani akhir satu tuju sama panen cukup untuk penuh butuh masyarakat indonesia,finance
"Kinerja Melejit, Laba Pupuk Indonesia Jadi yang Tertinggi Kedua di Jajaran BUMN",https://finance.detik.com/berita-ekonomi-bisnis/d-8648835/kinerja-melejit-laba-pupuk-indonesia-jadi-yang-tertinggi-kedua-di-jajaran-bumn,"Sabtu, 05 Sep 2026 10:06 WIB",pt pupuk indonesia persero hasil catat tingkat laba signifikan panjang semester i capai tempat pupuk indonesia bumn tingkat laba tinggi dua panjang paruh pertama tahun januari hingga juni pupuk indonesia hasil buku laba bersih besar rp triliun tumbuh banding periode sama tahun belum tingkat kerja signifikan hasil dapat pupuk indonesia iring upaya transformasi bisnis tata kelola usaha dorong danantara indonesia komitmen kuat perintah kejar efisiensi korban penting publik kini buah manis lalu lonjak performa finansial bumn signifikan realisasi baik tata kelola cermin jelas tumbuh laba bersih jumlah korporasi negara semester pertama tahun bagaimana sampai presiden prabowo subianto sidang tahun mpr ri benah bumn laku besar besar bulan pertama tahun untung bersih pt semen indonesia naik untung bersih pt pupuk indonesia naik untung bersih pt pertamina naik untung bersih gadai naik saudara saudara untung bersih pelindo naik untung bersih ptpn naik ujar prabowo prabowo turut beber kerja jumlah bumn enam bulan pertama sebut jumlah usaha pelat merah catat lonjak laba bersih pt semen indonesia persero tbk smgr catat naik laba bersih besar kemudian pt pupuk indonesia persero catat naik laba bersih lanjut laba bersih pt pertamina persero naik gadai naik iring transformasi bisnis bank emas pelindo naik ptpn naik nyata sebut sampai prabowo konteks benah bumn turut laku besar besar benah bumn laku besar besar kata prabowo prabowo tutur kerja pupuk indonesia catat naik laba bersih hingga jadi sama bijak perintah turun harga pupuk subsidi besar tingkat volume sedia pupuk tani turun harga sebut jadi pertama kali sejarah pertama kali harga pupuk turun rakyat ucap prabowo sampai tahan pangan nasional ada kondisi aman nilai indonesia mampu hadap bagai tantang masuk ancam el nino kira dampak signifikan sektor pangan capai berani hadap masalah banyak atur salur pupuk telah hilang harga pupuk hasil turun jadi pertama kali sejarah negara satu republik indonesia kata catat pupuk indonesia catat tumbuh dapat capai rp triliun tumbuh tingkat ebitda besar jadi rp triliun iring tumbuh volume produksi efisiensi biaya operasional jalan upaya transformasi bisnis usaha adapun kerja rupa hasil terap operational excellence cost leadership disiplin bawah supervisi danantara direktur utama pupuk indonesia rahmad pribadi jelas efisiensi operasional disiplin biaya jalan konsisten sesuai agenda perintah presiden prabowo subianto mungkin usaha tumbuh lanjut atau momentum siklus harga komoditas berkat dukung perintah lalu danantara transformasi bisnis seluruh mulai buah hasil upa capai kerja uang bangga fondasi uang makin kuat optimistis tumbuh lanjut bukan kerja usaha kontribusi lebih besar tahan pangan nasional ujar rahmad kutip website pupuk indonesia senin turut kuat kerja uang sebut juga beri ruang pupuk indonesia cepat investasi revitalisasi industri pupuk nasional lalu proyek modernisasi fasilitas sebut pupuk indonesia tingkat kapasitas efisiensi produksi lanjut pasok jaga pupuk sedia harga tetap jangkau tani jangkau harga pupuk akhir harap luas akses tani pupuk cermin tingkat tebus pupuk subsidi bijak turun harga terap perintah oktober hingga september tebus pupuk subsidi capai juta ton tingkat banding periode sama tahun belum itu kepala bp bumn dony oskaria jelas ubah rupa langkah strategis cipta efisiensi tinggi beri beban tambah anggar negara komitmen ubah godok sama manajemen telah presentasi langsung hadap dewan wakil rakyat dpr ri ubah formula subsidi lebih tepat sasar pupuk laku transformasi lebih fundamental waktu pupuk ambil bisnis model cost plus nah cogs kasih margin lalu diskus pak dirut nya kemudian hadir dpr presentasi dpr sama pak dirut kemudian minta ubah bisnis model perintah jadi market to market harga pasar kemudian subsidi hitung beban perintah satu sisi satu sisi tekan harga cogs ujar dony langkah berani ubah orientasi bisnis langsung beri dampak domino positif rantai pasok tani nasional turun cogs buat harga pupuk tingkat makro jadi lebih efisien saat sama kapasitas produksi usaha terus pacu penuh butuh domestik masif sekaligus buka peluang bisnis pasar global pola hasil tekan biaya harga pupuk kepada tani karena produksi jadi lebih banyak tingkat produksi bisa ekspor pupuk satu sisi laba tingkat jadi bisnis model betul ubah sangat fundamental pupuk indonesia lanjut dony optimisme masa depan industri pupuk nasional kian kuat iring langkah perintah saat tengah modernisasi infrastruktur produksi banyak delapan pabrik pupuk bawah naung holding kini sedang proses baik komprehensif untuk pasti efisiensi jalan lanjut transformasi pun buah manis catat tumbuh untung sangat signifikan produk pupuk indonesia kini mulai aku andal kancah internasional tanda hasil tembus pasar australia hari ini kita sedang laku baik delapan pabrik pupuk kita nah ini kan arti transformasi ini satu satu hasil lihat laba tingkat lebih saya cukup optimis pupuk ini depan makin besar kita mulai ekspor kemarin ekspor perdana kita australi sambut australi sangat sangat senang dengan ekspor pupuk kita ini ya ini capai juga untuk teman teman di pupuk indonesia ungkap dony dony nilai capai kerja raih pupuk indonesia tunjuk transformasi bisnis jalan usaha ada pada jalur tepat perlu terus kuat mampu hadap bagai tantang ke depan transformasi mulai nunjukin hasil ke depan perlu jaga konsistensi tetap siap hadap ubah pasar bijak ujar,finance
"Dari Rp 2,41 T Jadi Rp 8,51 T, Mengintip Pertumbuhan Pupuk Indonesia",https://finance.detik.com/berita-ekonomi-bisnis/d-8652409/dari-rp-2-41-t-jadi-rp-8-51-t-mengintip-pertumbuhan-pupuk-indonesia,"Selasa, 08 Sep 2026 09:05 WIB",pt pupuk indonesia persero catat lonjak kerja uang panjang semester i laba bersih usaha lonjak rp triliun periode sama tahun belum jadi rp triliun naik sebut capai tahun kerja positif pupuk indonesia bahkan turut dapat sorot presiden ri prabowo subianto pidato sidang tahun mpr sidang sama dpr dpd ri jumat sama untung pt pupuk indonesia usaha negara bumn untung naik harga pupuk turun volume tambah untung pt pupuk indonesia naik ujar prabowo tumbuh laba sebut jadi salah satu gambar kerja bumn nilai makin positif tarik tingkat untung pupuk indonesia jadi sama bijak perintah turun harga pupuk hingga pertama kali harga pupuk kita turun rakyat ujar prabowo kondisi sebut tunjuk tumbuh pupuk indonesia semata mata asal naik harga jual pupuk usaha laku transformasi bisnis depan efisiensi operasional disiplin biaya dasar kerja januari juni pupuk indonesia buku laba bersih rp triliun angka sebut tumbuh banding periode sama tahun belum ada kisar rp triliun laba dapat usaha alami tumbuh signifikan pupuk indonesia catat dapat rp triliun tingkat banding periode sama tahun belum itu ebitda usaha capai rp triliun tumbuh tumbuh sebut dorong tingkat volume produksi efisiensi biaya operasional jadi bagi transformasi usaha direktur utama pupuk indonesia rahmad pribadi kata kerja sebut rupa hasil transformasi bisnis tata kelola laku seluruh turut terap operational excellence cost leadership jalan konsisten jadi fondasi usaha tumbuh lanjut berkat dukung perintah lalu danantara transformasi bisnis seluruh mulai buah hasil upa capai kerja uang bangga fondasi uang makin kuat optimistis tumbuh lanjut bukan kerja usaha kontribusi lebih besar tahan pangan nasional ujar rahmad industri pupuk milik tantang sendiri biaya produksi pengaruh sedia harga bahan baku energi hadap kondisi sebut pupuk indonesia kuat efisiensi sekaligus tingkat tahan bisnis usaha luas sumber pasok skema kontrak bahan baku kurang dampak volatilitas harga komoditas global sisi dapat pupuk indonesia laku diversifikasi kuat kontribusi segmen non subsidi produk non pupuk strategi sebut buat usaha milik sumber tumbuh lebih agam sepenuh gantung siklus harga komoditas transformasi laku lalu operational digital excellence holding business streamlining distribusi public service obligation kuat bisnis komersial transformasi pupuk indonesia turut sasar fasilitas produksi kuat kerja uang capai usaha beri ruang tingkat investasi remaja revitalisasi tujuh pabrik lima tahun depan langkah sebut laku jalan arah danantara optimal portofolio aset bumn lebih produktif beri nilai tambah pupuk indonesia milik kapasitas produksi nasional sekitar juta ton per tahun kapasitas sebut jadi salah satu modal usaha penuh butuh pupuk negeri sekaligus respons peluang pasar global optimalisasi aset jadi penting pasti kapasitas produksi milik guna efisien fasilitas lebih produktif usaha milik ruang jaga biaya produksi sekaligus tingkat daya saing pupuk indonesia mulai siap sumber tumbuh baru lalu diversifikasi bisnis beberapa tahun datang usaha siap kembang metanol turun bisnis clean ammonia industrial support diversifikasi sebut harap luas sumber dapat usaha sekaligus kurang gantung siklus bisnis pupuk kembang clean ammonia jadi bagi upaya usaha tangkap peluang bisnis kembang iring transisi tuju industri lebih rendah emisi strategi sebut transformasi pupuk indonesia arah hasil kerja uang kuat bangun fondasi bisnis mampu hadap ubah kondisi ekonomi global kerja uang usaha juga jalan iring upaya perintah tingkat akses tani pupuk panjang pupuk indonesia hasil salur ton pupuk subsidi tingkat banding tahun belum tingkat sebut dukung implementasi sistem i pubers cepat mudah proses tebus pupuk terap atur presiden nomor tahun juga sederhana tata kelola salur pupuk subsidi hingga september pupuk indonesia salur pupuk subsidi banyak juta ton alokasi juta ton tetap perintah rahmad kata transformasi laku usaha akhir arah beri manfaat langsung tani sekaligus jaga tahan pangan nasional jalan agenda transformasi bumn dorong danantara semua ubah struktural ini muara satu pupuk jangkau lebih cepat ke tani cost lebih sehat negara jaga tahan pangan ungkap rahmad sisi bijak perintah turun harga pupuk hingga harap makin kuat akses tani sarana produksi pupuk indonesia kondisi sebut jadi tantang sekaligus peluang usaha mampu tahan profitabilitas korban fungsi strategis sedia pupuk sektor tani lonjak laba rp triliun jadi rp triliun tunjuk ada ubah signifikan kerja pupuk indonesia usaha ingin tumbuh sebut jadi capai saat rahmad nilai lanjut laba bangun lalu fondasi bisnis kuat usaha tetap mampu tumbuh kondisi global alami ubah lanjut laba bukan soal kejar angka tinggi tiap tahun pasti fondasi cukup kuat untuk tetap tumbuh meski kondisi global ubah ubah tahan bisnis kami bukan soal tahan gejolak industri juga soal pasti tumbuh ini rasa langsung laku usaha kecil tani pungkas rahmad demikian lonjak laba pupuk indonesia semester i bukan hanya cerita kena tumbuh angka untung balik naik sebut dapat strategi efisiensi optimalisasi aset diversifikasi bisnis transformasi tata kelola pada saat sama perintah upaya pasti tingkat kerja bumn sebut jalan iring penting masyarakat lalu turun harga pupuk tingkat akses tani laba rp triliun jadi rp triliun tumbuh pupuk indonesia kini tidak hanya jadi ukur sehat usaha juga bagi dari upaya kuat ekosistem tani tahan pangan nasional,finance
"Transformasi di Bawah Danantara, Laba Pupuk Indonesia Melejit 253%",https://finance.detik.com/berita-ekonomi-bisnis/d-8648779/transformasi-di-bawah-danantara-laba-pupuk-indonesia-melejit-253,"Jumat, 04 Sep 2026 17:33 WIB",pt pupuk indonesia persero hasil catat naik laba signifikan panjang semester i naik iring upaya transformasi bisnis tata kelola usaha jalan agenda danantara indonesia presiden ri prabowo subianto ungkap untung usaha bumn produsen pupuk sebut roket hingga sampai pidato sidang tahun mpr sidang sama dpr dpd ri jumat lalu untung pt pupuk indonesia usaha negara bumn untung naik ujar prabowo prabowo tingkat kerja pupuk indonesia sebut jadi sama bijak perintah turun harga pupuk subsidi sekaligus tingkat volume sedia pupuk tani harga pupuk turun volume tambah untung pt pupuk indonesia naik ujar prabowo sempat sebut prabowo sampai kondisi pangan nasional ada ada aman nilai bagai langkah benah sektor pupuk turut dukung tingkat produktivitas tani cepat swasembada pangan capai itu berani hadap masalah banyak atur salur pupuk telah hilang harga pupuk hasil turun jadi pertama kali sejarah negara satu republik indonesia pertama kali harga pupuk turun rakyat kata bagai catat panjang januari hingga juni pupuk indonesia hasil buku laba bersih besar rp triliun tumbuh banding periode sama tahun belum usaha catat tumbuh dapat capai rp triliun tumbuh tingkat ebitda besar jadi rp triliun iring tumbuh volume produksi efisiensi biaya operasional jalan upaya transformasi bisnis usaha adapun kerja rupa hasil terap operational excellence cost leadership disiplin bawah supervisi danantara direktur utama pupuk indonesia rahmad pribadi jelas efisiensi operasional disiplin biaya jalan konsisten sesuai agenda perintah presiden prabowo subianto mungkin usaha tumbuh lanjut atau momentum siklus harga komoditas berkat dukung perintah lalu danantara transformasi bisnis seluruh mulai buah hasil upa capai kerja uang bangga fondasi uang makin kuat optimistis tumbuh lanjut bukan kerja usaha kontribusi lebih besar tahan pangan nasional ujar rahmad kutip website pupuk indonesia senin turut kuat kerja uang sebut beri ruang pupuk indonesia cepat investasi revitalisasi industri pupuk nasional lalu proyek modernisasi fasilitas sebut pupuk indonesia tingkat kapasitas efisiensi produksi lanjut pasok jaga pupuk sedia harga tetap jangkau tani jangkau harga pupuk akhir harap luas akses tani pupuk cermin tingkat tebus pupuk subsidi bijak turun harga terap perintah oktober hingga september tebus pupuk subsidi capai juta ton tingkat banding periode sama tahun belum itu kepala bp bumn dony oskaria jelas ubah rupa langkah strategis cipta efisiensi tinggi beri beban tambah anggar negara komitmen ubah godok sama manajemen telah presentasi langsung hadap dewan wakil rakyat dpr ri ubah formula subsidi lebih tepat sasar pupuk laku transformasi lebih fundamental waktu pupuk ambil bisnis model cost plus nah cogs kasih margin lalu diskus pak dirut nya kemudian hadir dpr presentasi dpr sama pak dirut kemudian minta ubah bisnis model perintah jadi market to market harga pasar kemudian subsidi hitung beban perintah satu sisi satu sisi tekan harga cogs ujar dony langkah berani ubah orientasi bisnis langsung beri dampak domino positif rantai pasok tani nasional turun cogs buat harga pupuk tingkat makro jadi lebih efisien saat sama kapasitas produksi usaha terus pacu penuh butuh domestik masif sekaligus buka peluang bisnis pasar global pola hasil tekan biaya harga pupuk kepada tani karena produksi jadi lebih banyak tingkat produksi bisa ekspor pupuk satu sisi laba tingkat jadi bisnis model betul ubah sangat fundamental pupuk indonesia lanjut dony optimisme masa depan industri pupuk nasional kian kuat iring langkah perintah saat tengah modernisasi infrastruktur produksi banyak delapan pabrik pupuk bawah naung holding kini sedang proses baik komprehensif untuk pasti efisiensi jalan lanjut transformasi pun buah manis catat tumbuh untung sangat signifikan produk pupuk indonesia kini mulai aku andal kancah internasional tanda hasil tembus pasar australia hari ini kita sedang laku baik delapan pabrik pupuk kita nah ini kan arti transformasi ini satu satu hasil lihat laba tingkat lebih saya cukup optimis pupuk ini depan makin besar kita mulai ekspor kemarin ekspor perdana kita australi sambut australi sangat sangat senang dengan ekspor pupuk kita ini ya ini capai juga untuk teman teman di pupuk indonesia ungkap dony dony nilai capai kerja raih pupuk indonesia tunjuk transformasi bisnis jalan usaha ada jalur tepat perlu terus kuat mampu hadap bagai tantang ke depan transformasi mulai nunjukin hasil ke depan perlu jaga konsistensi tetap siap hadap ubah pasar bijak ujar,finance
"Dari UMKM hingga Pariwisata, Ekonomi Desa Hasilkan Miliaran Rupiah",https://finance.detik.com/solusiukm/d-8649393/dari-umkm-hingga-pariwisata-ekonomi-desa-hasilkan-miliaran-rupiah,"Sabtu, 05 Sep 2026 08:54 WIB",pt usaha gas negara persero tbk pgn subholding gas pertamina terus dorong mandiri masyarakat desa lalu kembang potensi ekonomi lokal upaya sebut laku tingkat kapasitas masyarakat buka peluang usaha bangun ekosistem ekonomi kelola kembang mandiri komitmen sebut wujud lalu bagai program corporate social responsibility csr sesuai potensi butuh masyarakat lain kembang balai ekonomi desa balkondes karangrejo magelang suadesa festival ruang kembang umkm ekonomi lokal program pendekar dewa desa pagardewa muara enim sumatera selatan tiga program sebut tempat masyarakat laku utama dorong potensi lokal jadi aktivitas ekonomi beri manfaat lanjut corporate secretary pgn fajriyah usman kata kuat ekonomi desa jadi bagi penting cipta tumbuh inklusif masyarakat hanya butuh bantu kapasitas akses kembang sumber dapat pgn upaya bangun ekosistem mungkin masyarakat nali potensi tingkat kapasitas akhir mampu kelola sumber daya milik mandiri ekonomi desa tumbuh masyarakat makin daya lanjut program terus jalan lalu peran aktif masyarakat sendiri ujar fajriyah terang resmi tulis sabtu salah satu upaya pgn laku lalu kembang balkondes karangrejo camat borobudur kabupaten magelang balkondes jadi wadah masyarakat kembang aktivitas ekonomi mulai homestay kuliner paket wisata hingga produk ekonomi kreatif bas potensi lokal kembang kawasan sebut turut dukung infrastruktur energi ramah lingkung milik pgn hadir sistem compressed natural gas cng cluster penuh butuh energi rumah tangga panel surya suplai bagi butuh listrik kawasan balkondes alhasil sisi ekonomi balkondes pgn karangrejo catat omzet hingga rp miliar banyak persen tenaga kerja rupa masyarakat lokal telah latih kelola homestay restoran bagai paket wisata tur vw safari sepeda arung jeram wisata edukasi tani dapat balkondes beri manfaat desa lalu dapat asli desa pades aktivitas ekonomi kembang turut dukung bangun sejahtera masyarakat model kembang ekonomi bas potensi lokal laku lalu suadesa festival giat jadi ruang temu masyarakat umkm laku ekonomi kreatif bagai mang penting kenal produk sekaligus buka akses pasar lebih luas suadesa festival selenggara agustus lalu contoh banyak unjung hadir hasil total putar ekonomi besar rp miliar giat sebut integrasi aspek lingkung lalu kelola sampah banyak kilogram sampah kumpul pilah proses jadi barang nila bagi upaya dorong ekonomi sirkular suadesa gelar bukan sekadar festival jadi ruang sama temu potensi desa masyarakat lebih luas lalu giat dorong produk lokal umkm kreativitas masyarakat peduli lingkung tumbuh satu ekosistem saling dukung ungkap division head csr pgn krisdyan widagdo adhi itu sumatera selatan pgn jalan program inovasi sosial kuat desa ekonomi kreatif aman tara pendekar dewa desa pagardewa kabupaten muara enim program arah kuat ekonomi masyarakat lalu kembang potensi lokal cipta sumber dapat lebih agam pendekar dewa kuat rantai nilai komoditas karet kembang umkm tingkat akses butuh dasar kembang potensi wisata lokal dekat sebut dorong masyarakat milik peluang ekonomi lebih agam dampak lihat tingkat dapat tani karet libat program dapat tani capai rp juta per tahun tingkat persen banding tahun belum program sebut juga buka peluang ekonomi kelompok perempuan lalu kembang umkm dorong kembang kawasan danau kemiri bagai destinasi wisata bas masyarakat panjang danau kemiri catat kunjung dapat wisata capai rp juta tingkat persen banding periode belum karena itu turut krisdyan kembang ekonomi desa perlu lihat karakter butuh masing masing wilayah program daya hasil manfaat relevan lanjut desa milik potensi tantang beda dekat daya berangkat butuh masyarakat potensi lokal pgn upaya jadi bagi proses sebut masyarakat milik fondasi ekonomi makin kuat mandiri kata krisdyan bagai upaya laku pgn dorong mandiri ekonomi masyarakat lalu balkondes karangrejo suadesa festival program pendekar dewa sebut dapat apresiasi anugerah ekonomi hijau selenggara kamis september pgn terima harga pada kategori inisiatif dukung mandiri ekonomi desa apresiasi sebut jadi aku atas bagai inisiatif daya integrasi kuat ekonomi lokal lanjut harga jadi motivasi kami terus kuat program program daya beri manfaat nyata masyarakat kami percaya lanjut dapat cipta masyarakat milik mampu ekosistem lanjut kembang potensi cara mandiri tutup krisdyan,finance
7 Rekomendasi Jasa Forwarder Import Barang dari China ke Indonesia,https://finance.detik.com/berita-ekonomi-bisnis/d-8654391/7-rekomendasi-jasa-forwarder-import-barang-dari-china-ke-indonesia,"Selasa, 08 Sep 2026 19:40 WIB",impor barang china indonesia makin banyak laku laku usaha mulai reseller umkm hingga usaha butuh kargo jumlah besar proses import china indonesia jasa forwarder peran bantu kirim barang supplier china hingga proses customs clearance antar indonesia sedia bagai jasa import china karakteristik layan beda lebih cocok beli kecil marketplace taobao sementara lain milik kapasitas tangan kirim jumlah besar guna kontainer ikut jasa forwarder china indonesia timbang dasar karakteristik layan masing masing natindo cargo natindo cargomenjadi salah satu pilih forwarder china indonesia layan bagai skala butuh import salah satu indikator perhati calon langgan jumlah ulas google maps telah capai ulas rating bintang banyak ulas jadi referensi tambah lihat alam langgan telah guna layan natindo alam lebih tahun bidang forwarding import natindo tangan butuh mulai import jumlah kecil hingga kirim kargo besar butuh usaha volume tinggi sedia layan full container fcl mulai feet hingga feet sisi importir volume lebih kecil guna layan lcl air cargo natindo turut bantu beli barang marketplace china taobao alibaba aliexpress danjd com layan guna baik reseller umkm maupun usaha laku import skala besar pilih kapasitas sebut natindo jadi salah satu alternatif calon importir butuh jasa import china bagai skala kirim fastindo cargo fastindo cargo sedia layan forwarder china indonesia pilih sea lcl sea fcl air cargo salah satu karakteristik ada warehouse beberapa lokasi china masuk guangzhou yiwu fasilitas sebut bantu importir milik supplier lokasi beda butuh proses terima konsolidasi barang kirim indonesia fastindo jadi alternatif bisnis butuh fleksibilitas pilih metode kirim proses import barang china indonesia ducking ducking lebih tonjol mudah proses beli barang marketplace china platform ini dukung beli jumlah marketplace taobao tmall alibaba dekat sebut buat ducking lebih relevan importir kecil reseller online seller ingin laku beli china harus urus seluruh proses sendiri butuh import volume kecil mudah proses beli sekaligus kirim jadi salah satu timbang utama wilopo cargo wilopo cargo tawar layan import china indonesia pilih lcl fcl pilih sebut wilopo guna butuh kirim volume beda sedia fcl buat relevan bisnis mulai butuh kirim jumlah lebih besar andal kirim konsolidasi xing lie cargo xing lie cargo sedia layan import barang china indonesia lalu jalur laut maupun udara layan cakup butuh import marketplace alibaba aliexpress taobao pilih jalur kirim sebut beri fleksibilitas importir sesuai kirim dasar volume butuh waktu cargopro cargopro rupa main relatif baru bidang jasa import china fokus layan door to door konsep all in sedia pilih lcl fcl layan dukung supplier sourcing importir cari alternatif baru dekat layan modern cargopro jadi salah satu pilih banding trans express trans express rupa salah satu alternatif relatif baru butuh kirim import china indonesia pilih layan kirim customer service komunikasi lama proses import jadi timbang trans express dapat jadi alternatif importir ingin banding main baru industri forwarding pilih jasa import china sesuai butuh tidak ada satu jasa forwarder china indonesia paling sesuai semua butuh importir beli beberapa barang taobao tentu milik butuh beda usaha datang satu beberapa kontainer bulan pilih forwarder perhati beberapa faktor minimum volume pilih lcl fcl jalur kirim customs clearance alam usaha review langgan cakup layan china hingga indonesia paham butuh lebih importir dapat pilih jasa import china tidak tawar harga kompetitif juga sesuai skala pola import masing masing paham butuh lebih importir dapat pilih jasa import china yang tidak hanya tawar harga kompetitif juga sesuai skala pola import masing masing yang baru susun strategi ada barang lintas negara perlu referensi prosedural lebih lanjut anda dapat ajar pandu komprehensif mengenaicara import barang china,finance
"Skema Tadpole Pindar Dinilai Rugikan Peminjam, Ini Alasannya",https://finance.detik.com/moneter/d-8652151/skema-tadpole-pindar-dinilai-rugikan-peminjam-ini-alasannya,"Senin, 07 Sep 2026 13:50 WIB",skema tadpole angsur lebih besar awal periode pinjam daring pindar nilai rugi pinjam nilai jalan prinsip lindung konsumen masyarakat akses pinjam justru ada kondisi butuh dana anggota komisi xi dpr ri harris turino sorot pola bayar skema tadpole buat wajib pinjam sangat besar awal masa pinjam kemudian makin kecil periode ikut harris mudah akses pinjam online ikut tanggung jawab selenggara regulator pasti produk pinjam tawar transparan adil eksploitasi masyarakat sedang butuh uang jadi skema tadpole adalah wajib pinjam awal beban besar sekali baru kemudian belakang kecil lihat soal bukan semata mata soal pinjam online tetapi soal adalah soal lindung konsumen integritas industri jasa uang tegas harris terang senin direktur ekonomi digital center of economic and law studies celios nailul huda nilai skema tadpole adil pinjam masyarakat aju pinjam dasar butuh dana milik uang cukup saat sebut pinjam justru wajib bayar cicil jumlah besar awal periode manfaat dana oleh jadi relatif lebih kecil skema tadpole batas ojk memang fair borrower borrower pinjam karena punya uang awal bayar lebih besar awal dapat relatif lebih sedikit konsumen sangat berat beban awal pinjam daring beri skema adil konsumen ujar nailul nailul jelas skema tadpole benar guna selenggara kurang risiko gagal bayar akhir periode pinjam beban cicil lebih besar awal usaha pasti bagi besar wajib pinjam bayar pasuk masa akhir pinjam gambar pinjam ambil pinjam pokok utang rp juta bunga rp ribu demikian total wajib bayar capai rp juta skema tadpole tiga kali bayar cicil buat sama rp ribu cicil pertama rp ribu cicil dua rp ribu cicil tiga pola sebut pokok utang sudah tutup bayar awal usaha mekanisme kurang risiko rugi apabila pinjam alami gagal bayar akhir periode dari sisi pinjam pola sebut buat beban bayar jauh lebih berat awal masa pinjam nailul nilai konsumen memang milik mampu bayar lebih besar awal sebut jadi pilih bukan wajib konsumen beri opsi laku bayar lebih besar tempat dana deposit guna butuh mekanisme sebut konsumen tetap milik fleksibilitas guna dana otomatis beban bayar besar awal masa pinjam nailul nilai industri pindar akan alami soal apabila skema tadpole lagi guna selenggara terap skema cicil biasa bagi wajib bayar lebih rata periode turut henti skema tadpole justru dapat dorong platform baik sistem nilai layak kredit credit scoring lebih prudent skema tadpole tidak pakai industri pindar kan tidak masalah skema biasa justru pribadi lihat ada tekan platform buat sistem credit scoring lebih prudent kata lama kata nailul platform anggap skema tadpole dapat guna antisipasi tinggi risiko gagal bayar padahal terap skema sebut buat pinjam hadap beban bayar tinggi sejak awal lama kan platform anggap hindar gagal bayar tinggi tadpole justru tadpole ini bisa buat borrower bayar tinggi awal ujar pola bayar nailul tekan penting transparansi kena bunga biaya pinjam hitung bunga biaya lain sampai buka konsumen ingat tidak dapat biaya sembunyi hidden cost skema pinjam tawar masyarakat selenggara wajib jalan layan sesuai tentu laku masuk batas bunga tetap regulator nailul juga harap afpi asosiasi industri pindar milik sikap arah regulator terap skema pinjam daring turut afpi tidak harus ambil bijak lampau tentu regulator di sisi penting konsumen tetap harus jadi perhati tiap skema biaya tawar afpi harus arah regulator afpi tentu tidak tindak lebih regulator demikian konsumen harus beri informasi jelas kemudian beri hak pilih lanjut tidak skema sebut kata nailul dengan transparansi informasi pilih yang jelas konsumen pinjam harap dapat paham konsekuensi finansial tuju pinjam ini sekaligus jadi bagi penting jaga lindung konsumen percaya industri pinjam daring,finance
"Belanja Streetwear di USS Jogja Makin Untung Pakai BRImo, Ada Cashback!",https://finance.detik.com/berita-ekonomi-bisnis/d-8649713/belanja-streetwear-di-uss-jogja-makin-untung-pakai-brimo-ada-cashback,"Sabtu, 05 Sep 2026 14:46 WIB",yogyakarta siap sambut salah satu gelar paling nanti tahun cinta mode sneakerhead anak muda kreatif urban sneaker society uss hadir riah lewat ajang uss downtown market yogyakarta ajang akan selenggara lama tiga hari penuh tanggal september tempat mall ambarukmo yogyakarta kamu hobi buru sneakers eksplorasi pakai streetwear kini hingga cari barang barang vintage nila estetika tinggi event jadi agenda wajib lewat tak hadir deret brand lokal internasional nama retailer kreatif area komunitas interaktif uss downtown market riah bagai saji kuliner f b pilih workshop edukatif inspiratif tarik alam belanja streetwear impi kali akan asa jauh lebih senang seru untung berkat deret tawar spesial sembah bri maksimal ootd impi agam promo spesial brimo nikmat festival gaya hidup urban tentu belum lengkap strategi belanja cerdas lama acara langsung bri hadir bagai promo mudah transaksi lalu aplikasi brimo produk bayar bri lain hadir bagai tawar tarik siap manja unjung lengkap koleksi fashion harga jauh lebih sahabat penuh untung ekstra kamu belanja luar tenant kuliner f b program reguler cashback up to rp cukup laku transaksi minimal rp guna qris brimo sumber dana tabung satu struk kamu nikmat potong saldo langsung laku maksimal kali cashback per user lama event langsung buru diskon kilat kuliner favorit lebih hemat belanja produk fashion incar nominal lebih besar manfaat program rush hour cashback qris brimo up to rp juta kamu hak dapat cashback saldo brimo besar hingga maksimal rp minimum transaksi rp satu struk bayar itu cinta kuliner ingin santa jenak tengah seru acara sedia cashback f b besar maksimal rp minimum transaksi rp guna qris brimo tenant f b partisipan seru aktivitas interaktif buru merchandise eksklusif potong harga langsung alam uss downtown market akan riah bagai aktivitas seru hadiah sayang lewat saja uss downtown market bakal riah panggung musik seru hadir tampil tuan tigabelas mario zwinkle prontaxan white chorus kateratchy wicker basket earlyhours trico super flame broddyfae wezaboy billy mantrino kenya guling dawn gong djs hingga khaemr tarik alam belanja streetwear impi kali akan asa jauh lebih senang seru untung berkat deret tawar spesial sembah bri seluruh unjung milik sempat emas bawa pulang bagai souvenir eksklusif hingga hadiah utama keren langsung booth partisipan area aktivitas khusus lalu program brimo spin win missions unjung rampung tiga transaksi finansial guna fitur brimo beda bayar qris top up e wallet bayar listrik beli pulsa paket data bayar briva top up tabung emas bayar kartu kredit bank hingga beli tiket lalu fitur lifestyle sempat putar spin wheel bawa pulang merchandise eksklusif kejut limpah voucher guna baru hingga grand prize raffle kamu buka rekening baru langsung booth bri lama event sedia program voucher for new user nila rp orang cepat hari tak itu kumpul struk belanja minimal rp luar tenant f b dapat totebag freebies bagi orang cepat hari activity area unjung kumpul total transaksi minimal rp guna satu nomor rekening bri sempat tukar struknya mystery box penuh kejut ingin hadiah lebih spektakuler ikut program lucky draw transaksi guna bri kartu kredit bri debit qris brimo manfaat program raffle menang tiket undi eksklusif dengan besar peluang lalu aju kartu kredit buka rekening baru top up saldo sesuai tentu aman jadwal nikmat bagai benefitnya tidak hanya sekadar jadi wadah gera tren mode urban ekspresi kreativitas anak muda hadir bri tengah festival bukti komitmen nyata dukung industri kreatif sekaligus beri mudah nyaman transaksi batas bagai program interaktif tawar tarik sebut rancang khusus pasti detik kunjung beri nilai lebih tak lupa segera agenda tuju sama teman teman nikmat seru festival streetwear baik yogyakarta maksimal transaksi alam belanja makin kesan informasi lengkap kena syarat tentu detail program akses melaluibbri id ussjogja lama periode september jangan lewat uss downtown market yogyakarta dan bagai benefit bri dalam,finance
Rekomendasi Saham yang Bisa Dilirik saat IHSG Menguat,https://finance.detik.com/bursa-dan-valas/d-8654774/rekomendasi-saham-yang-bisa-dilirik-saat-ihsg-menguat,"Rabu, 09 Sep 2026 08:50 WIB",indeks harga saham gabung ihsg kuat dagang selasa ihsg naik akhir level kuat ihsg turut topang jumlah saham gerak naik ammn catat kuat smma naik mdka lesat balik beli turun bbni lemah bren koreksi aktivitas investor transaksi asing pasar reguler catat net buy besar rp miliar hitung seluruh pasar investor asing buku net buy rp miliar gera positif lihat mayoritas sektor saham banyak sektor akhir zona hijau sektor basic materials catat naik sektor healthcare jadi sektor alami turun besar bursa saham amerika serikat as gerak lemah dagang akhir dow jones turun s p turun nasdaq lemah level harga tembaga cetak rekor turut jadi perhati pasar beri sentimen positif saham kait komoditas sebut masuk ammn mdka dua saham masing masing beri pengaruh gera ihsg besar pasar offshore etf eido kuat indeks msci indonesia naik mdla buku jual rp triliun panjang semester i angka sebut tingkat banding jual periode sama tahun belum besar rp triliun laba bersih persero tambah tahun jadi rp miliar rp miliar semester i tumbuh sebut turut serta naik laba kotor mdla catat gross profit besar rp miliar h naik yoy rp miliar kerja topang tingkat volume distribusi tambah lima prinsipal baru kembang produk merek sendiri own brand manfaat kanal digital sisi bisnis alat sehat jual produk stardec tumbuh yoy mdla lanjut kembang infrastruktur distribusi bangun gudang aam medan capai progres target mulai operasi kuartal iv itu persero siap bangun national distribution center ndc fasilitas sebut guna dukung butuh cold storage rencana bangun atas lahan luas hektare kawasan industri jababeka blog catat dapat rp miliar semester i dapat sebut naik rp miliar periode sama tahun lalu laba bersih blog tingkat jadi rp miliar banding rp miliar h tahun manajemen target tumbuh laba lebih target sebut dukung ekspansi bisnis kontrak langgan jangka panjang kontrak jangka panjang sebut harap bantu persero hadap dampak naik biaya bahan bakar minyak bbm blog siap anggar belanja modal capital expenditure capex rp miliar hingga semester i realisasi capex ada kisar rp miliar kira tambah rp miliar semester ii dana capex guna bangun gudang tambah armada hingga unit kembang sistem teknologi informasi persero integrasi jumlah sistem masuk transportation management system tms warehouse management system wms ios psab tetap bagi dividen tunai interim besar rp per saham periode akhir juni total dividen siap capai rp miliar dividen sebut bagi pegang miliar saham persero edar putus bagi dividen sebut laku psab buku laba bersih besar us juta semester i angka itu tingkat yoy banding periode sama tahun belum naik laba sebut turut pengaruh untung dari aksi divestasi proyek tambang emas doup anak usaha united tractors untr transaksi sebut hasil untung besar us juta laba bersih h sebut dividen interim rp per saham cermin dividend payout ratio besar itu saham psab dagang selasa tutup level rp per saham dasar harga sebut dividen interim rp per saham tara dividend yield besar investor ingin oleh hak atas dividen sebut perlu perhati jadwal cum date pasar reguler negosiasi cum date tetap september adapun bayar dividen jadwal september mbma buy tp sl tlkm buy tp sl enrg buy tp sl jarr buy tp sl untr buy tp sl disclaimer ingat segala analisis dan rekomendasi saham artikel ini sifat informatif sekaligus bukan rupa aja beli jual saham tentu,finance
"Rame Rame Market Hadir Lagi di Bandung, Ada Cashback BRI hingga Rp 50 Ribu",https://finance.detik.com/berita-ekonomi-bisnis/d-8647720/rame-rame-market-hadir-lagi-di-bandung-ada-cashback-bri-hingga-rp-50-ribu,"Jumat, 04 Sep 2026 07:46 WIB",nikmat akhir pekan bandung selalu simpan cerita sendiri kota kembang olah tak pernah habis cara manja warga mulai udara sejuk tenang hingga ragam tren gaya hidup kreatif terus gulir dinamis tak heran akhir pekan selalu jadi momen paling nanti dar lepas penat sama orang orang kasih nikmat deret kuliner lezat buru koleksi busana kini anda tengah rencana agenda seru habis waktu luang kota kembang satu destinasi tarik wajib masuk daftar kunjung seru rame rame market hadir sapa warga bandung september laswi heritage bandung pesta belanja jadi destinasi utama nikmat agam pilih kuliner lezat tren fashion kini produk lifestyle kualitas hadir bagai untung spesial tidak lewat sama pt bank rakyat indonesia persero tbk bri lalu ekosistem digital handal brimo bri debit hingga bri kartu kredit unjung nikmat bagai promo tarik mulai cashback limpah hingga bagai hadiah langsung buat alam belanja rame rame market makin untung penuh seru nikmat cashback hingga rp ribu qris brimo nikmat kuliner datang event transaksi merchant f b guna qris brimo beri untung lipat ganda unjung nikmat promo cashback hingga rp ribu minimum transaksi rp ribu tawar tarik laku hari khusus orang unjung pertama tidak henti sektor kuliner promo giur sedia unjung belanja merchant fashion bagai tenant pilih lain cukup laku bayar guna qris brimo minimum transaksi rp ribu unjung dapat cashback hingga rp ribu mudah cepat transaksi digital tentu jadi aktivitas belanja asa jauh lebih praktis hemat buka rekening britama dapat cashback instan unjung belum jadi nasabah ingin segera buka lembar baru kelola finansial bri hadir benefit khusus lama helat langsung buka rekening britama laku setor awal minimum rp ribu unjung langsung hak dapat cashback brimo nila rp ribu langkah mudah buka pintu siapa nikmat mudah layan perban digital modern genggam tangan lewat aplikasi brimo dapat kartu bri debit barcelona diskon eksklusif nasabah ingin tingkat alam transaksi sedia tawar tarik laku top up saldo minimum rp juta nasabah sempat bawa pulang kartu bri debit barcelona ikonik nikmat diskon spesial hingga seluruh merchant jaring boga group itu tambah benefit tarik cullers id upa diskon potong harga besar program rancang khusus tani gaya hidup dinamis para generasi muda keluarga modern jadi top spender bawa pulang smart watch idam unjung hobi buru barang favorit aktif transaksi lama rame rame market bri siap apresiasi spesial upa hadiah eksklusif top spender hari unjung akumulasi transaksi tinggi minimal rp juta hari sempat bawa pulang hadiah utama upa smartwatch canggih transaksi laku fleksibel guna qris brimo kartu bri debit maupun bri kartu kredit makin sering transaksi makin besar pula peluang keluar menang rasa seru ikut lucky toss hadiah tarik seru acara belum akhir situ unjung juga ajak tantang untung lewat program lucky toss rebut bagai hadiah tarik cara sangat praktis unjung cukup tunjuk tiga transaksi beda laku lalu aplikasi brimo total akumulasi minimum rp ribu lalu manfaat teknologi digital aktivitas bayar hari hari transformasi jadi momen hibur datang untung limpah ramai rame rame market sama bri hadir bri di tengah helat rame rame market rupa bentuk komitmen nyata terus damping aktivitas hari masyarakat lalu layan transaksi cepat praktis selaras tren gaya hidup masa kini andal brimo ragam instrumen bayar digital lain unjung rasa alam transaksi kendala sekaligus bawa pulang aneka ragam untung maksimal yuk ramai rame rame market nikmat alam belanja kuliner makin untung sama bri guna brimo bri debit bri kartu kredit untuk nikmat bagai cashback benefit sempat dapat hadiah tarik lama event langsung informasi lengkap akses lalu bbri id rameramemarket,finance
Pengadaan Pemerintah Rp 1.200 T Bisa Jadi Peluang buat UMKM,https://finance.detik.com/berita-ekonomi-bisnis/d-8655064/pengadaan-pemerintah-rp-1-200-t-bisa-jadi-peluang-buat-umkm,"Rabu, 09 Sep 2026 11:19 WIB",peluang usaha mikro kecil tengah umkm koperasi libat ada barang jasa perintah makin lebar nilai ada perintah rata rata capai rp triliun tahun milik daya ungkit sangat besar ekonomi nasional umkm koperasi libat ada barang jasa perintah dapat layan jamin pt jamin kredit indonesia persero jamkrindo tanda penandatanganan nota paham mou jamkrindo lembaga bijak ada barang jasa perintah lkpp manfaat layan jamin direktur utama jamkrindo abdul bari kata kerja sama jadi langkah strategis kuat ekosistem ada barang jasa perintah lalu manfaat layan jamin jamkrindo sekaligus luas akses jamin para laku usaha khusus umkm koperasi libat ada perintah ruang lingkup mou cakup tiga utama manfaat layan interkoneksi host to host jamkrindo dukung ada barang jasa perintah elektronik lalu aplikasi kelola lkpp manfaat layan jamin sosialisasi penyebarluasan informasi kait ada barang jasa perintah jamin lalu publikasi seminar latih maupun workshop sama kerja sama temu mandat besar lkpp bangun ekosistem ada efektif efisien transparan akuntabel jamkrindo hadir jamin tingkat aksesibilitas finansial kapasitas laku usaha sinergi dua mandat cipta multiplier effect ekonomi nasional ujar abdul bari terang tulis rabu abdul bari kata jamin peran instrumen percaya ada barang jasa perintah butuh pasti sedia dapat penuh wajib sedia perlu instrumen penuh syarat sekaligus kelola risiko jalan atur lembaga bijak ada barang jasa perintah republik indonesia nomor tahun atur menteri uang nomor pmk atur guna surat jamin laksana giat ada barang jasa masuk terbit surat jamin usaha jamin konteks ada barang jasa perintah jamkrindo milik produk suretyship jadi salah satu instrumen strategis beri pasti atas penuh wajib kontraktual lalu layan jamkrindo dukung lancar proses ada sekaligus luas akses laku usaha partisipasi proyek perintah depan kerja sama terjemah langkah implementasi lebih konkret lalu janji kerja sama jamkrindo lkpp akan laku pantau evaluasi kala pasti laksana kerja sama jalan sesuai tuju jadi dasar sempurna program kerja sama lanjut harap kolaborasi nanti kembang lebih luas hanya jadi hubung bilateral lkpp jamkrindo jadi buah ekosistem kolaborasi beri manfaat nyata kuat ekosistem ada perintah tumbuh ekonomi nasional pungkas abdul bari kepala lkpp sarah sadiqa sampai nilai ada perintah rata rata capai rp triliun tahun ada milik daya ungkit sangat besar ekonomi nasional itu rupiah belanja perintah kelola akuntabel transparan tepat mampu hasil nilai baik masyarakat turut besar skala ada sebut tuntut bangun ekosistem ada makin kredibel inklusif efisien wujud perintah butuh kolaborasi kuat regulator legislatif laku usaha seluruh mang penting kata mitra lkpp jamkrindo milik arti strategis dukung transformasi digital ada barang jasa perintah lalu nota paham interkoneksi sistem host to host layan jamin harap jadi lebih mudah cepat transparan integrasi dapat kuat percaya pasti kualitas tata kelola ada perintah lebih itu kolaborasi sebut harap buka ruang partisipasi lebih luas umkm dengan beri rasa aman pasti usaha peluang kompetisi sehat ada perintah nota paham rupa langkah konkret kuat percaya beri pasti tingkat kualitas tata kelola ada perintah lebih itu kolaborasi ini harus buka ruang partisipasi luas luas umkm makin banyak umkm libat rantai pasok perintah makin besar dampak kuat kapasitas usaha luas akses biaya cipta lapang kerja perata tumbuh ekonomi ujar ketua komisi xi dpr ri mukhamad misbakhun apresiasi kolaborasi lkpp jamkrindo dalam kuat ekosistem ada barang jasa perintah lalu layan jamin harap kolaborasi ini dapat beri manfaat lebih luas laku usaha khusus umkm turut dorong tumbuh kuat ekonomi nasional kolaborasi lkpp jamkrindo rupa salah satu upaya konkret kuat daya tahan ekonomi nasional serta dorong umkm kembang usaha kecil jadi laku usaha lebih besar ujar,finance
"BRI Consumer Expo 2026 di Medan, Saatnya Wujudkan Rumah-Liburan Impian",https://finance.detik.com/berita-ekonomi-bisnis/d-8650204/bri-consumer-expo-2026-di-medan-saatnya-wujudkan-rumah-liburan-impian,"Sabtu, 05 Sep 2026 21:56 WIB",rencana masa depan mapan sering kali mulai langkah langkah kecil konsisten mulai milik huni impi siap kendara andal mobilitas keluarga hingga kelola portofolio investasi aman tengah dinamika hidup kota serba cepat temu waktu tempat tepat rencana seluruh butuh finansial sebut sekaligus kerap jadi tantang sendiri padahal kelola masa depan finansial gaya hidup kini laku jauh lebih mudah senang jawab butuh sebut bri consumer expo hadir mall centre point medan tanggal september one stop financial lifestyle event siap damping langkah rencana masa depan usung konsep layan integrasi acara rancang khusus masyarakat keluarga muda profesional hingga laku bisnis ingin eksplorasi bagai solusi perban bank rakyat indonesia bri serta ekosistem kuat usaha anak bri group satu tempat nyaman milik rumah idam kini makin mudah wujud lalu gelar property expo hadir bri lalu program unggul bri kpr unjung dapat tawar suku bunga spesial mulai fixed tahun bebas biaya provisi administrasi diskon premi asuransi hingga rencana baru cantik huni bel sedia bri multiguna solusi biaya alternatif butuh renovasi maupun tata interior para cinta otomotif automotive expo lalu bri kkb tawar mudah milik kendara pribadi maupun keluarga tawar suku bunga tarik mulai tenor tahun down payment dp ringan mulai seluruh mudah rancang wujud impi milik aset lebih fleksibel jangkau itu para lancong rencana jalan domestik maupun internasional bri travel fair siap manja unjung tawar tarik upa cashback hingga rp juta fasilitas cicil hingga bulan ikut tentu program laku unggul utama helat adalah hadir ekosistem uang komprehensif bri consumer expo hanya hadir produk perban utama bri libat bagai usaha anak bri group beri pilih solusi makin lengkap gadai hadir program tarik cicil emas solusi investasi aman percaya bri life tawar bagai program benefit lindung produk asuransi keluarga brins beri solusi proteksi seluruh aset harga mulai lindung properti kendara hingga diri pribadi bri danareksa sekuritas fasilitas masyarakat ingin mulai langkah pasar modal lalu program buka rekening efek edukasi investasi bank raya dukung butuh perban digital lewat bagai produk inovatif program reward tarik itu mudah transaksi hari turut maksimal lalu guna super apps brimo bri kartu kredit suguh bagai promo tarik merchant f b merchant pilih lama acara langsung bagi nasabah segmen khusus sedia bagai program eksklusif bri prioritas private cari layan privilege finansial kelas sekadar orientasi transaksi finansial bri consumer expo manja unjung lalu rangkai acara dukung edukatif hibur sesi talkshow inspiratif hadir khusus beri wawas insight dalam putar kelola uang kiat milik properti strategi investasi hingga rencana lifestyle masa kini talkshow sangat cocok ikut para profesional keluarga muda maupun laku bisnis ingin optimal sehat finansial daya tarik utama jamin seru akhir pekan sama orang sayang panggung utama riah special performance musisi papan atas tanah air judika rinni roni tampil spesial padu harmonis bagai fun activities lain jadi suasana expo asa dinamis hangat ramah kunjung sama keluarga cinta maupun kerabat dekat posisi bri bagai satu bank semua event bukti komitmen nyata sedia ekosistem finansial integrasi mampu jawab segala ragam butuh masyarakat modern anda orang karyawan profesional asn business owner maupun keluarga muda dengan rentang usia hingga tahun selalu solusi tepat bisa temu sini kunjungibri consumer expo medanpada september mall centre point medan temu bagai solusi promo spesial bri usaha anak bri group butuh rumah kendara jalan transaksi investasi hingga proteksi nikmat juga talkshow inspiratif special performance judika rinni roni yuk datang temu bagai solusi finansial seru lain hanya di bri consumer expo medan,finance
Terungkap Biang Kerok Desil Tak Sesuai Kondisi Warga RI,https://finance.detik.com/berita-ekonomi-bisnis/d-8648646/terungkap-biang-kerok-desil-tak-sesuai-kondisi-warga-ri,"Sabtu, 05 Sep 2026 05:55 WIB",desil kelompok sejahtera masyarakat data tunggal sosial ekonomi nasional dtsen sesuai kondisi masyarakat banyak kasus masyarakat desil naik padahal kondisi cukup menteri sosial saifullah yusuf gus ipul kata data desil ubah salah satu pengaruh masuk juta data baru bkkbn dtsen volume kini data telah koreksi lalu dtsen volume terbit badan pusat statistik bps turut perintah terus laku konsolidasi mutakhir dtsen tingkat akurasi data mutakhir laku lalu bagai sumber masuk baik data langsung sama perintah daerah baru masuk juta data baru bkkbn belum laku verifikasi validasi loncat loncat nah sekarang stabil rapi verifikasi validasi insyallah waktu minggu depan data akan makin akurat kata gus ipul terang resmi jumat gus ipul tegas ubah desil merta buat orang langsung coret daftar terima bantu sosial salur bantu tetap tunggu tetap terima periode salur merta orang sekarang desil ubah otomatis coret bansosnya masih tunggu tetap awal bulan salur misal sekarang kan lonjak lonjak data otomatis bansos hilang kan belum salur pbi bulan sekali jelas gus ipul tenaga ahli menteri sosial bidang rencana evaluasi bijak strategis andy kurniawan jelas kelompok desil dtsen bukan rupa ukur langsung tentu orang kaya miskin maupun besar hasil desil rupa peringkat relatif tingkat sejahtera duduk nasional urut tingkat sejahtera rendah hingga tinggi duduk kemudian bagi jadi kelompok sebut desil desil bukan sertifikat kaya miskin desil sama ekuivalen hasil desil hasil sekian desil hasil sekian bisa jelas andy sifat relatif posisi desil orang ubah meski kondisi ekonomi alami ubah ubah jadi kondisi keluarga peringkat ubah andy kata dtsen mutakhir tiap tiga bulan satu tahun dapat empat versi data ubah desil cukup signifikan volume jadi masuk juta data baru bkkbn turut isu ubah desil ramai bincang tepat masa daftar guru tinggi kait kartu indonesia pintar kip sekaligus ada baru dtsen volume juta data baru sumber mutakhir volume tiga sumber mutakhir volume tiga sebab naik turun desil asa sangat signifikan langsung evaluasi bps memang gejala masyarakat kasuistis langsung tindaklanjuti kata andy tegas desil bukan syarat utama untuk terima bantu sosial desil guna salah satu timbang dalam tentu prioritas masing masing program milik kriteria terima sendiri misal dalam satu ruang ada orang hak dapat bantu perintah punya uang untuk orang desil fungsi pilih orang ada desil lebih prioritas mereka desil desil lebih prioritas mereka di desil cara pilih prioritas jelas andy kriteria terima bantu sosial lekat masing masing program misal meski orang ada desil hingga jadi kelompok prioritas pkh orang sebut tetap terima bantu apabila tidak penuh kriteria tetap status pns naik desil tidak otomatis arti orang jadi lebih sejahtera hilang hak atas bantu sosial tentu terima tetap timbang kriteria program serta sedia kuota olah kalau desil naik sama tambah kaya kalau tambah kaya sama bantu hilang sama sekali tidak benar kalau bantu hilang persepsi masyarakat adalah bantu cabut uang alih program lain itu tidak benar papar andy jumlah bantu sosial itu tetap bahkan tambah ada orang yang penuh syarat tidak dapat bansos kuota batas jelas lanjut masyarakat yang rasa data belum sesuai dalam dtsen dapat aju mutakhir lalu perintah desa lurah bantu operator siks ng ground check damping pkh bps maupun perintah daerah cara mandiri lalu aplikasi cek bansos mutakhir juga dapat laku lalu layan call center whatsapp serta kanaldaringdtsen form bps go iddanperlinsos kemensos go id,finance
"Rekomendasi Saham Saat IHSG Melemah, Apa Saja?",https://finance.detik.com/bursa-dan-valas/d-8651569/rekomendasi-saham-saat-ihsg-melemah-apa-saja,"Senin, 07 Sep 2026 08:31 WIB",dagang saham akhir indeks harga saham gabung ihsg tutup turun level jumat saham sinergi inti andal prima nato jadi salah satu saham naik besar gera positif catat impc naik tins besar balik jumlah saham kapital besar ada zona merah bbca turun asi lemah bmri koreksi investor asing buku jual bersih besar rp miliar pasar reguler hitung seluruh pasar posisi asing catat net sell rp miliar sektor dagang banyak sektor akhir zona merah sektor transportasi logistik catat turun paling besar itu sektor energi jadi sektor kuat besar meski naik gera bursa amerika serikat akhir lemah dow jones turun s p koreksi nasdaq turun pasar offshore etf eido catat turun indeks msci indonesia lemah sebar abu vulkanik wilayah jabodetabek potensi tingkat butuh masyarakat produk masker kondisi sebut nilai beri sentimen positif emiten gerak sektor kait masuk meds omed btps umum rencana beli saham dana maksimal rp triliun dana sebut seluruh asal ekuitas persero rencana sebut jumlah saham beli maksimal capai modal tempat angka sebut rupa batas maksimal sesuai tentu laku dasar proforma lapor uang per juni aksi sebut kira buat total aset btps turun rp triliun jadi rp triliun total ekuitas proyeksi kurang rp triliun jadi rp triliun laba tahun jalan kira turun rp miliar jadi rp miliar akibat biaya laksana buyback laba per saham eps proyeksi tingkat rp jadi rp buyback laku jangka waktu maksimal bulan sejak oktober lebih oleh tuju rupslb jadwal oktober bull buku kerja kuat semester i laba bersih persero lonjak tahun jadi us juta banding us juta periode sama tahun belum tumbuh laba sebut topang naik dapat sekaligus baik margin dapat bull catat us juta naik us juta semester i laba kotor bahkan tingkat jadi us juta alhasil margin laba kotor persero naik jadi belum kontributor utama tumbuh asal bisnis angkut kapal dapat freight tingkat jadi us juta us juta sementara itu dapat segmen gas tumbuh jadi us juta belum us juta bull tengah kuat bisnis lng tambah armada dukung rencana ekspansi sebut persero sedang jajak opsi rights issue ratu rencana terbit saham baru lalu private placement maksimal juta saham jumlah sebut tara saham telah tempat setor penuh harga laksana tetap minimal rata rata harga tutup saham ratu lama hari bursa turut turut di pasar reguler asumsi harga laksana rp per saham ratu potensi oleh dana rp triliun aksi sebut dana hasil private placement guna butuh modal kerja kembang giat usaha persero grup guna cakup beli aset beli saham beri pinjam pegang saham lama aksi potensi sebab lus maksimal rencana private placement sebut tunggu tuju pegang saham independen lalu rupslb jadwal september oleh tuju laksana pmthmetd dapat laku paling lama tahun sejak tanggal rupslb tins buy tp sl impc buy tp sl soci buy tp sl mtel buy tp sl omed buy tp sl disclaimer ingat segala analisis rekomendasi saham artikel sifat informatif sekaligus bukan rupa aja beli atau jual saham tentu,finance
"WINR Perbesar Porsi Laxo Jadi 90%, ERAA Gelontorkan Rp500 M untuk Buyback Saham",https://finance.detik.com/bursa-dan-valas/d-8647809/winr-perbesar-porsi-laxo-jadi-90-eraa-gelontorkan-rp500-m-untuk-buyback-saham,"Jumat, 04 Sep 2026 09:04 WIB",tengah kabar korporasi sebut ihsg akhir dagang kamis zona hijau indeks naik level kuat ihsg lain dorong saham pt astra international tbk asi lesat saham pt bank central asia tbk bbca naik pt bank mandiri persero tbk bmri kuat balik jumlah saham justru tekan pt global digital niaga tbk beli turun pt sejahteraraya anugrahjaya tbk sraj lemah pt vktr teknologi mobilitas tbk vktr koreksi investor asing catat beli bersih rp triliun pasar reguler hitung seluruh pasar nilai beli bersih capai rp triliun alir dana asing sebut banyak masuk saham kapital besar bmri catat beli bersih rp miliar bbca rp miliar pt charoen pokphand indonesia tbk cpin rp miliar pt aneka tambang tbk antm rp miliar dasar sektor sembilan sektor akhir kuat transportasi logistik jadi sektor naik tinggi sementara sektor teknologi turun paling besar sentimen positif datang pasar saham amerika serikat dow jones naik s p tambah sedang nasdaq kuat dua indeks offshore jadi salah satu acu investor pasar indonesia etf eido msci indonesia masing masing kuat sisi pasar modal domestik kembang atur kena demutualisasi bei jadi perhati ojk target atur kait demutualisasi bei terbit september proses internal sebut selesai kini masuk tahap harmonisasi menteri hukum rancang atur sebut milik saham bei umum batas maksimal tiap pihak baik anggota bursa maupun non anggota bursa pegang saham strategis danantara bank indonesia menteri uang milik saham lebih lalu proses teliti tuju ojk rupslb bei belum jadwal september potensi alami ubah jadwal itu kait tunggu terbit atur sebut nanti mungkin pihak non anggota bursa ikut jadi pegang saham bei winr besar target milik usaha sedia layan internet pt laxo global akses jadi winr belum target milik laxo kini target sebut naik jadi lalu tambah setor modal winr baru kuasa saham laxo langkah sebut jadi bagi strategi winr hubung bisnis layan internet proyek properti kembang persero layan laxo nanti kemas bentuk bundling sama proyek properti winr masuk lalu konsep smart connectivity persero lihat bisnis sebut kuat sumber dapat ulang laxo jangkau kota basis langgan diri atas lebih usaha instansi perintah sekitar langgan ritel bisnis sebut laxo catat dapat rp miliar semester i tingkat milik kontribusi bisnis laxo harap makin besar kerja winr depan teknikal gera saham winr potensi arah level rp mampu tutup atas ema eraa siap dana hingga rp miliar beli saham persero kas internal posisi kas tara kas eraa semester i catat rp triliun rencana sebut jumlah saham dapat beli capai maksimal juta lembar sekitar modal setor jumlah sebut di bawah batas maksimal boleh dasar tentu laku aksi beli saham laku lama tiga bulan hitung mulai september desember dasar proforma lapor uang konsolidasi per desember telah aksi sebut total aset eraa kira jadi rp triliun belum rp triliun ekuitas proyeksi turun jadi rp triliun rp triliun meski laba bersih laba per saham eps kira tetap eps ada di level rp asi buy tp sl ammn buy tp sl jpfa buy tp sl antm buy tp sl ratu buy tp sl disclaimer ingat segala analisis rekomendasi saham artikel ini sifat informatif sekaligus bukan rupa aja beli jual saham tentu,finance
Mensos Ungkap Biang Kerok Desil Tak Sesuai Kondisi Warga RI,https://finance.detik.com/berita-ekonomi-bisnis/d-8648290/mensos-ungkap-biang-kerok-desil-tak-sesuai-kondisi-warga-ri,"Jumat, 04 Sep 2026 13:38 WIB",menteri sosial saifullah yusuf gus ipul bicara soal desil sesuai kondisi masyarakat sebut salah satu pengaruh masuk juta data baru bkkbn data tunggal sosial ekonomi nasional dtsen volume kini data telah koreksi lalu dtsen volume terbit badan pusat statistik bps turut perintah terus laku konsolidasi mutakhir dtsen tingkat akurasi data mutakhir laku lalu bagai sumber masuk baik data langsung sama perintah daerah baru masuk juta data baru bkkbn laku verifikasi validasi loncat loncat nah sekarang stabil rapi verifikasi validasi insyallah waktu minggu depan data akan makin akurat kata gus ipul terang resmi jumat gus ipul tegas ubah desil merta buat orang langsung coret daftar terima bantu sosial salur bantu tetap tunggu tetap terima periode salur merta orang sekarang desil ubah otomatis coret bansosnya masih tunggu tetap awal bulan salur misal sekarang kan lonjak lonjak data otomatis bansos hilang kan belum salur pbi bulan sekali jelas gus ipul tenaga ahli menteri sosial bidang rencana evaluasi bijak strategis andy kurniawan jelas kelompok desil dtsen bukan rupa ukur langsung tentu orang kaya miskin maupun besar hasil desil rupa peringkat relatif tingkat sejahtera duduk nasional urut tingkat sejahtera rendah hingga tinggi duduk kemudian bagi jadi kelompok sebut desil desil bukan sertifikat kaya miskin desil sama ekuivalen hasil desil hasil sekian desil hasil sekian bisa jelas andy sifat relatif posisi desil orang ubah meski kondisi ekonomi alami ubah ubah jadi kondisi keluarga peringkat ubah andy kata dtsen mutakhir tiap tiga bulan satu tahun dapat empat versi data ubah desil cukup signifikan volume jadi masuk juta data baru bkkbn turut isu ubah desil ramai bincang tepat masa daftar guru tinggi kait kartu indonesia pintar kip sekaligus ada baru dtsen volume juta data baru sumber mutakhir volume tiga sumber mutakhir volume tiga sebab naik turun desil asa sangat signifikan langsung evaluasi bps memang gejala masyarakat kasuistis langsung tindaklanjuti kata andy tegas desil bukan syarat utama untuk terima bantu sosial desil guna salah satu timbang dalam tentu prioritas masing masing program milik kriteria terima sendiri misal dalam satu ruang ada orang hak dapat bantu perintah punya uang untuk orang desil fungsi pilih orang ada desil lebih prioritas mereka desil desil lebih prioritas mereka di desil cara pilih prioritas jelas andy kriteria terima bantu sosial lekat masing masing program misal meski orang ada desil hingga jadi kelompok prioritas pkh orang sebut tetap tidak terima bantu apabila tidak penuh kriteria tetap status pns naik desil tidak otomatis arti orang jadi lebih sejahtera hilang hak atas bantu sosial tentu terima tetap timbang kriteria program serta sedia kuota olah kalau desil naik sama tambah kaya kalau tambah kaya sama bantu hilang sama sekali tidak benar kalau bantu hilang persepsi masyarakat adalah bantu cabut uang alih program lain itu tidak benar papar andy jumlah bantu sosial itu tetap bahkan tambah ada orang yang penuh syarat tidak dapat bansos kuota batas jelas lanjut masyarakat yang rasa data belum sesuai dalam dtsen dapat aju mutakhir lalu perintah desa lurah bantu operator siks ng ground check damping pkh bps maupun perintah daerah cara mandiri lalu aplikasi cek bansos mutakhir juga dapat laku lalu layan call center whatsapp serta kanal daringdtsen form bps go iddanperlinsos kemensos go id,finance
Simak Rekomendasi Saham saat IHSG Loyo,https://finance.detik.com/bursa-dan-valas/d-8653192/simak-rekomendasi-saham-saat-ihsg-loyo,"Selasa, 08 Sep 2026 08:32 WIB",indeks harga saham gabung ihsg tutup dagang senin zona merah ihsg turun level jumlah saham gerak naik jadi dorong dagang bumi catat naik impc aadi masing masing kuat balik smma alami turun saham bbca turun bbri lemah investor asing catat jual bersih besar rp miliar pasar reguler hitung seluruh pasar jual bersih asing capai rp miliar sektor dagang enam sektor akhir lemah sektor uang catat turun sektor industri naik aktivitas dagang saham amerika serikat langsung september libur labor day dagang wall street jadwal buka september itu indeks idxhealthcare kuat gera sebut lain lihat meds dkhh kaef halo soho irra pasar offshore indeks msci indonesia koreksi dmas catat prapenjualan besar rp triliun hingga semester i capai sebut capai target prapenjualan panjang tahun tetap besar rp triliun demikian dmas perlu buku rp miliar semester ii capai target sebut prapenjualan dmas paruh pertama tahun banyak topang segmen industri utama minta lahan data center total minta lahan industri catat hektare kurang lebih hektare asal sektor data center minta sebut dukung fasilitas kawasan giic deltamas milik pasok listrik premium hingga mva kawasan lengkap jaring fiber optic sistem redundansi sistem looping air bersih air daur ulang pusat komando data aman sisi sedia lahan dmas milik land bank hektare per juni rinciannya diri hektare lahan komersial hektare residensial hektare lahan industri jumlah minta lahan industri besar hektare sebut lebih besar banding sisa lahan industri hektare kondisi buat dmas timbang konversi bagi lahan komersial residensial penuh butuh lahan khusus sektor data center mpxl siap ekspansi bisnis angkut batu bara guna kapal tongkang rencana sebut target mulai realisasi langkah jadi bagi kembang bisnis mpxl juga tengah kembang dagang batu bara lalu pt tambang raya sejahtera kerja mpxl semester i tunjuk tumbuh dapat persero buku dapat rp miliar naik banding periode sama tahun belum besar rp miliar segmen jasa ekspedisi jadi sumbang dapat besar nilai rp miliar angka sebut tingkat tahun mpxl sebut realisasi bisnis hingga capai target tetap namun aktivitas dagang batu bara hadap tantang upa batas rkab jumlah tambang sumatera selatan kalimantan ekspansi angkut guna kapal tongkang jalan sesuai rencana mpxl kembang giat logistik dari sisi dagang hingga transportasi batu bara bisnis sebut juga target jadi sumber dapat baru mulai bmri bagi dividen tunai interim tahun buku besar rp per saham jumlah saham edar miliar lembar total dividen interim siap capai rp triliun bagi dividen sebut tara dividend payout ratio besar dari laba bersih bank mandiri semester i itu saham bmri dagang senin tutup level rp per saham dasar harga sebut dividen interim rp per saham hasil dividend yield sekitar cum date dividen pasar reguler negosiasi tetap september adapun bayar dividen jadwal oktober bfin buy tp sl mdia buy tp sl tins buy tp sl smdr buy tp sl btps buy tp sl disclaimer ingat segala analisis rekomendasi saham artikel ini sifat informatif sekaligus bukan rupa aja beli jual saham tentu,finance
PGN Kenalkan Langsung Bentuk Pemanfaatan Gas Bumi Lewat City Gas Tour 2026,https://finance.detik.com/energi/d-8651807/pgn-kenalkan-langsung-bentuk-pemanfaatan-gas-bumi-lewat-city-gas-tour-2026,"Senin, 07 Sep 2026 11:14 WIB",pt usaha gas negara persero tbk pgn selaku subholding gas pertamina gelar city gas tour langsung september giat sambang empat wilayah jawa timur jatim pasuruan sidoarjo surabaya bojonegoro adapun pesan utama acara manfaat gas bumi hanya jadi alternatif energi masyarakat beri manfaat efisiensi rasa langsung mulai sektor transportasi hingga giat usaha jalan sebut pgn hadir langsung bagai bentuk manfaat gas bumi lain food truck bahan bakar compressed natural gas cng kendara bahan bakar gas bbg bengkel keliling bbg komunitas guna kendara gas komunitas mobil gas komogas komunitas bajaj gas kobagas direktur infrastruktur teknologi pgn hery murahmanta kata city gas tour jadi bagi upaya pihak dekat informasi kena layan gas bumi sekaligus tunjuk langsung bagai manfaat hidup hari hari lalu city gas tour pgn tingkat paham masyarakat gas bumi manfaat dukung butuh rumah tangga usaha maupun transportasi layan gas bumi pgn sedia kota kabupaten indonesia jelas hery terang tulis senin terus kembang infrastruktur ekosistem gas bumi manfaat rasa masyarakat lebih luas sambung hery salah satu manfaat rasa langsung guna gas bumi adalah efisiensi biaya baik masyarakat guna bahan bakar kendara maupun dukung giat usaha manfaat sebut salah satu rasa muslihudin kemudi bajaj guna bbg sejak aktivitas kendara sejak pagi hingga malam hari guna bbg bantu tekan biaya bahan bakar tunjang aktivitas hari hari efisiensi rupa rasa guna mobil bbg profesi kemudi taksi online bandara jarak tempuh relatif tinggi hari guna bbg kendara beri hemat biaya bahan bakar hingga rp juta per bulan manfaat gas bumi city gas tour tunjuk lalu food truck bahan bakar cng kendara guna gas bumi hanya bahan bakar kendara sekaligus penuh butuh energi giat masak direktur operasi pgn solution agoeng pratomo noegroho kata guna cng food truck mampu beri efisiensi bahan bakar kendara butuh bahan bakar kompor efisiensi capai guna cng bahan bakar food truck beri efisiensi sementara butuh bahan bakar kompor food truck hemat hingga jelas agoeng pgn solution terus kembang fungsi food truck manfaat makin luas untuk giat usaha edukasi kendara sebut kini dapat fungsi kendara emergency untuk dukung butuh wilayah wilayah pencil kembang manfaat bbg dukung lalu kuat ekosistem layan guna kendara gas direktur utama dirut pt gagas energi indonesia santaji gunawan kata salah satu wujud lalu sedia bengkel keliling bbg kolaborasi komogas bengkel keliling bbg rupa salah satu bentuk layan guna kendara bbg khusus butuh bantu kait kendala mekanik layan juga lengkap alat lengkap dapat dukung butuh uji emisi kendara bbg ujar santaji bengkel keliling bbg telah jangkau jumlah wilayah lain palembang surabaya rangkai city gas tour kali ini gagas sama csr pgn juga beri bantu konversi bbg gratis taksi online bagi upaya kuat ekosistem sekaligus luas manfaat gas bumi sektor transportasi tiap kota tuju city gas tour juga baur langsung masyarakat lalu bagai giat food truck corner ribu kupon makan minum fun walk fun run lomba masak lomba warna gambar periksa sehat gratis reels challenge door prize lalu giat sebut masyarakat sekaligus dapat edukasi kena guna gas bumi aman mudah efisien lalu city gas tour pgn harap masyarakat hanya oleh informasi kena gas bumi juga dapat lihat langsung bentuk manfaat manfaat pgn akan terus kembang infrastruktur ekosistem gas bumi manfaat makin luas untuk dukung butuh masyarakat giat usaha sektor transportasi,finance
Harga Masker di Pasar Pramuka Sudah Naik 2 Kali Lipat,https://finance.detik.com/berita-ekonomi-bisnis/d-8653651/harga-masker-di-pasar-pramuka-sudah-naik-2-kali-lipat,"Selasa, 08 Sep 2026 13:15 WIB",sebar abu vulkanik erupsi gunung anak krakatau hingga wilayah jakarta jadi berkah sendiri para dagang pasar pramuka stok masker belum lama simpan kini ludes buru beli datang sentra produk medis jakarta timur masalah tip stok masker tengah lonjak minta dadak buat harga produk pasar alami tingkat alhasil dagang paksa sesuai harga jual ecer ikut naik harga modal distributor stok masker dagang mulai habis semua naik semua masker medis naik naik lumayan beda rp satu kotak biasa distributor jual rp sekarang atas rp naik modal doang harga jual kata salah orang dagang pasar pramuka yana selasa kalau harga jual naik cuma rp rp paling tinggi rp harga awal jadi kurang untung per kotak mesan biasa terang turut yana naik harga produk masuk masker memang lumrah jadi minta dadak naik sekarang sedia stok jadi habis dadak dasar alam covid alih alih ikut naik harga pasar sedikit kurang untung produk cepat habis lebih baik laku tahu lonjak minta akan jadi kapan pula lonjak minta harga masker lama hari tak pandemi covid pertama kali jadi perlu stok masker terlalu banyak langsung habis seperti covid lah naik cuma rp rp paling tinggi rp gitu mesan biasa minta banyak kayak covid mau stok banyak banyak gilir erupsi habis masker tetap jual cuma harga mungkin mahal sekarang kata yana itu salah orang dagang pasar pramuka selly kata kondisi ramai beli jadi sejak minggu kemarin saat kabar erupsi gunung anak krakatau sebar puncak ramai baru jadi senin turut mayoritas unjung datang cari masker bahkan datang langsung area pasar aku jumlah langgan hubung langsung via aplikasi bagi whatsapp kait harga sedia stok masker toko selly kata kondisi sangat beda suasana pasar hari hari mana unjung datang biasa langgan toko kini pasar pramuka mulai padat unjung hari kalau minta masker banyak saja sih nanya lalu whatsapp atau orang datang langsung banyak sini kemarin lah lebih banyak cari jadi putar sini kalau cuma langgan biasa sini kalau orang ke pasar mah jarang sekarang ujar selly hal aku jual masker toko tingkat sangat drastis awal tak sampai box per hari hari senin kemarin satu unjung borong box sekali beli kalau hari biasa kan banyak biasa hari nggak sampai box laku kemarin tuh mulai tingkat gitu ada minta sampai box satu orang doang kayak gitu beda tutur kondisi langsung buat stok masker di toko ludes hari itu ia segera laku mesan ulang ambil barang distributor hal selly kata produk kini ada di etalase toko produk baru ia ambil distributor hari namun stok milik sekarang sangat batas hanya dari produk ia pesan belum untuk produk masker lain ia sebut distributor langgan mulai habis stok namun ia tahu kondisi akan buat harga masker jual akan ikut alami naik tidak sebab ia baru aju pesan baru kemarin benar pesan belum tuh kalau mau tambah kata distributor sih sedia pada kosong nah mungkin sudah pada banyak yang pesan baru jadi pesan kan baru hari senin sudah tinggal juga kayak ujar simak juga video pesan dokter paru masker tidak boleh basah,finance
Terbongkar Masalah di Balik Keracunan MBG di Sidoarjo,https://finance.detik.com/berita-ekonomi-bisnis/d-8649271/terbongkar-masalah-di-balik-keracunan-mbg-di-sidoarjo,"Sabtu, 05 Sep 2026 11:00 WIB",menteri koordinator bidang pangan zulkifli hasan zulhas minta pihak tanggung jawab atas operasional satu layan penuh gizi sppg kalitengah sidoarjo beri tindak tegas ini susul duga insiden aman pangan sebab lebih santri terima manfaat alami ganggu sehat zulhas kata paket makan konsumsi pukul justru paket mbg tiba baru pukul toleransi tugas tanggung jawab kan makan masak jam tengah enam jam enam harus makan jam puluh jam sebelas kirim jam sebelas ujar zulhas temu jicc jakarta pusat jumat singgung kena bentuk sanksi akan beri zulhas nyata tindak pecat hingga proses hukum nanti pihak pihak bukti sengaja laku langgar tegas pecat kalau sengaja tindak kata zulhas minta badan gizi nasional bgn ambil tindak tegas pihak tanggung jawab atas operasional satu layan penuh gizi sppg kalitengah sidoarjo susul duga insiden aman pangan sebab lebih santri terima manfaat alami ganggu sehat zulhas tegas ada toleransi selamat terima manfaat program makan gizi gratis mbg duga lalai periksa seluruh apabila bukti jadi langgar ikut tindak tegas zulhas langsung hubung kepala bgn minta jelas kena insiden sebut sekaligus pasti tangan para korban jadi prioritas dasar lapor periksa terima zulhas kepala bgn dapat indikasi ketidakpatuhan standar disiplin selenggara saji mbg sppg sebut periksa lebih lanjut laku pasti sebab jadi pihak tanggung jawab minta periksa tuntas kalau bukti kepala sppg tanggung jawab tindak tegas ada toleransi beri makan anak anak tanggung jawab sangat besar sangkut sehat selamat masa depan manusia ucap zulhas terang minta tindak henti sanksi administratif apabila periksa temu unsur langgar hukum kalau memang temu langgar hukum jangan ragu proses sesuai tentu masuk terus kepada aparat tegak hukum ada efek jera seluruh kepala sppg kelola dapur mbg paham tanggung jawab bukan sekadar siap bagi makan pasti makan terima anak anak aman layak konsumsi tambah perintah pasti insiden sidoarjo jadi bahan evaluasi serius makin ketat awas disiplin operasional sppg seluruh indonesia langkah sebut rupa lanjut benah tata kelola mbg laku nasional evaluasi belum sppg operasi perintah temu sppg kabupaten kota milik sertifikat laik higiene sanitasi slhs diri atas sppg belum aju sppg tidak penuh syarat perintah telah putus tindak sppg tidak penuh syarat sebut tertib laku sumber daya manusia banyak kepala sppg telah henti bagai langgar masuk kait insiden aman pangan ketidakhadiran lebih hari kerja kasus phishing langgar disiplin lain kepala sppg wajib jalan disiplin operasional ketat masuk hadir sejak proses produksi mulai pukul dini hari hingga seluruh distribusi makan selesai pukul pagi hadir kepala sppg perlu pasti seluruh tahap produksi olah saji hingga distribusi makan laksana sesuai standar program mbg terus baik tidak kejar berapa banyak dapur operasi berapa banyak terima manfaat yang utama makan aman gizi proses penuh standar kalau standar tidak penuh tindak kata zulhas zulhas tegas tiap insiden aman pangan harus jadi alarm seluruh sppg indonesia tingkat disiplin bukan penuh syarat administratif utama dalam jalan standar higiene sanitasi olah simpan saji distribusi makan satu jadi harus anggap serius kalau ratus anak dampak mbg adalah program baik gizi masa depan anak anak indonesia itu selamat tidak boleh kompromi tegas saksi juga blak blakan diplomasi budaya ala fadli zon,finance
Zulhas Minta Pegawai SPPG Dipecat Buntut Keracunan MBG di Sidoarjo,https://finance.detik.com/berita-ekonomi-bisnis/d-8648439/zulhas-minta-pegawai-sppg-dipecat-buntut-keracunan-mbg-di-sidoarjo,"Jumat, 04 Sep 2026 14:47 WIB",menteri koordinator bidang pangan zulkifli hasan zulhas beri respons soal insiden aman pangan program makan gizi gratis mbg sidoarjo sebab lebih santri terima manfaat alami ganggu sehat zulhas minta beri tindak tegas upa pecat tugas tanggung jawab zulhas kata paket makan konsumsi pukul justru paket mbg tiba baru pukul toleransi tugas tanggung jawab kan makan masak jam tengah enam jam enam harus makan jam puluh jam sebelas kirim jam sebelas ujar zulhas temu jcc jakarta pusat jumat singgung kena bentuk sanksi akan beri zulhas nyata tindak pecat hingga proses hukum nanti pihak pihak bukti sengaja laku langgar tegas pecat kalau sengaja tindak tambah zulhas belum minta badan gizi nasional bgn ambil tindak tegas pihak tanggung jawab atas operasional satu layan penuh gizi sppg kalitengah sidoarjo susul duga insiden aman pangan sebab lebih santri terima manfaat alami ganggu sehat zulhas tegas ada toleransi selamat terima manfaat program makan gizi gratis mbg duga lalai periksa seluruh apabila bukti jadi langgar ikut tindak tegas zulhas langsung hubung kepala bgn minta jelas kena insiden sebut sekaligus pasti tangan para korban jadi prioritas dasar lapor periksa terima zulhas kepala bgn dapat indikasi ketidakpatuhan standar disiplin selenggara saji mbg sppg sebut periksa lebih lanjut laku pasti sebab jadi pihak tanggung jawab minta periksa tuntas kalau bukti kepala sppg tanggung jawab tindak tegas ada toleransi beri makan anak anak tanggung jawab sangat besar sangkut sehat selamat masa depan manusia ucap zulhas terang minta tindak tidak henti sanksi administratif apabila periksa temu unsur langgar hukum kalau memang temu langgar hukum jangan ragu proses sesuai tentu masuk terus kepada aparat tegak hukum ada efek jera seluruh kepala sppg kelola dapur mbg paham tanggung jawab bukan sekadar siap bagi makan pasti makan terima anak anak aman layak konsumsi tambah perintah pasti insiden sidoarjo jadi bahan evaluasi serius makin ketat awas disiplin operasional sppg seluruh indonesia langkah sebut rupa lanjut benah tata kelola mbg laku nasional evaluasi belum sppg operasi perintah temu sppg kabupaten kota milik sertifikat laik higiene sanitasi slhs diri atas sppg belum aju sppg tidak penuh syarat perintah telah putus tindak sppg tidak penuh syarat sebut tertib laku sumber daya manusia banyak kepala sppg telah henti bagai langgar masuk kait insiden aman pangan ketidakhadiran lebih hari kerja kasus phishing langgar disiplin lain kepala sppg juga wajib jalan disiplin operasional ketat masuk hadir sejak proses produksi mulai pukul dini hari hingga seluruh distribusi makan selesai pukul pagi hadir kepala sppg perlu pasti seluruh tahap produksi olah saji hingga distribusi makan laksana sesuai standar program mbg terus baik tidak kejar berapa banyak dapur operasi berapa banyak terima manfaat yang utama makan aman gizi proses penuh standar kalau standar tidak penuh tindak kata zulhas zulhas tegas tiap insiden aman pangan harus jadi alarm seluruh sppg indonesia tingkat disiplin bukan penuh syarat administratif utama dalam jalan standar higiene sanitasi olah simpan saji distribusi makan satu jadi harus anggap serius kalau ratus anak dampak mbg adalah program baik gizi masa depan anak anak indonesia itu selamat tidak boleh kompromi tegas,finance
PGN Dorong Penggunaan BBG untuk Kendaraan Taksi Online,https://finance.detik.com/energi/d-8647995/pgn-dorong-penggunaan-bbg-untuk-kendaraan-taksi-online,"Jumat, 04 Sep 2026 09:38 WIB",pt usaha gas negara tbk pgn subholding gas pertamina dorong guna bahan bakar gas bbg kendara taksi online salah satu laku lalu program bantu konversi bbg kendara tahun program sebut sasar kemudi taksi online ubah kendara bahan bakar konvensional jadi bbg pasang kit bbg gratis program dukung pgn gagas komunitas mobil gas komogas jadi bagi rangkai city gas tour gelar jumat september pgn target kendara ikut program konversi lama periode agustus september guna bbg tuju alternatif bahan bakar sekaligus tekan biaya operasional kendara corporate secretary pgn fajriyah usman kata program sebut rupa bagi upaya luas guna gas bumi sektor transportasi pgn terus dorong manfaat gas bumi bagai sektor masuk transportasi lalu program konversi bbg buka akses lebih luas masyarakat kenal manfaat gas bumi alternatif energi efisien lebih ramah lingkung ujar corporate secretary pgn fajriyah usman fajriyah harap program sebut beri manfaat terima bantu dorong guna bbg lebih luas depan harap makin banyak masyarakat rasa manfaat gas bumi energi alternatif sinergi sama bagai pihak masuk komunitas penting bangun ekosistem kuat dorong manfaat bbg lebih luas kata fajriyah sisi biaya guna bbg proyeksi beri hemat terima bantu asumsi kendara konsumsi rata rata liter tara bensin lsp bbg per hari bulan total manfaat bbg kira capai lsp per bulan lsp tahun harga bbg nonsubsidi rp per liter butuh bahan bakar sebut kira butuh biaya rp juta per tahun guna bbm subsidi asumsi harga rp per liter biaya bahan bakar volume sama capai rp miliar per tahun arti guna bbg potensi hemat biaya bahan bakar rp juta per tahun terima manfaat biaya guna bbg proyeksi turun emisi karbon dioksida co guna energi tara bbg sebut hasil emisi co lebih rendah banding bensin subsidi dasar proyeksi guna bbg lsp per tahun terima manfaat program sebut kira kurang emisi hingga ton co eq per tahun pt gagas energi indonesia gagas turut dukung program lalu dukung teknis proses konversi layan guna kendara bbg direktur utama gagas santiaji gunawan kata kembang kendara bbg hanya kait proses konversi kesiap layan aspek selamat program konversi beri sempat masyarakat rasa manfaat bbg baik sisi efisiensi maupun guna energi lebih bersih agar manfaat dapat lanjut juga perlu pasti ada dukung teknis standar selamat layan pada guna ungkap santiaji turut guna gas bumi sektor transportasi milik ruang kembang pgn gagas juga kolaborasi bagai pihak kembang layan kendara bbg hanya dukung proses konversi kami juga pasti para guna dapat layan purnajual pada sedia awat servis jadi bagi penting beri rasa aman nyaman sekaligus bangun percaya masyarakat bbg alternatif energi sektor transportasi jelas tanggung jawab administrasi lapang komunitas mobil gas komogas riko kata program konversi sebut bantu kemudi taksi online milik intensitas guna kendara cukup tinggi bantu konversi kit bbg gratis sangat arti para kemudi online biaya pasang konverter mandiri cukup besar program buka sempat alih guna bbg lebih mudah ujar riko kata efisiensi biaya bahan bakar jadi salah satu manfaat rasa guna bbg untung paling rasa dari sisi ekonomi dapat selisih biaya cukup besar guna bbm bbg itu bakar bbg lebih bersih dapat beri manfaat guna awat mesin pungkas riko,finance
"Laba Pegadaian Naik 84,6% Jadi Rp 6,59 Triliun di Semester I 2026",https://finance.detik.com/berita-ekonomi-bisnis/d-8651686/laba-pegadaian-naik-84-6-jadi-rp-6-59-triliun-di-semester-i-2026,"Senin, 07 Sep 2026 10:06 WIB",pt gadai persero catat kerja positif hingga akhir semester i hingga juni usaha hasil buku laba bersih besar rp triliun tumbuh banding periode sama tahun belum besar rp triliun tumbuh sebut jalan ekspansi bisnis gadai utama kembang ekosistem emas strategi bisnis sesuai butuh masyarakat kerja positif lihat total aset gadai capai rp triliun per juni angka sebut tingkat banding periode sama tahun lalu catat besar rp triliun tumbuh aset turut topang tingkat outstanding loan osl gross capai rp triliun nilai sebut tumbuh tahun banding osl gross besar rp triliun semester i kualitas biaya tetap jaga tengah ekspansi bisnis tumbuh biaya gadai mampu jaga kualitas aset sebut cermin turun rasio non performing loan npl jadi per juni belum periode sama tahun direktur utama dirut pt gadai persero damar latri setiawan kata tumbuh sebut jadi bagi upaya usaha terus kuat kontribusi ekonomi nasional tengah bagai tantang ekonomi geopolitik alhamdulillah gadai terus buku tumbuh kerja tengah tantang ekonomi geopolitik terima kasih nasabah seluruh masyarakat indonesia atas percaya produk layan gadai ujar damar terang tulis senin semangat layan sepenuh hati gadai terus tingkat peran kontribusi bangun ekonomi emas indonesia sambung damar gadai terus laku transformasi hadir produk layan relevan butuh masyarakat capai rupa buah dedikasi kerja keras seluruh insan gadai komitmen hadir produk layan relevan masyarakat hadir layan bank emas aplikasi tring harap mampu mudah masyarakat investasi sama gadai kata damar kuat ekosistem emas salah satu fokus kembang bisnis gadai kuat ekosistem emas lalu layan bank emas bullion services gadai tawar jumlah layan ekosistem sebut mulai deposito emas pinjam modal kerja emas jasa titip emas korporasi hingga dagang emas kembang bisnis turut dukung infrastruktur milik gadai banyak agun gadai gadai sebut upa emas itu usaha juga milik jaring ruang simpan emas vault standar aman internasional damar nilai kondisi sebut jadi salah satu modal gadai kembang layan bank emas sekaligus luas akses masyarakat produk bas emas emas bukti jadi aset aman safe haven paling mati masyarakat hadir layan bank emas juga integrasi tring optimis beri kontribusi signifikan roda ekonomi nasional kata damar sama danantara daya anagata nusantara optimis wujud misi jangka panjang emas indonesia kata damar prabowo sebut danantara kuat daulat ekonomi presiden ri prabowo subianto tegas bentuk badan kelola investasi bpi danantara rupa salah satu capai penting perintah kelola kaya aset negara lebih tertib ukur orientasi masa depan presiden kelola rapi aset negara jadi cadang kuat ekonomi generasi datang danantara suatu dana daulat mana tabung tabung kaya aset aset negara satu konsolidasi manage rapi jadi cadang jadi energi masa depan indonesia kata prabowo kutip laman resmi presiden ri anak cucu cicit sambung prabowo sampai danantara milik nilai aset lebih us miliar prabowo sebut lalu danantara kaya negara belum kerap sebar sulit pantau kini konsolidasi lebih baik alhamdulillah untuk pertama kali sejarah punya dana daulat danantara ini nilai aset nila lebih ribu miliar dolar yang lama ini sering bisa pantau kata prabowo sering tidak erti kaya di mana pungkas,finance
"Transisi Bisnis, TBS Energi (TOBA) Jadi Saham Hijau Pertama BEI",https://finance.detik.com/bursa-dan-valas/d-8653180/transisi-bisnis-tbs-energi-toba-jadi-saham-hijau-pertama-bei,"Selasa, 08 Sep 2026 08:19 WIB",pt tbs energi utama tbk toba jadi usaha pertama indonesia oleh tetap saham hijau transisi green equity transition bursa efek indonesia bei kategori beri usaha catat bisnis ukur gerak tuju ekonomi rendah karbon nilai dapat alokasi investasi usaha giat hijau telah komitmen tetap laku efektif sejak agustus luncur perdana idx green equity designation libat tiga usaha catat tbs jadi satu satu usaha tetap kategori transisi tetap bukan garis akhir satu tonggak transformasi jalan apresiasi inisiatif bei hadir tetap beri investor gambar ukur telah direviu independen kena jauh mana bisnis sudah transisi tetap tetap standar jaga tahun harap tetap temu investor memang cari usaha kami kata direktur utama chief executive officer tbs dicky yordan terang tulis selasa kerangka tetap tumpu lima pilar adaptasi green equity principles milik world federation of exchanges wfe kontribusi finansial selaras taksonomi tata kelola nilai kala buka informasi publik usaha harus tunjuk lebih paruh dapat tahun lebih paruh belanja operasional belanja modal ada giat hijau transisi bagaimana definisi tkbi tetap evaluasi tahun sedia reviu eksternal aku bei ubah cabut tetap nilai dasar lapor uang tahun tbs telah audit tahun buku fy bisnis infrastruktur lanjut non batu bara sumbang dapat konsolidasi baur dapat ini tempat tbs kategori transisi idx green equity designation rupa milestone penting bangun pasar modal indonesia makin transparan kredibel orientasi lanjut kami apresiasi partisipasi usaha usaha oleh tetap perdana masuk tbs komitmen jalan proses reviu independen sejak awal kami harap tetap dorong makin banyak usaha catat kuat praktik lanjut beri informasi lebih kredibel investor kata direktur kembang usaha bei iding pardi tbs direviu s p global ratings nilai komitmen belanja modal persero periode hingga giat hijau alokasi batu bara jauh atas ambang batas syarat bei climate transition assessment s p global ratings nyata tbs tonjol antara usaha jenis indonesia ambisi posisi dengan sebut target waktu cepat capai netralitas karbon alih modal giat non batu bara meski bisnis infrastruktur lanjut sumbang kurang paruh dapat konsolidasi fy porsi lonjak semester i jadi dapat konsolidasi tbs lebih dua kali lipat kontribusi batu bara besar balik baur tahun belum dominasi batu bara kelola limbah sumbang dapat ebitda konsolidasi dapat ekosistem kendara listrik hampir tiga kali lipat tahun laba kotor konsolidasi lebih dua kali lipat jadi us juta arus kas operasi balik positif jadi us juta negatif us juta periode sama tahun belum tetap saham bas hijau masih rupa praktik terus kembang tingkat global nasdaq kenal tetap pertama jenis pasar nordik wfe terbit green equity principles kerangka global pertama untuk tetap saham catat bagai saham hijau sejak adopsi jumlah bursa b brasil kemudian bursa efek filipina kini bei ini kurang usaha catat di dunia yang milik tetap sebut konsentrasi sektor teknologi bersih utilitas dan properti tempat tbs dalam kelompok kecil global bei tegas idx green equity designation bukan rupa peringkat rekomendasi investasi maupun jamin atas kerja uang tingkat kembali risiko investasi suatu saham,finance
Punya Banyak Rencana? Cek Penawaran BRI Multiguna Pre-Approved,https://finance.detik.com/moneter/d-8655433/punya-banyak-rencana-cek-penawaran-bri-multiguna-pre-approved,"Rabu, 09 Sep 2026 15:01 WIB",butuh dana tambah muncul orang sedang siap bagai rencana mulai biaya didik anak renovasi rumah butuh sehat hingga siap nikah butuh keluarga lain kondisi sebut biaya multiguna jadi salah satu pilih bantu penuh butuh dana nasabah pilih pt bank rakyat indonesia persero tbk bri milik fasilitas bri multiguna pre approved tawar proses aju lebih mudah cepat banding aju biaya reguler apa bri multiguna pre approved bri multiguna pre approved rupa fasilitas biaya bri tuju khusus nasabah pilih kriteria tentu tetap bri status pre approved buat proses aju biaya laku lebih sederhana banding aju reguler nasabah dapat tawar akses pinjam multiguna bagai butuh sesuai tentu produk apa unggul bri multiguna pre approved fasilitas beri mudah nasabah telah dapat tawar proses aju lebih cepat sederhana banding aju biaya reguler beberapa unggul bri multiguna pre approved proses sebut nasabah telah oleh tawar akses biaya lebih praktis butuh dana rencana telah siap guna bagai butuh sesuai nama pinjam multiguna guna bagai butuh nasabah sesuai manfaat dana prioritas masing masing biaya guna dana didik masuk biaya didik anak anggota keluarga dana manfaat renovasi rumah baik tambah bagi rumah lebih nyaman itu butuh sehat baik biaya obat maupun awat jadi timbang biaya guna siap nikah butuh acara keluarga maupun butuh keluarga lain sudah rencana sifat desak nasabah ingin kembang usaha fasilitas juga manfaat modal usaha lama guna sesuai tentu produk laku fleksibilitas sebut bri multiguna jadi salah satu alternatif biaya nasabah milik beberapa butuh sekaligus siapa bisa dapat tawar perlu tahu bri multiguna pre approved otomatis sedia seluruh nasabah bri tawar beri khusus nasabah pilih telah penuh kriteria tentu tetap bri salah satu kelompok nasabah sempat oleh tawar nasabah payroll bayar gaji salur lalu bri sedia tawar tetap gantung hasil seleksi kriteria laku bri lalu bagaimana cara tahu masuk nasabah dapat tawar nasabah pilih dapat informasi tawar bri multiguna pre approved lalu kanal resmi bri antara lain apabila terima salah satu notifikasi sebut nasabah dapat lihat detail tawar lanjut proses aju sesuai tahap sedia tawar beri khusus nasabah saran pasti informasi terima asal kanal resmi bri beri pin password kode otp maupun data rahasia perban pihak lain cara aju bri multiguna pre approved nasabah sudah oleh tawar dapat aju bri multiguna pre approved lalu aplikasi brimo proses aju laku ikut tahap sedia brimo syarat tentu laku ada tawar pre approved proses sebut jadi lebih praktis banding aju biaya reguler dana oleh kemudian dapat rencana sesuai butuh mulai biaya didik renovasi rumah butuh sehat siap nikah hingga butuh keluarga lain saat cek tawar bri multiguna pre approved bagai rencana uang butuh siap masuk siap dana butuh sebut muncul pilih biaya mudah akses dapat bantu nasabah atur rencana lebih arah nasabah bri telah dapat tawar bri multiguna pre approved dapat jadi salah satu pilih penuh butuh produktif maupun konsumtif sesuai tentu laku payroll anda telah salur lalu bri tidak ada salah ecek sudah oleh tawar bri multiguna pre approved tahu informasi lebih lanjut sekaligus ecek tawar milik kunjung lamanberikut,finance
OJK Dorong Masyarakat Siapkan Dana Pensiun Sejak Dini,https://finance.detik.com/berita-ekonomi-bisnis/d-8651280/ojk-dorong-masyarakat-siapkan-dana-pensiun-sejak-dini,"Minggu, 06 Sep 2026 20:25 WIB",otoritas jasa uang ojk gandeng pt taspen persero gelar kick off bulan dana pensiun giat selenggara cfd sudirman jadi momentum tingkat literasi paham masyarakat kena penting siap dana pensiun sejak dini meski tingkat literasi uang masyarakat nasional terus tingkat paham masyarakat dana pensiun golong rendah dasar survei ojk tingkat literasi dana pensiun baru capai ojk bikin satu survei literasi inklusi masing masing sektor kalau nasional literasi uang nasional arti kalau orang tanya ngerti lah ujar ketua dewan komisioner otoritas jasa uang ojk friderica widyasari dewi khusus dana pensiun angka kecil literasi sambung tak tingkat literasi friderica kata inklusi dana pensiun masyarakat relatif rendah tunjuk masih perlu upaya luas paham sekaligus dorong lebih banyak masyarakat jadi serta dana pensiun kemudian inklusinya masih kecil tambah sisi industri dana pensiun catat dana kelola cukup besar capai rp triliun friderica tantang hadap depan bukan tingkat dana kelola luas serta masyarakat nah kemudian kalau industri dana pensiun saat dana kelola dana pensiun sangat baik rp triliun tetapi tentu pr nya nggak cuma besar dana kelola dana pensiun tingkat serta ujar turut tingkat serta dana pensiun jadi kerja rumah sama butuh kolaborasi regulator perintah asosiasi hingga usaha gerak industri dana pensiun upaya sebut juga perlu bareng tingkat paham masyarakat kena penting siap dana pensiun din mungkin bahkan sejak orang mulai pasuk dunia kerja pr semua ojk regulator perintah kemudian asosiasi dana pensiun kemudian usaha usaha gerak bidang dana pensiun beri paham masyarakat dana pensiun harus siap bahkan sejak pertama orang mulai kerja sejak pertama orang kerja harus sudah pikir dana pensiun ujar nada sampai menteri pendayagunaan aparatur negara reformasi birokrasi republik indonesia rini widyantini turut siap masa pensiun baik laku sejak orang mulai kerja bukan pasuk masa purnabakti jadi masa siap baik siap akan henti kerja sejak mulai kerja kata pun dorong masyarakat khusus generasi muda mulai siap masa pensiun baik sejak dini karena tentu kesiap perlu siap belum pensiun hari ojk mandiri taspen bagai ajak bapak ibu utama muda muda siap pensiun baik ujar itu menteri ketenagakerjaan republik indonesia prof yassierli kata upaya tingkat lindung kerja jadi tantang perintah ingat bagi besar angkat kerja indonesia kerja sektor informal milik angkat kerja juta bagi ada pns asn kait jamin sosial sudah apa sudah punya jangan lupa angkat kerja ada kerja sektor informal papar turut lindung sebut perlu siap iring masyarakat jalan masa produktif hingga pasuk usia tua tantang perintah bagaimana semangat dengar hari ini masa muda produktif kemudian masa muda karya kemudian saat tua bahagia dapat lindung jadi dari menteri ketenagakerjaan sekali ini jalan upaya terus tingkat lindung para angkat kerja kita papar harap laksana kick off bulan dana pensiun jadi bagi dari upaya sama untuk pasti masyarakat tetap dapat lindung pasuk masa purnabakti moga ini program sama bagaimana kita perhati pasca mereka kerja kick off bulan dana pensiun ini bisa kita wujud kolaborasi sama pungkas,finance
Otorita IKN Buka Suara soal Karhutla: Jarak Terdekat dengan KIPP 30 Km,https://finance.detik.com/infrastruktur/d-8654887/otorita-ikn-buka-suara-soal-karhutla-jarak-terdekat-dengan-kipp-30-km,"Rabu, 09 Sep 2026 10:02 WIB",presiden prabowo subianto minta semua pihak beri perhati khusus bakar hutan lahan karhutla ibu kota nusantara ikn kalimantan timur otorita ikn buka suara soal seru prabowo otorita pasti tangan karhutla km jadi jumlah titik delineasi ikn terus laku staf khusus kepala otorita ikn bidang manajemen bijak strategi konstruksi dan h sumadilaga pasti titik api ada cukup jauh kawasan inti pusat perintah kipp titik bakar dekat jarak kilometer kipp tangan terus kuat lalu madam darat udara jarak titik paling dekat kawasan inti pusat perintah ikn kilometer memang masuk delineasi ikn jarak cukup jauh kawasan inti ujar dan terang rabu dan tangan terus laku langkah cegah titik titik bakar kembang luas wilayah jadi apa kita laku betul betul rupa tindak preventif jangan bakar sebut kembang jadi lebih jauh ujar dan dan jelas angka hektare ha sebut area dampak arti seluruh luas sebut bakar area sebut dapat jumlah titik alami bakar hektare adalah area dampak area sebut titik titik bakar jadi seluruh bakar bakar benar kurang rupa titik titik api jelas dan dasar hasil tangan lama beberapa hari akhir titik titik api jumlah lokasi sebut jauh kurang lokasi jadi perhati utama saat ini ada bukit tengkorak wilayah wonotirto selasa pagi tim temu titik api tol balikpapan samarinda km titik sebut segera tangan tim gabung diri atas otorita ikn tni polri jasa marga tangan udara laku lalu water bombing tni au upaya tangan karhutla ikn laku padu lalu madam darat udara sisi darat otorita ikn kerja sama tni polri babinsa masyarakat jumlah pihak lain tangan titik titik dapat jangkau lalu jalur darat water bombingdigunakan jangkau area sulit akses tim darat upaya sebut laku dukung bnpb tni bmkg lain kawasan bukit tengkorak jumlah titik bukit merdeka utama area area capai lalu jalur darat misal daerah bukit tengkorak ada beberapa area hanya capai water bombing kemudian beberapa titik bukit merdeka kita laku water bombing ujar dan meski titik api jauh kurang otorita ikn tetap tingkat waspada lanjut patroli pantau lapang tim darat sama tni polri pasti muncul titik api baru segera laku tangan apabila kembali temu pantau udara tetap siaga pantau kembang kondisi lapang pasti bakar luas langkah sebut rupa bagi upaya oikn menindaklanjuti arah presiden tangan karhutla laku cepat tangan lapang otorita ikn terus kuat upaya cegah lalu edukasi masyarakat kena buka lahan bakar upaya sebut telah tuang atur kepala otorita ikn kena buka lahan bakar belum presiden prabowo subianto minta semua pihak beri perhati lebih bakar hutan lahan karhutla jadi dekat ibu kota nusantara ikn kalimantan timur beri instruksi bakar tidak kawasan inti pusat perintah kipp ikn orang nomor satu indonesia arah kerah aset aset segera laku perhati bakar dekat ikn itu harus perhati harus kerah aset aset lebih jangan sampai bakar itu sampai zona inti beber prabowo dalam ratas kembang tangan bencana cara virtual senin simak video puan soal lahan bekas karhutla jadi kebun sawit segera tindak,finance
BPS Ungkap DTSEN Bukan Daftar Penerima Bantuan Sosial,https://finance.detik.com/berita-ekonomi-bisnis/d-8654726/bps-ungkap-dtsen-bukan-daftar-penerima-bantuan-sosial,"Rabu, 09 Sep 2026 07:45 WIB",data tunggal sosial ekonomi nasional dtsen jadi terobos konsolidasi ambil bijak bas data indonesia dtsen adalahsocial registrypertama indonesia jadi basis data utama salur bagai program perintah kepala badan pusat statistik bps amalia adininggar widyasanti nyata dtsen perlu paham sebagaisocialregistry bukanbeneficiary registryatau daftar terima bantu arti ada orang dtsen otomatis jadi terima bantu program perintah tentu daftar bantu ataupunbeneficiary registryatau daftar bantu terima program tentu masing masing menteri kait sesuai bijak masing masing ungkap amalia terang rabu amalia contoh tentu terima manfaat program sekolah rakyat kelompok jadi sasar ada desil socialregistry semua masyarakat dua desil sebut otomatis terima bantu dapat kriteria tambah tetap menteri kait beneficiaryregistry pihak beri amanah kelola dtsen menteri lembaga perintah daerah bantu mutakhir verifikasi validasi data data belum sebar konsolidasi baik kini himpun tunggal integrasi bps sesuai amanah inpres nomor tahun dtsen lanjut menteri lembaga manfaat dtsen sesuai butuh program masing masing masuk salah satu dasar tentu sasar program bantu intervensi dtsen isi registrasi atau database rupa kumpul semua daftar duduk indonesia milik nik kk jadi satu satu data tunggal jelas amalia amalia tegas dtsen rupa data sifat dinamis kondisi sosial ekonomi masyarakat ubah data perlu baru kala makin cermin kondisi masyarakat benar warga masyarakat punya hak suara kami ikan jalur laku koreksi mudah jelas transparan dtsen bukan milik perintah dtsen rupa milik semua milik indonesia harus kita jaga sama sama jelas amalia amalia libat masyarakat mutakhir data jadi bagi penting jaga akurasi dtsen data terus baru baik perintah lebih mudah temu masyarakat butuh pasti jangkau program sesuai balik data nama keluarga terus juang jangkau dtsen ungkap amalia lanjut satu per satu keluarga tadi tidak data jadi data tadi tidak lihat perintah jadi lihat kemudian perintah ulur bantu lebih tepat karena baik mutakhir dtsen rupa proses laku cara lanjut perintah terus laku perapihan data masyarakat turut pasti informasi kena kondisi sosial ekonomi keluarga sesuai ada benar apabila masyarakat temu informasi kena diri keluarga sesuai kondisi benar baru sampai lalu mekanisme usul sanggah kanal resmi sedia cek bansos cekbansos kemensos go id aplikasi siks ng lalu operator desa lurah cek dtsen dtsen form bps go id sisi lain menteri sosial saifullah yusuf sampai hasil manfaat dtsen tunjuk data lebih padu dapat bantu temu masyarakat belum terima program dtsen bentuk guna banyak kpm belum tidak pernah terima bantu kini jadi terima bantu baik pkh program keluarga harap red bantu pangan non tunai maupun terima bantu iur hidup hasil bantu perintah hadir temu lalu dtsen ungkap saifullah tegas dtsen memang sempurna dapat error yang terus baik sama ajak masyarakat turut peran dalam baik mutakhir data kalau sekarang data masih error bukan arti orang segera putus bantu sosial orang yang mungkin ada desil padahal belum desil belum tentu juga dia dapat bansos masih perlu pasti koreksi dalam telusur terus akan laku verifikasi validasi tegas saifullah,finance
"70 Negara Kumpul di KEK Kura Kura Bali, Bahas AI hingga Investasi",https://finance.detik.com/infrastruktur/d-8653955/70-negara-kumpul-di-kek-kura-kura-bali-bahas-ai-hingga-investasi,"Selasa, 08 Sep 2026 15:04 WIB",bal jadi lokasi temu delegasi lebih negara bal harmony encounter week forum gelar september kawasan ekonomi khusus kek kura kura bal bahas kembang cerdas buat ai investasi didik hingga bangun lanjut serta hadir asal unsur perintah usaha teknologi akademisi masyarakat sipil hingga komunitas lokal salah satu agenda utama bal harmony dialogue gelar september united in diversity uid bal campus kek kura kura bal forum sebut bahas senjang kuasa ai makin lebar antarnegara kuliah umum tajuk intelligence natural and artificial wakil menteri didik tinggi sains teknologi prof stella christie papar peta jalan negara kembang jadi guna teknologi stella dorong negara kembang transformasi konsumen teknologi jadi pihak aktif tata kelola riset ai global kuasa teknologi riset kualitas sumber daya manusia jadi salah satu faktor tentu posisi negara saing ekonomi bas teknologi kembang ai potensi pengaruh investasi butuh tenaga kerja arah kembang industri bal harmony dialogue rangkai giat cakup consultative dialogue on youth temu inovator muda rintis industri forum sebut bahas didik gabung terampil teknis pimpin etis dekat pusat manusia september world encounter summit bal xi international scholas chairs congress gelar tema artificial intelligence and human meaning forum sebut temu delegasi lebih universitas negara bahas forum sebut turut sorot peran generasi muda arif lokal bentuk etika teknologi tengah kembang ai sisi bisnis jumlah usaha institusi ikut dukung selenggara agenda internasional sebut lain astra pertamina freeport indonesia bank rakyat indonesia bri danantara sinar mas pt gajah tunggal tbk kek kura kura bal libat usaha sebut cakup bahas kena transformasi teknologi uang adil sosial lanjut forum macam buka ruang bahas kena kembang ekosistem teknologi peluang kerja sama ekonomi wakil presiden united in diversity foundation suyoto kata damai perlu pandang bagi hidup harus bangun aktif tengah ubah global damai bukan sekadar tuju akhir capai lalu teori buah hubung harus rawat aktif hari ujar suyoto juga sorot kembang indonesia bangun manusia rukun masyarakat tengah tantang global berat indonesia terus catat tingkat indeks maju manusia rukun umat agama lalu thk universal reflection forum yayasan uid emban semangat tri hita karana kami yakin jadi inti ajar seluruh agama tradisi indonesia terang suyoto itu sekretaris direktorat jenderal didik islam menteri agama ri prof dr m arskal salim gp m ag wakil menteri agama ri tekan penting peran individu komunitas hadap ubah global transformasi besar tidak lahir satu cahaya raksasa lilin lilin kecil bawa sama ajak generasi muda seluruh umat agama jaga nyala cahaya rumah lingkung kerja kita damai diri damai antarsesama damai seluruh hidup bukan sekadar slogan seru aksi nyata mulai dari kita sendiri hari jelas arskal rangkai bal harmony encounter week tutup lalu tri hita karana universal reflection ceremony sunset mandala sira village kek kura kura bal temu libat delegasi internasional perintah institusi didik usaha komunitas teknologi sebut jadi ruang bahas kena kembang ai dampak ekonomi tantang lanjut terjemah forum sebut dalam kerja sama konkret utama kembang ekosistem ai investasi teknologi talenta digital tingkat daya saing ekonomi indonesia tonton juga video moratorium ai di new york picu pro kontra pakar didik,finance
"Investasi Masuk Daerah, Pengusaha Lokal Diminta Tak Cuma Jadi Penonton",https://finance.detik.com/berita-ekonomi-bisnis/d-8648512/investasi-masuk-daerah-pengusaha-lokal-diminta-tak-cuma-jadi-penonton,"Jumat, 04 Sep 2026 13:00 WIB",badan urus pusat himpun usaha muda indonesia bpp hipmi dorong usaha daerah dapat ruang lebih besar investasi masuk bagai wilayah indonesia ketua umum bpp hipmi ade jona prasetyo kata kembang investasi daerah perlu ikut libat laku usaha tempat turut usaha lokal ambil peran rantai pasok investasi masuk investasi masuk daerah usaha daerah jangan jadi tonton punya sempat jadi supplier vendor distributor mitra industri bahkan kembang jadi main utama kalau investasi tumbuh usaha daerah ikut naik kelas manfaat ekonomi jauh lebih luas ujar ade ade kata sumber tumbuh ekonomi indonesia makin sebar bagai daerah iring kembang investasi hilir industri pariwisata tani kebun ikan hingga ekonomi kreatif itu hipmi dorong baru undang undang nomor tahun kamar dagang industri kadin turut kuat representasi dunia usaha tingkat kabupaten kota provinsi hingga nasional ade butuh usaha tiap daerah beda aspirasi laku usaha lokal perlu dapat ruang lembaga dunia usaha dorong usaha muda naik kelas usaha daerah ade sorot penting regenerasi usaha kata indonesia butuh lebih banyak anak muda masuk dunia usaha milik akses kembang bisnis bangun pipeline usaha muda indonesia anak muda hari baru mulai usaha punya sempat naik kelas umkm kembang jadi usaha tengah masuk rantai pasok industri dapat akses biaya pasar kemudian waktu mampu saing tingkat global kata ade nilai sinergi kadin hipmi bagai asosiasi dunia usaha arah kembang kapasitas akses biaya mitra usaha besar akses pasar libat usaha muda daerah proyek investasi juga kata kuat lembaga dunia usaha perlu ikut tata kelola lebih baik sebut cakup sistem anggota representasi layan anggota digitalisasi hubung pusat daerah mekanisme ambil putus makin kuat buah institusi makin kuat standar tata kelola ingin lembaga dunia usaha kuat hukum percaya anggota manfaat benar benar rasa laku usaha ujar revisi uu kadin ade belum kata baru uu kadin perlu sesuai ubah lanskap dunia usaha indonesia ubah sebut cakup digitalisasi kembang teknologi cerdas artifisial hilir industri ubah rantai pasok global hingga muncul generasi baru usaha turut revisi atur sebut hanya kait kuat lembaga juga perlu pasti makin banyak laku usaha dapat ruang tumbuh wakil libat agenda ekonomi nasional hipmi revisi uu kadin harus jadi momentum buka ruang makin besar usaha muda usaha daerah lembaga dunia usaha kuat sekaligus mampu lahir usaha baru bantu naik kelas beri sempat lebih luas masuk rantai ekonomi nasional ujar ade jona ade nilai kadin milik posisi wadah dunia usaha indonesia turut kuat kadin perlu jalan sama kuat asosiasi himpun usaha lalu mekanisme representasi sampai aspirasi jelas semangat bukan besar satu institusi kecil lain justru kadin harus makin kuat rumah besar asosiasi himpun jadi pilar pilar kuat dalam perlu satu kuat dunia usaha indonesia kata ade harap baru uu kadin besar jumlah skala usaha muda indonesia tingkat libat usaha daerah investasi industrialisasi rantai pasok nasional maupun global indonesia ingin jadi negara maju negara maju butuh basis usaha kuat itu kita harus cipta lebih banyak usaha muda beri sempat usaha daerah naik kelas buka jalan mereka bisa jadi bagi investasi industrialisasi rantai pasok nasional global tutup ade jona,finance
"Sambut Hari Pelanggan Nasional, BRI Tebar Promo Kuliner hingga Traveling",https://finance.detik.com/moneter/d-8649360/sambut-hari-pelanggan-nasional-bri-tebar-promo-kuliner-hingga-traveling,"Sabtu, 05 Sep 2026 08:56 WIB",sambut hari langgan nasional hpn pt bank rakyat indonesia persero tbk bri hadir agam promo lengkap butuh hari hingga gaya hidup masyarakat lalu tawar sebut nasabah bri manfaat mudah transaksi bagai butuh mulai kuliner groceries belanja online transportasi hingga fashion momen santap sama keluarga kerabat jadi salah satu bagi rangkai ingat hari langgan nasional hpn tambah seru momen sebut bri hadir bagai promo kuliner upa diskon cashback jumlah jaring food and beverage f b pilih promo kuliner hari langgan nasional agam promo tarik nikmat diskon hingga persen bakerzin bri debit bri kartu kredit rejuve sedia diskon persen lalu fitur lifestyle brimo maupun transaksi outlet promo beli tiap tanggal hingga desember bri debit bri kartu kredit qris brimo itu gyu kaku hadir cashback persen qris brimo rm payakumbuah beri cashback rp qris brimo tawar promo kuliner bri sedia bagai gerai f b lain paradise dynasty social affair sushi go bayar laku cashless guna qris brimo bri debit maupun bri kartu kredit sesuai syarat tentu masing masing promo lama periode laku tawar belanja butuh rumah tangga urus belanja bulan butuh rumah tangga makin praktis bagai promo bri sedia potong harga cashback beli produk groceries jumlah jaring supermarket agam tawar nikmat potong rp ranch market farmers market bri debit bri kartu kredit tip top sedia potong persen transaksi lalu shop tiptop co id bri debit bri kartu kredit papaya hadir cashback persen transaksi guna qris brimo promo belanja butuh hari bri sedia jaring lain naga swalayan yomart alfamidi checkout online promo bri nasabah ingin belanja rumah bri hadir bagai voucher potong harga jumlah platform e commerce promo manfaat buat transaksi belanja digital makin hemat agam tawar sedia potong hingga persen shopee bri debit bagai kategori promo masuk daily promo produk digital shopeefood payday hingga astro tawar diskon hingga persen bri debit blibli hadir diskon hingga persen bri debit itu promo belanja online bri sedia platform lain alfagift klik indomaret goers dukung butuh traveling mobilitas rencana jalan butuh mobilitas hari bri hadir bagai tawar khusus nasabah mulai mesan tiket jalan hingga transportasi hari traveloka sedia diskon hingga rp mesan tiket pesawat kereta api akomodasi hotel bri kartu kredit itu bluebird silverbird tawar diskon hingga persen bri kartu kredit promo butuh lain tak tinggal promo hpn bri hadir bagai tawar tarik kategori lifestyle awat diri hingga butuh rumah tangga nasabah nikmat potong hingga rp erha clinic bri debit bri kartu kredit qris brimo butuh personal sedia cashback hingga rp guardian qris brimo lengkap butuh huni mitra beri diskon persen bri kartu kredit promo spesial bri rupa bentuk apresiasi nasabah bri bagai tawar hadir di bagai wilayah indonesia sumatera hingga jayapura informasi lengkap kena promo spesial bri rangka hari langgan nasional dapat lihat dibbri id promohpn download brimo buka bri tabung aju bri kartu kredit untuk nikmat bagai promo spesial bri,finance
"Dorong Kapasitas Ekspor, LPEI & Kemenkeu Resmikan 48 Desa Devisa di Babel",https://finance.detik.com/berita-ekonomi-bisnis/d-8653337/dorong-kapasitas-ekspor-lpei-kemenkeu-resmikan-48-desa-devisa-di-babel,"Selasa, 08 Sep 2026 10:29 WIB",lembaga biaya ekspor indonesia lpei indonesia eximbank sama direktorat jenderal bendahara djpb menteri uang ri kemenkeu resmi desa devisa provinsi pulau babel langkah jadi bagi sinergi kemenkeu satu bangun kapasitas ekspor tingkat desa sekaligus dorong sumber tumbuh ekonomi daerah lebih agam adapun seluruh desa devisa sebut milik kuat tiga klaster komoditas unggul lada rajin lidi nipah olah ikan masing masing milik karakter produk basis laku usaha kembang jangkau pasar lebih luas direktur laksana uang operasional teknologi informasi lpei anwar harsono kata konsistensi jadi salah satu kunci laku usaha hanya pasuk juga tahan pasar global uni produk pintu masuk buat laku usaha tahan pasar ekspor konsistensi kapasitas produksi kualitas spesifikasi produk tata kelola usaha kesiap finansial bangun tahap laku usaha hadap beli luar negeri ujar anwar terang tulis selasa situ damping desa devisa peran sambung klaster lada cakup desa sekitar tani kabupaten bangka selatan bangka tengah produk hasil upa lada putih bentuk biji bubuk lada bangka kenal pasar global muntok white pepper milik kandung piperin tinggi beri karakter pedas tajam telah oleh lindung indikasi geografis ig potensi ikut datang tujuh desa hasil rajin lidi nipah libat rajin kabupaten bangka bangka tengah serat lidi nipah tebal panjang lentur gradasi warna alami cokelat hingga krem beri karakter premium produk rajin sepenuh organik mudah urai itu klaster olah ikan cakup tujuh desa laku usaha kecil tengah kabupaten bangka bangka tengah produk olah hasil tangkap laut segar puluh industri kecil tengah ikm telah naung satu sentra kuat jaga standar kualitas produk dapat laku lebih arah special mission vehicle smv kemenkeu lpei damping laku usaha mulai kuat lembaga manajemen ekspor hingga luas akses pasar damping sebut liput latih prosedur dokumen ekspor susun lapor uang standar akuntansi kenal market intelligence biaya kirim sampel luar negeri fasilitas uji laboratorium hingga keikutsertaan pamer internasional langkah lpei dukung sinergi lintas instansi solid lpei sinergi djpb bea cukai menteri industri ri kemenperin bank indonesia bi wakil babel perintah daerah pemda provinsi pulau bangka belitung masing masing institusi main peran strategis bangun ekosistem ekspor lanjut bi kemenperin pemda babel fungsi inkubator umkm lpei djpb bea cukai jalan fungsi akselerator ekspor kepala kanwil djpb provinsi pulau babel sekaligus kepala wakil kemenkeu babel muhamad mufti arkan nyata program rupa bagi upaya bangun sumber tumbuh ekonomi baru lebih agam inklusif lanjut tempat desa titik awal bangun ekonomi orientasi global program desa devisa rupa program damping bas community development yang inisiasi indonesia eximbank tingkat kapasitas masyarakat lokal kembang komoditas unggul desa hingga mampu tembus pasar ekspor program jalan komitmen indonesia eximbank prinsip environmental social and governance esg kerangka sustainable development goals sdgs sekaligus dukung asta cita perintah sinergi makin lengkap jalan lpei lama tahun awal dorong tumbuh ekspor nasional program ini jadi bagi upaya lanjut lpei pasti tumbuh ekspor hanya tumpu laku usaha besar juga tumbuh potensi ekonomi masyarakat bagai daerah indonesia,finance
"Kick Off Bulan Dana Pensiun 2026, TASPEN Kenalkan 4 Program Utama",https://finance.detik.com/berita-ekonomi-bisnis/d-8650790/kick-off-bulan-dana-pensiun-2026-taspen-kenalkan-4-program-utama,"Minggu, 06 Sep 2026 13:18 WIB",pt taspen persero kenal empat program utama rangkai kick off bulan dana pensiun giat jadi momentum ajak masyarakat khusus generasi muda paham penting siap masa pensiun sejak dini usung tema muda karya tua bahagia giat sebut kemas bagai aktivitas edukatif inspiratif pesan bawa sederhana masa pensiun sejahtera perlu siap sejak ada usia produktif pt taspen usaha selenggara program jamin sosial asn terus dorong tingkat sadar serta penting siap masa pensiun jalan hal sebut taspen usaha asuransi sosial asn komitmen terus tingkat awareness dorong kesiap pensiun sejak dini khusus asn tuju masa pensiun sejahtera ujar corporate secretary pt taspen persero henra hidayat sastrawidjaja dasar data per agustus taspen layan juta serta diri atas juta serta aktif juta pensiun beri lindung serta taspen milik empat program utama program tabung hari tua tht program pensiun program jamin celaka kerja jkk program jamin mati jkm henra jelas program jkk beri lindung serta apabila alami celaka kait kerja dinas jkk adalah jamin celaka kerja jadi misal pns alami celaka dinas kantor masuk rumah sakit cover bahkan tinggal kasih santun jelas lindung beri apabila serta tinggal dunia bukan akibat celaka kerja lalu program jkm kalau misal sangkut tinggal bukan celaka kerja misal tinggal biasa rumah lain pun cover nah beliau beliau aktif sambung henra adapun serta pasuk masa pensiun pt taspen beri manfaat lalu program tht program pensiun dua program sebut jadi bagi siap serta hadap masa lagi aktif kerja asn nah saat pensiun baru kami bayar pensiun itu bulan jadi bulan bayar sesuai grade nya masing masing gitu kalau misal sangkut tinggal ke ahli waris keluarga istri nanti anak gitu ujar henra siap masa pensiun tidak harus baru laku orang dekat usia pensiun biasa kelola uang baik justru perlu bangun sejak muda pun pesan generasi muda tidak fokus pada butuh saat mulai sisih hasil masa depan jadi kalau tadi kan mumpung muda semangat tinggi masih karya nah itu jangan terlalu foya foya hambur hambur sisih siap hari tua pensiun pada saat pensiun nanti sejahtera bahagia gitu pikir jadi sandwich generation papar hadir informasi kena program manfaat taspen rangkai kick off bulan dana pensiun kemas aktivitas tarik perhati masyarakat zumba cek sehat gratis aneka doorprize juga financial talkshow salah orang unjung eni nilai giat edukasi penting bantu masyarakat terus baru informasi kena siap masa pensiun sering sering ini informasi gitu kalau kan berita berita kayak gitu kan hanya ada acara gin kadang kadang ada website ada di mana koran nah itu mesti sih harus kita update gitu jadi literasi harus sering sering ya ujar eni lalu giat ini taspen dorong masyarakat lihat siap pensiun bagi rencana uang jangka panjang siap yang laku sejak dini masa tua harap jalan lebih tenang sejahtera,finance
TASPEN Dorong Masyarakat Siapkan Masa Pensiun Sejak Dini,https://finance.detik.com/berita-ekonomi-bisnis/d-8649529/taspen-dorong-masyarakat-siapkan-masa-pensiun-sejak-dini,"Sabtu, 05 Sep 2026 11:56 WIB",pt taspen persero sama otoritas jasa uang ojk dorong tingkat literasi sadar masyarakat kena penting siap masa pensiun sejak dini lalu bulan dana pensiun indonesia usung tema muda karya tua bahagia rangkai giat jadi momentum ajak masyarakat khusus generasi produktif mulai paham penting rencana masa depan jalan masa pensiun lebih mandiri nyaman sejahtera dasar survei nasional literasi inklusi uang snlik tahun laku ojk indeks literasi dana pensiun catat besar indeks inklusi dana pensiun baru capai kondisi sebut tunjuk ada senjang tingkat paham masyarakat kena dana pensiun manfaat bagi rencana uang masa depan jadi salah satu alas penting terus luas edukasi literasi dana pensiun masyarakat corporate secretary taspen henra kata siap masa pensiun perlu bangun sejak usia produktif masyarakat milik waktu cukup rencana hidup masa datang semangat muda karya tua bahagia jadi ingat penting siap masa depan sejak dini harap rangkai giat bulan dana pensiun indonesia tingkat paham sadar masyarakat penting rencana pensiun ujar henra terang tulis sabtu rangkai bulan dana pensiun indonesia awal kick off canang laksana serentak jakarta bandung semarang september canang dukung ojk bagai mang penting sektor dana pensiun ini jadi momentum kuat komitmen sama tingkat literasi sadar masyarakat kena penting siap masa pensiun sejak usia produktif lalu rangkai giat edukatif interaktif masyarakat ajak mulai rencana masa depan sejak dini dapat jalan masa pensiun lebih siap mandiri sejahtera taspen ajak seluruh masyararakat turut giat kick off bulan dana pensiun indonesia selenggara serentak jakarta bandung semarang september jakarta giat pusat area pedestrian fx sudirman target ikut serta diri serta aktif pensiun taspen wakil ojk asabri bpjs ketenagakerjaan adpi adplk masyarakat komunitas olahraga giat kemas lalu senam sehat zumba sama instruktur liza natalia talkshow sama rencana uang prita ghozie pamer booth interaktif taspen group ojk adplk adpi asabri bpjs ketenagakerjaan bagai kuis doorprize kick off rangkai bulan dana pensiun indonesia lanjut lalu giat edukasi literasi dana pensiun universitas sumatera utara usu september giat sebut target hingga serta diri aparatur sipil negara asn lingkung universitas mahasiswa serta umum maupun kelompok komunitas informal lalu giat sebut edukasi kena penting rencana masa pensiun harap dapat jangkau masyarakat bagai kelompok usia latar belakang khusus generasi produktif lanjut rangkai bulan dana pensiun indonesia akan tutup lalu indonesia pension fund summit ipfs jadi forum strategis bahas arah kembang sektor dana pensiun kuat ekosistem bagai isu strategis dukung lanjut industri dana pensiun nasional dukung taspen bulan dana pensiun indonesia rupa bagi komitmen usaha dukung asta cita presiden ri khusus dorong kuat kualitas sumber daya manusia sistem lindung sosial adaptif inklusif lanjut center of excellence dalam selenggara program jamin sosial asn jabat negara taspen terus kuat peran lalu kolaborasi sama ojk bagai mang penting tingkat literasi sadar masyarakat kena penting rencana masa depan sejak usia produktif,finance
"Terindikasi Isi BBM Berulang, 5.000 Nomor Polisi Kendaraan Diajukan Blokir",https://finance.detik.com/energi/d-8652949/terindikasi-isi-bbm-berulang-5-000-nomor-polisi-kendaraan-diajukan-blokir,"Senin, 07 Sep 2026 21:03 WIB",pt pertamina patra niaga kuat awas salur bbm subsidi pasti distribusi jalan sesuai tentu tepat sasar masyarakat hak upaya sebut salah satu laku lalu inspeksi dadak sidak sama polisi daerah sumatera barat perintah provinsi sumatera barat jumlah stasiun isi bahan bakar umum spbu kota padang giat libat kepala dinas energi sumber daya mineral esdm provinsi sumatera barat helm heriyanto wakil subdit iv direktorat reserse kriminal khusus polda sumatera barat kompol firdaus sales area manager retail sumatera barat pertamina patra niaga fakhri rizal hasibuan sidak sebut tim laku periksa langsung proses salur bbm subsidi sesuai transaksi guna qr code kondisi sarana prasarana aspek patuh lain lembaga salur dasar hasil pantau lapang operasional layan masyarakat spbu periksa jalan normal tim temu indikasi kendara nomor polisi sesuai isi bbm subsidi pihak spbu laku isi kendara sebut bentuk patuh tentu laku vice president corporate communication pt pertamina patra niaga kitty andhora kata awas salur bbm subsidi butuh sinergi pertamina perintah daerah aparat tegak hukum pertamina patra niaga terus kuat awas baik lalu periksa langsung lapang maupun manfaat sistem digital pasti bbm subsidi salur sesuai tentu terima masyarakat hak kolaborasi perintah daerah aparat tegak hukum terus laku pasti indikasi langgar ditindaklanjuti tepat ujar kitty terang tulis senin bagi upaya pasti salur bbm jenis bbm tentu jbt jenis bbm khusus tugas jbkp tepat sasar sales area retail sumatera barat terbit sanksi upa bina henti pasok lama lembaga salur bukti laku langgar sesuai tentu laku itu aju minta blokir sekitar nomor polisi kendara indikasi laku beli bbm ulang pertamina patra niaga telah aju minta hapus data ribu nomor polisi indikasi laku pola beli tidak sesuai tentu bagi kuat tata kelola lembaga salur sales area retail sumatera barat telah laku alih kelola spbu langkah sebut lain laku dasar rekomendasi surat bina telah terbit demikian total spbu telah laku alih kelola wilayah sumatera barat capai spbu temu bukti rupa langgar tindaklanjuti sesuai mekanisme tentu laku mulai bina hingga beri sanksi kami tidak beri toleransi penyalahgunaan salur bbm subsidi hal sebut kurang hak masyarakat harus terima manfaat tegas kitty pertamina patra niaga terus kembang awas bas data digital masuk lalu manfaat qr code pantau pola transaksi langkah laku tingkat akurasi transparansi salur sekaligus deteksi lebih dini indikasi beli tidak sesuai tentu pertamina patra niaga imbau seluruh lembaga salur jalan giat operasional profesional transparan tanggung jawab patuh seluruh tentu laku masyarakat imbau laku beli bbm sesuai butuh untuk apabila temu indikasi penyalahgunaan seleweng proses salur bbm masyarakat sampai lapor lalu pertamina contact center pertamina patra niaga sama perintah daerah aparat tegak hukum terus kuat koordinasi awas jaga tata kelola distribusi bbm tingkat patuh lembaga salur pasti bbm subsidi terima tepat sasar masyarakat hak,finance
Menaker soal Formula Upah Minimum 2027: Tunggu Aja!,https://finance.detik.com/berita-ekonomi-bisnis/d-8656183/menaker-soal-formula-upah-minimum-2027-tunggu-aja,"Rabu, 09 Sep 2026 22:22 WIB",kalang buruh mulai hitung besar naik upah minimum tahun jumlah kelompok buruh usul naik upah minimum naik besar hingga lantas perintah hitung formula upah minimum tahun menteri ketenagakerjaan yassierli sampai perintah tengah laku bahas kait formula upah minimum bahas sebut usul bagai pihak tampung tunggu aja usul dulu kata yassierli tanya kait formula upah minimum rabu tanya bahas formula upah minimum kait revisi undang undang ketenagakerjaan yassierli kata perintah upaya masuk kerangka sebut pakai uu ketenagakerjaan usaha ujar belum presiden konfederasi serikat kerja indonesia kspi said iqbal usul naik upah minimum tetap timbang inflasi tumbuh ekonomi indeks tentu alfa usul indeks alfa besar buruh usul naik upah minimum dasar inflasi tumbuh ekonomi indeks tentu indeks tentu kami usul buruh tidak tidak kspi ksp pb kata said kompleks dpr ri senayan jakarta senin kira inflasi ada kisar rata rata tumbuh ekonomi dasar hitung sebut said kira naik upah minimum ada kisar hingga kalau ambil rata rata tumbuh ekonomi tambah inflasi sekian persen udah ketemu tuh kira kira kali aja alfa bisa kira naik upah minimum adalah kisar jelas bagai informasi hitung naik upah minimum guna formula inflasi tumbuh ekonomi x alfa perintah tetap rentang alfa besar alfa rupa indeks tentu gambar kontribusi tenaga kerja tumbuh ekonomi besar alfa jadi salah satu komponen tentu persentase naik upah minimum said tegas usul upa kira besar usul tunggu data resmi badan pusat statistik bps kena inflasi tumbuh ekonomi jadi dasar hitung upah minimum tunggu lapor resmi bps inflasi tumbuh ekonomi hitung bukan tahun kalender tahun takwim september oktober arti tunggu bps kan belum tau september oktober berapa inflasi berapa tumbuh ekonomi jelas sementara presiden konfederasi serikat kerja nusantara kspn ristadi sorot senjang upah minimum antardaerah nilai makin lebar ristadi contoh upah minimum cirebon rp juta kota bekas capai rp juta selisih lebih misal cirebon rp juta kota bekas rp juta sudah masuk ekstrem cara prinsip kspn sedang minta reformasi atur upah minimum lalu uu ketenagakerjaan baru sedang proses bahas dpr kata ristadi hubung dengan skema sebut kerja sektor industri jenis akan milik upah minimum sama seluruh indonesia sistem sebut nilai beri adil kerja sekaligus cipta saing lebih sehat usaha apabila sistem upah tahun depan guna formula laku saat ini kspn usul persentase naik disamaratakan seluruh indonesia kspn usul naik upah minimum bagi jadi tiga kategori ikut rinciannya upah minimum atas rp juta x bulat upah minimum rp juta sampai dengan rp juta x bulat upah minimum bawah rp juta x,finance
"BPS Catat Produksi Beras Naik di Awal 2026, Kementan Jaga Produktivitas",https://finance.detik.com/berita-ekonomi-bisnis/d-8647820/bps-catat-produksi-beras-naik-di-awal-2026-kementan-jaga-produktivitas,"Jumat, 04 Sep 2026 09:15 WIB",produksi beras nasional januari april catat capai juta ton dasar angka tetap badan pusat statistik bps jumlah sebut tingkat ton persen banding periode sama tahun belum besar juta ton tumbuh produksi beras sebut jalan tingkat produksi padi periode sama produksi padi capai juta ton gabah kering giling gkg naik ton persen banding januari april besar juta ton gkg tingkat jadi luas panen padi bps catat luas panen januari april capai juta hektare tambah hektare persen banding periode sama tahun belum besar juta hektare angka tetap bps sebut tunjuk tumbuh produksi beras awal topang kuat produksi tingkat hulu tambah luas panen turut dorong naik produksi padi kemudian kuat sedia bahan baku beras nasional menteri tani tan andi amran sulaiman tegas perintah terus jaga momentum produksi sebut pasti tani oleh dukung perlu utama hadap musim kemarau potensi el ni o turun pasang pompa pompa serah tidak biar tani jalan sendiri harus turun tangan tegas amran terang jumat dasar catat bps produksi beras januari capai juta ton kemudian tingkat jadi juta ton februari produksi capai juta ton maret juta ton april kumulatif produksi beras lama empat bulan pertama capai juta ton tetap lebih tinggi banding periode sama tahun belum gera sebut jalan produksi padi bahan baku beras produksi padi catat besar juta ton gkg januari juta ton gkg februari juta ton gkg maret juta ton gkg april demikian produksi padi januari april capai juta ton gkg tingkat ton banding periode sama capai jadi modal penting tahan produksi periode ikut utama sektor tani pasuk musim kemarau hadap potensi el ni o menteri tani tan kuat bagai langkah mitigasi batas air tidak hambat musim tanam maupun tekan produktivitas tani salah satu langkah utama laku pompanisasi periode belum manfaat ribu unit pompa mampu dorong tambah produksi juta ton gabah pulau jawa tan siap ribu unit pompa air bagi mitigasi kering upaya sebut serta kuat jaring irigasi optimalisasi embung pipa cepat tanam manfaat varietas padi adaptif tahan kering optimalisasi sumber air arah tingkat indeks tanam lahan belum tanam kali tahun dapat tingkat jadi tiga kali tanam amran kata alam hadap el ni o jadi modal penting tan siap langkah antisipasi lebih dini intervensi laku seluruh lalu pompanisasi baik irigasi tingkat produktivitas guna benih lebih adaptif kondisi kering sekarang el ni o dampak insyaallah mitigasi siap jauh belum satu pompanisasi irigasi tiga kita tingkat produksi kemudian benih tahan kering ujar amran lalu kuat produksi mitigasi dampak ubah iklim tan upaya tahan momentum positif cermin angka tetap bps januari april tumbuh produksi beras produksi padi luas panen jadi fondasi penting jaga sedia pangan nasional sekaligus pasti giat produksi dan dapat tani tetap pelihara,finance
"Ekonomi Digital Makin Besar, Aturan Pasar Perlu Ikuti Perubahan",https://finance.detik.com/berita-ekonomi-bisnis/d-8649657/ekonomi-digital-makin-besar-aturan-pasar-perlu-ikuti-perubahan,"Sabtu, 05 Sep 2026 11:44 WIB",tumbuh ekonomi digital ubah struktur pasar saing usaha indonesia platform digital skala besar kini jadi antara transaksi milik peran akses konsumen kelola data algoritma hingga ekosistem layan ubah sebut jadi bahas diskusi kena saing usaha platform digital gelar komisi awas saing usaha kppu agustus anggota badan lindung konsumen nasional bpkn heru sutadi kata kembang pasar digital buat isu lindung konsumen kait harga kualitas produk heru platform digital milik mampu pengaruh produk lihat konsumen rekomendasi muncul layan lebih mudah temu hingga atur penuh merchant jangkau guna platform digital ini bukan lagi sekadar tempat temu jual beli banyak kasus platform jadi gatekeeper tentu bagaimana konsumen akses produk layan informasi kata heru kuat platform kait efek jejaring kuasa data algoritma ekosistem integrasi makin banyak guna makin besar data himpun guna tingkat sistem rekomendasi layan soal bukan siapa kuasa pasar lebih penting siapa kuasa akses data algoritma atur main biaya harus tanggung laku usaha masuk ekosistem ujar heru bpkn atur pasar digital perlu tetap perhati penting konsumen sebut cakup transparansi guna data mekanisme rekomendasi biaya beban merchant pilih sedia konsumen komisioner kppu mohammad reza kata kembang ekonomi digital timbul beda posisi platform digital selenggara infrastruktur telekomunikasi reza bagi besar tumbuh trafik data asal layan digital itu bangun pelihara jaring jadi tanggung jawab utama industri telekomunikasi reza sebut platform digital kuasa lebih persen trafik data milik wajib bangun jaring lisensi spektrum maupun kontribusi biaya hak guna frekuensi selenggara telekomunikasi sini lihat ada asimetri platform oleh manfaat ekonomi trafik sangat besar wajib investasi jaring spektrum bagai wajib sektoral ada selenggara telekomunikasi kata reza kppu ubah struktur pasar sebut butuh dekat hukum dapat ikut kembang ekonomi digital reza dorong bentuk regulasi pasar digital cakup kembang algoritma cerdas artifisial kuasa data posisi platform tentu akses pasar butuh undang undang pasar digital mampu lihat ubah struktur pasar utuh tuju bukan batas inovasi pasti inovasi kembang dalam arena saing sehat kata reza reza kata atur saing usaha era digital perlu perhati potensi masalah sejak awal bukan hanya telah jadi langgar kalau tunggu rusa pasar jadi baru tindak biaya jauh lebih besar atur digital harus lebih adaptif preventif tetap proporsional ujar reza kppu dorong atur adaptif kembang industri digital perlu sanksi terap harap dapat beri efek jera hambat investasi inovasi sanksi perlu kuat pasar guna cara kurang saing batas pilih konsumen tutup sempat laku usaha lain hasil atur pasar digital tidak hanya lihat jumlah transaksi besar valuasi platform sebut kait pilih konsumen sempat laku usaha saing ruang inovasi kembang ingin jaga bukan besar kecil buah usaha harus jaga perilaku pasar usaha besar tetap butuh bawa inovasi kuat besar juga bawa tanggung jawab besar kata reza,finance
"CT: Sukses Bukan Sesuatu yang Mudah, Semua Harus Diperjuangkan",https://finance.detik.com/berita-ekonomi-bisnis/d-8650027/ct-sukses-bukan-sesuatu-yang-mudah-semua-harus-diperjuangkan,"Sabtu, 05 Sep 2026 19:15 WIB",founder chairman ct corp chairul tanjung tegas sukses rupa hak semua orang sukses mudah raih perlu juang sukses hak semua orang peduli latar belakang anak presiden bukan anak siapa siapa anak orang kaya anak orang punya semua punya sempat jadi sukses sukses bukan mudah semua juang balik telapak tangan juang susah payah kata pria akrab sapa ct acara lampung financial festival sabtu bantu generasi muda raih sukses ct bagi tips jadi sukses diri kunci sukses versi chairul tanjung sebut ct way rumus rumus bawa jadi sukses lewat proses seperti alami semua akumulasi kontras nama ct chairul tanjung way jalan ct way ucap pertama mulai usaha niat baik bos ct corp suatu kerja apa mulai niat baik beri hasil baik segala agama ajar mulai niat baik tuju sepakat jadi kalau mau mulai usaha mulai niat baik jadi jangan mulai usaha niat maunipu maungebohonginorang barokah ujar ct dua lihat tangkap peluang ia sebut lihat peluang sangat penting tahu apa laku raih untung bukan dar lihat peluang saja langsung tangkap orang mampu lihat peluang tangkap peluang sebut usaha disebutentrepreneur sifatentrepreneurshipitulah yang nama mampu lihat peluang mampu tangkap kata ct kalau anda lihat peluang ada terus ngapain harus mampu cipta peluang jadi kalau lihat peluang peluang ada harus cipta peluang sambung tips suksesketiga paham uang bukan modal utama bahkan turut ct diri bukti mulai suatu usaha uang usaha modal lain modal harus punya tidak semata mata uang alhamdulillah kalau punya uang alhamdulillah mudah kalau nggak punya uang jangan putus asa uang bukan segala gala ucap ct lalu yangkeempatadalah buy the future with the present value dalam hal juga penting baca peluang depan begitu bisa beli masa depan dengan harga sekarang dapat untung saya kasih contoh kalau tahu tadi soal saham misal kalau tahu saham usaha a lima tahun puluh kali lipat sekarang kalau beli sekarang sukses apa nggak papar ct lima jadi gagal sahabat baik enam kerja keras pantang serah detail tidak kompromi hasil akhir disiplin perfeksionis kemudian nilai ct ways yangketujuhyakni percaya intuisi turut intuisi adalah yang rasional dasar tahu alam pribadi delap ambil putus cari solusi bukan masalah poinkesembilan pragmatisme idealisme bukan minyak air yang arti dua hal harus jalan dengan imbang benar jalan akhir akan capai poin ct way yangkesepuluhyakni cari berkah tuhan kalau pragmatis lebih untung diri sendiri lain bagai idealis lebih penting masyarakat jangka panjang lain bagai nah ini harus gabung nah ujung adik adik sekali harus mulai sesuatu dari niat baik betul terus kita harus usaha abis abis ujung apa cari berkah tuhan tegas,finance
"Sejumlah Gunung Api Erupsi, Konektivitas Transportasi Harus Dijaga",https://finance.detik.com/berita-ekonomi-bisnis/d-8651737/sejumlah-gunung-api-erupsi-konektivitas-transportasi-harus-dijaga,"Senin, 07 Sep 2026 10:33 WIB",perintah minta kira kesiapsiagaan nasional atas dampak aktivitas erupsi jumlah gunung api indonesia mulai gunung anak krakatau gunung ibu gunung ili lewotolok gunung meru anggota komisi v dpr ri ade ganjar kata kondisi sebut jadi momentum pasti seluruh sistem mitigasi bencana transportasi meteorologi cari tolong jalan padu lihat erupsi jadi diri sendiri negara pasti seluruh sistem siap hadap mungkin dampak luas masyarakat konektivitas nasional ujar ade terang senin ade nilai bmkg sama badan geologi pvmbg pasti informasi kena aktivitas gunung api terjemah cepat jadi putus operasional data kait aktivitas vulkanik arah tinggi sebar abu kondisi angin cuaca hingga potensi dampak wilayah udara laut terima cepat menteri hubung basarnas perintah daerah operator transportasi masyarakat turut kuat mitigasi letak mampu deteksi ancam mampu negara ubah data jadi tindak risiko kembang jadi korban masyarakat butuh informasi jelas cepat konsisten itu satu data satu koordinasi satu protokol respons terus kuat tegas ade sisi transportasi ade minta menteri hubung tingkat waspada dampak abu vulkanik terbang layar khusus wilayah ada jalur potensi sebar abu aktivitas gunung anak krakatau jadi ingat dampak erupsi jangkau wilayah jauh lokasi gunung potensi ganggu konektivitas udara maupun laut ade selamat jadi dasar putus operasional masyarakat oleh informasi cepat kena batal tunda alih rute maupun pulih layan transportasi jangan masyarakat tahu ganggu ada bandara labuh dalam jalan informasi beri din mungkin masyarakat ambil putus aman kata ade ade juga dorong basarnas kuat kesiap personel alat komunikasi skenario cari tolong wilayah potensi dampak aktivitas vulkanik kesiap sebut cakup wilayah darat pesisir air ingat jumlah gunung api aktif ada kawasan dekat mukim jalur transportasi masyarakat turut basarnas tidak boleh gerak ada darurat jadi milik meta risiko skenario respons dapat segera aktif jadi tingkat aktivitas gunung api ganggu transportasi maupun kondisi butuh evakuasi tolong lebih lanjut legislator komisi v dpr ri sebut minta perintah kuat sistem komunikasi publik masyarakat sekitar kawasan rawan bencana maupun guna transportasi oleh informasi mudah paham dapat segera ditindaklanjuti masyarakat tahu kembang status gunung wilayah perlu hindar potensi sebar abu kondisi transportasi langkah lindung laku jangan masyarakat tahu ancam dampak jadi ingat dini benar benar jadi ingat sampai masyarakat ikut tindak jelas kata ade ade tegas tingkat aktivitas jumlah gunung api jadi ingat kesiapsiagaan bencana rupa bagi penting layan publik selamat nasional perintah perlu bangun sistem hubung bmkg badan geologi pvmbg menteri hubung basarnas perintah daerah operator transportasi lembaga kait tiap ubah kondisi dapat segera respons koordinasi prioritas adalah selamat masyarakat transportasi aman informasi harus cepat akurat basarnas harus siap masyarakat butuh tolong negara harus hadir bukan hanya ketika bencana jadi sejak tanda tanda ancam deteksi pungkas ade ganjar,finance
"Mentan Pastikan Produksi Beras Aman saat El Nino, SPHP Ditambah 1 Juta Ton",https://finance.detik.com/berita-ekonomi-bisnis/d-8652418/mentan-pastikan-produksi-beras-aman-saat-el-nino-sphp-ditambah-1-juta-ton,"Senin, 07 Sep 2026 16:00 WIB",menteri tani tan andi amran sulaiman pasti produksi sedia beras nasional tetap aman tengah kondisi el nino musim kemarau langsung lebih panjang perintah kuat pasok beras pasar tambah alokasi beras stabilisasi pasok harga pangan sphp medium banyak juta ton pasti sebut sampai tan amran usai hadir rapat koordinasi sama menteri koordinator menko bidang pangan zulkifli hasan zulhas jumlah menteri lembaga kait kantor kemenko pangan jakarta senin simpul semua aman aman produksi butuh pangan aman ujar amran terang senin amran kata perintah siap jumlah langkah pasti pasok beras tetap sedia sekaligus jaga harga tingkat konsumen salah satu cepat salur beras sphp dorong beras medium premium masuk jaring ritel pertama sphp tambah beras medium premium dorong ritel ritel dua beras pecah menir stop impor tiga tekan harga operasi pasar besar besar sphp tambah satu juta ton kemudian bantu pangan cepat tegas amran bijak sebut rupa langkah antisipasi perintah hadap periode musim kemarau potensi tekan produksi pasok pasar perintah tunggu tekan pasok jadi ambil langkah lebih awal kuat distribusi beras masyarakat rapat sebut perintah putus tambah juta ton beras sphp medium kuat sedia beras pasar beras sebut salur lalu bagai salur distribusi masyarakat oleh beras harga jangkau zulhas kata tambah sebut rupa putus perintah kuat pasok jaga harga beras pasar respons maka baru rapat putus tambah suplai beras subsidi kenal sphp sphp medium tambah tadi juta kata zulhas perintah tambah juta ton sphp medium akan salur periode oktober hingga desember lanjut hingga pasuk masa panen ikut beras sphp sebut tuju jaga pasok sekaligus tekan naik harga pasar perintah cepat bantu pangan operasi pasar amran tegas kuat pasok beras perintah cepat bantu pangan laku operasi pasar besar besar langkah sebut jadi bagi strategi perintah jaga stabilitas pangan sekaligus pasti masyarakat sulit oleh beras dorong bulog minta cepat bulog minta cepat tegas amran tanya kena pasok beras premium ritel modern sisi perintah kuat bijak hilir beras manfaat stok beras bulog alami turun mutu butuh industri tepung beras bijak sebut sekaligus dukung kurang gantung impor beras pecah menir amran kata perintah henti impor beras pecah optimal stok negeri butuh sebut beras impor itu ribu ton beras pecah itu kita stop bulog ribu alhamdulillah jadi kita tindak stop impor beras pecah menir ujar perintah putus sedia sphp jagung banyak ribu ton bantu ternak rakyat laku usaha kecil tengah hadap tekan pasok jagung lama musim kemarau seluruh langkah sebut tunjuk perintah laku mitigasi ukur jaga pasok pangan hulu hingga hilir tengah tantang el nino perintah pasti produksi negeri tetap jalan distribusi intervensi pasar kuat jaga butuh masyarakat operasi pasar besar besar sphp tambah satu juta ton kemudian bantu pangan cepat pungkas amran,finance
Cerita Zulhas Punya Penghasilan Setara Rp 1 M/Bulan di 1985,https://finance.detik.com/berita-ekonomi-bisnis/d-8649655/cerita-zulhas-punya-penghasilan-setara-rp-1-m-bulan-di-1985,"Sabtu, 05 Sep 2026 13:41 WIB",menteri koordinator bidang pangan zulkifli hasan alias zulhas bagi jalan hidup penuh lika liku bangun sukses finansial pernah milik dapat tara rp miliar per bulan silam cerita bagi bincang bincang on session acara lampung financial festival sabtu awal zulhas cerita tempuh didik didik guru agama negeri pgan bandar lampung aku sempat sulit ikut beberapa mata ajar hingga berani diri pindah sekolah meski kantong restu penuh sang ayah sulit ajar bahasa arab asal ajar bahasa arab bolos dua ajar bolos satu ajar bahasa arab satu ajar nyanyi daftar sma orang tua tuju alas mesti jadi ustaz ayah ingin jadi kiai anak buya hamka pga mau kirim mesir ujar zulhas meski ayah sempat marah batal jadi ustaz zulhas tetap mantap ambil putus besar rantau jakarta bekal hias pesan sang ibu modal awal butuh hari hari ajar putus sangat penting rantau jakarta nggak pernah tahu jakarta nggak pernah jakarta kenal jakarta ibu dukung ibu dukung ibu kasih kalung kasih cincin punya cincin bukan berlian dulu intan nama terus kasih gelang modal rantau jakarta ucap singkat cerita lulus sma zulhas sempat coba daftar kuliah fakultas dokter meski sayang tidak terima telah kemudian jadi pegawai negeri sipil pns menteri tani masih gabung sektor laut hutan rasa hidup pegawai negeri cukup butuh hari hari alhasil pilih undur diri mulai usaha sendiri suka pasar lihat dulu tinggal jakarta timur nama pasar mester sana lihat ini orang tiongkok kaya kaya kok nggak punya uang kok miskin ajar dia sukses kata singkat cerita punya gambar habis mulai baca buku bagaimana jadi orang punya bagaimana jadi orang punya uang bagaimana jadi orang kaya baca kemudian ikut beberapa kursus pilih akhir marketing papar zulhas berani ambil risiko gigih ajar bidang marketing akhir buah hasil manis usia masih sangat muda meski tidak cerita spesifik usaha apa laku zulhas aku ia milik hasil tara rp miliar per bulan banding kondisi ini tahun tahun kira kira punya hasil kalau uang sekarang rp miliar bulan tahun ungkap zulhas ia tambah capai sebut dukung berani bangun jaring bisnis hingga luar negeri mana saat itu diri dagang china hong kong korea tahun saya sudah dagang sama tiongkok saya sudah dagang sama korea selatan seoul bolak balik saya sudah taiwan sudah dagang sama hong kong lain tahun saya sudah punya rumah ada biji tutur zulhas hasil sebut tak lepas dari rencana masa depan matang ukur ia tekan penting generasi muda berani mimpi besar milik target jelas tidak takut hadap proses sulit hidup,finance
"Nabung Emas di Pegadaian Bisa Mulai dari Rp 10.000, Pakai Aplikasi Ini",https://finance.detik.com/berita-ekonomi-bisnis/d-8648940/nabung-emas-di-pegadaian-bisa-mulai-dari-rp-10-000-pakai-aplikasi-ini,"Jumat, 04 Sep 2026 19:30 WIB",pt gadai beber strategi dorong nasabah setia alih shifting guna aplikasi tring salah satu lalu kampanye tenang gandeng laleilmanino neida rilis lagu wakil direktur utama pt gadai budi wahju soesilo kata momentum tepat hari langgan nasional pria akrab sapa soesilo tekan nasabah rupa bagi penting persero jalan usaha percaya langgan jadi fondasi penting gadai tentu langgan kembang inovasi ujar soesilo konferensi pers kantor pusat gadai jakarta pusat jumat nilai percaya nasabah jadi pondasi persero beri layan baik masuk hadir produk layan makin elegan sesuai butuh masyarakat juga ingin sampai acara hari telah malam tentu bentuk apresiasi terima kasih kami nasabah setia gadai beber direktur pasar jual kembang produk pt gadai selfie dewiyanti kata kampanye jadi buah misi usaha beri rasa tenang kepada nasabah jadi bicara tenang bukan bicara campaign gera kemudian misi gadai beri rasa tenang memang rasa nasabah nasabah gadai kata selfie selfie terang total nasabah pegadain capai juta sekitar juta nasabah gadai peran aktif transaksi tantang besar sekaligus peluang jawab usaha arah nasabah masuk ekosistem digital aplikasi tring dalam tahun aplikasi tring punya juta nasabah jadi memang target campaign tenang bukan berapa banyak dengar lagu it s not only that target bagaimana convert tadi sampai jumlah nasabah aktif lebih juta bagaimana convert target jadi guna user tring jelas untuk mulus langkah migrasi nasabah platform digital gadai jalan jumlah strategi jitu salah satu adalah manfaat program customer relationship management crm kuat segmentasi nasabah sudah lalu program nasabah dorong bisa rasa langsung bagai benefit program program inovatif gadai aplikasi tring terus baru hadir fitur fitur lebih nyaman aman relevan butuh masyarakat modern masuk kalang gen z bagai mudah finansial tawar dalam satu aplikasi mulai tabung emas digital nominal jangkau fasilitas cicil emas hingga layan gadai tabung emas tring bisa mulai rp kemudian juga cicil emas kalau mungkin yang lain itu tenor bisa sampai bulan kalau bisa bulan mulai gram jadi memang kombinasi bagaimana buat segmentasi nasabah tawar produk produk sesuai segmentasi itu tentu produk produk yang memang sesuai butuh beber dengan kolaborasi dengan musisi selfie sebut upaya kampanye usaha terima baik masyarakat jadi harap memang rasa musik ini bagai bagi bagaimana gadai tring bisa hadir hari para nasabah ini jadi memang kolaborasi dengan neida dan laleilmanino itu rupa satu strategi untuk beri misi ini bisa betul betul terima dan juga betul betul bisa rasa masyarakat imbuh,finance
Sampah Kini 'Disulap' Jadi Bensin dan Solar,https://finance.detik.com/energi/d-8654538/sampah-kini-disulap-jadi-bensin-dan-solar,"Selasa, 08 Sep 2026 22:10 WIB",bijak olah sampah jadi energi manfaat masyarakat terus jalan salah satu olah sampah jadi solar bensin sampah plastik khusus hasil bbm baru jadi istilah bahan bakar minyak baru olah sistem pirolisis plastik sebut jadi solar maupun bensin ujar direktur jenderal energi baru baru konservasi energi menteri esdm eniya listiani dewi rapat komisi xii dpr selasa menteri esdm identifikasi kualitas bbm hasil proses sebut pasal lokasi olah sampah sebut hasil kualitas beda perintah tengah siap mekanisme izin kembang usaha sebut jadi cukup izin verifikasi lalu ikan izin b b jadi jual bahan bakar minyak baru cara komersial terang eniya lalu produk sampah lain biogas bahan bahan bakar mungkin trending biogas jadi biometana kurang emisi sangat signifikan dapat harga karbon lebih banyak biometana mulai komersialisasi izin menteri esdm sejak akhir cukup izin produksi b b sambung eniya belum menteri koordinator bidang pangan zulkifli hasan sampai tni libat olah sampah jadi bbm juga terima kasih bapak maruli tni angkat darat bantu ubah sampah lama sampah kan baru datang kota bekas baru datang sampah ton jadi gunung banyak nah jadi gunung kelola tni kerja sama pirolisis jadi minyak ujar zulhas bekas rabu tempat sama kepala staf angkat darat kasad jenderal tni maruli simanjuntak kata pihak sama mitra pilih fokus olah sampah lama sudah gunung saat perintah kelola psel akan olah adalah timbun timbun sampah lama ini yang mungkin sekarang belum yang mem betul ada yang partner pak agus pak agus kelola salah satu dirut kembang yang mampu kerja jadi sampah lama bisa ton per hari proses kata maruli sampai proyek pihak butuh lahan capai hektare fasilitas utama tambah area pre treatment tengah hektare tiap tempat dari lahan sebut kira olah sampah lama ton per hari kalau bisa ada lahan bagaimana teknis guna yang mungkin nanti saya akan ulas sedikit bisa segera kerja jadi inti kata maruli tambah proyek akan langsung bantar gebang sumur baru bekas galuga bogor sari mukti bandung jatibarang semarang kata proses pihak temu bagai kendala mulai dari belum sedia lahan proses izin hingga jual hasil olah sampah yang nanti jadi solar jadi inti kalau sudah bisa selesai masalah izin mungkin satu tahun pabrik pabrik bisa jalan pak jadi ini sudah kerja dari sejak april perintah dari presiden sampai dengan sekarang masalah tempat kami belum bisa dapat kalau ini sudah bisa selesai kita go paling lama satu tahun pabrik sudah siap untuk bisa olah sampah ribu ton per hari tiap titik terang,finance
"Operasikan 2.991 Km Pipa Gas & 605 Km Pipa Minyak, Pertagas Genjot Pasokan Energi",https://finance.detik.com/energi/d-8649133/operasikan-2-991-km-pipa-gas-605-km-pipa-minyak-pertagas-genjot-pasokan-energi,"Jumat, 04 Sep 2026 21:40 WIB",ingat hari langgan nasional pt pertamina gas pertagas kuat kualitas layan andal infrastruktur energi tengah butuh langgan makin dinamis komitmen sebut cermin customer satisfaction index csi pertagas tahun capai tingkat banding tahun belum capai tempat tingkat puas langgan pertagas ada kategori sangat puas tingkat puas langgan jadi salah satu indikator penting pertagas evaluasi sekaligus tingkat kualitas layan usaha langgan bukan sekadar terima layan mitra strategis dukung langsung bisnis sekaligus kuat tahan energi nasional direktur komersial pertagas ryrien marisa kata tingkat csi jadi dorong usaha terus hadir alam layan makin baik langgan langgan rupa mitra strategis pertagas percaya beri jadi motivasi terus benah hadir layan lebih baik lebih responsif lebih solutif sesuai butuh langgan tingkat csi jadi salah satu bukti semangat upaya beri alam layan lebih baik terus beri hasil positif ujar pertagas layan butuh energi bagai sektor strategis listrik pupuk jadi segmen langgan besar susul sektor petrokimia oleochemical baja keramik kaca jaring gas kota city gas lalu anak usaha pertagas jangkau langgan sektor hotel rumah sakit kantor hingga rumah sebar sumatera jawa bal energi salur pertagas turut dukung agam aktivitas penting mulai jaga operasional bangkit listrik industri dukung layan sehat giat usaha hingga penuh butuh energi masyarakat jaga andal pasok pertagas terus hadir bagai program bangun dekat langgan program sebut lain customer appreciation day bentuk harga langgan key account management erat engagement bangun loyalitas survei puas langgan laku kala dasar evaluasi baik layan ingin pasti suara langgan benar benar jadi bagi proses baik usaha itu kami terus buka ruang dialog dengar butuh masuk langgan terjemah jadi solusi tingkat layan nyata tambah ryrien percaya langgan jawab pertagas jaga selamat kontinuitas salur andal infrastruktur direktur teknik operasi pertagas agung indri pramantyo tegas bahwa kerja operasional infrastruktur andal rupa bentuk nyata usaha beri layan baik langgan kami andal infrastruktur salah satu bentuk layan paling nyata balik energi sampai langgan dapat komitmen jaga selamat integritas aset kontinuitas salur butuh energi penuh aman sambung ungkap agung ini pertagas operasi jaring panjang kilometer pipa gas bumi kilometer pipa minyak bumi infrastruktur sebut jadi bagi penting dukung lancar distribusi energi jaga konektivitas salur antardaerah hingga semester i pertagas terus jalan layan transportasi gas bumi minyak bumi dukung butuh langgan lancar distribusi energi periode sama salur gas bumi catat capai mmscfd salur minyak bumi capai bopd lini bisnis lain tunjuk capai kerja positif lalu anak usaha usaha patungan ap jv produksi lpg hingga semester i catat capai ton per hari di atas target rkap itu realisasi regasifikasi capai bbtud di atas target rkap,finance
"Penetapan Lahan Pertanian 'Abadi' Capai 87,52%, Selesai 3 Tahun Lebih Cepat",https://finance.detik.com/berita-ekonomi-bisnis/d-8652458/penetapan-lahan-pertanian-abadi-capai-87-52-selesai-3-tahun-lebih-cepat,"Senin, 07 Sep 2026 16:18 WIB",perintah lalu menteri agraria tata ruang badan tanah nasional atr bpn lapor tetap lahan pangan tani lanjut lp b lahan sawah lindung rata rata capai nasional angka jauh lebih tinggi target awal tahun menteri koordinator bidang pangan zulkifli hasan alias zulhas kata tetap lahan tani atas kumulatif nasional penuh tentu atur presiden pres nomor tahun kendali alih fungsi lahan sawah meski tahap catat provinsi capai lp b nya bawah standar riau jambi banten bal kalimantan barat kalimantan timur papua hal perintah sepakat beri tambah waktu perintah provinsi kait segera tingkat capai tetap lahan tani lindung kalau akumulasi nasional penuh nanti pak nusron sampai nah dua provinsi tadi putus kan kurang jadi kasih waktu tambah tetap lebih kasih waktu ujar zulhas konferensi pers kantor jakarta pusat senin meski lama masa tambah tetap zulhas tegas luas lahan tani sudah lindung alih fungsi alias lama guna tani tidak turun tidak kurang itu jadi kunci dulu tidak boleh kurang itu kunci tegas perintah optimistis tetap lahan sawah jadi fondasi utama jaga daulat swasembada pangan nasional pasti ada pasok air lahan tani tetap lindung alih fungsi tidak kendali sempat sama menteri atr kepala bpn nusron wahid sebut angka lahan sawah hasil lindung perintah alih fungsi jadi lp b raih jauh lebih cepat banding rencana awal sudah cantum pres nomor tahun dasar pres nomor tahun rencana bangun jangka tengah tahun pres nomor tahun kendali alih fungsi lahan sawah mana tahun target tetap lp b minimal kata nusron kerja bulan menteri negeri bps semua di bawah bimbing kemenko polkam kemenko pangan alhamdulillah nasional semua pimpin kabupaten kota sudah komitmen tanda tangan sk banyak nasional agregat jadi kerja yang harus selesai tahun bisa selesai tahun lanjut nusron rupa capai yang sangat baik ingat belum audit awal periode tunjuk integrasi lp b dasar rtrw kabupaten kota baru sentuh angka lalu komitmen sama yang kuat surat putus sk kepala daerah target sebut hasil genjot lebih cepat harus tahun tahun tahun januari tahun berangkat awal awal kita hanya lp b dasar rtrw provinsi kemudian kalau acu rtrw kabupaten januari tahun audit kita hanya ujar masih provinsi yang kurang karena amanat yaitu riau jambi banten bal kalimantan barat kalimantan timur papua tadi ada catat dari bps khusus untuk banten bal bisa mungkin sampai karena daerah lahan subur tani tandas,finance
MRT Ungkap Rencana 'Sulap' Kawasan Kota Tua,https://finance.detik.com/infrastruktur/d-8656204/mrt-ungkap-rencana-sulap-kawasan-kota-tua,"Rabu, 09 Sep 2026 23:13 WIB",pt mrt jakarta roda rencana kembang kota tua konsep sama blok m tetap tahan identitas heritage kawasan kembang jalan rencana panjang jalur mrt hingga kota tua kepala divisi business planning expansion mrt jakarta r samuel ryan pradipta pranowo kata kembang kawasan bas transit oriented development tod cukup bangun ruang fisik perlu bareng ruang aktivitas sebut jadi bagi konsep placemaking hidup kawasan hanya bisnis dukung giat masyarakat kota konsep ini terap blok m lanjut kota tua placemaking sendiri rupa proses cipta hidup buah ruang ruang sebut jadi tempat punya fungsi karakter aktivitas makna orang guna area kota tua revitalisasi mudah mudah tetap hidup tahan identitas heritage nya jadi heritage chinatown nya little amsterdam nya nggak hilang tetap area nya buat hidup kombinasi retail komunitas lain bagai ujar samuel acara workshop mrt fellowship wisma nusantara jakarta rabu konsep besar placemaking sendiri kembang kawasan acu karakter demografi kawasan sebut tiap tempat punya soul jiwa jadi identitas sekaligus uni tempat tempat sebut samuel jelas salah satu kunci kembang kawasan konsep ialah lalu activity generation partnership dorong aktivtas libat komunitas kawasan sebut konsep ini akomodasi masyarakat ingin kumpul aktivitas hal blok m milik agam aktivitas komunitas dalam blok m ini terus kembang hanya tempat kumpul beraktivtas jadi pusat kuliner lifestyle blok m identitas kawasan bangun urban youth hub anak muda sekaligus bawa unsur nostalgia generasi dahulu kota tua lanjut samuel elemen glodok pecinan heritage tetap tahan beberapa area kawasan sebut juga kombinasi unsur lebih modern futuristik ingat kawasan glodok juga dulunya kenal pusat elektronik heritage modern rupa sisi lawan kombinasi kawasan sebut kait komunitas apa misal tadi kota tua akan banyak heritage movie seni mungkin komunitas pertama akan target pertama rangkul misal komunitas suka ngelukis art performer jadi placemaking tentu tema komunitas rangkul ikut baru komunitas sesuai tema akan rangkul juga dari luar ujar samuel kembang placemaking sebut nanti akan jalan iring bangun mrt tuju kota tua samuel merincikan kapan revitalisasi kawasan akan mulai ingat ini bangun fokus selesai stasiun thamrin monas target operasi desember revitalisasi kawasan kota tua mungkin akan laku jalur mrt jakarta sambung hingga kawasan sebut adapun dalam rencana besar jalur mrt north south target tembus kota tua datang mulai revitalisasi kawasan kota akan iring jalan dengan target kota buka nah telah extended concourse tahun depan desember mungkin palcemaking dekat di thamrin sama di monas stasiun thamrin monas itu target operasi di bulan desember kata,finance
Garuda Cek Pesawat Sebelum Terbang Lagi Imbas Abu Vulkanik,https://finance.detik.com/berita-ekonomi-bisnis/d-8655135/garuda-cek-pesawat-sebelum-terbang-lagi-imbas-abu-vulkanik,"Rabu, 09 Sep 2026 12:25 WIB",ratus terbang indonesia batal sejak hari minggu kemarin imbas tutup beberapa bandara sebar abu vulkanik aktivitas erupsi gunung anak krakatau terbang baru laku selasa kemarin bandara buka buka bandara jadi bagi penting pulih terbang dampak abu vulkanik pesawat kembali layan tumpang semua maskapai mulai siap kondisi teknis armada lalu periksa bersih awat sesuai tunjuk pabrikan proses laku maskapai pelat merah garuda indonesia armada garuda jalan tangan dasar kondisi hasil periksa masing masing direktur teknik garuda indonesia mukhtaris jelas butuh tangan beda pesawat periksa jadi dasar tentu tindak perlu masing masing pesawat pasti seluruh periksa awat syarat selesai sesuai pandu pabrikan belum pesawat nyata laik terbang kembali layan tumpang ujar mukhtaris terang rabu abu vulkanik perlu tangan khusus partikel tempel muka pesawat maupun masuk area komponen sistem karena tangan cakup bersih bagi lihat periksa area potensi dampak sesuai tunjuk pabrikan pesawat parkir perhati beri bagi atas badan pesawat sayap ekor horizontal tempat abu endap salur masuk udara bagi buka perangkat roda darat periksa apabila pesawat alami papar terbang periksa turut cakup kaca kokpit bagi depan sayap komponen mesin sesuai tentu pabrikan tangan mulai periksa awal bagi luar pesawat mesin salur masuk udara sensor komponen lain potensi dampak hasil jadi acu teknisi tentu area perlu bersih maupun perlu periksa lebih lanjut area dampak kemudian bersih guna metode material sesuai tunjuk pabrikan pilih cara bersih jadi penting jaga kondisi komponen sekaligus cegah abu masuk lebih jauh sistem pesawat hasil periksa tunjuk perlu tangan tambah teknisi lanjut periksa awat sesuai tentu teknis tuju demikian tindak laku ikut butuh pesawat dasar hasil periksa tahap ikut verifikasi kelaikudaraan pasti pesawat penuh syarat teknis operasi aman pesawat hanya kembali layan terbang seluruh kerja syarat selesai status kelaikudaraannya penuh tentu laku upaya jaga kondisi pesawat laku sejak armada ada area potensi dampak koordinasi kelola bandara garuda indonesia laku tindak lindung lalu pasang tutup mesin salur masuk udara sensor komponen lain sesuai instruksi pabrikan langkah lindung periksa bersih awat sebut jadi bagi saling lengkap dalam pasti kesiap armada sama proses ini garuda indonesia terus pantau informasi selamat terbang koordinasi otoritas terbang kelola bandara pihak kait dukung pulih operasional tahap selamat selalu jadi prioritas utama landas tiap putus operasional paham sesuai terbang turut pengaruh rencana waktu harga tumpang percaya yang beri jadi tanggung jawab untuk pasti kesiap pesawat layan tiap jalan dapat kembali lanjut aman dan nyaman tutup mukhtaris lihat juga video imbas erupsi anak krakatau pesawat garuda darat kertajati,finance
"Biaya Produksi Beras RI Rp 12.000/Kg, Thailand Cuma Rp 3.800/Kg",https://finance.detik.com/berita-ekonomi-bisnis/d-8650121/biaya-produksi-beras-ri-rp-12-000-kg-thailand-cuma-rp-3-800-kg,"Minggu, 06 Sep 2026 08:30 WIB",biaya produksi beras indonesia catat sangat tinggi banding negara tetangga thailand vietnam bahkan ongkos produksi beras nasional tiga kali lipat lebih mahal menteri koordinator bidang pangan zulkifli hasan alias zulhas nilai tinggi biaya produksi beras tingkat tani lokal picu rendah produktivitas kualitas varietas belum unggul manajemen tani belum optimal alhasil produksi kilogram kg beras butuh biaya produksi hingga rp lampung dapat kilo beras tani ongkos rp gantung impor latih produktivitas rendah varietas unggul manajemen buruk nggak latih kata zulhas acara lampung financial festival sabtu kondisi lihat cukup prihatin banding efisiensi produksi beras capai negara tetangga thailand vietnam mana dapat kg beras negara hanya butuh modal biaya produksi tara rp thailand vietnam kilo beras ongkos rp jauh sekali jadi produktivitas tiga rp rp masuk bangsa kurang tanggung jawab dong tambah masalah biaya produksi setinggi dapat per kapita warga indonesia lebih rendah negara tetangga thailand arti beli beras murah dapat hari hari tinggi indonesia income per kapita sampai rp thailand income per kapita hampir rp arti thailand lebih kaya orang indonesia bayar makan lebih murah lebih murah bisanabung tutur zulhas sekolah anak lebih bagus dia cukup gizi putra putri hasil lebih tinggi hidup lebih murah hasil lebih kecil bayar lebih mahal makan miskin kurang gizi kurang sarana sarana akhir kalah saing sambung sisi zulhas tegas indonesia bisa langsung gantung impor beras negara tetangga hanya kejar produktivitas semata gantung impor tinggi sangat rugi tani negeri ambil contoh tahun impor beras hampir tengah juta ton kalau impor beras beras impor arti tani indonesia sengsara dapat manfaat jadi sederhana dapat manfaat tani thailand tani vietnam tani india ujar padahal apabila efisiensi tingkat produktivitas segera benah sebut khawatir dapat picu miskin struktural tani lokal indonesia terus kalau tani kita tidak makmur lama lama lama produktivitas rendah kalau produktivitas rendah akan lahir miskin masif lama lama tani lampung tidak punya sawah karena miskin sawah jual gadai dia ubah jadi buruh tani dampak soal makan kemudian apa kita tidak jadi negara kompetitif ujar itu turut perintah terus upaya tingkat sejahtera tani lokal indonesia begitu para tani dapat terus produksi dorong putar ekonomi nasional alhamdulillah kita nggak impor beras boleh tepuk tangan untuk indonesia apa jadi tani kita lebih makmur nilai tukar jadi nilai tukar lebih makmur bisa sekolah anak bisa angsur motor alhamdulillah pungkas zulhas,finance
Zulhas Buka-Bukaan Biaya Produksi Beras RI Jauh Lebih Mahal dari Thailand,https://finance.detik.com/berita-ekonomi-bisnis/d-8649791/zulhas-buka-bukaan-biaya-produksi-beras-ri-jauh-lebih-mahal-dari-thailand,"Sabtu, 05 Sep 2026 15:51 WIB",menteri koordinator bidang pangan zulkifli hasan alias zulhas kata biaya produksi beras negeri sangat mahal banding negara tetangga thailand vietnam bahkan biaya produksi beras domestik tiga kali lebih tinggi zulhas tinggi biaya produksi beras tingkat tani lokal picu rendah produktivitas kualitas varietas belum unggul manajemen tani belum optimal alhasil produksi kilogram kg beras butuh biaya produksi hingga rp lampung dapat kilo beras tani ongkos rp gantung impor latih produktivitas rendah varietas unggul manajemen buruk nggak latih kata zulhas acara lampung financial festival sabtu kondisi lihat cukup prihatin banding efisiensi produksi beras capai negara tetangga thailand vietnam mana dapat kg beras negara hanya butuh modal biaya produksi tara rp thailand vietnam kilo beras ongkos rp jauh sekali jadi produktivitas tiga rp rp masuk bangsa kurang tanggung jawab dong tambah masalah biaya produksi setinggi dapat per kapita warga indonesia lebih rendah negara tetangga thailand arti beli beras murah dapat hari hari tinggi indonesiaincomeper kapita sampai rp thailandincomeper kapita hampir rp arti thailand lebih kaya orang indonesia bayar makan lebih murah lebih murah nabung tutur zulhas sekolah anak lebih bagus dia cukup gizi putra putri hasil lebih tinggi hidup lebih murah hasil lebih kecil bayar lebih mahal makan miskin kurang gizi kurang sarana sarana akhir kalah saing sambung sisi zulhas tegas indonesia bisa langsung gantung impor beras negara tetangga hanya kejar produktivitas semata gantung impor tinggi sangat rugi tani negeri ambil contoh tahun impor beras hampir tengah juta ton kalau impor beras beras impor arti tani indonesia sengsara dapat manfaat jadi sederhana dapat manfaat tani thailand tani vietnam tani india ujar padahal apabila efisiensi tingkat produktivitas segera benah sebut khawatir dapat picu miskin struktural tani lokal indonesia terus kalau tani kita tidak makmur lama lama lama produktivitas rendah kalau produktivitas rendah akan lahir miskin masif lama lama tani lampung tidak punya sawah karena miskin sawah jual gadai dia ubah jadi buruh tani dampak soal makan kemudian apa kita tidak jadi negara kompetitif ujar itu turut perintah terus upaya tingkat sejahtera tani lokal indonesia begitu para tani dapat terus produksi dorong putar ekonomi nasional alhamdulillah kita nggak impor beras boleh tepuk tangan untuk indonesia apa jadi tani kita lebih mamur nilai tukar jadi nilai tukar lebih makmur bisa sekolah anak bisa angsur motor alhamdulillah pungkas zulhas,finance
"Toko Ke-1.400 MR.D.I.Y. Indonesia Resmi Dibuka, Ekspansi Sesuai Target",https://finance.detik.com/berita-ekonomi-bisnis/d-8652061/toko-ke-1-400-mr-d-i-y-indonesia-resmi-dibuka-ekspansi-sesuai-target,"Senin, 07 Sep 2026 13:28 WIB",pt daya intiguna yasa tbk persero mr d i y indonesia idx mdiy resmi buka toko indonesia capai makin kukuh posisi mr d i y indonesia ritel lengkap rumah tangga besar tanah air buka toko tepat semangat raya hari langgan nasional jatuh september hadir mr d i y indonesia lokasi jalan komitmen persero terus hadir makin dekat langgan seluruh nusantara direktur utama mr d i y indonesia edwin cheah kata persero utama dekat customer centric jadi butuh langgan kompas jalan strategi tumbuh persero utama dekat customer centric jadi butuh langgan kompas jalan strategi tumbuh hari langgan nasional jadi momentum tepat terus bukti langgan senantiasa jadi pusat tiap langkah tumbuh mr d i y indonesia ujar edwin terang tulis kamis prinsip customer centric sebut hanya wujud lalu layan toko juga jadi landas luas jaring hadir lokasi refleksi komitmen persero terus tumbuh sama langgan hadir produk hemat lengkap makin dekat keluarga seluruh indonesia capai toko sekaligus tegas konsistensi persero jalan rencana ekspansi sesuai target tahun persero target buka paling toko baru hingga agustus jaring mr d i y indonesia buka toko baru jangkau kota kabupaten provinsi ekspansi masuk area tier kabupaten sorong selatan kabupaten buton tengah panjang juli agustus total banyak toko buka ada luar pulau jawa jumlah toko baru bahkan catat jual jauh atas target awal bulan pertama operasional tunjuk kuat andal mr d i y indonesia langgan indonesia seluruh jaring persero sebut rupa toko diri sendiri standalone stores sisa ada pusat belanja mall based stores lalu jaring makin luas mr d i y indonesia beri akses lebih banyak langgan sekitar pilih produk butuh hari hari komitmen hemat lengkap dekat semarak hari langgan nasional persero turut hadir program kuras produk spesial paling untung harga lebih hemat hingga lebih dari produk pilih dasar bagai butuh persona langgan masuk butuh rapi tata rumah butuh sekolah kreativitas butuh olahraga hobi game butuh perkakas libur butuh fesyen pernak pernik kuras sebut mudah langgan temu produk sesuai butuh hari hari tetap depan prinsip hemat value for money mr d i y indonesia jadi butuh langgan timbang utama tentu kuras produk kembang alam belanja terus dalam analisis pola beli tingkat putar produk ubah minta paham butuh langgan bagai wilayah jelas edwin jaga relevansi pilih produk mr d i y indonesia terus investasi dalam latih kembang kompetensi karyawan masuk paham produk terampil interpersonal investasi ini tuju tahan standar layan konsisten seluruh toko depan mr d i y indonesia terus hadir lebih dekat keluarga indonesia komitmen hadir produk hemat lengkap di tiap toko baru pungkas edwin,finance
"Investasi Emas Kini Bisa Lewat Bursa Efek Indonesia, Ini 5 Produknya",https://finance.detik.com/bursa-dan-valas/d-8648690/investasi-emas-kini-bisa-lewat-bursa-efek-indonesia-ini-5-produknya,"Jumat, 04 Sep 2026 16:53 WIB",bursa efek indonesia bei hadir instrumen investasi emas lalu exchange traded fund etf emas produk mungkin masyarakat dapat eksposur gera harga emas harus beli simpan emas fisik langsung global etf emas bukan rupa produk baru telah lama dagang bagai bursa dunia salah satu alternatif investasi bas emas laksana hari p h kepala divisi kembang bisnis bei edwin hartanto kata etf emas rupa reksa dana unit serta dagang bursa efek indonesia bei investor beli jual lalu usaha sekuritas lama jam dagang bursa investasi etf emas investor cukup milik rekening efek usaha sekuritas sederhana dana himpun investor kelola manajer investasi tempat utama aset bas emas sesuai tentu laku karakteristik sebut gera nilai etf emas umum ikut gera harga emas harga emas tingkat nilai etf emas potensi ikut naik balik harga emas turun nilai alami turun lalu etf emas masyarakat investasi emas cara praktis lalu pasar modal harap makin banyak masyarakat kenal pilih investasi bursa hanya saham bagai instrumen sesuai butuh masing masing ujar terang tulis jumat praktis etf emas tawar transparansi harga bentuk lalu mekanisme dagang bursa pantau langsung lama jam dagang investor dapat beli maupun jual etf emas real time sesuai kondisi pasar produk dapat jadi salah satu pilih diversifikasi portofolio sebar investasi beberapa jenis aset tidak gantung satu instrumen hal relevan gera harga emas kondisi tentu dapat beda instrumen investasi lain masyarakat ingin investasi sesuai prinsip syariah etf emas juga dapat jadi pilih produk terbit dasar prinsip syariah sesuai dengan fatwa dsn mui nomor dsn mui viii etf syariah emas tentu unit serta etf syariah emas dukung emas fisik simpan khusus tetap penuh prinsip prinsip syariah itu kembang etf emas juga telah dukung regulasi otoritas jasa uang ojk lalu pojk nomor tahun regulasi sebut buka jalan terbit etf emas indonesia beri landas hukum kembang produk hal tunjuk industri sambut positif hadir etf emas pilih investasi baru masyarakat meski tawar bagai mudah etf emas tetap rupa instrumen investasi nilai ikut gera harga emas itu investor perlu paham karakteristik produk tuju investasi profil risiko putus investasi reksa dana syariah premier etf gold sharia indonesia xgld terbit pt indo premier investment management reksa dana syariah trimegah syariah etf emas xtra terbit pt trimegah asset management reksa dana syariah mandiri etf emas xmes terbit pt mandiri manajemen investasi reksa dana syariah bri mi gold etf syariah xdes terbit pt bri manajemen investasi reksa dana syariah syailendra etf sharia gold xsgo yang terbit pt syailendra capital,finance
"Harpelnas 2026, Direksi BSI Turun Langsung Sambut & Layani Nasabah",https://finance.detik.com/moneter/d-8649020/harpelnas-2026-direksi-bsi-turun-langsung-sambut-layani-nasabah,"Jumat, 04 Sep 2026 20:12 WIB",ingat hari langgan nasional harpelnas jajar direksi pt bank syariah indonesia persero tbk bsi layan nasabah langsung jumlah kantor cabang jadi bentuk apresiasi sekaligus upaya bsi hadir layan utama butuh nasabah giat usung tema think customer direktur utama bsi anggoro eko cahyo langsung sambut nasabah datang kantor cabang the tower turut damping tugas frontliner layan butuh nasabah damping sevp operations ana nurul khayati anggoro dialog nasabah dengar harap masuk bagi upaya tingkat kualitas layan sembari serah bingkis apresiasi sapa unjung turut damping tugas customer service maupun teller beri layan tamu hadir kepala badan pusat statistik amalia adininggar widiasanti selamat datang terima kasih jadi nasabah bsi ujar anggoro terang jumat anggoro wakil direktur utama bsi bob t ananta sambut nasabah bsi tower jelas transformasi teknologi informasi laku mei layan bsi kini makin cepat aman andal itu sevp funding transaction ida triana widowati sambut nasabah kantor cabang bsi jakarta barat anggoro kata segenap jajar direksi bsi terima kasih nasabah setia tumbuh sama bsi usung tema terima kasih telah tumbuh sama setia amanah kami jaga sepenuh hati harpelnas tahun jadi momentum bsi apresiasi lebih juta nasabah telah tumbuh sama usaha ungkap percaya nasabah rupa motivasi bsi terus inovasi tingkat kualitas layan seluruh kanal bsi terus upaya hadir alam perban syariah aman nyaman mudah andal seluruh nasabah rangkai harpelnas bsi luncur film pendek antara ibu kopi mimpi film angkat kisah orang pemuda juang lanjut didik rintis usaha kedai kopi harpelnas jadi momentum kami sapa nasabah setia sekaligus hadir bagai promo program spesial bentuk apresiasi atas percaya telah beri bsi ungkap anggoro ini seluruh kanal layan bsi telah integrasi hadir alam transaksi makin seamless nasabah layan tatap muka bsi dukung kantor cabang seluruh indonesia nasabah utama mudah digital sedia aplikasi byond by bsi internet banking atm crm cash recycling machine layan bsi call portal resmi bsiwww bankbsi co id anggoro ungkap tumbuh jumlah nasabah konsisten tahun lepas transformasi jalan bsi upaya sebut kuat lalu dukung danantara indonesia hasil transformasi sebut cermin tingkat jumlah nasabah bsi kini capai juta guna aplikasi byond by bsi telah tembus juta guna upaya bsi layan nasabah wujud lalu bagai program daya masyarakat upaya ini liput partisipasi program magang nasional selenggara bsi scholarship kembang desa bsi hingga salur bantu sosial zakat masyarakat butuh lalu bagai inisiatif sebut bsi harap terus tumbuh sama masyarakat beri manfaat makin luas bagi negeri,finance
"Investasi Energi Bersih RI Naik-Turun, ESDM Ungkap Apa yang Terjadi",https://finance.detik.com/energi/d-8653341/investasi-energi-bersih-ri-naik-turun-esdm-ungkap-apa-yang-terjadi,"Selasa, 08 Sep 2026 10:30 WIB",perintah terus genjot kembang energi baru baru konservasi energi ebtke bagi upaya cepat transisi tuju sistem energi lebih bersih bagai bangun infrastruktur bangkit listrik tenaga surya kembang kendara listrik manfaat panas bumi bioenergi hingga bagai program efisiensi energi terus kebut proses sebut direktur jenderal energi baru baru konservasi energi ebtke tri energi sumber daya mineral esdm eniya listiani dewi kata perlu dukung bagai pihak tingkat investasi implementasi ebtke ini hingga ini capai kembang energi baru baru konservasi energi grafik naik turun data lihat grafik memang naik capai investasi implementasi memang kadang kadang koreksi bahkan triwulan pertama kemarin sekarang koreksi sedikit ujar eniya terang tulis selasa lebih jauh eniya apresiasi pihak ikut dorong libat aktif baik individu maupun korporat milik komitmen kembang energi baru baru bahkan pihak sambut baik beberapa kampus libat program sebut mana ada universitas guru tinggi overlay sebar ebt titik mana universitas mana jadi center of excellence plts misal tambah eniya acara apresiasi ebtke perintah beri harga jumlah usaha guru tinggi individu nilai milik kontribusi kembang energi baru baru konservasi energi kategori women in clean energy beri mada ayu habsari asosiasi energi surya indonesia aesi nilai milik komitmen kontribusi nyata kembang energi bersih inovasi pimpin daya masyarakat cepat transisi energi indonesia lalu organisasi mada jalan komitmen kembang energi bersih lama ini jadi area male domination libat banyak kerja perempuan mada ayu habsari transisi energi butuh kontribusi semua pihak masuk perempuan aku kenal perempuan telah kontribusi energi bersih dekarbonisasi dapat tingkat visibilitas bagai role model sekaligus dorong lebih banyak perempuan libat sektor energi ujar mada rita kefi yayasan humanis terima harga subkategori changemaker di mana rita kefi lembaga terjun lapang laku literasi latih kaum perempuan metode gambar mereka sekolah bisa libat giat latih kontribusi rita organisasi refleksi perspektif transisi energi boleh henti soal teknologi turun emisi ubah sistem energi juga harus perhati siapa dapat akses siapa libat ambil putus siapa oleh manfaat sosial maupun ekonomi transisi sebut perempuan lain juga terima awarding momen adalah novia utami putri politeknik negeri lampung terima harga subkategori innovator kiprah novia lihat penting peran perempuan dorong inovasi kembang solusi energi bersih aplikatif saat sama didik vokasi jadi bagi penting siap sumber daya manusia mampu jawab butuh sektor energi terus ubah lihat juga video jk anak temu prabowo bicara investasi energi rp triliun,finance
Biang Kerok Sulitnya Kembalikan Aset Negara,https://finance.detik.com/berita-ekonomi-bisnis/d-8654631/biang-kerok-sulitnya-kembalikan-aset-negara,"Rabu, 09 Sep 2026 07:25 WIB",badan pulih aset bpa jaksa agung ungkap jumlah kendala hambat proses pulih aset negara salah satu beda persepsi kait tetap status barang temu buat proses eksekusi aset jadi lambat kepala bpa patris yusrian jaya kata beda sebut temu pihak adil soal muncul bpa hendak dapat tetap status atas barang temu aset sebut eksekusi kendala hadap badan pulih aset pertama kena status barang temu lapang beda persepsi teman teman adil tetap status barang temu eksekusi lambat bahkan selesai sama sekali kata patris rapat sama komisi iii dpr ri kompleks parlemen selasa ungkap aset rampas negara masuk proses lelang catat laku tak kunjung dapat tawar patris sebut tinggi nilai limit jadi salah satu sebab aset sebut sulit jual harga aset rampas lama nilai dasar harga pasar barang umum serta lelang cenderung buru aset rampas harap bisa dapat bawah harga pasar tentu limit kadang kadang terlalu tinggi barang barang rampas nilai barang barang umum nilai pasar bagi beli harap lelang salah satu harga lebih murah akibat waktu lelang sekian persen rata rata barang lelang tidak ada tawar ungkap patris tambah atur menteri uang atur nilai ulang barang sebut baru laku tiga bulan kemudian lama tunggu proses nilai ulang negara harus tanggung biaya kelola pelihara barang rampas bahkan harga limit turun lelang ikut ada jamin barang sebut jual kondisi sebut akhir sebab tumpu aset rampas belum selesai lalu mekanisme lelang bpa juga hadap kendala lelang kendara motor asal sita eksekusi salah satu kait terbit surat baru kendara barang sebut jual polisi syarat putus adil terbit surat kendara baru putus adil milik jumlah perkara atur wajib pidana bayar uang ganti umum putus adil kita pegang cara umum beri wajib pidana bayar uang ganti selesai wajib kami laku sita sita laku kendara motor sini alami sulit karena belum ada sinkron atur polisi di uang di jaksa tutup meski bpa catat hasil setor rp triliun kas negara tiga tahun akhir dana sebut asal hasil selesai aset masuk lelang aset rampas untuk negara kurun waktu sebut bpa selesai banyak aset selesai laku lalu jumlah mekanisme mulai lelang musnah hingga serah aset pihak hak kasus investasi bodong adapun capai kerja badan pulih aset tiga tahun akhir semenjak bpa ini bentuk hasil selesai dalam bentuk laku lelang setor kas negara musnah kemudian lelang serah para pihak yang hak dalam kasus investasi bodong banyak aset sebut patris,finance
"Purbaya Ajukan Anggaran Rp 49,8 Triliun Tahun Depan, buat Apa Aja?",https://finance.detik.com/berita-ekonomi-bisnis/d-8652405/purbaya-ajukan-anggaran-rp-49-8-triliun-tahun-depan-buat-apa-aja,"Senin, 07 Sep 2026 15:55 WIB",menteri uang menkeu purbaya yudhi aju pagu anggar menteri uang kemenkeu besar rp triliun anggar sebut alokasi lima program pagu anggar menteri uang tahun anggar usul besar rp ujar purbaya rapat kerja komisi xi dpr senin laksana kemenkeu jalan lima program utama pertama program bijak fiskal sektor uang ekonomi anggar besar rp miliar dua kelola terima negara besar rp triliun tiga program kelola belanja negara besar rp miliar empat program kelola bendahara kaya negara risiko besar rp miliar program dukung manajemen rp triliun lima program sebut rancang kuat peran kemenkeu awal delapan klaster program kerja prioritas nasional pkpn daulat pangan mandiri energi air didik sehat turun miskin hilir industrialisasi infrastruktur rumah tahan bencana ekonomi rakyat desa laksana prioritas sebut kuat bagai enabler lain tahan aman tega hukum tata kelola digitalisasi diplomasi ekonomi program bijak fiskal sektor uang ekonomi pihak kuat harmonisasi debottlenecking dukung akselerasi investasi transformasi ekonomi masuk hilir industri strategis itu kelola terima negara arah kuat integrasi proses bisnis ekspor impor logistik tingkat lifting migas kuat awas kualitas layan paja sisi belanja negara kemenkeu kuat kelola uang negara daerah masuk lalu modernisasi sistem anggar tingkat kapasitas kelola uang daerah adapun kelola bendahara kaya negara risiko kemenkeu dukung mandiri energi lalu jamin perintah cepat investasi infrastruktur lalu biaya kreatif optimal kelola barang milik negara bmn transformasi digital kuat proses bisnis jadi bagi rencana kerja ta lalu program dukung manajemen agenda sebut cakup kembang indonesia national single window kuat coretax system smart customs and excise system sistem tangan tindak pidana paja digitalisasi proses bisnis lalu office automation kemenkeu purbaya tegas bagai program sebut rupa bagi upaya jaga apbn tetap mampu jalan peran instrumen bangun sekaligus lindung ekonomi masyarakat apbn terus jaga tetap sehat kredibel lanjut mampu fungsi optimal shock absorber dukung agenda bangun instrumen wujud sejahtera masyarakat tambah adapun hingga semester i dapat negara realisasi besar rp triliun tumbuh tahun belanja negara capai rp triliun tumbuh sisi biaya realisasi capai rp triliun tumbuh tahun capai kerja menteri uang tahun positif jadi fondasi susun rencana kerja tahun baik kelola apbn terus laku lalu reformasi sistem paja bea cukai cepat belanja fokus program beri multiplier effect tumbuh sejahtera jaga defisit utang batas aman jelas purbaya periode sebut pihak selesai adu debottlenecking cegah selundup emas batang besar kilogram implementasi cerdas artifisial awas under invoicing sektor biaya salur biaya ultra mikro umi capai rp triliun,finance
Ekonom Nilai Fasilitas CA-EDC US$ 800 Juta Perkuat Industri Kimia Nasional,https://finance.detik.com/berita-ekonomi-bisnis/d-8649038/ekonom-nilai-fasilitas-ca-edc-us-800-juta-perkuat-industri-kimia-nasional,"Jumat, 04 Sep 2026 20:27 WIB",pt chandra asri pacific tbk chandra asri group lalu anak usaha pt chandra asri alkali caa bangun fasilitas chlor alkali ethylene dichloride ca edc nila lebih us juta bangun fasilitas jadi langkah strategis kuat kapasitas industri kimia nasional proyek dapat dukung investasi danantara indonesia indonesia investment authority ina mitra strategis progres bangun hingga juli capai proyek target mulai operasi direktur eksekutif indef esther sri astuti nilai bangun fasilitas ca edc milik arti strategis industri nasional turut tingkat produksi bahan kimia krusial soda kaustik edc domestik kuat pasok sekaligus tekan gantung impor hadir fasilitas kuat substitusi impor bahan kimia krusial soda kaustik ethylene dichloride tingkat produksi negeri tahan pasok industri domestik makin kuat gantung pasok luar negeri dapat tekan ujar esther terang tulis jum at signifikansi ca edc makin besar produk hasil rupa bahan baku penting bagai sektor industri sedia bahan baku sebut negeri beri pasti pasok sekaligus kuat daya saing industri hilir esther dampak proyek ca edc tidak henti kurang impor fasilitas sebut milik peran cepat hilir industri produk hasil jadi bahan baku bagai industri apabila rantai pasok libat umkm laku usaha lokal multiplier effect nya akan makin besar baik lalu cipta lapang kerja maupun bentuk ekosistem industri kimia lebih kuat jelas sisi substitusi impor produksi soda kaustik cair ca edc potensi ganti impor hingga ribu ton per tahun nilai us juta rp triliun itu produksi edc arah pasar ekspor potensi hasil devisa hingga us juta rp triliun per tahun kombinasi substitusi impor potensi ekspor sebut jadi ca edc milik kontribusi strategis ekonomi nasional proyek potensi tempat indonesia posisi lebih kuat rantai pasok industri kimia regional global itu proyek serap tenaga kerja konstruksi kerja operasi penuh aktivitas proyek potensi dorong tumbuh sektor dukung masuk logistik distribusi simpan jasa industri chandra asri group kembang infrastruktur distribusi simpan logistik dukung ca edc kuat integrasi rantai pasok persero juga siap studi layak ca edc tahap ii estimasi investasi sekitar us miliar kuat ekosistem industri kimia nasional proyek investasi lebih us juta peran penting dukung tahan bahan baku nasional tekan gantung impor itu fasilitas sebut dorong hilir cipta devisa serap tenaga kerja bangun industri integrasi perspektif sebut ca edc jadi salah satu bagi penting dalam kuat fondasi industri nasional sekaligus tegas peran chandra asri main strategis dalam jaga lanjut pasok bahan baku industri indonesia bangun fasilitas ca edc penting kuat fondasi industri manufaktur nasional langkah sekaligus tegas peran chandra asri group pasok strategis bahan baku industri indonesia,finance
Buruh Minta Upah Minimum Tahun Depan Naik 7-9%,https://finance.detik.com/berita-ekonomi-bisnis/d-8652460/buruh-minta-upah-minimum-tahun-depan-naik-7-9,"Senin, 07 Sep 2026 16:22 WIB",kalang buruh mulai hitung besar naik upah minimum tahun jumlah kelompuk buruh usul naik upah minimum naik besar hingga presiden konfederasi serikat kerja indonesia kspi said iqbal usul naik upah minimum tetap timbang inflasi tumbuh ekonomi indeks tentu alfa usul indeks alfa besar buruh usul naik upah minimum dasar inflasi tumbuh ekonomi indeks tentu indeks tentu kami usul buruh tidak tidak kspi ksp pb kata said kompleks dpr ri senayan jakarta senin kira inflasi ada kisar rata rata tumbuh ekonomi dasar hitung sebut said kira naik upah minimum ada kisar hingga kalau ambil rata rata tumbuh ekonomi tambah inflasi sekian persen udah ketemu tuh kira kira kali aja alfa bisa kira naik upah minimum adalah kisar jelas bagai informasi hitung naik upah minimum guna formula inflasi tumbuh ekonomi x alfa perintah tetap rentang alfa besar alfa rupa indeks tentu gambar kontribusi tenaga kerja tumbuh ekonomi besar alfa jadi salah satu komponen tentu persentase naik upah minimum said tegas usul upa kira besar usul tunggu data resmi badan pusat statistik bps kena inflasi tumbuh ekonomi jadi dasar hitung upah minimum tunggu lapor resmi bps inflasi tumbuh ekonomi hitung bukan tahun kalender tahun takwim september oktober arti tunggu bps kan belum tau september oktober berapa inflasi berapa tumbuh ekonomi jelas usul bagi kategori itu presiden konfederasi serikat kerja nusantara kspn ristadi sorot senjang upah minimum antardaerah nilai makin lebar ristadi contoh upah minimum cirebon rp juta kota bekas capai rp juta selisih lebih misal cirebon rp juta kota bekas rp juta sudah masuk ekstrem cara prinsip kspn sedang minta reformasi atur upah minimum lalu uu ketenagakerjaan baru sedang proses bahas dpr kata ristadi hubung dengan skema sebut kerja sektor industri jenis milik upah minimum sama seluruh indonesia sistem sebut nilai beri adil kerja sekaligus cipta saing lebih sehat usaha apabila sistem upah tahun depan guna formula laku ini kspn usul persentase naik disamaratakan seluruh indonesia kspn usul naik upah minimum bagi jadi tiga kategori ikut rinciannya upah minimum atas rp juta x bulat upah minimum rp juta sampai dengan rp juta x bulat upah minimum bawah rp juta x,finance
Danantara soal BGN Pindah ke Gedung Telkom: Disewa di Atas Harga Pasar,https://finance.detik.com/berita-ekonomi-bisnis/d-8655752/danantara-soal-bgn-pindah-ke-gedung-telkom-disewa-di-atas-harga-pasar,"Rabu, 09 Sep 2026 17:32 WIB",coo danantara sekaligus kepala bp bumn dony oskaria buka suara soal gedung merah putih gmp milik telkom kawasan gatot subroto jakarta bakal tempat badan gizi nasional bgn beberapa bulan depan dony sampai sebut rupa bagi optimalisasi aset milik telkom lalu kaji internal usaha kan corporate action satu pertama sudah timbang jadi lihat kadang kadang kan lihat sisi negatif optimalisasi aset sudah laku sudah kaji telkom laku ujar dony temu kantor menteri uang jakarta rabu sampai bgn tak merta pindah saja bayar biaya sewa kata dony sewa gedung sebut laku lalu transaksi bisnis normal mana nilai kantor jasa nilai publik kjpp pasti harga transaksi bahkan dony sebut nilai sewa gedung merah putih bgn ada atas harga pasar tetapi proses sewa karena usaha buka lewat tadi bentur penting jadi ada kjpp nya market price nya saya dengar harga atas harga pasar sewa paling penting ujar dony jadi jangan lihat gedung jadi kadang kadang kan lihat tuh memang ada masalah apa gedung sewa kan banyak ojk sewa gedung mana sewa gedung normal aja sambung belum pt telkom indonesia persero tbk telkom sambut positif rencana manfaat gedung graha merah putih gmp badan gizi nasional bgn skema business to business b b langkah sewa jadi bagi strategi leveraging asset usaha optimal aset properti sekaligus buka peluang dapat baru konektivitas digital direktur utama telkom dian siswarini sampai bahwa skema bisnis jalan proporsional tetap depan tata kelola usaha baik good corporate governance telkom group rencana sewa gedung gmp oleh bgn rupa bentuk leveraging asset dapat hadir peluang bisnis baru masuk lalu sedia layan konektivitas solusi digital unggul milik ujar dian terang selasa jumlah unit yang kait sebar bagai lokasi kerja jakarta lalu tata kami cipta lingkung kerja yang lebih integrasi sesuai stream masing masing unit harap ini dapat buat kolaborasi jadi lebih mudah proses kerja makin efektif produktivitas karyawan makin tingkat jelas dian proses transisi tempat ruang kerja bgn gmp laku tahap seluruh bahas negosiasi rampung telkom pasti aman selamat nyaman operasional karyawan tetap jadi prioritas utama dasar hasil survei diskusi sama telkom bgn sampai rencana manfaat gmp untuk ruang kerja beberapa fasilitas workstation standar manfaat sebut laku proses tata unit unit telkom pindah alat kerja existing lokasi yang telah pakat sama lanjut dian tonton juga video maaf minum rasa susu hingga kental manis larang masuk menu mbg,finance
Waskita Karya Rampungkan Restrukturisasi Utang Usai RUPO Disetujui,https://finance.detik.com/berita-ekonomi-bisnis/d-8648161/waskita-karya-rampungkan-restrukturisasi-utang-usai-rupo-disetujui,"Jumat, 04 Sep 2026 12:42 WIB",pt waskita karya persero tbk ada rapat umum pegang obligasi rupo agenda sebut pegang obligasi tuju seluruh usul restrukturisasi obligasi iii tahap iv tahun salah satu kena panjang tenor tuju hasil rupo peluang buka suspensi saham waskita makin besar usaha kode saham wskt komitmen penuh wajib sesuai tentu direktur uang waskita karya wiwi suprihatno nyata persero terus lanjut kuat struktur uang depan prinsip transparansi tata kelola baik belum waskita telah jalan master restructuring agreement mra telah pakat bank sejak akhir lalu persero hasil turun utang banyak total nilai jadi besar rp triliun rp triliun waskita sukses turun utang vendor past due catat hingga kurun waktu sekitar empat tahun rp triliun jadi rp miliar per semester i angka tunjuk serius usaha bayar wajib mitra usaha akan terus konsisten penuh wajib sisa langkah tanggung jawab sekaligus dukung mitra sudah bantu untuk selesai agam proyek infrastruktur ujar wiwi terang tulis jumat wajib atas pajak past due telah selesai begitu per waskita karya lagi milik utang pajak past due tambah percaya mang penting stakeholders sisi kerja uang waskita catat dapat usaha besar rp triliun year on year yoy semester pertama tahun nilai sebut lesat periode sama hanya rp triliun tingkat dapat dorong produksi proyek sekolah rakyat sr jaring irigasi menteri kerja umum pu capai turut bukti restrukturisasi finansial jalan iring baik kerja operasional jelas wiwi tengah proses tingkat kerja terus langsung waskita percaya kerja jumlah proyek strategis hanya sr jaring irigasi juga bendung rumah sakit lrt jakarta fase b hingga bandara internasional presidente nicolau lobato timor leste wiwi sebut nilai kontrak baru nkb kumpul juni tembus rp triliun oleh dominasi kerja konektivitas banyak lalu susul infrastruktur air besar selektif pilih proyek akan kerja bagi manajemen risiko waskita karya hindar proyek turnkey maupun investasi fokus proyek skema monthly payment milik uang muka tutur wiwi depan lanjut wiwi waskita karya tetap fokus pulih giat operasional inti kembali core business kontraktor murni persero pun terus komunikasi daya anagata nusantara danantara bagai kelola investasi negara hadir danantara beri perspektif baru pulih tumbuh waskita antara optimalisasi aset tol dukung peta jalan konsolidasi bumn konstruksi kata wiwi wiwi tegas waskita karya optimis seluruh langkah strategis laku kuat kerja lanjut daya saing usaha begitu peran lebih besar ekonomi nasional,finance
Bencana Jadi Beban Ekonomi Negara?,https://finance.detik.com/berita-ekonomi-bisnis/d-8655321/bencana-jadi-beban-ekonomi-negara,"Rabu, 09 Sep 2026 14:45 WIB",ada jalur cincin api indonesia bilang bukan datang baru negara sering datang bencana mulai gempa erupsi hingga banjir indonesia khatam peristiwa peristiwa alam sebut tidak salah perintah siap anggar logistik mitigasi tanggulang bencana alam kait sebut baru baru presiden prabowo siap angka anggar baru bencana ungkap prabowo ratas kembang tangan bencana alam virtual istana merdeka prabowo sebut deret bencana jadi belakang rupa takdir sekaligus jadi ajar indonesia ajar bagi perintah pimpin alokasi anggar mitigasi bencana tambah signifikan kira hadap ada depan kita lebih mampu lanjut prabowo tanggap sebut menteri uang ri purbaya yudhi sadewa anggar kelola badan nasional tanggulang bencana bnpb pihak tunggu hitung bnpb lebih soal tambah anggar kita tingkat sesuai minta kan bnpb hitung kita lihat apa hitung bnpb kan sekarang saya belum terima ujar purbaya kutip senin berapa angka kita usaha maksimal mungkin jangan ngaco hitung gitu aja lanjut meja parlemen rencana sebut sambut baik ketua dpr ri puan maharani nyata sepakat lama anggar sebut manfaat bagi masyarakat soal bencana negara memang perlu perhati masak masak soal anggar sebab rusa infrastruktur lambat ekonomi hingga dampak psikologis masyarakat muara beban fiskal moneter negara lalu jauh mana bencana jadi beban ekonomi negara berapa anggar ideal butuh buah negara memitigasi dampak bencana simak ulas detiksore sama ekonom senior indef tauhid ahmad alih berita nusantara proses cari lima jurnalis lapor hilang liput aktivitas gunung anak krakatau air selat sunda pasuk hari dua kantor sar banten siap pesawat awak termal drone luas lokasi cari temu lima orang sebut tim sar gabung akan kembali lanjut cari hari ikut luas area sisir sesuai hasil evaluasi kondisi lapang ungkap kepala kantor cari tolong banten al amrad kutip detiknews para jurnalis sebut dapat tiga orang lain rupa awak kapal apa kembang baru dari cari lima jurnalis apa upaya sudah laku tim sar simak lapor lengkap sama jurnalis jelang petang detiksore akan kembali bedah strategi cari cuan tengah volatilitas pasar saham meski ihsg angsur baik pada naik fluktuasi tipis perlu hadap kondisi ini peka perlu milik orang investor lalu apa strategi keruk untung masa masa pasar saham tidak tentu saat ini simak ulas sunsetalk detiksore ikut terus berita baru mutu dari detiksore tonton tayang langsung lewat bagai platform media sosial jangan lupa follow detiksore instagram tiktok detiksore cuma hore hore,finance
"KAI Buka Lowongan 2026, Lulusan SMA-S1 Bisa Daftar Jadi Masinis hingga Kondektur",https://finance.detik.com/bumn/d-8648178/kai-buka-lowongan-2026-lulusan-sma-s1-bisa-daftar-jadi-masinis-hingga-kondektur,"Jumat, 04 Sep 2026 12:52 WIB",pt kereta api indonesia persero kai sama kai group buka rekrutmen eksternal tahun mulai hari jumat lowong kerja kai buka lulus slta diploma d diploma sarjana d s daftar laku online lalu portal resmi rekrutmen kai group karier kai id portal sebut jadi satu kanal rekrutmen kai anak usaha informasi lowong syarat daftar hingga tahap seleksi akses lalu satu platform vice president corporate communication kai anne purba kata rekrutmen sebut laku kuat sumber daya manusia sdm dukung operasional layan kembang bisnis perkeretaapian kai group buka sempat generasi muda indonesia bangun karier sekaligus kontribusi kembang perkeretaapian nasional talenta gabung peran jaga andal operasional tingkat kualitas layan masyarakat ujar anne terang resmi jumat rekrutmen eksternal tahun kai group buka lowong bagai bidang posisi sedia cakup operasional sarana prasarana layan sehat administrasi logistik hingga legal lulus slta sedia posisi kondektur masinis pelihara sarana prasarana lulus d posisi sedia liput kondektur operasional cakup masinis asisten ppka operator kpjr pelihara sarana prasarana paramedis administrasi kemudian lulus d s ikut seleksi jumlah posisi administrasi legal staf logistik bangun tugas negative check sintelis fasilitas posisi milik syarat kualifikasi beda sesuai butuh usaha seluruh informasi kena formasi syarat tahap seleksi umum resmi rekrutmen eksternal kai group tahun akses lalu portal karier kai id anne tegas proses rekrutmen kai group laku transparan tidak pungut biaya masyarakat minta waspada pihak mengatasnamakan kai group janji kelulus minta jumlah uang kai group pasti proses rekrutmen laksana transparan bebas biaya masyarakat imbau hati hati pihak mengatasnamakan kai group janji kelulus minta jumlah imbal kelulus serta sepenuh tentu dasar hasil seleksi sesuai tentu ujar anne bagi cari kerja ingin ikut rekrutmen kai group ikut tata cara daftar akses portal resmi rekrutmen kai group lalu karier kai id pilih menu daftar sekarang masuk email aktif guna daftar buat kata sandi minimal karakter diri atas huruf kapital angka simbol pilih menu buat akun aktivasi akun lalu kode verifikasi kirim email daftar akun verifikasi ke halaman utama pilih menu masuk lengkap data diri unggah dokumen dukung sesuai syarat pilih posisi sesuai laku apply sesuai jadwal rekrutmen anne ajak masyarakat penuh syarat siap diri ikut proses seleksi lalu kanal resmi kai group ajak talenta baik indonesia siap diri ikut proses rekrutmen lalu kanal resmi kai group hadir sdm kompeten jadi bagi penting kembang layan bisnis perkeretaapian makin andal relevan butuh masyarakat tutup anne,finance
"Jalur Ketapang-Gilimanuk Diserbu Kendaraan, Antrean Sempat Tembus Belasan Km",https://finance.detik.com/berita-ekonomi-bisnis/d-8651834/jalur-ketapang-gilimanuk-diserbu-kendaraan-antrean-sempat-tembus-belasan-km,"Senin, 07 Sep 2026 11:30 WIB",padat kendara jadi layan angkut seberang ketapang gilimanuk bahkan panjang antre kendara sempat ular bas kilometer km general manager pt asdp indonesia ferry persero ketapang media syahrianto kata atrean panjang sempat jadi ruas jalan tuju labuh gilimanuk bal hingga km minggu kemarin kondisi padat pasang surut lebih lanjut sisi ruas tuju labuh ketapang jawa timur padat sempat jadi hingga bas kilometer minggu kemarin padat masih jadi pagi hari namun panjang antre mulai surut hingga km ekor antre watudodol sisi gilimanuk sekarang ekor antre area manuver hanya beberapa ratus meter belum masuk labuh jelas media senin per hari senin pukul antre kendara belum sempat capai bas kilometer kini hasil urai tahap hingga sisa sekitar kilometer tuju labuh ketapang ekor antre sekitar watudodol ujar ia kata padat mulai jadi tingkat volume kendara guna jasa dua labuh sisi sama dapat bangun tingkat kapasitas dermaga sisi labuh gilimanuk maupun ketapang kondisi sebut kemudian sebab waktu tunggu kendara jadi lebih panjang antre kendara sempat ular hingga beberapa kilometer tuju labuh ketapang ujar atas masalah asdp koordinasi intensif seluruh mang penting langsung laku langkah langkah cepat urai antre salah satu optimal kapasitas kapal operasi pada lintas ketapang gilimanuk kapasitas angkut lebih besar kemudian asdp sama balai kelola transportasi darat bptd terap pola operasional tiba bongkar berangkat tbb cepat waktu layan kapal labuh lalu sama polisi laku atur rekayasa arus kendara sama stakeholder kait lebih lanjut asdp sama kantor syahbandar otoritas labuh ksop cepat terbit surat tuju layar spb tetap depan aspek aman selamat akhir lanjut beri service recovery upa makan berat snacks minum kemudi truk dampak tampung bufferzone bulus langkah lanjut mitigasi asdp terus evaluasi pola operasional jalan laku sesuai apabila perlu tuju utama cepat layan kurang waktu tunggu beri pasti nyaman lebih baik guna jasa ujar cukup asdp siap langkah lanjut upa operasi kapal bantu kmp jatra i lintas ketapang gilimanuk hal asdp relokasi kmp portlink lintas tg wangi lembar layan truk tuju lombok asdp imbau seluruh guna jasa tetap ikut arah atur tugas di lapang proses urai antre jalan tertib optimal imbau media kalah penting guna jasa yang telah milik tiket belum seberang akibat kondisi force majeure ini tidak perlu khawatir tiket hangus guna jasa tetap kami layan seberang sesuai tentu yang laku pungkas,finance
Alasan Buruh Minta Upah Naik 9% Tahun Depan,https://finance.detik.com/berita-ekonomi-bisnis/d-8652992/alasan-buruh-minta-upah-naik-9-tahun-depan,"Selasa, 08 Sep 2026 06:30 WIB",serikat buruh mulai usul naik upah minimum tahun dasar hitung laku buruh usul upah tahun depan naik besar presiden konfederasi serikat kerja indonesia kspi said iqbal naik upah minimum timbang inflasi tumbuh ekonomi indeks tentu alfa nilai alfa usul buruh usul naik upah minimum dasar inflasi tumbuh ekonomi indeks tentu indeks tentu kami usul buruh tidak tidak kspi ksp pb kata said kompleks dpr ri senayan jakarta senin kira inflasi ada kisar rata rata tumbuh ekonomi dasar hitung sebut said usul naik upah minimum ada kisar kalau ambil rata rata tumbuh ekonomi tambah inflasi sekian persen udah ketemu tuh kira kira kali aja alfa bisa kira naik upah minimum adalah kisar jelas bagai informasi hitung naik upah minimum guna formula inflasi tumbuh ekonomi x alfa perintah tetap rentang alfa besar alfa rupa indeks tentu gambar kontribusi tenaga kerja tumbuh ekonomi besar alfa jadi salah satu komponen tentu persentase naik upah minimum said tegas usul upa kira besar usul tunggu data resmi badan pusat statistik bps kena inflasi tumbuh ekonomi jadi dasar hitung upah minimum tunggu lapor resmi bps inflasi tumbuh ekonomi hitung bukan tahun kalender tahun takwim september sampai oktober arti tunggu bps kan belum tau september oktober berapa inflasi berapa tumbuh ekonomi jelas sementara presiden konfederasi serikat kerja nusantara kspn ristadi sorot senjang upah minimum antardaerah nilai makin lebar ristadi contoh upah minimum cirebon rp juta kota bekas capai rp juta selisih lebih misal cirebon rp juta kota bekas rp juta sudah masuk ekstrem cara prinsip kspn sedang minta reformasi atur upah minimum lalu uu ketenagakerjaan baru sedang proses bahas dpr kata ristadi hubung dengan skema sebut kerja sektor industri jenis milik upah minimum sama seluruh indonesia sistem sebut nilai beri adil kerja sekaligus cipta saing lebih sehat usaha apabila sistem upah tahun depan guna formula laku ini kspn usul persentase naik disamaratakan seluruh indonesia upah minimum atas rp juta x bulat upah minimum rp juta sampai dengan rp juta x bulat upah minimum bawah rp juta x,finance
"Purbaya Kocok Ulang Penempatan Pegawai Pajak, yang Jelek Mutasi ke Daerah",https://finance.detik.com/berita-ekonomi-bisnis/d-8647329/purbaya-kocok-ulang-penempatan-pegawai-pajak-yang-jelek-mutasi-ke-daerah,"Jumat, 04 Sep 2026 06:57 WIB",menteri uang menkeu purbaya yudhi sadewa aku ambil langkah tegas benah internal direktorat jenderal pajak djp direktorat jenderal bea cukai djbc salah satu lalu ombak besar besar tempat pegawai pajak upaya bersih internal optimalisasi terima negara kata sering rombak susun jabat tingkat eselon ii eselon iii hingga eselon iv pegawai kerja kurang baik pindah daerah pegawai prestasi tempat kantor kantor terima pajak skala besar maksimal tax collection kan masyarakat tahu sering bocor sana sini misal periksa lah kira kira jabat mana sering kerja hal negatif sayareorganize hampir semua orang pajak eselon ii eselon iii eselon iv kocok ulang sayapindahinyang kurang baik daerah baik pusat pusat kumpul pajak besar kantor kantor pajak besar papar purbaya acara sarasehan ekonom indonesia hotel kempinski jakarta pusat kamis kemarin lebih lanjut purbaya beber diri laku meta atas jajar jabat indikasi laku tindak langgar bahkan khusus tangan duga simpang jenis pajak tentu buat daftar peringkat ranking lima pegawai paling curiga masalah tindak lanjut beberapa kasus misal lihat curiga hal tentu mereka main pajak tentu ranking orang besar siapa anggap main main terus mungkin orang rumah beri pesan pegawai pajak serius baik kualitas kumpul pajak ujar purbaya langkah bersih internal terap djbc lalu reorganisasi struktur buka akses aparat tegak hukum menkeu nyata lembaga tegak hukum kpk polisi jaksa kini proses oknum indikasi langgar hukum adil transparan bea cukai sama organize semua kemarin anggap curiga tangkap kpk kan kan belum mungkin tahun akhir orang pajak bea cukai aman polisi jaksa kpk bisa masuk sekarang bebas bukan bebas bilang kalau salah masuk nanti proses sesuai fakta balance fair terang lalu tutup bocor anggar reorganisasi jabat tindak tegas pegawai nakal purbaya optimistis kerja terima pajak bea cukai kini jauh lebih baik alhasil turut terima pajak tax collection akhir juli tumbuh hampir banding periode sama tahun belum kondisi hanya baik internal tax collectionkita dengan akhir juli tahun tumbuh hampir banding tahun lalu tahun lalu tumbuh negatif jadi terima kuat lemah ruang fiskal juga masih buka lebar cukup kuat memang terima di atas kira mula itu jadi naik tax rate ada naik tarif pajak nggak ada pajak baru cukup baik kerja orang orang pajak kita tutur purbaya,finance
"RUU Ketenagakerjaan Dinilai Jauh dari Harapan, Buruh Besok Demo Besar",https://finance.detik.com/berita-ekonomi-bisnis/d-8656192/ruu-ketenagakerjaan-dinilai-jauh-dari-harapan-buruh-besok-demo-besar,"Rabu, 09 Sep 2026 22:36 WIB",koalisi besar juang buruh indonesia kbpbi gelar aksi serentak kota kabupaten kamis aksi sebut libat ribu buruh gelar aksi massa buruh akan laku audiensi dprd perintah kabupaten kota maupun perintah provinsi sampai aspirasi kait substansi ruu sebut ketua umum konfederasi aliansi serikat buruh indonesia kasbi sunarno kata aksi sebut rupa bentuk awal bahas ruu ketenagakerjaan nilai jauh harap kerja buruh nilai dapat jumlah soal krusial belum akomodasi september akan laku aksi awal bagai daerah indonesia daerah kota kabupaten akan laku aksi turun jalan estimasi besok aksi mula kira ada buruh kata sunarno terang tulis rabu ketua umum gera serikat buruh indonesia gsbi rudi hb daman tegas ruu inisiatif dpr belum jawab soal utama buruh rudi jumlah tentu ruu sebut nilai tahan semangat omnibus law lama tolak kalang buruh ruu inisiatif dpr jauh harap buruh undang undang salah satu milik semangat omnibus law kata rudi contoh tentu kena magang nilai potensi jadi skema baru politik upah murah praktik outsourcing kbpbi kata rudi minta skema magang hapus tetap atur magang untuk siswa mahasiswa konteks didik durasi maksimal tiga bulan magang soal sorot adalah janji kerja waktu tentu pkwt rudi sebut ruu sebut atur pkwt hingga empat tahun koalisi besar tuntut adalah hapus kita beri kompromi perintah dpr kalaupun atur hanya satu tahun ujar rudi kritik banyak tentu ruu delegasi perintah lalu atur perintah atur presiden maupun atur menteri dasar catat sampai dapat sekitar pasal delegasi atur perintah pasal atur menteri sekitar tiga pasal atur presiden undang undang banyak delegasi atur perintah esensi demokratisasi itu hilang tegas soal upah jadi perhati buruh rudi nilai formula upah minimum guna variabel alfa potensi picu polemik kalang kerja itu kbpbi desak perintah dpr guna alfa tetap upah minimum guna indeks tentu yang nilai lebih jamin tingkat sejahtera kerja rudi tegas aksi september rupa bentuk tampung aspirasi basis buruh daerah sekaligus ingat dpr perintah buka ruang baik ruu sebut turut jumlah basis buruh daerah benar desak aksi besar langsung gelar jakarta pimpin serikat buruh masih pilih tempuh komunikasi beri ruang dpr perintah respons tuntut kita benar kawan kawan daerah sudah desak segera gerak jakarta kata,finance
JAPFA Gaet LPER Perkuat Kerja Sama Budidaya Ayam Broiler di Gunungkidul,https://finance.detik.com/berita-ekonomi-bisnis/d-8648831/japfa-gaet-lper-perkuat-kerja-sama-budidaya-ayam-broiler-di-gunungkidul,"Jumat, 04 Sep 2026 17:57 WIB",pt japfa comfeed indonesia tbk japfa sama koperasi produsen usaha lembaga daya ekonomi rakyat lper kuat kerja sama strategis mitra fokus budidaya ayam broiler kabupaten gunungkidul daerah istimewa yogyakarta kolaborasi cakup sedia days old chick doc kualitas damping teknis ternak lokal direktur japfa rachmat indrajaya jelas sinergi hulu hingga hilir rancang daya ternak rakyat lanjut sisi hilir japfa serap hasil produksi ternak lalu fasilitas rumah potong hewan unggas rphu milik kolaborasi jadi langkah nyata kuat daulat pangan sekaligus dorong daya lanjut usaha ternak rakyat kerja sama telah capai milestone satu juta ekor broiler ungkap rachmat terang tulis jumat rachmat indrajaya tambah kuat mitra arah cipta sistem insentif jujur bas kerja upaya harap mampu jadi ternak rakyat mitra mandiri ekonomi harap kuat kerjasama jadi langkah nyata dukung daulat pangan jadi ternak rakyat rekan pangan mandiri ekonomi tutur rachmat itu bupati gunungkidul endah subekti kuntariningsih sambut positif kolaborasi lintas sektor pihak swasta koperasi sinergi sebut yakin mampu kokoh fondasi tahan pangan daerah sangat apresiasi sinergi swasta koperasi kuat fondasi tahan pangan wilayah jadi ternak rakyat sedia pangan tangguh kunci ada bimbing teknis akses pasar kami harap para ternak gunungkidul milik usaha lebih stabil skala terus tumbuh kontribusi langsung sedia protein hewani masyarakat ujar endah dukung rupa datang direktur jenderal terna sehat hewan menteri tani ri agung suganda pihak dorong ekosistem mitra industri ternak rakyat terus jalan iring agung sampai sambut tindak lanjut implementasi tan nomor tahun sedia edar awas ayam ras telur konsumsi menteri tani dorong kerja sama industri ternak rakyat tumbuh sama ternak dapat akses sarana produksi damping pasti pasar produktivitas tingkat usaha jadi lebih kuat akhir kita bangun bukan usaha terna ekosistem pangan mampu jaga pasok protein hewani sekaligus tingkat sejahtera ternak tegas agung sisi ketua koperasi lper mulyadi atma sampai apresiasi ditjen pkh japfa atas jalin kerja sama harap kerja sama sebut jalan lanjut direplikasi seluruh wilayah anggota lper sebar provinsi lebih lanjut ia imbau anggota lper dapat sempat libat dalam kerja sama ini agar jaga amanah jalan tanggung jawab baik baik demikian kerja sama jalan lancar beri manfaat optimal cipta nilai dua belah pihak ucap,finance
"Hadapi Kemarau Kering, Pemerintah Tambah Alokasi Beras SPHP 1 Juta Ton",https://finance.detik.com/berita-ekonomi-bisnis/d-8652056/hadapi-kemarau-kering-pemerintah-tambah-alokasi-beras-sphp-1-juta-ton,"Senin, 07 Sep 2026 12:55 WIB",perintah tambah alokasi salur beras program stabilisasi pasok harga pangan sphp medium hingga juta ton akhir tahun langkah laku tebal stok beras pasar iring lemah produksi akibat musim kemarau kering kira langsung hingga awal tahun depan menteri koordinator bidang pangan zulkifli hasan alias zulhas sampai tambah pasok perlu tipis produksi beras tani musim gadu tahun turut sedikit beda kondisi tahun belum mana indonesia hadap kemarau basah hujan para tani masih bisa produksi meski alami turun tahun kering hampir sawah tani produksi sebut paceklik gadu jadi ada produksi kata zulhas konferensi pers usai rapat kantor jakarta pusat senin kata alokasi beras sphp juta ton rupa tambah alokasi panjang belum tetap besar ribu ton total beras sphp akan salur perintah lalu perum bulog hingga akhir tahun capai juta ton kemarin tinggal medium sphp kita tambah tadi juta juta sphp medium jadi beras subsidi jual pasar kira kira harga ribu paling mahal ujar zulhas juta sphp medium tambah oktober november desember ada panen musim maru panjang tegas selain tebal stok beras medium pasar zulhas tambah alokasi salur sphp ini maksud turun naik harga jadi imbas lemah produksi beras domestik supply and demand ada produksi harga naik ada naik rp nah respons baru rapat putus kita tambah suplai beras subsidi kita kenal sphp jelas sempat sama direktur utama perum bulog ahmad rizal ramal ungkap kuota tambah perintah ini jauh lampau usul awal pihak aman stok beras akhir tahun hari besar agama beras sphp alokasi tambah awal aju ton antisipasi beras sphp sekarang yang ada gudang gudang bulog tinggal ton hadap bulan september oktober november desember kata ahmad akhir tahun biasa ada hari besar agama maka perlu butuh lebih besar aju lebih kurang ton malah dukung perintah juta ton sambung rizal tambah pasok tambah sebut fungsi kuat tahan stok nasional hingga pasuk masa panen raya maret datang kan bulan januari bulan februari kan ada panen panen di bulan maret karena itu yang usul dari lipat gantakan jadi juta sampai di awal panen bulan maret tutur,finance
"22 Ribu Penumpang Terdampak, Ini Rincian Status Penerbangan Bandara Soetta",https://finance.detik.com/berita-ekonomi-bisnis/d-8650406/22-ribu-penumpang-terdampak-ini-rincian-status-penerbangan-bandara-soetta,"Minggu, 06 Sep 2026 07:49 WIB",bandara soekarno hatta tutup imbas erupsi gunung anak krakatau puluh ribu tumpang dampak atas tutup bandara sebut direktur jenderal hubung udara menteri hubung kemenhub lukman f laisa terang pihak terus laku pantau koordinasi intensif sama operator terbang kelola bandara layan navigasi terbang bmkg dampak aktivitas erupsi gunung anak krakatau operasional terbang khusus bandar udara internasional soekarno hatta cgk dasar notam nomor a bandar udara internasional soekarno hatta tutup pukul wib s d wib tutup wilayah udara laku tindak lanjut hasil paper test minggu pukul wib wib tunjuk hasil positif sebar abu vulkanik kata terang tulis minggu lanjut hasil paper test baru stasiun meteorologi kelas i soekarno hatta gedung amos pukul wib wib tunjuk hasil positif ada indikasi sebar abu vulkanik area bandar udara internasional soekarno hatta tutup bandara panjang hingga minggu pukul wib sesuai notam nomor a notamr a dasar baru data hingga september pukul wib ikut rincian dampak operasional terbang pihak bandara pasti seluruh pesawat sedang remain over night ron ada kondisi aman dapat total pesawat siaga area apron rincian terminal pesawat terminal pesawat terminal pesawat kargo pesawat dasar notam tutup wilayah udara periode s d wib catat banyak gera terbang dampak rincian per terminal total tumpang dampak periode tutup ini capai tumpang rute terbang jumlah gera dampak banyak liput domestik utama makassar upg total gera pesawat internasional utama singapura sin total gera pesawat rincian tangan status terbang internasional cakup batal tunda jadwal rute singapura sin hong kong hkg sydney syd seoul incheon icn doha doh amsterdam ams kuala lumpur kul pada terbang domestik dapat batal terbang alih untuk rute lampung tkg denpasar dps surabaya sub fokus utama seluruh tugas bandara maskapai ini beri informasi kala pasti sedia ruang tunggu beri tangan sesuai prosedur lanjut ditjen hubung udara beri perhati khusus pulih jadwal terbang ingat ada potensi dampak beranta cascading impact rotasi pesawat sedia armada jadwal terbang ikut kapasitas terminal aspek selamat tetap jadi prioritas utama tiap putus operasional sesuai operasional terbang terus laku dinamis dasar kembang kondisi lapang ditjen hubung udara imbau masyarakat calon tumpang akan laku jalan lalu bandar udara internasional soekarno hatta pantau informasi baru dari maskapai kait status terbang mohon perhati situasi tidak datang bandara lebih kata,finance
"BGN Bakal Pindah ke Gedung Telkom, Bayar Sewa tapi Disebut Tak Mahal",https://finance.detik.com/berita-ekonomi-bisnis/d-8648207/bgn-bakal-pindah-ke-gedung-telkom-bayar-sewa-tapi-disebut-tak-mahal,"Jumat, 04 Sep 2026 13:01 WIB",badan gizi nasional bgn beberapa bulan depan pindah kantor gedung merah putih gmp telkom kawasan gatot subroto jakarta kantor bgn ada kawasan kebon sirih jakarta kepala bgn sudaryono kata tempat gedung merah putih pihak tetap keluar biaya sewa gedung sudaryono kata biaya sewa mahal skema kalau salah sewa kan kalau salah gitu soal aku tanya sama kemenko pangan kan tempat graha mandiri biasa nggak besar lah kan sama sama perintah ujar sudaryono temu usai rdp komisi ix kamis malam tanya soal alas pindah gedung merah putih sudaryono tak beri jelas rinci jadi mau ngomongin gedung aja nih ucap belum sesi jawab rdp komisi ix dpr ri sudaryono benar rencana pindah kantor bgn gedung merah putih kata pihak koordinasi danantara kait rencana sebut betul pak sedang koordinasi danantara waktu dekat badan gizi nasional duduk gedung graha merah putih saat jadi kantor telkom ujar sudaryono sudaryono jelas tak ada aral lintang pindah kantor bgn gedung merah putih laku satu hingga bulan depan insyaallah satu bulan pindah kantor graha merah putih terang sudaryono sempat sebut kata pegawai belum tempat gedung merah putih guna bgn tesebut pindah gedung telkom ada belah orang tempat gedung graha merah putih tempat gedung telkom belah gedung lebih tinggi kata itu direktur utama pt telkom landmark tower tlt suratman buka suara soal kabar gedung merah putih bakal tempat bgn jelas rencana sebut rupa optimalisasi aset rupa bagi tanggung jawab tlt usaha kelola properti lingkung telkomgroup program sebut laku tingkat produktivitas nilai ekonomi aset kelola giat rupa bagi program konsolidasi efisiensi ruang kerja memang jalan lingkung telkomgroup seluruh proses rencana laksana laku ukur tahap pasti program ini tidak ganggu lancar operasional layan kepada langgan tidak akan dampak hubung kerja karyawan ujar dalam terang tulis terima kamis suratman jelas pihak komitmen penuh jaga pasti langsung giat tenant saat ini ada di gedung gedung milik telkom proses akan laku tertib transparan sesuai tata kelola usaha tiap potensi kerja sama pihak mana masuk instansi perintah kami pasti akan ikut seluruh prosedur regulasi yang laku kata,finance
"Cuma Garuk Punggung, Pria Ini Cuan Rp 220 Juta Sebulan",https://finance.detik.com/berita-ekonomi-bisnis/d-8655037/cuma-garuk-punggung-pria-ini-cuan-rp-220-juta-sebulan,"Rabu, 09 Sep 2026 11:35 WIB",siapa sangka ide sederhana jadi tambang uang modal jasa garuk punggung orang pria china bagi selatan hasil bangun jaring bisnis cetak cuan hingga yuan rp juta kurs rp per yuan china bulan melansirscmp rabu usaha unik lopor zhang xiaoqiao tahun pertama kali buka bisnis garuk punggung sebut distrik bao shenzhen awal mei selang satu bulan buka gerai cabang distrik futian dasar zhang bukan orang baru jajak usaha usaha baru lulus universitas kurang kenal sempat coba tujuh kerja beda satu tahun injak usia tahun telah diri usaha sektor e commerce lintas batas meski dua sulit raih sukses hingga tahun lalu juga sempat kecimpung industri konten kreator gagal beri dampak signifikan tahun lalu sengaja temu buah klip tampil orang wanita sedang garuk punggung suami gatal sedang lihat lihat video pendek media sosial lihat banyak tonton komentar mereka sedia bayar orang laku sama mereka zhang ingat kenang masa kecil ayah sering garuk punggung bantu tidur nyenyak hal kemudian inspirasi buka jasa layan garuk punggung usung merek suma staf kerja zhang kena alat bantu bentuk kuku runcing rancang garuk tubuh langgan lembut mereka baring tengkurap mirip suasana tempat pijat tarif yuan rp per jam layan tuju reda stres tingkat kualitas tidur sekal staf garuk area tubuh tentu asa gatal bantu langgan rileks bahkan pancing tawa kota kota besar orang orang umum alami tingkat stres tinggi akibat layan sangat mati ungkap zhang belum jenis layan china zhang laku riset kembang teknik garuk yang efektif mandiri nol usaha benar benar beri buah yang manis pasal dua gerai cara total hasil raup dapat kotor besar yuan rp juta bulan berkat diri capai titik break even point alias balik modal waktu singkat mulai cetak untung layan langgan pria maupun wanita dengan langgan pria cakup sekitar ujar zhang beberapa langgan kata layan lebih tenang banding pijat umum milik basis langgan setia yang kembali guna jasa kami sambung kini zhang rencana buka gerai seluruh negeri luar ia harap jasa garuk punggung ini dapat aku profesi cara luas,finance
TikTok & Tokopedia Buka Suara soal Kabar Blokir-Tahan Saldo Seller,https://finance.detik.com/berita-ekonomi-bisnis/d-8654233/tiktok-tokopedia-buka-suara-soal-kabar-blokir-tahan-saldo-seller,"Selasa, 08 Sep 2026 17:43 WIB",tokopedia tiktok shop buka suara kait lapor laku usaha mikro kecil tengah umkm kena duga blokir akun pihak tahan saldo lapor sebut sampai umkm komisi vii dpr ri executive director of tokopedia tiktok e commerce indonesia stephanie susilo kata tangguh laku sifat tekan jual seller beli rupa mitra penting platform e commerce keluh sampai mereka tanggap serius tindak seluruh jadi tangguh dana sifat laku lindung jual maupun beli ujar stephanie usai rapat dengar dapat umum sama komisi vii dpr ri jakarta pusat selasa jelas alas pihak laku sebut lindung jual beli tak ekosistem tokopedia tiktok shop jadi platform aman jual beli pihak sudah telusur seller dana total tahan saldo besar rp miliar bukan rp triliun lapor jadi dasar data punya kait seller sudah telusur dana total itu rp miliar mana besar rp miliar memang dapat kasus fraud jadi sangat jauh banding angka edar belum beber stephanie jelas tangguh dana laku saat investigasi langsung apabila hasil investigasi sebut seller laku fraud pasti dana sebut rilis platform jangka waktu investigasi sesuai service level agreement hari plus hari mana penting tahu teman teman media adalah kami beri sempat seller aju banding pasti kami telusur tindak lanjut serius tambah ia lansir unggah akun instagram dpr ri komisi vii dpr ri terima adu laku usaha mikro kecil tengah umkm kait duga beku akun pihak jumlah platform media sosial e commerce adu sebut datang adi dpc bekas raya gera ekonomi kreatif nasional gekrafs dpc kota bekas dasar lapor sampai wakil umkm audiensi estimasi total saldo tahan proyeksi capai rp triliun sekitar laku usaha dampak seluruh indonesia menindaklanjuti adu sebut komisi vii dpr ri panggil kelola platform digital tiktok tokopedia shopee klarifikasi minta jelas komprehensif dpr juga akan koordinasi menteri komunikasi digital komdigi komisi awas saing usaha kppu evaluasi regulasi transaksi elektronik langkah ambil pasti ada atur jelas dan adil seluruh pihak ekosistem dagang digital kami tidak hanya dengar satu sisi sudah terima adu akan kami tindak lanjut hadir pihak adu soal oleh solusi yang adil ujar wakil ketua komisi vii dpr evita nursanty,finance
Inggris Larang Total Impor Produk dari Permukiman Ilegal Israel di Tepi Barat,https://finance.detik.com/berita-ekonomi-bisnis/d-8655060/inggris-larang-total-impor-produk-dari-permukiman-ilegal-israel-di-tepi-barat,"Rabu, 09 Sep 2026 11:45 WIB",inggris umum larang impor seluruh produk asal mukim ilegal israel tepi barat bijak jadi salah satu langkah paling tegas ambil inggris sejak aku daulat negara palestina tahun lalu kutip darialjazeera menteri luar negeri inggris ed miliband tuduh israel laku bersih etnis warga palestina tegas perintah inggris pandang luas mukim israel tepi barat tindak langgar hukum miliband umum batas baru lebih ketat jual senjata israel israel umum empat balas masuk larang anggota parlemen inggris pasuk israel tutup konsulat inggris yerusalem larang inggris dagang barang mukim ilegal israel laku tengah tingkat keras mukim israel komunitas palestina tepi barat luas mukim sebut picu debat eropa kena batas dagang wilayah sebut pidato miliband parlemen negara keluar nyata sama dukung solusi negara nyata timbang batas dagang mukim ilegal israel prancis inggris kanada denmark spanyol finlandia irlandia islandia norwegia polandia portugal swedia seru perintah israel henti luas mukim larang inggris dagang mukim ilegal israel cakup impor semua barang mukim ilegal israel tepi barat itu inggris jatuh sanksi semua organisasi bisnis individu sedia konstruksi infrastruktur biaya properti luas mukim kemudian larang total iklan jual properti mukim ilegal tepi barat inggris sanksi akan jatuh mukim ekstremis dukung hasut keras warga palestina semua izin ekspor baru senjata ekspor lain cara material kontribusi duduk akan tolak inggris telah tangguh lebih izin senjata guna tentara israel gaza inggris rupa salah satu mitra dagang penting israel nilai dagang dua negara capai miliar poundsterling rp triliun kurs rp meski sulit pasti nilai barang asal langsung mukim inggris kira impor barang nila juta poundsterling wilayah duduk sebut panjang jumlah produk banyak impor inggris israel batu logam mulia alat teknis medis plastik mesin produk tani buah buah balik inggris ekspor bagai produk israel masuk alat tahan drone helikopter komponen pesawat inggris sempat tangguh sekitar lisensi ekspor senjata tindak israel gaza kecuali beri komponen pesawat tempur f dapat akses israel lalu mitra lain seperti as mei inggris juga tangguh negosiasi modernisasi janji dagang cakup dagang digital bidang lain simak juga video prabowo ungkap praktik gelap ekspor impor ri ada puluh tahun,finance
"Sektor Manufaktur RI Melemah, Pengusaha Ungkap Biang Keroknya",https://finance.detik.com/berita-ekonomi-bisnis/d-8648072/sektor-manufaktur-ri-melemah-pengusaha-ungkap-biang-keroknya,"Jumat, 04 Sep 2026 11:36 WIB",badan urus pusat himpun usaha muda indonesia bpp hipmi dorong kuat sektor manufaktur negeri bisa terus jadi salah satu mesin utama tumbuh ekonomi nasional lalu kuat minta tingkat daya saing industri luas rantai pasok domestik ketua umum bpp hipmi ade jona prasetyo kata sektor manufaktur rupa salah satu main kunci ekonomi nasional milik efek ganda multiplier effect besar aktivitas produksi tingkat dampak hanya rasa industri besar pasok bahan baku usaha logistik distributor umkm industri hingga tenaga kerja manufaktur milik multiplier effect sangat luas itu momentum tumbuh ekonomi investasi sudah jaga perlu terus dorong masuk sektor produksi kalau minta tingkat industri makin kompetitif kapasitas produksi gerak lapang kerja makin buka ujar ade jona terang resmi jumat sayang kondisi sektor manufaktur nasional tengah alami lemah lihat angka purchasing managers index pmi manufaktur indonesia ada level agustus turun tipis pada juli ade jona kata meski indonesia tetap milik modal ekonomi kuat dorong manufaktur tingkat ekspansi hipmi dorong kuat pasar domestik jalan iring baik daya saing sisi biaya produksi energi logistik akses biaya sedia bahan baku produktivitas hingga pasti usaha perlu jaga pasar daya saing industri butuh minta kuat pada sama biaya produksi barang indonesia harus makin kompetitif kalau sisi ini jalan sama optimistis manufaktur indonesia punya ruang sangat besar terus tumbuh kata ade jona kuat manufaktur harus serta kuat rantai pasok domestik investasi industri masuk perlu makin hubung usaha negeri masuk usaha muda usaha daerah milik mampu jadi pasok maupun mitra industri investasi industri cipta ekosistem ekonomi keliling ingin makin banyak bahan baku komponen jasa dukung logistik butuh industri lain penuh negeri situ sempat usaha untuk tumbuh naik kelas jelas ade jona tekan libat usaha lokal bukan arti beri laku khusus perhati kompetensi turut tantang harus jawab sama siap usaha negeri penuh standar kualitas kapasitas produksi sertifikasi tata kelola harga kompetitif mampu masuk rantai pasok industri besar target tentu bukan sekadar bangun lebih banyak pabrik ingin bangun ekosistem industri yang makin dalam di indonesia investasi tumbuh industri kembang usaha dalam negeri naik kelas lapang kerja tambah kalau rantai ini makin kuat dampak ekonomi nasional juga akan makin besar tutup ade jona,finance
"Heboh Dugaan Potongan Uang Saku Magang, Kemnaker Investigasi",https://finance.detik.com/berita-ekonomi-bisnis/d-8648757/heboh-dugaan-potongan-uang-saku-magang-kemnaker-investigasi,"Sabtu, 05 Sep 2026 06:55 WIB",menteri ketenagakerjaan kemnaker nyata investigasi duga langgar laksana program magang nasional narasi viral media sosial sebut uang saku gaji serta magang potong oknum usaha kerja sama oknum kemnaker sekretaris jenderal sekjen kemnaker cris kuntadi kata pihak tengah telusur informasi kait kabar ada potong gaji serta magang nasional jauh orang beri kabar pertama ramai kutip media sosial respons panggil maupun pesan lalu aplikasi whatsapp wa pihak dapat informasi lapor resmi apa sedang minta klarifikasi sangkut humas sudah hubung sangkut baik wa maupun telepon direspon maksud tanya data milik telusur masalah cris kuntadi luar cris kata saat pihak belum terima lapor rupa lain lama uang saku gaji serta magang langsung kirim menteri rekening serta tegas transfer dana uang saku langsung laku kemnaker tidak lalu anta siapa masuk usaha mitra terima serta magang pasti besar gaji kirim sesuai atur ada potong belum terima keluh sebut uang saku transfer langsung rekening serta magang papar kepala badan rencana kembang ketenagakerjaan barenbang kemnaker anwar sanusi kata pihak langsung laku investigasi terima lapor sebut tentu terima kasih sampai informasi kait potong uang saku laku oknum siapa langsung laku investigasi kait informasi sebut ujar anwar temu bukti kuat kemnaker henti usaha libat mitra selenggara kuota serta alokasi tempat kalau temu ada bukti kuat langsung henti selenggara serta alokasi tempat jelas anwar anwar tegas kemnaker komitmen laksana program magang nasional akuntabel karena itu usaha yang libat langgar langsung keluar mitra sejak awal kami sudah sampai laksana program ini selenggara akuntabel saat seleksi selenggara kalau kami terima ada adu akan kita tidak ikan sempat kita keluar tegas anwar informasi ramai media sosial jumlah unggah yang narasi jika program magang nasional lalu kanal maganghub justru korupsi oknum kemnaker usaha terima serta kata alih alih dapat uang saku sesuai standar umk ump masing masing daerah magang justru manfaat oknum kemnaker usaha bisa dapat surplus program sebut bagai skema yang laku oknum agam misal serta perlu absen online namun uang saku ambil bagi oknum di potong gaji potong agam cara lain,finance
"B50 RI Bikin Jepang-Malaysia-Eropa Penasaran, Ada Potensi Hemat Rp 170 T",https://finance.detik.com/energi/d-8654009/b50-ri-bikin-jepang-malaysia-eropa-penasaran-ada-potensi-hemat-rp-170-t,"Selasa, 08 Sep 2026 15:59 WIB",menteri energi sumber daya mineral esdm sebut indonesia jadi negara pertama jalan program b program baru jalan juli tarik minat malaysia jepang eropa ajar kena program b direktur jenderal energi baru baru konservasi energi menteri esdm eniya listiani dewi kata terap b jadi salah satu tonggak penting indonesia dorong mandiri energi jadi pertama kali indonesia laku uji banyak ikut bahkan sekarang jadi tari negara negara sekarang ajar jadi jepang malaysia eropa sekarang datang ajar pak jadi rupa tonggak sejarah indonesia bukti mandiri energi ujar eniya rdp komisi xii dpr selasa eniya jelas program b beri jumlah manfaat indonesia salah satu tingkat manfaat bahan baku energi dalam negeri turut sebut kuat tahan mandiri energi nasional utama jadi gejolak geopolitik kemudian program kurang impor solar mampu kurang emisi gas rumah kaca juta ton co kalau asumsi juta kiloliter bisa tara barrel per day kalau lifting minyak barrel per day lifting minyak nabati bisa tengah sudah capai tengah barrel per day kata kemudian eniya sebut program b kira beri hemat hingga rp triliun sisi tenaga kerja eniya kata sekitar juta tenaga kerja serap kembang industri biodiesel sekaligus kami juga dorong produksi fame fatty acid methyl ester jadi tingkat feedstock industri fame itu kira juta kiloliter dimandatorikan tahun hingga desember kata lalu manfaat program b adalah dorong nilai tambah cpo crude palm oil hingga rp triliun rupiah tentu harga minyak sawit ada tani tingkat tingkat sejahtera tani sambung m b kira beri hemat hingga rp triliun dari sisi tenaga kerja eniya ada sekitar juta juta tenaga kerja serap dari kembang industri biodiesel sekaligus kami juga dorong produksi fame fatty acid methyl ester jadi tingkat feedstock ada industri fame kita itu kira juta kiloliter dimandatorikan tahun hingga desember kata lalu manfaat dari program b adalah dorong nilai tambah cpo crude palm oil hingga rp triliun rupiah dan tentu harga minyak sawit ada tani tingkat tingkat sejahtera tani sambung tonton juga video prabowo luncur b bikin ri tak perlu impor solar,finance
"100 Lebih Blok Migas RI Ditawarkan ke Rusia, Bakal Disambar?",https://finance.detik.com/energi/d-8648310/100-lebih-blok-migas-ri-ditawarkan-ke-rusia-bakal-disambar,"Jumat, 04 Sep 2026 13:52 WIB",menteri energi sumber daya mineral esdm tawar lebih blok migas investor rusia tawar laku selenggara eastern economic forum rusia vladivostok rusia sampai sekretaris jenderal menteri esdm ahmad erani yustika temu kantor esdm jakarta jumat informasi menteri esdm sendiri buka tender lebih blok migas sektor energi terus menteri esdm kan tawar sekian puluh sekian ratus lebih ratus blok migas kan investor investor rusia ujar erani mereka tarik ikut proses lelang lah situ sambung tanya peluang kerja sama energi nuklir rusia khusus kait rencana bangun bangkit listrik tenaga nuklir pltn belum sempat kait usaha rusia rosatom erani dapat beri jelas rinci bilang ini ada jelas lebih menteri esdm bahlil lahadalia soal pas itu ini nggak ikut ya makanya saran pak menteri lebih lebihafdoluntuk beri terang kena hal ini kata erani belum bahlil nyata diri dapat arah langsung presiden prabowo subianto menindaklanjuti sepakat jajak saat kunjung di vladivostok rusia segala sepakat bangun di vladivostok arah hasil manfaat dapat rasa masyarakat bahlil pasti agenda energi henti komitmen arah tuju kerja sama konkret beri nilai tambah penting nasional arah bapak presiden sangat jelas kerja sama energi rusia kuat tahan energi nasional baik lalu tingkat produktivitas migas bangun infrastruktur energi maupun kembang teknologi energi masa depan ujar bahlil terang di panggung eastern economic forum bahlil bilang prabowo sampai penting tempat tahan energi hilir sumber daya alam bagi bangun orientasi tingkat sejahtera masyarakat prabowo kata bahlil tegas mitra indonesia rusia perlu gerak lebih jauh sekadar tukar barang rusia milik kuat sumber daya energi ilmu tahu rekayasa maju indonesia milik pasar domestik besar sekaligus jadi pintu masuk tuju kawasan asean kuat saling lengkap sebut buka peluang kolaborasi bagai rantai giat energi masuk sektor minyak gas bumi presiden sampai indonesia sambut kerja sama rusia dapat tingkat produktivitas eksplorasi produksi olah minyak gas sektor migas perintah indonesia buka ruang kerja sama kembang energi masa depan lalu dukung tahu teknologi investasi rusia energi baru modernisasi jaring ketenagalistrikan manfaat energi nuklir tuju damai bahlil tegas kerja sama sebut milik tindak lanjut jelas agar beri manfaat industri nasional masyarakat,finance
Inalum Kirim Bantuan Beras 10 Ton hingga Air Mineral untuk Korban Gempa NTT,https://finance.detik.com/berita-ekonomi-bisnis/d-8649291/inalum-kirim-bantuan-beras-10-ton-hingga-air-mineral-untuk-korban-gempa-ntt,"Sabtu, 05 Sep 2026 08:30 WIB",pt indonesia asah aluminium persero inalum beri bantu terjun rawan hadir langsung damping masyarakat dampak gempa bumi nusa tenggara timur ntt aksi manusia sebut awal inisiatif insan inalum cara sukarela luas manfaat solidaritas sebut usaha terap bijak matching donation tiap rp donasi himpun insan inalum tambah rp nilai sama usaha skema sebut total bantu salur capai rp juta bantu sebut lain wujud bentuk ton beras premium dus mi instan dus biskuit dus larut isotonik dus air mineral dukung penuh butuh dasar masyarakat dampak usaha terjun sembilan insan inalum gabung inalum rawan i wan wilayah dampak gempa ntt rawan asal bagai latar belakang kompetensi mulai tenaga medis hingga personel aman bantu masyarakat lama masa tanggap darurat pulih pascabencana lama ada wilayah dampak rawan turut distribusi butuh pokok beri layan periksa sehat laksana giat trauma healing damping masyarakat dampak hadir harap hanya bantu penuh butuh fisik masyarakat juga beri dukung psikologis semangat warga perlahan bangkit bencana direktur utama inalum melati sarnita kata gera manusia sebut cermin peduli tumbuh insan inalum kemudian kuat usaha beri manfaat lebih luas bantu berangkat peduli insan inalum ingin turut hadir saudara saudara nusa tenggara timur usaha kemudian kuat semangat sebut manfaat beri dapat makin luas peduli henti bantu salur juga bagaimana dapat hadir langsung damping masyarakat bantu lewat masa pulih ujar melati terang tulis sabtu bantu inalum serah direktur optimasi jaring logistik alat ojlp bnpb brigjen tni hery setiono pos dukung logistik nasional posduklognas tangan darurat bencana gempa bumi ntt lanud halim perdanakusuma jakarta september hery apresiasi dukung inalum dukung tangan bencana di ntt turut kolaborasi perintah bumn dunia usaha bagai elemen masyarakat jadi bagi penting kuat respons bencana sekaligus cepat pulih masyarakat dampak apresiasi dukung inalum kami sadar kolaborasi perintah bumn dunia usaha masyarakat kunci utama kuat respons bencana sekaligus cepat pulih warga dampak ujar hery situasi pascabencana butuh dukung bagai pihak khusus penuh butuh dasar dukung proses pulih masyarakat dampak kolaborasi insan inalum usaha aksi manusia sekaligus jadi bagi komitmen inalum jalan tanggung jawab sosial lingkung tjsl,finance
Perusahaan Logistik Sebut Pengiriman Internasional Makin Berkembang,https://finance.detik.com/berita-ekonomi-bisnis/d-8651344/perusahaan-logistik-sebut-pengiriman-internasional-makin-berkembang,"Minggu, 06 Sep 2026 20:42 WIB",produk lokal asal indonesia kini banyak kirim luar negeri bagi orang jadi salah satu cara tetap penuh butuh keluarga orang dekat tinggal kerja luar negeri laku usaha kirim lintas negara buka sempat bawa produk lokal jangkau langgan pasar lebih luas chief marketing officer lion parcel kenny kwanto kata kembang mobilitas masyarakat aktivitas bisnis turut dorong makin agam butuh kirim internasional kirim luar negeri milik peran makin relevan baik bantu masyarakat penuh butuh keluarga maupun dukung laku usaha luas pasar ingin pasti butuh sebut layan akses kirim mudah pilih layan sesuai ujar kenny siar pers tulis minggu dukung butuh kirim internasional sebut lion parcel hadir promo diskon ongkos kirim hingga layan interpack promo dapat manfaat bagai butuh kirim baik barang pribadi keluarga kerabat luar negeri maupun produk usaha langgan internasional kondisi benar taopik langgan lion parcel garut hari hari kerja sol sepatu keliling tinggal garut sama dua anak istri kerja singapura penuh butuh istri luar negeri taopik rutin kirim bagai barang garut singapura biasa istri minta kirim pakai makan butuh sulit temu singapura jauh lion parcel tawar harga kompetitif proses kirim mudah ujar taopik butuh kirim internasional hanya rasa kirim juga buka peluang baru mitra lion parcel salah satu priyanto mitra agen lion parcel garut sejak tahun lihat tingkat butuh kirim internasional laku usaha wilayah priyanto malaysia jadi salah satu tuju jumlah kirim banyak khusus produk tas jaket kulit rajin lokal tingkat minta kirim internasional turut beri dampak positif kembang bisnis senang ikut bantu rajin lokal luas jangkau produk hingga pasar luar negeri sisi ada butuh kirim yang rutin luar negeri jadi peluang bagi kami para mitra agen kembang bisnis bangun hubung jangka panjang ratus langgan jelas priyanto butuh masyarakat maupun laku usaha sebut jadi salah satu alas lion parcel terus kembang layan kirim internasional interpack ini interpack layan kirim indonesia lebih negara lima benua dunia gambar tarif kirim interpack jakarta singapura sedia mulai rp jakarta malaysia mulai dari rp masyarakat milik pilih kirim internasional sesuai butuh tuju kirim,finance
Menhub Ungkap Alasan Penutupan 7 Bandara Diperpanjang,https://finance.detik.com/berita-ekonomi-bisnis/d-8652879/menhub-ungkap-alasan-penutupan-7-bandara-diperpanjang,"Senin, 07 Sep 2026 20:00 WIB",tutup operasional tujuh bandara dampak abu vulkanik gunung anak krakatau panjang hingga senin pukul wib menteri hubung menhub dudy purwagandhi nyata tutup laku langkah konservatif pasti selamat terbang sikap konservatif bagaimana tahu arah angin sangat dinamis ingin pasti betul debu vulkanik jauh lokasi bandara ada sekitar gunung anak krakatau tutur dudy terang tulis senin dasar terang airnav indonesia tujuh bandar udara belum status closed alami panjang tutup hingga estimasi pukul wib september ikut rinciannya bandar udara halim perdanakusuma hlp status closed dasar notam a notamr a mulai pukul wib hingga estimasi pukul wib bandar udara radin inten ii lampung tkg status closed dasar notam b notamr b mulai pukul wib hingga estimasi pukul wib bandar udara husein sastranegara bandung bdo status closed dasar notam c notamr c mulai pukul wib hingga estimasi pukul wib bandar udara budiarto curug rto status closed dasar notam c notamr c mulai pukul wib hingga estimasi pukul wib bandar udara pondok cabe pcb status closed dasar notam c notamr c mulai pukul wib hingga estimasi pukul wib bandar udara muhammad taufiq kiemas wilp status closed dasar notam c notamr c mulai pukul wib hingga estimasi pukul wib bandar udara salakanagara tanjung lesung pandeglang wihi status closed dasar notam c notamr c mulai pukul wib hingga estimasi pukul wib dudy tambah banyak terbang dampak ubah operasional bandara akibat sebar abu vulkanik antara terbang domestik internasional adapun jumlah tumpang dampak banyak tumpang dampak cakup terbang alami batal tunda maupun alih hasil paper test beberapa bandara dampak memang tunjuk hasil negatif buka operasional bandara tetap tunggu hasil volcanic ash advisory centre vaac darwin pusat rujuk resmi panjang tutup bandara laku beri waktu kelola bandara maupun maskapai siap operasional kelola bandara laku periksa bersih fasilitas sisi udara masuk runway taxiway apron maskapai perlu waktu laku periksa bersih pesawat mungkin papar debu vulkanik pesawat operasi kami pasti semua jalan baik kita ingin samping aspek selamat lanjut dudy kemenhub sama pihak kait terus pantau kondisi debu vulkanik hasil advisory vaac darwin bahan acu evaluasi langkah operasional bandara dudy tegas selamat aman masyarakat jadi timbang utama ambil putus,finance
"Bandara Soetta Sempat Ditutup, Barang Ekspor-Impor Rp 3 T Mandek",https://finance.detik.com/berita-ekonomi-bisnis/d-8653993/bandara-soetta-sempat-ditutup-barang-ekspor-impor-rp-3-t-mandek,"Selasa, 08 Sep 2026 15:52 WIB",imbas papar abu vulkanik aktivitas erupsi gunung anak krakatau bandara soekarno hatta jadi sentra ekspor impor sempat tutup supply chain indonesia sci catat tutup bandara sebut buat arus barang ekspor impor nila rp triliun mandek sebar abu vulkanik picu tutup ruang udara batal alih terbang ubah jadwal tumpu kargo ujar founder ceo supply chain indonesia sci setijadi terang selasa setijadi papar nilai ekspor nonmigas lalu soekarno hatta capai us miliar impor us miliar nilai indikatif arus dagang bruto sebut capai us miliar tahun rata rata us juta per hari volume impor capai ribu ton tahun rata rata ton per hari angka sebut acu data bps satu data dagang menteri dagang data ekspor status revisi setijadi jelas ganggu terbang lama delapan jam potensi tunda arus ekspor impor us juta diri atas ekspor us juta impor usd juta masuk hampir ton barang impor ganggu langsung lama jam nilai indikatif barang potensi tunda tingkat jadi us juta rp triliun kurs rp diri atas ekspor us juta impor us juta masuk sekitar ton barang impor hitung sebut cakup dagang internasional lalu soekarno hatta masuk kirim domestik bukan estimasi rugi langsung ekspor guna nilai fob impor guna nilai cif rugi aktual gantung batal terbang alih kargo karakteristik komoditas waktu pulih operasi hitung pun baru rupa hitung lama jam bandara soekarno hatta sempat tutup hingga jam pihak rekomendasi solusi jangka pendek kelola bandara maskapai freight forwarder bea cukai karantina milik barang perlu aktif koordinasi tanggap darurat prioritas liput pantau sebar abu real time jadwal ulang terbang sedia kapasitas tambah cepat tangan dokumen alih kargo lalu bandara alternatif barang mudah rusak farmasi komponen produksi kritis elektronik nila tinggi kirim ekspres perlu dapat prioritas kirim domestik alih moda darat kereta api laut jaring multimoda jangka panjang usaha perlu bangun rencana kontinuitas bisnis dasar beberapa skenario durasi ganggu tetap bandara moda alternatif milik kontrak kapasitas cadang sedia jasa logistik importir perlu sesuai sedia kam bahan baku kritis eksportir perlu siap gudang fasilitas rantai dingin alternatif papar setijadi perintah minta susun protokol logistik bencana lintas instansi ganggu terbang akibat erupsi kembang jadi ganggu rantai pasok produksi lebih luas tonton video terminal soetta operasi begini suasana kini,finance
"Balik Arah dari Rugi, ID FOOD Cetak Laba Rp 1,34 T",https://finance.detik.com/berita-ekonomi-bisnis/d-8648193/balik-arah-dari-rugi-id-food-cetak-laba-rp-1-34-t,"Jumat, 04 Sep 2026 12:58 WIB",pt rajawali nusantara indonesia persero id food buku laba besar rp triliun tahun buku capai balik belum rugi besar rp miliar tahun direktur utama id food ghimoyo kata realisasi laba sebut capai target rencana kerja anggar usaha rkap besar rp miliar baik profitabilitas dorong kombinasi tingkat kerja operasional langkah baik struktur uang sisi operasional persero catat naik jual gula iring naik volume produksi realisasi dagang daging gandum kerja positif jumlah anak usaha itu baik kerja pengaruh restrukturisasi uang optimalisasi aset surplus revaluasi aset dapat atas restrukturisasi jumlah anak usaha bagai langkah sebut jadi bagi upaya kuat fundamental uang sekaligus baik kualitas kerja tahap tahun dapat konsolidasi persero capai rp triliun tingkat banding tahun besar rp triliun tumbuh dapat sebut jadi salah satu faktor dorong baik kerja persero panjang tahun ujar terang tulis jumat capai aktivitas usaha sebut cermin raih ebitda laba bunga pajak depresiasi amortisasi tahun ebitda persero capai rp miliar tingkat banding tahun besar rp miliar ghimoyo sampai tingkat ebitda beri ruang lebih baik persero kuat lanjut usaha kondisi beri ruang lebih baik persero penuh butuh modal kerja wajib biaya sekaligus jaga kapasitas investasi kembang usaha lanjut jelas baik kerja uang sebut jalan iring baik kerja operasional jumlah komoditas pangan sisi produksi realisasi produksi gula capai ton target besar ton tumbuh produksi sebut turut dorong kerja jual gula masuk jual gula kristal putih gkp aktivitas usaha pangan lain catat kembang positif antara cermin dari kerja anak usaha sektor dagang terna garam ikan tani tumbuh dapat perlu milik fondasi operasional kuat itu terus dorong sisi produksi kuat jual distribusi pasti kelola komoditas laku efektif efisien kata ghimoyo pasuk tahun id food jadi capai tahun buku pijak jaga tren baik kerja tumbuh bisnis lanjut fokus persero arah tingkat produktivitas profitabilitas bisnis optimalisasi aset kuat efisiensi tata kelola kembang usaha mampu beri nilai tambah usaha ekosistem pangan kerja kian baik jadi modal harga usaha terus kontribusi dukung program asta cita perintah khusus kuat sektor pangan wujud swasembada pangan nasional,finance
"Penanganan Karhutla Diperkuat, Pengusaha Diminta Siagakan Ekskavator",https://finance.detik.com/berita-ekonomi-bisnis/d-8649531/penanganan-karhutla-diperkuat-pengusaha-diminta-siagakan-ekskavator,"Sabtu, 05 Sep 2026 11:58 WIB",perintah kuat upaya cegah kendali bakar hutan lahan karhutla lalu instruksi presiden inpres nomor tahun teken presiden prabowo subianto agustus inpres sebut perintah dorong kuat semangat gotong royong kerja sama dunia usaha lalu wajib sedia sarana prasarana bantu cegah tangan karhutla khusus prabowo instruksi seluruh menteri lembaga bawah optimal peran wajib usaha pegang izin atas tanah ikut cegah tangan karhutla optimal peran wajib pegang izin usaha izin tuju hak atas tanah upaya cegah mitigasi kendali bakar hutan atau lahan tulis inpres diktum satu nomor hal dunia usaha arah hanya jaga wilayah kerja atau izin sendiri inpres sebut minta usaha sedia sumber daya tangan karhutla sekaligus bantu masyarakat sekitar laku usaha minta sedia sarana prasarana tangan lahan bakar masyarakat masuk guna ekskavator jangka pendek desak ekskavator dapat guna gali kanal alir air rangka madam karhutla lanjut guna bantu masyarakat buka lahan bakar wajib sebut buat konkret jumlah sektor contoh sektor tambang menteri energi sumber daya mineral esdm perintah pasti pegang izin usaha tambang izin usaha tambang khusus ada kawasan hutan milik program cegah tanggulang bencana masuk siap ekskavator wajib pegang izin usaha tambang izin usaha tambang khusus susun sistem manajemen cegah bakar pelihara darurat sarana tanggap tanggulang bencana masuk siap ekskavator tulis diktum enam nomor huruf b itu usaha tambang arah laku patroli sama masyarakat beri dukung cegah bakar hutan lahan kemudian inpres dorong wajib dunia usaha sektor kebun hal menteri tani instruksi pasti pegang izin usaha kebun milik sarana mitigasi bakar seluruh pegang izin usaha kebun kemudian juga instruksi menteri lingkung hidup kepala badan kendali lingkung hidup kait upaya gotong royong dunia usaha lalu wajib pegang hak izin alokasi unit tanggap darurat alat berat masuk ekskavator bantu madam cegah dini bakar hutan atau lahan perintah daerah juga beri peran konsolidasi sumber daya sebut mana gubernur instruksi fasilitas konsorsium alat berat serta alat mesin tani laku usaha masyarakat dekat tangan karhutla hanya jadi tanggung jawab perintah aparat dunia usaha tempat bagi kapasitas sama cegah tangan bakar lalu sedia sumber daya manusia anggar sarana prasarana hingga alat berat,finance
"Terdampak Abu Vulkanik, ASN Boleh Kerja dari Rumah?",https://finance.detik.com/berita-ekonomi-bisnis/d-8651815/terdampak-abu-vulkanik-asn-boleh-kerja-dari-rumah,"Senin, 07 Sep 2026 11:18 WIB",erupsi gunung anak krakatau timbul dampak papar abu vulkanik beberapa wilayah barat jawa selatan sumatera masyarakat imbau kurang giat luar rumah lantas bagaimana para aparatur sipil negara asn boleh kerja rumah work from home wfh menteri pan rb kata pola kerja asn sesuai kondisi butuh masing masing daerah instansi tak kecuali terap kerja fleksibel kerja rumah situasi kondisi tentu ppk pimpin instansi sesuai pola kerja asn masuk lalu skema kerja rumah wfh tulis menteri pan rb unggah akun resmi kemenpanrb senin jabat bina pegawai ppk jadi pimpin instansi masing masing tetap terap kerja fleksibel timbang beberapa mulai kondisi wilayah karakteristik kerja butuh layan publik kondisi tentu sesuai arah resmi otoritas bencana selamat asn utama tetap pola kerja selamat sehat pegawai jadi prioritas tetap perhati layan masyarakat tulis menteri pan rb payung hukum bijak adalah pres nomor tahun hari kerja jam kerja instansi perintah pegawai asn atur menteri pan rb nomor tahun laksana tugas dinas pegawai asn fleksibel instansi perintah belum menteri negeri tito karnavian beri lampu hijau asn bagai perintah daerah pemda dampak erupsi gunung anak krakatau terap skema kerja wfh laku wfh asn terap sesuai kondisi daerah masing masing tito jelas kemendagri terus laku komunikasi tingkat provinsi banten lampung jawa barat dki jakarta sumatera selatan tito kata jawa barat keluar imbau kabupaten kota masing masing kalau memang potensi akan pengaruh bahaya sehat aman sektor layan publik masuk giat masyarakat masuk giat ajar ajar laku respons misal alih kurang dampak sehat maupun dampak aman masuk misal sistem transportasi saran lain kata tito jumpa pers daring akun youtube bakom minggu kemarin tito kata situasi daerah darurat dampak erupsi gunung anak krakatau pemda laku wfh pegawai darurat dasar aspek sehat aman kalau anggap situasi emergency darurat masuk kalau situasi perintah kabupaten kota lihat aspek sehat aspek aman daerah masyarakat masuk bagi asn administrasi negara ganggu yang laku work from home ujar tito skema wfh asn kata tito laku utama satu kerja bidang sehat sosial masyarakat skema wfh juga dapat terap anggap perlu timbang aspek sehat aman,finance
Kopdes Diklaim Bikin Negara Hemat Rp 150 T-Putus Mata Rantai Rentenir,https://finance.detik.com/berita-ekonomi-bisnis/d-8655921/kopdes-diklaim-bikin-negara-hemat-rp-150-t-putus-mata-rantai-rentenir,"Rabu, 09 Sep 2026 19:45 WIB",perintah bakal jadi koperasi desa lurah merah putih kopdes merah putih salur distribusi barang subsidi masyarat laku barang subsidi beri perintah benar benar tepat sasar coo danantara sekaligus kepala bp bumn dony oskaria kata salur barang subsidi langsung kopdes merah putih masyarakat tekan ada bocor subsidi sistem data terima subsidi integrasi dony kata pihak sama menteri uang menteri koperasi engah siap sistem daring tekan bocor subsidi hitung tekan rp triliun per tahun target kalau sudah jadi single data nya bocor subsidi kurang tadi diskus sedang buat tim tim saya tim pak purbaya tim menteri koperasi bangun online system dasar basis siapa hak terima subsidi ujar temu kantor menteri uang jakarta rabu teman teman bayang paling hemat subsidi tepat sasar sekitar rp triliun tahun jadi mesti lihat dampak sambung dony sebut hadir koperasi ini m jadi instrumen perintah kendali harga barang butuh pokok daerah jaring kopdes sebar seluruh desa nilai mungkin perintah laku intervensi distribusi jadi naik harga dua channel tekan inflasi kalau jadi inflasi orang main mainin harga punya distribution seluruh desa misal harga beras naik misal contoh tinggal distribusi khusus seluruh kopdes harga sekian inflasi tekan utama bahan pokok nah ini makanya mesti lihat manfaat jadi lokasi kan memang coverage nya satu desa terang kemudian kopdes merah putih jadi jadi tempat masyarakat tarik uang setor tunai hal ini kopdes jadi agen brilink ingin putus mata rantai rentenir desa pnm akan buka kantor koperasi desa rangka apa salur kredit hindar ada sekarang kan banyak saudara saudara kita kena rentenir lain bagai bunga jadi akan jadi collecting agent dan distribution agent nya ungkap dony hanya kopdes nanti akan jadi agen layan logistik harap dapat mudah masyarakat kirim barang mana kopdes akan kerja sama pt pos indonesia kemudian juga untuk teman teman saudara saudara kita sekarang kan era itu era online kan yang bisnis desa lalu bagaimana kalau ada order pick up nya pt pos indonesia akan kerja sama dengan seluruh koperasi desa jadi channel untuk logistik agen logistik pt pos indonesia kata dony,finance
"Kepala Pengawas Bursa Mineral Mau RI Tentukan Harga Nikel, Ini Alasannya",https://finance.detik.com/bursa-dan-valas/d-8655589/kepala-pengawas-bursa-mineral-mau-ri-tentukan-harga-nikel-ini-alasannya,"Rabu, 09 Sep 2026 16:17 WIB",kepala eksekutif awas bursa mineral komoditas strategis bmks otoritas jasa uang ojk sarjito ungkap rencana kembang bmks sarjoto sendiri baru lantik mahkamah agung ma hari sarjito sorot posisi indonesia salah satu produsen nikel besar dunia milik pengaruh tentu harga turut harga nikel hingga ini acu harga bentuk negara bagai hasil contoh nikel besar dunia pernah tentu harga harga tentu yuridiksi pihak pihak ironi kata sarjito usai lantik ma jakarta pusat rabu nilai ada bmks penting kuat posisi indonesia ada bursa sebut harap buat indonesia tahap lagi sekadar jadi price taker ikut harga bentuk jadi tentu harga paling awal lagi jadi price taker jadi price influencer jadi bursa reference at the end tentu sanggup mampu confident jadi price maker ujar kuat posisi indonesia bentuk harga ada bursa tingkat awas transaksi komoditas ini masuk antisipasi soal transfer pricing under invoicing data harga maupun volume transaksi pantau lebih baik oleh karena mesti confident bangun bursa sendiri di banyak sempat isu kena transfer pricing under invoicing baik harga volume bisa kita kontrol baik tutur sarjito meski sarjito belum ungkap komoditas apa pertama kali dagang lalu bursa sebut perintah tunggu atur presiden pres akan tentu mineral komoditas strategis masuk dagang bursa terap akan laku tahap sarjito kata perintah langsung masuk banyak komoditas akhir sistem sebut jalan optimal kita tunggu pres dulu kita tentu ingin banyak dagang it doesn t work kita ingin gradual mana mana bisa dagang lebih sebut ojk sendiri tengah kejar susun atur awal kait awas bursa mineral komoditas strategis sarjito sebut atur ojk pojk awal target undang pada september tar bmks sendiri target operasi januari kita keluar pojk harus minta tuju dpr harus undang tanggal september itu pojk awal kita susun pojk pojk baru kemudian kita tunggu atur presiden untuk at the beginning mineral dan komunitas strategis apa yang akan dagang tutup sarjito tonton juga video jagung pamer uang rp m hasil sita korupsi nikel pt cni,finance
Transmart Full Day Sale Hari Ini! Serbu Pesta Diskon Meriah 50% + 20%,https://finance.detik.com/berita-ekonomi-bisnis/d-8649210/transmart-full-day-sale-hari-ini-serbu-pesta-diskon-meriah-50-20,"Minggu, 06 Sep 2026 07:00 WIB",transmart full day sale hadir hari minggu september transmart full day sale datang diskon limpah hingga langsung sejak toko buka hingga akhir jam malam diskon tambah beri langgan apabila transaksi guna kartu kredit bank mega kartu kredit bank mega syariah contoh tv led uhd smart inch harga normal mulai rp harga promo mulai rp beli guna kartu kredit bank mega bank mega syariah langgan dapat produk sebut harga rp unit belanja smart tv jadi hemat rp unit harga normal lalu sharp mesin cuci front load harga normal produk mulai rp unit harga promo rp unit beli guna kartu kredit bank mega bank mega syariah langgan dapat tambah diskon harga jadi rp unit belanja mesin cuci jadi hemat rp unit harga normal lanjut polytron kulkas fridge sbs l harga normal produk set harga promo mulai rp set guna kartu kredit bank mega bank mega syariah langgan setia dapat kulkas sebut harga rp set belanja kulkas jumbo hemat rp harga normal lalu sharp ac split pk harga normal produk mulai rp unit harga promo mulai rp unit guna kartu kredit bank mega bank mega syariah langgan setia dapat ac sebut harga rp set belanja ac jadi hemat rp harga normal perlu catat beli produk elektronik syarat tentu laku laku beli partai besar minimal transaksi rp itu datang transmart full day sale baca dulu syarat tentu syarat tentu transmart full day sale minggu september diskon tambah guna kartu kredit bank mega mega syariah minimum beli rp diskon laku kartu mega corporate mega wholesale card mega groserindo tvs trans hello diskon tambah laku tanggal september mulai buka toko pukul waktu tempat seluruh toko transmart khusus elektronik tv ac mesin cuci kulkas maksimal beli masing masing kategori unit per kartu per akun laku it laptop gadget produk tanda tidak laku promo fds untuk punya kartu kredit bank mega perlu khawatir unit buka instan yang sedia gerai cibubur central park,finance
"Besok Serbu Transmart Full Day Sale, Diskon Besar-besaran 50% + 20%!",https://finance.detik.com/berita-ekonomi-bisnis/d-8649209/besok-serbu-transmart-full-day-sale-diskon-besar-besaran-50-20,"Sabtu, 05 Sep 2026 17:55 WIB",transmart full day sale hadir besok minggu september transmart full day sale datang diskon limpah hingga langsung sejak toko buka hingga akhir jam malam diskon tambah beri langgan apabila transaksi guna kartu kredit bank mega kartu kredit bank mega syariah contoh tv led uhd smart inch harga normal mulai rp harga promo mulai rp beli guna kartu kredit bank mega bank mega syariah langgan dapat produk sebut harga rp unit belanja smart tv jadi hemat rp unit harga normal lalu sharp mesin cuci front load harga normal produk mulai rp unit harga promo rp unit beli guna kartu kredit bank mega bank mega syariah langgan dapat tambah diskon harga jadi rp unit belanja mesin cuci jadi hemat rp unit harga normal lanjut polytron kulkas fridge sbs l harga normal produk set harga promo mulai rp set guna kartu kredit bank mega bank mega syariah langgan setia dapat kulkas sebut harga rp set belanja kulkas jumbo hemat rp harga normal lalu sharp ac split pk harga normal produk mulai rp unit harga promo mulai rp unit guna kartu kredit bank mega bank mega syariah langgan setia dapat ac sebut harga rp set belanja ac jadi hemat rp harga normal perlu catat beli produk elektronik syarat tentu laku laku beli partai besar minimal transaksi rp itu datang transmart full day sale baca dulu syarat tentu syarat tentu transmart full day sale minggu september diskon tambah guna kartu kredit bank mega mega syariah minimum beli rp diskon laku kartu mega corporate mega wholesale card mega groserindo tvs trans hello diskon tambah laku tanggal september mulai buka toko pukul waktu tempat seluruh toko transmart khusus elektronik tv ac mesin cuci kulkas maksimal beli masing masing kategori unit per kartu per akun laku it laptop gadget produk tanda tidak laku promo fds untuk punya kartu kredit bank mega perlu khawatir unit buka instan yang sedia gerai cibubur central park,finance
"Lampung Financial Festival 2026 Digelar Akhir Pekan Ini, Cek Daftar Pengisi Acaranya",https://finance.detik.com/berita-ekonomi-bisnis/d-8648929/lampung-financial-festival-2026-digelar-akhir-pekan-ini-cek-daftar-pengisi-acaranya,"Jumat, 04 Sep 2026 19:00 WIB",gelar lampung financial festival selenggara sabtu minggu september novotel bandar lampung gelar rupa bentuk komitmen lembaga simpan pinjam lps tingkat literasi uang indonesia dorong cipta ekosistem uang inklusif lanjut lalu rangkai giat edukatif interaktif gelar hadir mang penting sektor uang mulai buat bijak regulator laku industri uang hingga akademisi tak saji edukasi literasi uang lampung financial festival bakal hibur deret artis nama mulai komika marshel widianto nassar charly setia band acara selenggara gratis buka umum anda ingin gabung ramai seru cukup pindai scan kode qr tera poster daftar informasi lebih lanjut lihat laman event detik com ada jumlah sesi kelas edukasi isi nama nama besar salah satu sesi inspirational talks chairul tanjung sama bank mega area ballroom sesi akan selenggara hari pertama kemudian akan ada sesi edukasi sama bank mandiri bni bri ikut rincian acara lampung financial festival september wakil ketua dewan komisioner lps farid azhar nasution gubernur lampung rahmat mirzani djausal anggota komisi xi dpr ri cik asan menteri koordinator bidang pangan ri zulkifli hasan utus khusus presiden bidang bina generasi muda raffi ahmad deputi gubernur bank indonesia filianingsih hendarta chief marketing officer raja emas indonesia m rahmat founder chairman ct corp chairul tanjung educational class x bank mandiri setia band charly walikota bandar lampung eva dwianarektor unila lusmeilia afriani ketua komisi xi dpr mukhamad misbakhun ketua dewan komisioner lps anggito abimanyu walikota bandar lampung eva dwiana kepala eksekutif awas invoasi teknologi sektor uang aset uang digital aset kripto ojk adi budiarso direktur jenderal stabilitas kembang sektor uang spsk herman saheruddin direktur finance strategy pt bank rakyat indonesia persero tbk achmad royadidirektur finance strategy pt bank mandiri persero tbk novita widya anggrainidirektur finance strategy pt bank negera indonesia persero tbk hussein paolo kartadjoemenadirektur sales distribution pt bank syariah indonesia persero tbk anton sukarnadirektur utama pt bank negara tabung persero tbk nixon l p napitupulu marshell widianto wakil menteri budaya ri giring ganesha coo danantara dony oskaria ketua dewan komisioner lps anggito abimanyu edu class cerdas finansial aman tata masa depan music performanceking nassar,finance
RI Gandeng Irlandia Kembangkan AI-Industri Penerbangan,https://finance.detik.com/berita-ekonomi-bisnis/d-8648497/ri-gandeng-irlandia-kembangkan-ai-industri-penerbangan,"Jumat, 04 Sep 2026 15:21 WIB",perintah indonesia irlandia kuat kerja sama dagang investasi bilateral lalu penandatanganan letter of intent loi dialog laku dua negara sepakat kembang kerja sama sektor sektor potensial deputi kerja sama ekonomi investasi menteri koordinator bidang ekonomi edi prio pambudi kata penandatanganan loi harap kuat hubung antar dua negara indonesia irlandia milik hubung diplomatik lama tahun edi kata total nilai dagang indonesia irlandia teracatat capai us juta sekitar rp triliun kurs rp panjang januari juli nilai capai us juta rp triliun tahun total dagang indonesia irlandia capai usd juta itu periode januari hingga juli dagang bilateral capai usd juta tingkat banding periode belum kata edi konferensi pers kantor kemenko ekonomi jakarta pusat jumat turut jumlah sektor masih potensi kembang teknologi digital cerdas artifisial ai energi baru teknologi bersih biaya lanjut agrifood nutrisi farmasi layan sehat terbang jasa kait kita tahu irlandia lama kenal salah satu pusat teknologi digital muka eropa jadi basis regional bagai usaha teknologi global masuk google meta microsoft irlandia rupa salah satu pusat industri farmasi biofarmasi muka dunia ujar sisi lain indonesia tawar pasar besar terus kembang kapasitas industri makin kuat bagai peluang investasi irlandia milik unggul teknologi ahli jejaring bisnis internasional beri nilai tambah kerja sama dua negara itu duta besar irlandia indonesia sharon lennon kata dialog laku buka bagai potensi kerja sama bisnis irlandia siap bawa ahli alam dukung ambisi ekonomi indonesia hadir sekarang momentum nyata dua sisi irlandia penuh ambisi indonesia hal ujar kait potensi nilai kerja sama dua negara edi kata perintah ingin fokus target nilai dagang turut lebih penting kualitas kerja sama bagaimana indonesia dapat manfaat unggul milik irlandia rinci salah satu sektor jadi perhati terbang edi kata irlandia milik unggul bisnis aircraft leasing sewa pesawat dapat manfaat industri terbang indonesia salah satu adalah negara punya unggul licensing aviation besar dunia mana sekarang mobilitas sangat penting asean usaha usaha terbang indonesia masuk maintenance tutup edi,finance
Nasib Karyawan Telkom yang Gedungnya Bakal Ditempati BGN,https://finance.detik.com/berita-ekonomi-bisnis/d-8655809/nasib-karyawan-telkom-yang-gedungnya-bakal-ditempati-bgn,"Rabu, 09 Sep 2026 19:00 WIB",badan gizi nasional bgn beberapa bulan depan pindah kantor gedung merah putih gmp telkom kawasan gatot subroto jakarta adapun kantor bgn ada kawasan kebon sirih jakarta lantas bagaimana nasib karyawan telkom gmp tempat bgn coo danantara sekaligus kepala bp bumn dony oskaria pasti karyawan lama kerja gedung sebut siap tempat kerja ganti tak mungkin kata dony rencana bgn tempat gmp siap gedung ganti kadang kadang kan suka lebih kalau enggak tempat enggak mungkin orang dipindahin masa kerja jalan gedung memang hitung kan ujar dony temu kantor tri uang jakarta rabu adapun tanya kait ada kabar media sosial soal barang barang gedung sebut tanda guna bgn dony minta masyarakat tak gampang percaya kait kabar sebut pasal kata dony bgn tempat gedung milik telkom sebut barang barang tag gimana kan bgn nya aja belum masuk jadi hati hati kok tag in pasti ada sewa sewa ada ingat telkom adalah usaha buka jadi jangan teman teman makan hal usaha buka semua proses ikut tentu laku usaha buka kata ada fair value nya larang ojk nanti kena bentur penting misal harga bawah pasar enggak enggak boleh apalagi kalau cuma pakai enggak sewa enggak mungkin itu kan usaha buka lanjut belum kepala bgn sudaryono sesi jawab rdp komisi ix dpr ri kamis benar rencana pindah kantor bgn gedung merah putih kata pihak koordinasi danantara kait rencana sebut betul pak sedang koordinasi danantara waktu dekat badan gizi nasional duduk gedung graha merah putih saat ini jadi kantor telkom ujar sudaryono sudaryono jelas tak ada aral lintang pindah kantor bgn gedung merah putih laku satu hingga bulan depan insyaallah satu bulan ini kami pindah kantor graha merah putih terang sudaryono dalam sempat sebut kata pegawai belum tempat gedung merah putih guna bgn sebut akan pindah gedung telkom ada di belah orang tempat gedung graha merah putih itu akan tempat gedung telkom yang di belah gedung yang lebih tinggi kata,finance
Elnusa Petrofin Salurkan Bantuan bagi Pengungsi Erupsi Gunung Sinabung,https://finance.detik.com/berita-ekonomi-bisnis/d-8655132/elnusa-petrofin-salurkan-bantuan-bagi-pengungsi-erupsi-gunung-sinabung,"Rabu, 09 Sep 2026 12:24 WIB",pt elnusa petrofin epn anak usaha pt elnusa tbk idx elsa sama pertamina peduli salur bantu logistik sekitar warga dampak erupsi gunung sabung warga ungsi jambur ungsi desa sukatepu camat simpang empat kabupaten karo sumatera utara bantu beri liput masker medis bantu lindung warga papar abu vulkanik botol air mineral bungkus mi instan kaleng sarden kilogram beras botol susu steril adapun erupsi gunung sabung jadi awal september akibat gugur abu vulkanik jangkau jumlah wilayah sekitar kondisi sebut dorong ribu warga tinggal tempat tinggal sementara waktu lindung lokasi ungsi jaga selamat respons kondisi tanggap darurat sebut elnusa petrofin lalu unit bisnis transportasi integrated terminal medan kolaborasi pertamina peduli salur bantu sesuai butuh masyarakat lama ada ungsi manager corporate communication relations elnusa petrofin putiarsa bagus wibowo kata hadir usaha situasi bencana rupa bagi komitmen beri manfaat nyata masyarakat khusus sekitar wilayah operasional usaha kondisi darurat akibat erupsi masker jadi butuh penting bantu lindung masyarakat papar abu vulkanik sisi sedia pangan air minum perlu pasti butuh dasar warga lama ada ungsi tetap penuh ujar putiarsa terang tulis rabu putiarsa bantu sebut rupa wujud peduli sekaligus respons kolaboratif elnusa petrofin sama pertamina peduli butuh masyarakat dampak upaya hadir lalu bantu relevan langsung manfaat masyarakat harap dukung dapat bantu kuat tahan logistik posko ringan beban ungsi dukung masyarakat lewat masa tanggap darurat hingga kondisi angsur pulih tambah bantu serah langsung kepala desa sukatepu josua ginting lanjut kelola distribusi warga tetap jambur ungsi koordinasi sama perintah desa laku pasti bantu salur tepat sasar sesuai butuh masyarakat dampak josua ginting apresiasi peduli dukung beri elnusa petrofin sama pertamina peduli masyarakat desa sukatepu ucap terima kasih atas bantu beri warga yang ada jambur ungsi desa sukatepu bantu akan optimal kuat sedia butuh posko manfaat dapat rasa seluruh warga harap dukung ini dapat bantu ringan butuh masyarakat lama ada ungsi ujar josua,finance
Kemenhub Ungkap Biang Kerok Kemacetan Panjang Pelabuhan Ketapang,https://finance.detik.com/berita-ekonomi-bisnis/d-8653167/kemenhub-ungkap-biang-kerok-kemacetan-panjang-pelabuhan-ketapang,"Selasa, 08 Sep 2026 08:10 WIB",tangan insentif terus laku urai padat kendara jalur akses tuju labuh seberang ketapang banyuwangi macet panjang klaim mulai kurang kepala ksop kelas iii tanjung wangi purgana sampai meski antre mulai urai jumlah dinamika lapang pengaruh lancar arus kendara padat utama pengaruh tinggi volume kendara logistik tuju gilimanuk baik salah satu dermaga labuh gilimanuk belum optimal kapasitas angkut satu empat kapal atosim lampung layar alp jalan awat docking faktor kapasitas kapal baik dermaga dapat kendala operasional upa batas kapasitas kantong parkir rtk alp kelola bumdes hanya mampu tampung unit kendara kondisi sebut sebab bagi truk paksa parkir bahu jalan catat ada kendala mekanisme ticketing lalu jasa urus truk papar purgana dasar hasil pantau senin sore kemarin pukul wib panjang antre kendara logistik pantau kilometer km labuh ketapang titik akhir antre ada depan terminal sritanjung kondisi sebut tunjuk turun signifikan banding minggu malam panjang antre sempat capai km tangan kondisi sebut ksop kelas iii tanjung wangi terus kuat koordinasi sama balai kelola transportasi darat bptd pt asdp indonesia ferry operator kapal mang penting kait sisi kepelabuhanan selamat layar langkah laku lain lalu optimalisasi operasional kapal awas kelaiklautan kapal atur pola sandar sesuai kondisi operasional pasti layan terbit surat tuju layar spb jalan sesuai tentu tingkat kapasitas angkut siap tambah kapal dukung layan seberang kmp jatra i jadwal tiba selasa pukul wib susul kmp port link pukul wib optimalisasi kapal selasa september rencana laku survei bathimetri sekitar dermaga bulus tahu kondisi dalam air posisi dolphin jatuh hasil survei sebut jadi bahan evaluasi selamat dukung rencana guna dermaga bulus lokasi sandar kmp port link rencana tambah kapal optimalisasi fasilitas sandar harap tingkat kapasitas angkut sekaligus bantu cepat urai antre seluruh langkah operasional tetap penuh aspek selamat aman layar ujar purgana pihak juga imbau seluruh kemudi truk logistik guna jasa seberang tetap tertib ikut arah tugas tidak serobot jalur proses urai antre jalan lebih cepat lancar terus laku pantau koordinasi intensif seluruh mang penting pasti lancar layan selamat layar lintas ketapang gilimanuk tutup purgana,finance
"Krakatau Meletus, Penerbangan Lumpuh, Bagaimana Mitigasi Aviasi RI?",https://finance.detik.com/berita-ekonomi-bisnis/d-8652120/krakatau-meletus-penerbangan-lumpuh-bagaimana-mitigasi-aviasi-ri,"Senin, 07 Sep 2026 14:45 WIB",dampak letus gununganak krakatau gak mulai sejak jumat malam terus rasa dunia terbang indonesia dasar informasi baru sampai menteri hubung tutup jumlah bandara akibat erupsi panjang hingga senin pukul wib bandara bandara tutup lain soekarno hatta cgk radin inten ii lampung tkg halim perdanakusuma hlp husein sastranegara bandung bdo budiarto curug rto pondok cabe pcb bandara m taufik kiemas tfy tutup tujuh bandara laku bentuk mitigasi ancam abu vulkanik dapat ganggu mesin sistem pesawat hingga jarak pandang pilot langkah cepat laku perintah patut apresiasi meski dampak timbul akibat tutup perlu segera tangan tahu empat tujuh bandara tutup rupa bandara komersial layan terbang tak negeri juga luar negeri kutip data injourney ambil tidak terbang tumpang dampak sejak awal tutup sabtu september hingga senin september pukul wib angka sebut bandara soekarno hatta tangerang banten sumbang angka terbang tumpang dampak tanggap efek tutup bandara sebut menko bidang infrastruktur bangun wilayah agus harimurti yudhoyono ahy dorong menteri hubung siap bandara alternatif adapun beberapa bandara tunjuk lain bandara internasional jawa barat bijb kertajati majalengka bandara ahmad yani semarang bandara yogyakarta bandara juanda surabaya lalu jauh mana bandara bandara dapat tampung limpah jumlah terbang sempat tunda dasar kondisi jauh mana tahan sistem terbang indonesia bagai ancam khusus bencana alam simak ulas detiksore sama pakar aviasi alvin lie detiksore juga lihat langsung kondisi kini jumlah bandara dampak erupsi gunung anak krakatau sana jurnalis akan sampai langsung lapor pandang mata kait tunda jumlah terbang atau tuju bandara radin inten lampung soekarno hatta tangerang banten mudah apa tumpang oleh hak hak simak lapor detiksore jelang petang detiksore akan hadir dan arwanto inisiator kelompok tani cemara jakarta utara detiksore akan cerita bagaimana usaha ubah ladang kumuh jadi surga tanam tanam hijau apa hasil oleh terima anugerah kalpataru kategori rintis lingkung simak kisah sunsetlak detiksore ikut terus ulas dalam berita berita hangat dalam hari siar langsung langsung live streaming senin jumat pukul wib detik com tiktok sampai komentar lalu kolom live chat sedia detik sore cuma hore hore,finance
Inalum Terjunkan Tim Tangani Karhutla di Mempawah,https://finance.detik.com/energi/d-8652098/inalum-terjunkan-tim-tangani-karhutla-di-mempawah,"Senin, 07 Sep 2026 13:17 WIB",pt indonesia asah aluminium persero inalum dukung tangan bakar hutan lahan karhutla landa jumlah titik indonesia masuk kabupaten mempawah kalimantan barat wilayah rupa wilayah operasional pt borneo alumina indonesia bai anak usaha inalum pt aneka tambang persero tbk antam operasi smelter grade alumina refinery sgar serta fasilitas dukung jumat direktur utama pt mineral industri indonesia mind id maroef sjamsoeddin koordinasi langsung kerah personel madam bakar sertifikat grup mind id kuat tim kerja lapang personil sebut rupa personal gabung asal inalum antam pt bukit asam persero tbk pt timah persero tbk pt freeport indonesia pt vale indonesia tbk maroef sjamsoeddin sampai tangan bencana butuh peduli kolaborasi bagai pihak itu grup mind id hadir bantu masyarakat kuat upaya kendali karhutla dampak lingkung maupun aktivitas sosial masyarakat langkah rupa bentuk peduli lingkung masyarakat hadir rawan grup mind id jadi bagi upaya sama cepat kendali titik api sekaligus bantu kurang risiko sehat ganggu aktivitas hadap masyarakat ujar terang tulis senin dukung personel kuat tangan lokasi laku lalu sedia bagai lengkap madam alat selamat dukung medis rawan maupun para masyarakat dampak direktur utama inalum melati sarnita kata libat usaha tangan karhutla rupa bagi tanggung jawab sosial lingkung usaha bentuk peduli hadap masyarakat tempat hadir tim lapang hanya arah proses madam juga bantu cegah sebar api kurang potensi dampak karhutla lebih luas inalum ada usaha beri manfaat rasa aman masyarakat sekitar itu dapat situasi darurat karhutla upaya gerak sama seluruh pihak milik kompetensi wenang bantu tangan ujar melati itu direktur utama bai darwin saleh siregar sampai tangan karhutla mempawah butuh upaya tidak sederhana bagi titik bakar ada lahan gambut mana api rambat tahan bawah muka meski kobar atas tanah padam api lahan gambut rambat tahan bawah muka meski kobar atas tanah telah padam kondisi buat proses madam butuh waktu lebih panjang sedia sumber air pada sisir dingin ulang pasti api benar benar padam tidak muncul ujar darwin,finance
PT Timah Terjunkan Tim Pemadam Tangani Karhutla di Kalbar,https://finance.detik.com/energi/d-8652346/pt-timah-terjunkan-tim-pemadam-tangani-karhutla-di-kalbar,"Senin, 07 Sep 2026 15:05 WIB",pt timah persero tbk kerah emergency response team ert diri personel fire fighter sama grup mind id bantu tangan bakar hutan lahan karhutla wilayah kalimantan barat personel fire fighter pt timah kerah asal jumlah wilayah operasional usaha mereka rupa personel milik mampu tangan kondisi darurat khusus bakar jalan tugas personel fire fighter pt timah bekal bagai lengkap madam alat lindung diri dukung selamat personel kerja tengah kondisi asap medan bakar kerah personel fire fighter rupa bagi dukung pt timah sama grup mind id bantu tangan karhutla kalimantan barat mobilisasi personel laku depan kesiapsiagaan selamat koordinasi pihak kait lokasi jadi direktur utama pt timah persero tbk restu widiyantoro sama direktur utama mind id maroef sjamsoeddin ikut pantau antar langsung tim akan laksana tugas tangan karhutla kalimantan direktur utama mind id maroef sjamsoeddin tegas inisiatif manusia lahir komitmen selalu hadir sama masyarakat masa masa krisis mind id pasti program bantu jalan holistik henti fase tanggulang bencana hingga proses pulih depan langkah rupa bentuk peduli lingkung masyarakat hadir rawan grup mind id jadi bagi upaya sama cepat kendali titik api sekaligus bantu kurang risiko sehat ganggu aktivitas hadap masyarakat ujar terang tulis kutip senin corporate secretary pt timah persero tbk ruddy nursalam kata banyak personel fire fighter tugas bantu tangan kondisi karhutla kalimantan barat pt timah sama grup mind id kerah personel fire fighter bantu tangan karhutla kalimantan barat personel tugas rupa tim telah milik mampu tangan kondisi darurat bakar siap dukung upaya madam lapang ujar harap seluruh personel jalan tugas penuh disiplin jaga kompak utama selamat lama ada lokasi tangan karhutla mampu emergency response team milik pt timah lama tidak guna respons kondisi darurat wilayah operasional usaha juga kerah dukung tangan bencana kondisi darurat butuh sumber daya latih lalu sinergi sama grup mind id pt timah turut kuat upaya tangan karhutla kalimantan barat hadir personel fire fighter harap bantu cepat tangan bakar sekaligus dukung upaya lindung hadap masyarakat lingkung sekitar wilayah dampak,finance
"Magang Nasional Dibuka Lagi, Begini Cara Daftarnya",https://finance.detik.com/berita-ekonomi-bisnis/d-8649269/magang-nasional-dibuka-lagi-begini-cara-daftarnya,"Sabtu, 05 Sep 2026 08:00 WIB",daftar program magang nasional maganghub batch angkat ii tahun resmi buka september magang batch menteri ketenagakerjaan kemnaker sedia kuota banyak serta tahun kemnaker buka kuota maganghub banyak serta bagi tiga batch angka ininaik kuota tahun besar serta informasi serta magang terima uang saku tara upah minimum provinsi kabupaten kota ump umk program buka lulus baru fresh graduate jenjang sarjana hingga diploma program siap sempat magang akses luas cari kerja sekaligus beri alam kerja relevan butuh dunia usaha dunia industri instansi perintah ujar menteri ketenagakerjaan menaker yassierli terang tulis jumat seleksi serta langsung september hasil seleksi umum september serta pilih jadwal mulai ikut magang september informasi daftar maganghub akses lalu maganghub kemnaker go id warga negara indonesia milik nomor induk duduk nik lulus diploma sarjana didik profesi guru tinggi daftar menteri didik tinggi sains teknologi batas kelulus maksimal tahun daftar hitung sejak tanggal ijazah sertifikat profesi sertifikat profesi maksud oleh maksimal tahun tanggal ijazah diploma sarjana buat akun siapkerja itu buka laman https maganghub kemnaker go id lengkap data diri kait biodata didik lain unggah dokumen perlu pilih lowong magang usaha lembaga tujan yassierli laksana maganghub hanya orientasi jumlah serta juga kualitas proses magang serta oleh alam kerja relevan itu kemnaker pasti seluruh tahap program laksana transparan tertib sesuai tentu laku ingin seluruh proses jalan buka dipertanggungjawabkan tahap laku hati hati administrasi laksana program jalan baik beri manfaat serta kata yassierli tambah lengkap tentu teknis jadi bagi penting dalam pasti laksana maganghub jalan sesuai tuju tentu sebut jadi acu selenggara maupun serta lama program langsung itu awas laku pasti seluruh proses magang jalan tertib beri manfaat optimal serta awas laku ketat kami ingin pasti program maganghub benar benar beri manfaat serta sekaligus jalan akuntabel sesuai tentu laku ujar yassierli yassierli harap serta maganghub dapat manfaat sempat sebut oleh alam kerja tingkat terampil paham lingkung kerja langsung bekal pasuk dunia kerja,finance
"Ada 'Demam Masker' di Pasar Pramuka, Pembeli Borong 20 Box Sekaligus!",https://finance.detik.com/berita-ekonomi-bisnis/d-8653551/ada-demam-masker-di-pasar-pramuka-pembeli-borong-20-box-sekaligus,"Selasa, 08 Sep 2026 12:18 WIB",jakarta dadak ramai warga buru masker pasar pramuka jakarta timur biasa dominasi beli langgan kini datang banyak wajah baru cari lindung napas fenomena jadi abu vulkanik erupsi gunung anak krakatau bawa hingga wilayah jakarta sejak senin dagang mulai rasa lonjak minta bahkan beli sekali datang langsung borong hingga box masker dasar pantau selasa sejak pagi hingga wib kawasan pasar terus ramai kunjung beli tampak keluar masuk area pasar silih ganti datang toko toko meski timbul padat sangat besar area pasar tampak jadi sangat sibuk lihat jumlah beli lebih banyak pusat dagang taruh bagai produk masker etalase toko sana lihat serius lihat lihat agam opsi masker kios kios sebut sebut buat beberapa lorong dalam pasar pramuka dar awal cukup sempit jadi lebih sulit lalu meski tak desa salah orang dagang pasar pramuka selly kata kondisi ramai beli mulai jadi sejak minggu kemarin puncak ramai baru jadi senin sengaja datang cari masker kalau minta masker banyak saja sih nanya lalu whatsapp atau orang datang langsung banyak sini kemarin lah lebih banyak cari jadi putar sini kalau cuma langgan biasa sini kalau orang ke pasar mah jarang sekarang ujar selly temu kalau hari biasa kan banyak biasa hari box laku kemarin tuh mulai tingkat gitu ada minta sampai box satu orang doang kayak gitu beda tutur hal nada sampai dagang pasar pramuka yana ungkap naik unjung toko mulai asa sejak kemarin senin naik unjung hari belum tidak tahu pada hari minggu kemarin toko sedang tutup kemarin ramai kalau minggu tahu tutup kata yana turut tak sedikit unjung datang cari tanya tanya produk masker jual bahkan yana bincang ada langgan datang tanya harga masker jaja kemudian langsung pergi keliling cari toko yang lain masker tuh banyak macam bagai macam pabrik keluar masker kualitas gantung harga deh kalau kayak gitu makin harga mahal kualitas makin bagus jelas yana,finance
