judul,link,waktu,isi_berita
Men's World Tennis Championship: Rifqi dan Rafalentino Tembus Babak Kedua,https://sport.detik.com/raket/d-8656258/mens-world-tennis-championship-rifqi-dan-rafalentino-tembus-babak-kedua,"Kamis, 10 Sep 2026 04:42 WIB","Dua petenis Indonesia,Muhammad Rifqi FitriadidanRafalentino Ali Da Costa, melangkah keBabak Kedua Seri V Men's World Tennis Championship 2026.

Pada laga Babak pertama tunggal putra ITF World Tennis Tour M-15 di Bali Beach Country Club, Nusa Dua, Rabu (9/9/2026) Rafalentino menghadapi petenis India Shanker Heisnam.

Petenis 16 tahun itu dengan mudah menang dua set langsung, 6-4 dan 6-1, dalam tempo 59 menit. Ini mengulangi kemenangan atas Shanker di seri IV pekan lalu.

""Saya sudah mengalahkan Shanker pekan lalu sehingga termotivasi untuk mengulanginya. Saya tetap bermain tanpa beban di babak berikutnya dan fokus dengan strategi agar mendapat hasil maksimal,"" ujar Rafalentino dalam rilis kepadadetikSport.

Langkah serupa dilakoni Rifqi Fitriadi yang bermain di lapangan F menghadapi wakil Swedia Eric Ahren Moonga. Rifqi dengan karakternya menyerang dari garis belakang mendominasi permainan sebelum menang 6-2 dan 6-2 dalam tempo 1 jam 8 menit.

Pada babak kedua, Rifqi bertemu petenis kualifikasi asal Australia Hayden Jones yang menang 6-1 6-1 dari Raghav Jaysinghani.

Sementara itu tuan rumah harus kehilangan satu wakilnya di babak utama, setelah perjuangan Anthony Susanto selama 2 jam 53 menit saat menantang unggulan keenam asal Selandia Baru, Isaac Becroft, gagal membuahkan kemenangan.

Keunggulan 7-6 tiebreak 4 di set pertama, ternyata tak mampu di pertahankan oleh petenis 29 tahun itu. Isaac yang merupakan runner-up Seri IV menang rubber rame 6-2 dan 7-5."
Kevin Sanjaya Antusias Lihat Semangat Talenta Bulutangkis Indonesia,https://sport.detik.com/raket/d-8656218/kevin-sanjaya-antusias-lihat-semangat-talenta-bulutangkis-indonesia,"Kamis, 10 Sep 2026 01:15 WIB","Audisi Umum PB Djarum 2026 sedang berlangsung di Kudus.Kevin Sanjayajadi teringat momen saat dirinya berupaya mengejar mimpi.

Audisi Umum PB Djarum 2026 Kudus dihelat di GOR Djarum, Jati, pada Rabu (9/9) hingga Minggu (13/9). Tak kurang, sebanyak 1.601 peserta yang berasal dari berbagai penjuru Indonesia mulai dari Sumatera hingga Papua.

Mantan atlet bulutangkis Indonesia ternama, Kevin Sanjaya, ikut terlibat dalam Tim Pencari Bakat PB Djarum. Dia juga merupakan sosok legenda di PB Djarum.

""Hadir di GOR Jati membuat saya bernostalgia semasa pertama kali mengikuti Audisi Umum PB Djarum di tahun 2006 lalu. Saya senang melihat perjuangan adik-adik yang begitu gigih. Menurut saya, mentalitas bertanding dan siap akan hasil apapun di lapangan menjadi poin penting untuk menjadi pebulutangkis andal. Jadi antara keinginan untuk menang dan rasa takut kalah itu harus seimbang,"" kata Kevin dalam rilis yang diterima detikSport.

""Melihat antusiasme yang luar biasa dari adik-adik di audisi kali ini, saya rasa ini merupakan angin segar bagi regenerasi bulutangkis kita karena merekalah calon-calon pahlawan olahraga untuk Indonesia di masa depan,"" sambungnya.

Para bibit potensial ini tersebar di tiga kategori usia yaitu U-11, KU-11, dan KU-12 baik putra maupun putri. Adapun Kudus menjadi kota ketiga pelaksanaan proses seleksi pebulutangkis muda berkualitas super setelah lebih dahulu diadakan di Pekanbaru (Juli) dan Makassar (Agustus).

""Bertepatan dengan Hari Olahraga Nasional, kami ingin terus mengambil peran dalam mendukung kemajuan olahraga Indonesia melalui pembinaan atlet sejak usia dini. Audisi Umum PB Djarum menjadi salah satu langkah untuk menemukan talenta-talenta muda potensial dari berbagai daerah,"" kata Program Director Bakti Olahraga Djarum Foundation sekaligus Ketua PB Djarum, Yoppy Rosimin."
Atlet Muda Modern Pentathlon Punya Kesempatan Karier di Militer,https://sport.detik.com/sport-lain/d-8656170/atlet-muda-modern-pentathlon-punya-kesempatan-karier-di-militer,"Rabu, 09 Sep 2026 23:50 WIB","Modern Pentathlonakan dipertandingkan dalam momen Hari Ulang Tahun (HUT) TNI ke-81. Ketua Umum Pengurus Pusat Modern Pentathlon Indonesia (PP MPI), Marsekal Muda (Marsda) TNI Purwoko Aji Prabowo, menyampaikan apresiasi.

Modern Pentathlon adalah cabang olahraga Olimpiade yang menggabungkan lima disiplin berbeda: anggar, renang, lari, menembak, dan rintangan (obstacle) yang menggantikan disiplin berkuda mulai tahun 2025.

Modern Pentathlon Indonesia Open 2026 yang memperebutkan Piala Panglima TNI ini dijadwalkan akan berlangsung di Akademi Angkatan Udara (AAU) Yogyakarta, 23-25 September 2026.

""Merupakan suatu kehormatan modern pentathlon menjadi satu dari delapan cabang olahraga yang dipertandingkan dalam rangka memperingati HUT ke-81 TNI tahun 2026. Kami siap mensukseskan Modern Pentathlon Indonesia Open 2026 memperebutkan Piala Panglima TNI,"" kata Purwoko Aji Prabowo yang mendampingi Panglima Koopsudnas (Pangkoopsudnas) Marsekal Madya (Marsdya) TNI Minggit Tribowo.

""Keberadaan Modern Pentathlon Indonesia Open 2026 ini mewujudkan keinginan kami untuk terus menggemakan pembinaan Modern Pentathlon yang mampu membentuk karakter generasi muda yang berdisiplin tinggi, berdaya juang, dan bertalenta juara,"" sambungnya dalam wawancara dengan medai di Ruang Leo Watimena Koopsudnas, Lanud Halim Perdanakusuma, Jakarta Timur, Selasa (8/9/2026).

Purwoko Aji Prabowo juga menyampaikan kabar gembira bagi para atlet muda Modern Pentathlon yang tampil dalam perebutan Piala Panglima TNI. Dia memastikan PP MPI akan mengawal serta memfasilitasi para pemenang di kategori U-19 yang memiliki minat untuk melanjutkan karier di dunia militer melalui jalur prestasi.

""Kami membuka kesempatan bagi para juara di kategori U-19, jika tertarik bergabung menjadi anggota TNI, akan coba kami fasilitasi. Kesempatan dari Panglima TNI ini terbuka lebar bagi bibit-bibit muda berprestasi,"" pungkas Marsda TNI Purwoko Aji.

Kejuaraan Piala Panglima TNI 2026 membuka persaingan untuk kategori Senior serta U-19 (putra dan putri). Tiga nomor utama yang siap menguji ketahanan fisik dan mental para atlet meliputi: Pentathlon, Triathle, dan Biathle.

Lebih jauh Purwoko Aji menyampaiakan, perkembangan prestasi Modern Pentathlon Indonesia mengalami peningkatan prestasi cukup signifikan. Pada SEA Games Thailand 2025 lalu, Timnas Modern Pentathlon Indonesia telah menyumbangkan 1 medali emas, 3 perak, dan 1 perunggu. Kini, PP MPI sudah menyiapkan 5 atlet yang bakal tampil di Asian Games Aichi-Nagoya 2026.

""Kita sudah mempersiapkan kelima atlet Modern Petathlon Indonesia dengan maksimal sehingga bisa memberikan yang terbaik pada saat tampil di Asian Games 2026 nanti. Khusus Modern Pentathlon Indonesia Open 2026 ini, kita berharap muncul bibit-bibit potensial yang akan dibina untuk persiapan menghadapi single dan multi event internasional ke depan,"" tutupnya."
Romy Tahrizi Juara Nasional Shifter 2026 Bersama Dewa United,https://sport.detik.com/sport-lain/d-8656176/romy-tahrizi-juara-nasional-shifter-2026-bersama-dewa-united,"Rabu, 09 Sep 2026 23:15 WIB","Kejuaraan Nasional Gokart 2026yang berlangsung dalam enam putaran menghadirkan persaingan ketat hingga seri terakhir. Romy Tahrizi berhasil menjadi Juara Nasional Shifter 150 tahun 2026 bersama Dewa United Motorsport setelah melalui perjuangan sepanjang musim.

Kepastian tersebut diraih Romy pada Final Race Round 6 yang berlangsung pada 5-6 September 2026. Sebelumnya, pembalap yang juga berprofesi sebagai Lawyer di Kantor AHHN Lawyers tersebut masih menempati posisi kedua klasemen sementara dengan selisih 15 poin dari pemuncak klasemen.

Dengan tampil konsisten dan mampu mengamankan posisinya hingga balapan berakhir, Romy berhasil mengungguli pesaing terdekatnya sekaligus mengumpulkan poin terbanyak sepanjang musim. Hasil tersebut mengantarkannya menjadi pemuncak klasemen akhir Kejuaraan Nasional Gokart 2026 kelas Shifter 150.

Pencapaian ini menjadi hasil dari proses panjang yang tidak mudah. Sebagai pembalap dengan usia 37 tahun sekaligus salah satu pembalap paling senior di kelas Shifter 150, Romy harus mempersiapkan kondisi fisik dan mental secara optimal. Balapan gokart dengan intensitas tinggi membutuhkan stamina, konsentrasi, serta daya tahan fisik yang prima, terutama dalam menghadapi rangkaian kompetisi selama satu musim.

Sepanjang enam putaran yang berlangsung sejak Januari hingga September 2026, Romy mencatatkan empat kemenangan, satu kali finis sebagai runner-up, dan satu kali gagal menyelesaikan balapan. Dengan torehan tersebut, Romy berhasil mengoleksi lima podium dan memastikan gelar Juara Nasional Shifter 150 tahun 2026.

Performa Romy tidak terlepas dari dukungan penuh Dewa United Motorsport yang secara konsisten memberikan persiapan dan setting gokart terbaik di setiap putaran. Kolaborasi antara pembalap dan tim menjadi salah satu faktor penting dalam menjaga performa hingga akhirnya mampu mengamankan gelar juara nasional.

Kebahagiaan semakin lengkap karena keberhasilan Romy juga turut mengantarkan Dewa United Motorsport menjadi Juara Nasional Tim pada Kejuaraan Nasional Gokart 2026. Romy bersama para pembalap Dewa United Motorsport yang dikenal dengan sebutan ""Anak Dewa"" berhasil memberikan kontribusi penting terhadap pencapaian tersebut.

Persaingan pada putaran terakhir juga berlangsung dalam kondisi yang penuh tantangan. Balapan sempat terancam ditiadakan akibat abu vulkanik dari erupsi Anak Krakatau yang mencapai kawasan Sentul Karting Circuit. Kondisi tersebut membuat permukaan lintasan menjadi berdebu dan jarak pandang pembalap sangat terbatas.

Setelah mengalami penundaan selama hampir empat jam, balapan akhirnya dapat dilangsungkan setelah dilakukan penanggulangan oleh pihak organizer bersama petugas pemadam kebakaran yang melakukan penyemprotan di seluruh permukaan lintasan. Kondisi tersebut menambah tantangan bagi para pembalap dalam menentukan strategi dan menjaga konsentrasi hingga balapan berakhir.

""Gelar ini tentu sangat berarti bagi saya karena perjuangannya tidak mudah. Sepanjang musim kami harus menjaga konsistensi, mempersiapkan fisik, menjaga fokus, dan terus melakukan evaluasi dari satu seri ke seri berikutnya. Apalagi persaingan di kelas Shifter 150 sangat ketat dan saya juga harus mampu menjaga kondisi di tengah kesibukan sebagai lawyer,"" kata Romy Tahrizi dalam pernyataan resminya.

""Saya bersyukur kerja keras bersama tim akhirnya membuahkan hasil. Terima kasih yang sebesar-besarnya untuk Dewa United Motorsport yang selalu memberikan support dan setting terbaik di setiap seri. Gelar ini bukan hanya milik saya, tetapi juga milik seluruh tim, keluarga, sponsor, dan semua pihak yang terus memberikan dukungan,"" lanjutnya.

Romy juga menegaskan bahwa keberhasilan meraih gelar juara nasional bukan menjadi akhir dari perjalanan, melainkan motivasi untuk menghadapi tantangan berikutnya.

""Saya ingin menjadikan pencapaian tahun ini sebagai motivasi untuk terus berkembang. Target ke depan tentu mempertahankan gelar dan, jika ada kesempatan, mencoba berkompetisi di level internasional. Saya percaya selama kita mau bekerja keras, terus belajar, dan tidak mudah menyerah, masih banyak hal yang bisa dicapai. Mudah-mudahan saya bisa terus memberikan prestasi terbaik bersama Dewa United Motorsport,"" kata Romy.

Ke depan, Romy Tahrizi bertekad mempertahankan gelar Juara Nasional sekaligus membuka peluang untuk tampil di kompetisi gokart internasional. Komitmen tersebut akan terus dijalankan bersama Dewa United Motorsport yang telah memberikan kepercayaan dan dukungan sepanjang musim 2026.

Atas pencapaian tersebut, Romy menyampaikan apresiasi kepada seluruh jajaran Dewa United Motorsport, sponsor, keluarga, kerabat, serta seluruh pihak yang telah memberikan dukungan dan kepercayaan selama perjalanan kompetisinya hingga berhasil meraih gelar Juara Nasional Shifter 150 tahun 2026."
Asian Games: Ketum PBTI Yakin Taekwondo Bisa Berkontribusi untuk Indonesia,https://sport.detik.com/sport-lain/d-8656181/asian-games-ketum-pbti-yakin-taekwondo-bisa-berkontribusi-untuk-indonesia,"Rabu, 09 Sep 2026 22:22 WIB","Asian Games 2026tak lama lagi akan dimulai.Ketua Umum Pengurus Besar Taekwondo Indonesia (PBTI), Letjen TNI Richard Tampubolon, menyampaikan optimismennya terkait cabang olahraga yang dia pimpin.

Asian Games 2026 berlangsung di Aichi-Nagoya, Jepang. Ajang multi-event olahraga Asia itu akan resmi dibuka pada 19 September dan ditutup pada 4 Oktober 2026.

Presiden RI Prabowo Subianto secara resmi melepas kontingen Indonesia di Istana Kepresidenan, Jakarta Pusat, Rabu (9/9/2026). Ketua Umum Pengurus Besar Taekwondo Indonesia (PBTI) Letjen TNI Richard Tampubolon turut hadir dalam acara tersebut.

Dalam kesempatan tersebut, Prabowo berpesan kepada para atlet untuk menjaga konsistensi latihan. Orang nomor satu di Indonesia itu juga berharap para perwakilan Indonesia bisa memperlihatkan karakter bangsa.

""Kunci utama untuk meraih prestasi tertinggi adalah konsistensi dalam berlatih dan semangat pantang menyerah. Ia berharap para atlet dapat menunjukkan karakter bangsa Indonesia yang tangguh saat bertanding di Jepang nanti,"" kata PRabowo.

Pesan tersebut menjadi motivasi bagi para atlet Indonesia, termasuk para wakil Taekwondo Indonesia yang akan membawa Merah Putih di Aichi-Nagoya.

""Dengan persiapan dan evaluasi yang berkesinambungan, saya yakin para atlet Taekwondo dapat memberikan kontribusi maksimal untuk kejayaan Indonesia,"" kata Richard Tampubolon.

Asian Games Aichi-Nagoya 2026 akan menjadi salah satu panggung penting bagi Taekwondo Indonesia. Hasil baik nantinya bisa menjadibukti keberhasilanPBTI dalam pembinaan dan persiapan yang telah dilakukan sebelum menghadapi persaingan di level Asia."
BNI Dukung Skuad Bulutangkis Indonesia Menuju Asian Games 2026,https://sport.detik.com/raket/d-8656150/bni-dukung-skuad-bulutangkis-indonesia-menuju-asian-games-2026,"Rabu, 09 Sep 2026 21:53 WIB","PT Bank Negara Indonesia (Persero) Tbk atau BNI kembali memberikan dukungan terhadap perjuangan bulutangkis Indonesia di panggung internasional. Hal ini seiring ditetapkannya 20 pebulu tangkis yang akan memperkuat Merah Putih pada Asian Games 2026 Aichi-Nagoya, Jepang.

Dari 20 pemain yang dipilih Persatuan Bulutangkis Seluruh Indonesia (PP PBSI), sebanyak 13 pemain akan menjalani debut di Asian Games. Mereka antara lain Alwi Farhan, Moh Zaki Ubaidillah, Muhammad Shohibul Fikri, Nikolaus Joaquin, Mutiara Ayu Puspitasari, Rachel Allessya Rose, hingga Nita Violina Marwah.

Sementara itu, tujuh pemain lainnya telah memiliki pengalaman tampil di Asian Games, yakni Jonatan Christie, Fajar Alfian, Leo Rolly Carnando, Daniel Marthin, Putri Kusuma Wardani, Febriana Dwipuji Kusuma, dan Siti Fadia Silva Ramadhanti.

Corporate Secretary BNI Okki Rushartomo mengatakan komposisi pemain berpengalaman dan debutan menunjukkan proses regenerasi yang terus berlangsung dalam bulutangkis Indonesia. Asian Games Aichi-Nagoya menjadi kesempatan bagi para pemain untuk menguji kemampuan sekaligus menambah pengalaman di level internasional.

""BNI berharap seluruh atlet yang memperkuat Indonesia dapat memberikan kemampuan terbaiknya. Kehadiran para pemain berpengalaman sekaligus debutan menunjukkan bahwa regenerasi terus berjalan dan menjadi bagian penting dalam menjaga kesinambungan prestasi bulutangkis Indonesia,"" ujar Okki dalam keterangan tertulis, Rabu (9/9/2026).

Asian Games 2026 juga menghadirkan kombinasi baru di sektor ganda campuran. Nikolaus Joaquin dan Siti Fadia Silva Ramadhanti dijadwalkan tampil sebagai pasangan pada ajang tersebut setelah sebelumnya masing-masing berkompetisi dengan pasangan berbeda.

Menurut Okki, hadirnya kombinasi pemain baru memberikan kesempatan untuk memperluas pengalaman bertanding sekaligus menambah alternatif bagi Indonesia dalam menghadapi persaingan di level Asia.

""Yang paling utama, kami berharap tim Indonesia dapat tampil maksimal pada nomor beregu, baik putra maupun putri. Setelah itu, kami juga berharap para atlet mampu menunjukkan performa terbaik pada nomor perorangan,"" kata Okki.

Nomor beregu bulutangkis Asian Games 2026 dijadwalkan berlangsung pada 20-24 September 2026, kemudian dilanjutkan dengan nomor perorangan pada 25-29 September 2026.

Dukungan terhadap perjuangan para atlet tersebut juga bertepatan dengan momentum Hari Olahraga Nasional (Haornas) yang diperingati setiap 9 September. Bagi BNI, Haornas menjadi pengingat pentingnya dukungan berkelanjutan terhadap pembinaan atlet dan pengembangan olahraga nasional.

BNI meyakini perjuangan para atlet di Asian Games 2026 dapat menjadi inspirasi bagi generasi muda untuk terus berprestasi sekaligus membawa nama Indonesia di tingkat Asia dan dunia."
"Tebak Sirkuit MotoGP Bisa Dapat Saldo E-Wallet Rp 750 Ribu, Mau?",https://sport.detik.com/moto-gp/d-8656147/tebak-sirkuit-motogp-bisa-dapat-saldo-e-wallet-rp-750-ribu-mau,"Rabu, 09 Sep 2026 21:49 WIB","Buat kamu yang mengikuti MotoGP dan merasa hafal dengan karakter berbagai sirkuit, ada tantangan menarik yang bisa diikuti. Bold Riders bersama detikcom menghadirkan kuis tebak sirkuit MotoGP dengan hadiah saldo e-wallet total Rp750 ribu.

Dalam kuis ini, peserta ditantang menebak nama-nama sirkuit berdasarkan siluet pada postingan kuis. Tantangan tersebut bisa menjadi kesempatan untuk menguji seberapa jauh pengetahuan peserta terhadap berbagai lintasan MotoGP.

Menariknya, kuis ini tidak hanya mengandalkan jawaban yang tepat. Peserta juga perlu mengikuti sejumlah mekanisme yang telah ditentukan agar dapat mengikuti kuis sesuai ketentuan.

Untuk mengikuti kuis, peserta perlu memastikan beberapa persyaratan telah dilakukan. Berikut mekanismenya:

Follow akun Instagram @detikcom dan @boldriders.

Tulis nama-nama sirkuit yang sesuai dengan siluet pada slide 2 postingan kuis di kolom komentar.

Mention @detikcom, @boldriders, dan dua teman terdekat untuk ikut meramaikan kuis.

Pastikan jawaban dan seluruh mekanisme telah dilakukan sesuai ketentuan.

Kuis ini menguji kemampuan peserta dalam mengenali sirkuit hanya melalui tampilan siluet. Bagi penggemar yang terbiasa mengikuti balapan MotoGP, bentuk lintasan dan karakter tikungan dapat menjadi petunjuk untuk menentukan jawaban.

Selain menguji pengetahuan tentang sirkuit MotoGP, kuis ini juga menawarkan hadiah menarik. Tiga detikers dengan jawaban yang benar akan mendapatkan saldo e-wallet.

Masing-masing pemenang berhak mendapatkan saldo e-wallet sebesar Rp250 ribu, sehingga total hadiah yang disiapkan mencapai Rp750 ribu.

Jadi, buat kamu yang merasa jago mengenali sirkuit MotoGP, jangan lewatkan kesempatan untuk ikut menjawab tantangan ini. Siapkan jawaban terbaik, ikuti seluruh mekanisme yang berlaku, dan buktikan seberapa kenal kamu dengan berbagai lintasan MotoGP.

Bold Ridershadir sebagai wadah komunitas motormultigenre. Apa punbrandatau jenis motornya, semua bisa bergabung di bawah satu semangat yang sama:brotherhood. Sejalan dengan keberanian memacu adrenalin dan mengambil risiko di sirkuit, Bold Riders juga dengan bangga menjadi sponsor resmiGresini Racing Teamdi ajang MotoGP.

Lebih dari sekadar komunitas, Bold Riders mendukung penuh nilai-nilai yang menjadi jiwa dari MotoGP dan para pecinta roda dua untuk selalu berani tampil beda (Live Bold):

Keberanian mengambil keputusan dalam hitungan detik.

Mentalitas untuk terus maju dan berkembang.

Passionyang kuat terhadap dunia roda dua.

Dedikasi dalam menghargai proses, latihan, dan disiplin.

Prinsip untuk menjadikan setiap perjalanan sebagai pengalaman yang berarti.

Semangatbrotherhoodyang solid dan merangkul semua genre motor tanpa sekat.

Jangan sampai ketinggalan keseruannya!Followakun@boldriderssekarang untukupdateinfo terbaru seputar dunia motor dan MotoGP.

[Gambas:Instagram]"
Pelatih Timnas Voli Putra RI Targetkan Medali di Asian Games 2026,https://sport.detik.com/sport-lain/d-8655872/pelatih-timnas-voli-putra-ri-targetkan-medali-di-asian-games-2026,"Rabu, 09 Sep 2026 20:50 WIB","Pelatih Timnas voli putra Indonesia, Reidel Toiran, memasang target medali di Asian Games 2026. Dia optimistis timnya bisa memberikan kejutan besar.

Timnas voli putra Indonesia saat ini diperkuat 12 pemain. Sejumlah pemain berpengalaman tetap menjadi bagian dari skuad, di antaranya Dio Zulfikri, Farhan Halim, dan Fahri Septian.

""Target kami dapat medali. Anak-anak semangat semua. Jadi, optimis nanti kompetisi ini kita bisa surprise (memberi kejutan) besar,"" kata Reidel saat ditemui di Wisma Serba Guna, GBK, Rabu (9/9/2026).

Menurut Reidel, timnya masih menjalani latihan berat. Waktu kurang dari dua pekan akan dimanfaatkan untuk memaksimalkan kondisi fisik para pemain sebelum berangkat ke Asian Games 2026.

""Sekarang masih latihan berat, masih ada panjang latihan, jadi belum lepas fisik. Ya, maksimalkan waktu karena kita ada evaluasi fisik kurang. Sekarang di fase untuk memaksimalkan taktik kita,"" kata Reidel.

Menyoal persaingan, Reidel menyebut Jepang, India, dan China bakal menjadi lawan berat Indonesia. Di sisi lain dia juga menilai performa timnya juga terus mengalami peningkatan.

Indonesia sebelumnya berhasil menjuarai AVC Men's Cup 2026. Tim Merah Putih mengalahkan Korea Selatan 3-0 pada pertandingan final di India.

""Ya, ada tim-tim terbaik. Ada Jepang, ada India, ada China juga lumayan bagus. Dan kita sudah mulai naik,"" tuturnya.

Pada Asian Games 2026, Indonesia tergabung di Pool B bersama Iran, Thailand, dan Kirgizstan. Reidel berharap dukungan masyarakat Indonesia untuk perjuangan timnas voli putra di Asian Games 2026.

""Ya, untuk masyarakat Indonesia terima kasih sampai sekarang sudah mendukung. Kami akan maksimal di pertandingan dan berharap maju,"" ujar Reidel."
Ketum KOI Memastikan Atlet Terlayani dengan Baik di Nagoya,https://sport.detik.com/sport-lain/d-8656039/ketum-koi-memastikan-atlet-terlayani-dengan-baik-di-nagoya,"Rabu, 09 Sep 2026 20:22 WIB","Ketua UmumKomite Olimpiade Indonesia (KOI),Raja Sapta Oktohari, memastikan atlet terlayani dengan baik setibanya di Nagoya, Jepang. Ini untuk menjawab kondisi yang tengah terjadi di kota tersebut.

Nagoya tengah diterpa banjir besar yang mengakibatkan ratusan atlet Asian Games di Jepang dievakuasi dari tempat penginapan mereka.

Bahkan, menurut prakiraan cuaca menunjukkan akan ada lebih banyak hujan dalam beberapa hari ke depan, padahal pertandingan Asian Games akan dimulai 10 September, dan pembukaan resmi multievent empat tahunan itu baru dilakukan 19 September.""Hubungan kami dengan NOC Jepang cukup baik. Koordinasi tetap kami lakukan dan khusus Nagoya, tim CdM cukup intensif berkomunikasi, baik dengan pemerintahnya mapun LOC Aichi-Nagoya,"" kata Okto saat ditemui di Wisma Serba Guna, GBK, Rabu (9/9/2026).

""InsyaAllah kita akan berupaya terus supaya ada kepastian para atlet bisa terlayani dengan baik,"" tambahnya.

Selain banjir besar di wilayah Asian Games akan berlangsung, faktanya Indonesia juga diterpa tantangan lain.Mulai dari kebakaran di Kalimantan, banjir di Sumatra, hingga gunung erupsi di beberapa titik di Indonesia. Namun begitu, Okto berharap, tantangan ini bisa dijawab atlet dengan prestasi olahraga Indonesia.

""Kami menyampaikan kepada para atlet bahwa semua tantangan ini harus dijawab dengan prestasi. Harapannya dari prestasi itu bisa menjadi penguat semangat masyarakat Indonesia menghadapi semua tantangan yang sedang kita hadapi ini,"" ujarnya.

""Kita bangsa besar, kita tak mungkin akan menjadi kecil, cuma karena tantangan-tantangan ini. Jawabannya harus menang,"" tegas Okto.

Okto juga menilai tim CdM memiliki rencana cadangan dalam setiap situasi yang dihadapi. Termasuk terkait Timnas basket yang turut berdampak karena adanya banjir besar di Nagoya.""Hal seperti ini bukan pertama kali. Saya pernah jadi CdM di Olimpiade 2016, setiap situasi ada kondisi plan. Dan saya yakin pak Todotua Padaribu dari olahraga basket, sehingga saya sangat pede pasti setiap permasalahan akan dicarikan solusinya yang terbaik untuk para atletnya,"" tegasnya.

Begitu pun soal skema keberangkatan tim Asian Games untuk kloter berikutnya.""Skemanya memaksimalkan menyesuaikan keadaan. Bahwa kemarin pada saat mau berangkat airport ditutup, kami cari solusi dan komunikasikan dengan atlet dan ofisial. Jika mereka setuju dengan skema itu kami laksanakan karena yang paling utama memastikan pelayanan kepada atlet sehingga mereka bisa tampil maksimal,"" kata Okto."
"Dari Hyrox ke 10K, Fanny Ghassani Pilih Pace Santai",https://sport.detik.com/sportstyle/d-8655787/dari-hyrox-ke-10k-fanny-ghassani-pilih-pace-santai,"Rabu, 09 Sep 2026 18:50 WIB","Demam olahraga lari terus menjalar ke kalangan selebritas. Salah satu yang kini menggemari olahraga tersebut adalah Fanny Ghassani.

Setelah dua kali menjajal race, Fanny kini naik level. Sports enthusiast itu akan menjalani debut di nomor 10K RunXperience yang digelar pada awal Oktober 2026.

""Saya lari 5K sudah, 8K sudah, jadi habis itu 10K saja. Ini perdana bagi saya ikut di nomor tersebut,"" kata Fanny saat ditemui di kawasan Semanggi, Rabu (9/9/2026).

Bagi Fanny, 10K menjadi langkah sebelum nantinya mencoba Half Marathon atau Full Marathon. Namun, dia belum memasang target waktu dan memilih menikmati perlombaan.

""Enggak ada target sih. Saya kalau lari tuh inginnya menganggap lari tuh sesuatu yang fun gitu. Tidak pernah ada target. Saya belum sampai di tahap misalnya lari 10K harus satu jam gitu,"" dia mengungkapkan.

Kesibukan sebagai artis menjadi salah satu alasan Fanny tidak bisa memiliki waktu latihan yang teratur seperti pelari yang serius menekuni olahraga tersebut.

""Daripada saya terbebani dengan berapa waktu yang akan saya capai nanti, lebih baik yang penting larinya fun aja. Karena mengingat waktu latihan itu juga enggak akan bisa sama kayak mereka yang serius lari. Kerjaan kita kan tidak kayak pekerja kantoran pada umumnya,"" kata Fanny.

Kegemaran Fanny terhadap lari juga didorong kebutuhannya meningkatkan kemampuan fisik untuk mengikuti Hyrox, kompetisi kebugaran yang memadukan lari dan latihan fungsional.

Sadar membutuhkan fisik yang lebih kuat untuk Hyrox, Fanny mau tak mau menambah latihan, khususnya dalam program lari. Dia bahkan sudah dua kali menjajal race untuk meningkatkan kemampuan fisiknya.

""Sebenarnya dari dulu aku penasaran kenapa tidak bisa lari. Karena kayak kok aku bisa enggak suka lari, di saat semua orang suka lari,"" tuturnya.

""Sampai akhirnya aku seriusi lari karena hyrox. Di hyrox itu aku harus delapan kali lari, delapan kali station, jadi mau enggak mau, aku harus belajar bagaimana caranya lari cepat. Di situ lah aku memaksa diri lari.""

""Jadi kalau ditanya siapa yang ajak (lari)? Enggak ada, dari diri sendiri saja. Kalau tak latihan lari, aku pasti KO. Sebab, habis lari, lalu narik, jadi harus di-combine,"" tegasnya.

Meski kini mulai serius berlari, selebritas berusia 35 tahun itu tidak ingin terlalu ngoyo dalam mengikuti kompetisi lari, terutama dalam mengejar catatan waktu.

Fanny menyadari tujuan utama olahraga yang dilakukannya adalah menjaga kebugaran dan kesehatan.

""Aku ekspetasinya gitu (berdampak pada hyrox) tapi lebih dari itu lari buat kesehatan otot jantung. Sementara angkat beban lebih ke tulang, otot, yang dibentuk. Jadi aku juga perlu latihan untuk cardionya. Jadi aku mau,"" ujarnya.

""Tapi aku tak mau memaksakan diri mengingat aku bukan atlet atau waktu aku. Ini bukan pekerjaan aku, ya sadar diri saja. Jadi pace santai-santai tapi enggak pelan, enggak kencang juga,"" pungkasnya.

RunXperience 2026 digelar di dua kota. Setelah Surabaya pada 19 Juli 2026, gelaran tersebut akan berlanjut di Jakarta pada 4 Oktober 2026.

Di Surabaya, RunXperience digelar di kawasan Balai Kota Surabaya dan diikuti 3.500 peserta. Ajang tersebut mempertandingkan kategori 2,5K, 5K, dan 10K. Sementara di Jakarta, kategori yang tersedia adalah 2,5K Fun Run, 5K, 10K, dan 21K atau Half Marathon."
Asian Games 2026: Prabowo Janjikan Bonus Rp 3 M untuk Peraih Emas,https://sport.detik.com/sport-lain/d-8655779/asian-games-2026-prabowo-janjikan-bonus-rp-3-m-untuk-peraih-emas,"Rabu, 09 Sep 2026 18:10 WIB","Kontingen Indonesia bersiap menatapAsian Games 2026di Jepang. Presiden RI,Prabowo Subianto, menjanjikan bonus Rp 3 miliar untuk peraih medali emas.

Asian Games 2026 berlangsung di Aichi-Nagoya, Jepang. Ajang multi-event olahraga Asia itu akan resmi dibuka pada 19 September dan ditutup pada 4 Oktober 2026.

Prabowo secara resmi melepas kontingen Indonesia di Istana Kepresidenan, Jakarta Pusat, Rabu (9/9/2026). Pada momen itu, Prabowo berpidato dan menyampaikan bonus untuk atlet peraih medali emas.

[Gambas:Instagram]

""Dan saya nggak lupa, saya diberi laporan Pak Erick, pak untuk Sea Games medali emas dapat Rp 1 miliar, tapi ini Asian Games medali Rp 3 miliar,"" kata Prabowo.

""Tanya semua pemimpin olahraga yang kemarin medali perak, medali perunggu pun karier-kariernya kita semua percepat. Ada yang 'Pak saya sudah sekian tahun belum baik pangkat', termasuk pelatih-pelatih,"" sambungnya.

Sebagai catatan, pada edisi Asian Games sebelumnya, pemerintah memberikan bonus kepada peraih emas nomor perorangan Rp 1.575.000.000, perak mendapatkan Rp 525.000.000, lalu perunggu mendapatkan Rp 262.500.000.

Tidak hanya kepada atlet, pelatih dan asisten pelatih juga pada saat itu diganjar bonus oleh pemerintah. Jumlahnya untuk pelatih yang atletnya meraih medali emas perorangan/ganda sebesar Rp 472.500.000, kemudian perak Rp 157.500.000, sementara perunggu sebesar Rp 78.750.000."
"Rizki Juniansyah Siap Debut di Asian Games 2026, Naik Kelas ke 85 Kg",https://sport.detik.com/sport-lain/d-8655636/rizki-juniansyah-siap-debut-di-asian-games-2026-naik-kelas-ke-85-kg,"Rabu, 09 Sep 2026 17:30 WIB","Rizki Juniansyah siap menjalani debut di Asian Games 2026. Peraih medali emas Olimpiade Paris 2024 itu mengaku sudah pulih 100 persen setelah sempat mengalami cedera bahu bulan lalu.

Rizki akan tampil di kelas 85 kg putra. Dia menjadi salah satu andalan angkat besi Indonesia untuk meraih medali di Asian Games Aichi-Nagoya 2026, Jepang.

""Alhamdullilah cukup baik. Untui Asian Games ini, saya baru pemulihan lagi, angkatan juga sudah balik lagi, insyaAllah saya akan bertanding maksimal di Asian Games nanti,"" ujar Rizki saat ditemui di Wisma Serba Guna, GBK, Rabu (9/9/2026).

Berbeda dengan Olimpiade Paris 2024, Rizki akan turun di kelas 85 kg pada Asian Games 2026. Saat meraih emas Olimpiade, dia tampil di kelas 73 kg.

""Di Asian Games 2023 memang saya tidak main karena usus buntu (absen) alhamdullilah ini Asian Games pertama saya. Saya turun di kelas 85kg karena saya change dengan senior saya (Rahmat Erwin Abdullah), dan memang jatahnya satu orang satu kelas dan akhirnya saya yang 85kg,"" jelasnya.

Bagi Rizki, yang kini berusia 23 tahun, kenaikan kelas bukan perkara mudah. Dia harus menyesuaikan berat badan sekaligus meningkatkan power untuk menghadapi persaingan di kelas 85 kg.

""Yang pasti lebih berat lagi lawan-lawannya. Saya harus menjaga pola makan karena menaikkan berat badan harus (meningkatkan) seperti apa, nutrisi, protein dan lain-lainnya,"" ujarnya.

""Pertama makanan, kedua latihan harus full power lagi, ketiga kondisinya harus lebih baik lagi karena menaikkan berat badan bukan asal naik saja tapi kita harus punya power yang bermanfaat buat tanding,"" tuturnya.

Rizki mengungkapkan berat badannya saat ini masih 78 kg. Dia pun belum mencapai 80 kg. ""Jujur berat badan saya 78kg, enggak nyampe 80kg. Tapi tak masalah bagi saya, yang penting nanti pertandingan bisa maksimal dengan keadaan dan berat badan saya seperti ini,"" katanya.

Menyoal peta persaingan di kelas 85 kg, Rizki menyoroti lima negara yang dinilainya bakal menjadi tantangan berat. Mereka adalah Korea Utara, China, Iran, Thailand, dan Korea Selatan.

Meski persaingan berat, Rizki bertekad memberikan performa terbaik. Statusnya sebagai peraih medali emas Olimpiade juga membuat ekspektasi terhadap dirinya cukup tinggi.

""Ya sebenarnya bukan beban bagi saya tapi motivasi untuk semangat bertanding karena buat apa dijadikan beban. Kalau beban saya akan jelek di pertandingan.""

""Jadi saya tetap enjoy, walau negara menargetkan harus emas atau apa, lalu PB PABSI juga harus ini, yang penting saya enjoy dan jalan sendiri, dan berusaha yang terbaik buat Indonesia,"" pungkasnya."
CdM Todotua: Kami Monitoring Terus Kondisi di Nagoya,https://sport.detik.com/sport-lain/d-8655308/cdm-todotua-kami-monitoring-terus-kondisi-di-nagoya,"Rabu, 09 Sep 2026 14:30 WIB","Chef de Mission (CdM) Indonesia Todotua Pasaributerus memonitoring kondisi di Nagoya, Jepang jelangAsian Games 2026.Itu setelah adanya banjir besar yang menimpa kota tersebut.

Hal tersebut ditekankan Todo, sapaan karibnya, karena berkaitan dengan kontingen Indonesia yang akan tampil di Asian Games 2026.

Mengutip lamanStraitstimes, ratusan atlet Asian Games di Jepang sempat dievakuasi dari tempat penginapan mereka akibat hujan lebat yang melanda kota tuan rumah Nagoya dengan kompetisi yang akan dimulai pada 10 September.

Air hujan juga merembes ke beberapa venue pertandingan, sementara prakiraan cuaca menunjukkan akan ada lebih banyak hujan dalam beberapa hari ke depan.

Sekitar 104 mm hujan turun dalam satu jam di Nagoya pada 8 September, yang mendorong pejabat pemerintah kota untuk mengeluarkan perintah evakuasi bagi beberapa wilayah di kota tersebut.

""Kami memonitoring terus sejak tadi malam. Memang kondisi pagi ini dari pemerintah Nagoya, ofisial dari pemerintah provinsi Nagoya sudah mengeluarkan warning untuk me-lock seluruh kegiatan yang ada di Nagoya,"" kata Todotua saat ditemui di Wisma Serba Guna, GBK, pada Rabu (9/9/2026).Kondisi ini, kata Todo, tak hanya berdampak pada kontingen Indonesia, tapi semua yang hadir di Nagoya.

Diketahui, Timnas basket menjadi kontingen cabor pertama dari Indonesia yang terbang ke Nagoya. Mereka bertolak pada Senin (7/9) malam dari Surabaya, kemudian ke Singapura, dan tiba di Jepang pada Selasa (8/9).

""Jadi impact-nya bukan cuma kita tapi semua yang hadir di sana. Kami dengan tim manajer di sana memikirkan untuk mencari tempat latihan darurat,"" tuturnya.

""Tapi secara prinsip ini keputusan pemerintah setempat provinsi Nagoya memang lock semua, tak hanya sport tapi tempat pelayanan umum, sekolah juga,"" kata Todo.

Ia juga menegaskan pihaknya akan terus memonitor perkembangan bersama panitia.

""Seperti Pak Menpora sampaikan ini bukan hal dibuat-buat, kita tetap memonitor kondisi yang ada,"" pungkas Todotua.

Simak juga Video Bicara Kesiapan Atlet untuk Asian Games, Mensesneg: Persiapan Sangat Baik

[Gambas:Video 20detik]"
"Asian Games 2026: Banjir Landa Nagoya, Menpora Yakin Jepang Punya Plan B",https://sport.detik.com/sport-lain/d-8655303/asian-games-2026-banjir-landa-nagoya-menpora-yakin-jepang-punya-plan-b,"Rabu, 09 Sep 2026 13:50 WIB","Banjir besar melanda Nagoya, Jepang, menjelang Asian Games 2026. Kondisi tersebut menjadi perhatian Menteri Pemuda dan Olahraga (Menpora) Erick Thohir. Tapi ia yakin pemerintah Jepang sudah menyiapkan langkah antisipasi.

Asian Games 2026 akan digelar di Aichi-Nagoya pada 19 September hingga 4 Oktober mendatang. Banjir yang melanda Nagoya menyebabkan sejumlah aktivitas dan transportasi di kota tersebut terganggu. Meski demikian, kondisi venue Asian Games dilaporkan tetap aman dan penyelenggaraan masih berjalan sesuai rencana.

Erick mengatakan pihaknya telah mendapat penjelasan mengenai rencana pemerintah Jepang untuk menghadapi situasi tersebut.

""Alhamdulillah kemarin CdM, Ketua Komite Olimpiade Indonesia (KOI), kami, diundang oleh duta besar Jepang, serta dijelaskan plan A dan plan B dari pemerintah Jepang,"" kata Erick saat ditemui di Wisma Serba Guna, GBK, Rabu (9/9/2026).

""Saya yakin pemerintah Jepang adalah pemerintah yang sama seperti pemerintah Indonesia yang mawas dan peduli pada rakyatnya,"" ujarnya.

Erick juga menilai Jepang memiliki pengalaman dalam menggelar ajang olahraga internasional besar sehingga diyakini sudah memiliki persiapan menghadapi kondisi darurat.

""Dan tentu ketika ada event sebesar ini mereka punya pengalaman. Kita dukung lah. Yang penting tadi CdM, Ketua KOI, sudah sampaikan tadi untuk fokus (karena) tinggal 10 hari lagi. Jaga makan, kesehatan, yang lain-lain serahkan kepada ahlinya,"" tegasnya.

Erick turut meminta masyarakat Indonesia memberikan dukungan kepada tuan rumah Asian Games 2026.

""Saya kira kita harus dukung juga tuan rumah pemerintah Jepang. Pasti mereka ada kendala, kita harus dukung. Nanti apa keputusan panitia, CdM akan melobi dan beri pandangan seperti apa solusinya,"" kata Erick.

Erick menegaskan kontingen Indonesia saat ini perlu tetap fokus mempersiapkan diri menghadapi Asian Games. Keputusan terkait kondisi di lapangan nantinya diserahkan kepada pihak yang berwenang. Indonesia sendiri akan ambil bagian dalam Asian Games 2026 yang digelar di Aichi-Nagoya mulai 19 September mendatang.

Simak juga Video: Bicara Kesiapan Atlet untuk Asian Games, Mensesneg: Persiapan Sangat Baik

[Gambas:Video 20detik]"
Ketum KOI dan Menpora Mengukuhkan Tim Indonesia untuk Asian Games 2026,https://sport.detik.com/sport-lain/d-8655067/ketum-koi-dan-menpora-mengukuhkan-tim-indonesia-untuk-asian-games-2026,"Rabu, 09 Sep 2026 11:50 WIB","Ketua Umum Komite Olimpiade Indonesia (KOI)Raja Sapta Oktoharidan MenporaErick Thohirmengukuhkan Tim Indonesia untukAsian Games Aichi-Nagoya 2026.Siap beraksi!

Pelaksanaan pengukuhan berlangsung di Wisma Serba Guna, Gelora Bung Karno (GBK), pada Rabu (9/9/2026). Indonesia akan mengirimkan 430 atlet, 145 ofisial dari 35 cabang olahraga.

""Dengan mengucapkan Bismillahirrahmanirrahim maka Tim Indonesia untuk Asian Games Aichi-Nagoya dikukuhkan,"" ucap Okto.

Dalam kesempatan tersebut,Menpora Erick Thohiryang turut hadir juga memberikan pesan dan harapannya kepada para atlet dari 35 cabang olahraga yang akan tampil di multievent terbesar se-Asia tersebut.

""Indonesia sudah banyak mengibarkan Merah Putih di manca negara. Kita mendapatkan 98 emas, ini karena para pendahulu kita, dan tentu sebagian yang ada di sini. Tepuk tangan untuk kalian semua,"" buka Erick.

""Namun, kita belum pantas berpuas diri. Kalau kita lihat negara tetangga, selama Asian Games mereka sudah mengumpulkan 141 emas. Kalau kita bicara besarnya negara Indonesia, kita yang terbesar di Asian Games, baik segi penduduk, politik, ekonomi, kita ada semua.""

""Karena itu saya menatang semua yang hadir termasuk saya bisa enggak kita mempersiapkan Asian Games ini dengan baik, bisa tidak mengibarkan Merah Putih sebanyak-banyaknya di Asian Games ini?"" ajaknya.

Menpora berusia 56 tahun itu kemudian menanyakan kepada atlet yang hadir. 'Siapa yang mau dapat medali emas?' tanyanya. Seraya kemudian atlet menunjuk tangan secara serempak.

""Buktikan, buktikan buat diri Anda yang sudah berjuang meninggalkan hidup keseharian, keluarga, letih, tangis, cedera, tinggal 10 hari lagi,"" tegas Erick.

""Yang belum merasa berpotensi medali tantang diri Anda. Anda bisa. Yang potensi perunggu tantang diri Anda untuk dapat perak. Yang potensi perak tantang diri Anda dapat emas.""

""Yang potensi emas, persaingan sangat ketat. Banyak negara yang sudah berinvestasi di olahraga. Itu kenapa kami Kemenpora berintropeksi diri. Kita ubah pola pikir kita.""

""Arahan Presiden RI Prabowo Subianto, olahraga adalah duta bangsa, dan mencerminkan kehidupan bangsa. Oleh karena itu Asian Games jadi pantau terdekat menuju olimpiade.""

""Tak lama lagi, tinggal dua tahun. Kita juga siapkan Pelatnas kesinambungan, ada indeks prestasi, dan kalau ada yang main-main dengan anggaran, saya yang bawa ke hukum. Jangan main-main dengan kita,"" tegasnya.

Erick pun berharap, seluruh atlet dapat menyatukan komitmen sebelum berjumpa Presiden RI Prabowo Subianto.

""Saya berharap dengan kita menyatukan komitmen sebelum ketemu Bapak Presiden, kita bulatkan tekad. Kita adalah negara yang terbesar di Asia Tenggara, kita patut rebut emas sebanyak-banyaknya. Kita bisa, kita bisa. Salam olahraga,"" ucap Erick.

Simak juga Video Bicara Kesiapan Atlet untuk Asian Games, Mensesneg: Persiapan Sangat Baik

[Gambas:Video 20detik]"
MotoGP San Marino 2026: Jaga Puncak Klasemen Bukan Prioritas Jorge Martin,https://sport.detik.com/moto-gp/d-8654776/motogp-san-marino-2026-jaga-puncak-klasemen-bukan-prioritas-jorge-martin,"Rabu, 09 Sep 2026 08:52 WIB","Persaingan titel juara dunia semakin ketat menujuMotoGP San Marino 2026.Jorge Martinpercaya, menjaga puncak klasemen bukanlah yang prioritas di fase ini.

Pebalap Aprilia asal Spanyol itu dibayangi Marc Marquez dan Marco Bezzecchi di klasemen. Martin masih menempati peringkat teratas dengan perolehan 256 poin, selisih 19 poin dari Marquez dan 24 poin dari Bezzecchi.

Dengan demikian, ada potensi besar singgasana itu berganti pemilik setelah gelaran MotoGP San Marino nanti. Jorge Martin hanya mementingkan hasil di akhir kejuaraan.

""Grand prix Misano itu selalu istimewa ketika Anda berada di sebuah tim Italia dan, bersama dengan fans Aprilia, aku yakin ini akan jadi akhir pekan yang hebat,"" cetus juara MotoGP 2024 itu diwartakanCrash.

""Kami menuju sebuah lintasan yang kusukai setelah melakukan sebuah pekerjaan yang bagus di Aragon, dan kami punya target-target yang jelas,"" sambung Jorge Martin.

""Memimpin klasemen memang penting untuk tim Aprilia secara keseluruhan, tapi kita sudah melihat bahwa, mengingat selisih angka yang begitu tipis, itu bukanlah sebuah prioritas ataupun faktor yang menentukan.""

""Kami mesti terus fokus pada pekerjaan kami. Aku enggak sabar untuk menunggangi RS-GP26 dan melakukan yang terbaik di balapan kandang Aprilia,"" Martinantor menambahkan.

Jorge Martinbaru sekali memenangi balapan grand prix (seri Prancis) diMotoGP 2026sejauh ini. Martin akan merupaya mematahkan dominasi Ducati di Misano, yang berturut-turut memenangi lima balapan terakhir."
Ganda Campuran Indonesia Kembali Rombak Pemain,https://sport.detik.com/raket/d-8654666/ganda-campuran-indonesia-kembali-rombak-pemain,"Rabu, 09 Sep 2026 06:45 WIB","Sektor ganda campuran kembali mengalami perombakan pemain. Kali ini,Dejan Ferdinansyahdipasangkan denganFelisha Alberta Nathaniel Pasaribu.

Pengumuman disampaikan PBSI melalui Kepala Pelatih Ganda Campuran Nova Widianto. Selain Dejan/Felisha, perubahan juga terjadi pada Bagas Maulana yang sebelumnya tandem dengan Indah Cahya Sari Jamil.

Kini, eks ganda putra itu dipasangkan dengan Apriyani Rahayu. Sedangkan Indah akan berpartner dengan N. Nawaf Khoiriyansyah.

Ketiga racikan baru ini masing-masing akan debut di turnamen internasional bulutangkis. Seperti Dejan/Felisha akan tampil Denmark Open, Bagas Apri di Indonesia International Challenge 2026 (Surabaya), dan Nawaf/Indah akan memulai laga perdana sebagai pasangan di Malaysia Super 100.

""Sekarang kami sedang mencari format terbaik untuk sektor ganda campuran. Karena itu, beberapa kombinasi pasangan seperti Dejan/ Felisha, Bagas/Apriyani dan Nawaf/ Indah akan kami coba,"" kata Nova dalam keterangan PBSI, Selasa (8/9/2026).

""Mereka akan bermain di beberapa turnamen untuk melihat bagaimana hasilnya, termasuk chemistry, komunikasi, pola permainan, dan konsistensi mereka di lapangan. Dari situ nanti akan kami evaluasi,"" tuturnya.

Nova menegaskan, perombakan ini menjadi bagian dari program jangka panjang menuju Olimpiade mendatang.

""Mudah-mudahan dari proses ini kami bisa mendapatkan format pasangan yang paling tepat dan kompetitif untuk ke depannya,"" harap Nova."
Ambisi Morgan Holindo Jadi Juara Nasional Eshark Rok Cup 2027,https://sport.detik.com/sport-lain/d-8654641/ambisi-morgan-holindo-jadi-juara-nasional-eshark-rok-cup-2027,"Rabu, 09 Sep 2026 02:10 WIB","Pegokar muda Indonesia,Morgan Holindo, tak puas cuma jadi runner-up diEshark Rok Cup tahun ini. Morgan ingin jadi juara tahun depan.

Pada putaran keenam kelas Mini Rok di Sirkuit Karting Internasional Sentul, Bogor, Minggu (6/9), Morgan yang memperkuat Dewa United Motorsport Team ini bernasib sial karena mengalami masalah mesin sehingga harus finis posisi ke-15.

Padahal Morgan meraih posisi pertama di kualifikasi, lalu berlanjut finis kelima di sesi Heat dan Pre-Final.

Namun, Morgan yang sudah ngegas sejak putaran pertama berhasil mengamankan poin untuk finis runner-up National Championship. Hasil yang bikin pelajar kelas 6 SD Tzu Chi itu senang karena ini merupakan musim debutnya.

Alhasil, Morgan makin percaya diri untuk bisa tampil lebih baik musim depan dan meraih gelar juara nasional.

""Ya itu harapan saya. Semoga tak ada aral melintang hingga saya bisa muwujudkan keinginan itu,"" tutur Morgan dalam keterangan kepadadetikSport.

Morgan sejatinya bisa mengikuti Kejuaraan Dunia di Italia tahun ini, karena juara nasional kelas Mini Rok Michael Vino menolak tampil. Tapi, Morgan juga menolak karena bakal menghadapi ujian nasional tahun ini

""Morgan saat ini kelas P6 dan akan menghadapi ujian nasional untuk ke tingkat selanjutnya. Jadi, pastinya kami akan lebih memprioritaskan sekolah dulu. Semoga saja tahun depan bisa juara nasional sehingga bisa berangkat dengan tiket dari hasil usaha sendiri sebagai juara nasional,"" tutur ayah Morgan Merlion Sonmoahi.

Morgan kini akan fokus menuntaskan pendidikan dasar sebelum mempersiapkan diri meraih gelar juara nasional tahun depan. Tetap semangat, Morgan!"
Men's World Tennis Championship: Hari Baik untuk Wakil RI,https://sport.detik.com/raket/d-8654637/mens-world-tennis-championship-hari-baik-untuk-wakil-ri,"Rabu, 09 Sep 2026 01:10 WIB","Seri V Men's World Tennis Championship 2026sudah memasuki hari kedua. Para petenis Indonesia meraih hasil maksimal. Top!

Pada Babak pertama ITF World Tennis Tour M-15 di Bali Beach Country Club, Nusa Dua, Selasa (8/9/2026),Nathan Barkimenghadapi petenis Taiwan Kai-i Wang di Babak pertama.

Nathan tampil cerdik dengan terus memaksa Kai-i Wang untuk bermain dengan pola reli-reli panjang kesukaannya. Alhasil, petenis 23 tahun ini sering melakukan kesalahan sendiri dan membuatnya takluk 2-6, 2-6 dalam tempo 52 menit.

""Saya bermain dengan sangat nyaman dan rileks sehingga strategi tim pelatih bisa berjalan sesuai rencana. Lawan pun tertekan dan tidak dapat mengeluarkan permainan terbaiknya,"" ujar Nathan dalam rilis kepadadetikSport.

Sementara itu di sektor ganda putra, penampilan impresif Rafalentino Ali Da Costa/Ethan David Zapp terus berlanjut di seri ini. Mereka lolos usai mengalahkan Anthony Susanto/Yan Chen Cheng.

Ethan dan Rafalentino yang merupakan finalis seri IV pekan lalu, tampil begitu dominan lewat serangan-serangan yang terpola serta pengembalian bola servis yang menyulitkan, sebelum menang 6-2 7-5.

Sayang, sukses Rafalentino/Ethan belum dapat diikuti kompatriotnya seperti Ethan Jake Frans/M. Ragil Putra maupun Kareem Abdul Hakim yang berpartner dengan petenis Hungaria Andrez Nech, yang langsung kandas di babak pertama.

Bertanding di lapangan E, Ethan/Ragilyang menantang unggulan ketiga, Nick Beamish/Matthew Shearer dari Selandia Baru, kalah 3-6 dan 4-6 dalam tempo 1 jam 9 menit.

Sedangkan pasangan gado-gado Indonesia dan Hungaria, Kareem Abdul Hakim/Andrez Nech takluk dari unggul keempat, Arjun Mehrotra/Ryotaro Taguchi dengan skor 4-6 2-6."
HUT TNI Akan Dimeriahkan Kejuaraan Tingkat Nasional di 8 Cabor,https://sport.detik.com/g-sport/d-8654605/hut-tni-akan-dimeriahkan-kejuaraan-tingkat-nasional-di-8-cabor,"Selasa, 08 Sep 2026 23:50 WIB","Memperingati Hari Ulang Tahun (HUT) ke-81 TNI tahun 2026, Komando Operasi Udara Nasional (Koopsudnas) resmi mengagendakan serangkaiankejuaraan olahraga tingkat nasional.

TNI Angkatan Udara (AU) menghadirkan berbagai kompetisi bergengsi, mulai dari Modern Pentathlon Open 2026 hingga Panahan Open 2026 untuk memperebutkan Piala Panglima TNI. akan ada delapan cabang olahraga nasional yang diselenggarakan.

""Bapak Panglima TNI memberikan kesempatan kepada Kotama untuk menggelar kejuaraan tingkat nasional memperebutkan Piala Panglima TNI. Dalam rangka HUT TNI ke-81 ini, TNI AU mendapat amanat menggelar 8 cabang olahraga, termasuk modern pentathlon dan panahan,"" ujar Marsdya TNI Minggit Tribowo dalam konferensi pers di Ruang Leo Watimena Koopsudnas, Lanud Halim Perdanakusuma, Jakarta Timur, Selasa (8/9/2026).

Dalam acara itu, Pangkoopsudnas Marsdya TNI Minggit Tribowo didampingi Ketum MPI Marsda TNI Dr. Ir. Purwoko Aji Prabowo M.M,MDS dan Askomlek Kaskoopsudnas, Marsma TNI Ida Bagus Ngurah Mardika Putra S.T., MM. Menurut Marsdya TNI Minggit Tribowo, rangkaian kejuaraan ini dirancang bukan sekadar kompetisi rutin, melainkan sarana pembinaan atlet muda dari seluruh pelosok Tanah Air.

""Kami memberikan kesempatan kepada seluruh daerah untuk mencari bibit-bibit atlet yang dapat dibina, tidak hanya di tingkat lokal tetapi juga nasional hingga internasional. Harapan kita bersama, kesempatan ini dapat dimanfaatkan semaksimal mungkin sehingga melahirkan atlet-atlet yang menjadi kebanggaan bangsa,"" pungkas Pangkoopsudnas.

Berikut adalah agenda lengkap kejuaraan tingkat nasional 8 Cabor:

â¢ Tenis Open Piala Panglima TNI 2026: Berlangsung hingga 14 September 2026 di Lapangan Tenis Kawasan Halim Perdanakusuma, Jakarta.

â¢ Sepakbola Nasional Piala Kasau Cup Angkasa Open 2026: Berlangsung 23 September - 4 Oktober 2026 di Lapangan Koopsudnas Halim Perdanakusuma, Jakarta.

â¢ Modern Pentathlon Open Piala Panglima TNI 2026: Berlangsung 25 - 27 September 2026 di Akademi Angkatan Udara (AAU), Yogyakarta.

â¢ Aeromodelling: Berlangsung 26 - 27 September 2026.

â¢ Drone Race: Berlangsung 10 - 11 Oktober 2026.

â¢ Panahan Open Piala Panglima TNI 2026: Berlangsung 23 - 25 Oktober 2026 di Lapangan Panahan Arjuna, Halim Perdanakusuma, Jakarta.

â¢ Sebelumnya sudah dilaksanakan kejuaraan cabang olahraga paralayang yang telah dilaksanakan di Solo pada Agustus lalu)."
IHR 2026 Perluas Olahraga Pacuan Kuda Indonesia,https://sport.detik.com/sport-lain/d-8654586/ihr-2026-perluas-olahraga-pacuan-kuda-indonesia,"Selasa, 08 Sep 2026 22:52 WIB","Pacuan kudaIndonesia mulai diarahkan menuju panggung dunia melalui Indonesia's Horse Racing (IHR) 2026. Hal ini dikembangkan oleh Sarga.co dengan konsep olahraga, hiburan, pariwisata, dan ekonomi kreatif.

IHR dikembangkan bukan hanya sebagai kompetisi untuk menentukan kuda tercepat. Platform tersebut dirancang menjadi bagian dari ekosistem yang menghubungkan olahraga berkuda dengan potensi daerah di berbagai wilayah Indonesia.

Sarga.co hadir sebagai promotor pacuan kuda profesional pertama dan satu-satunya di Indonesia melalui IP Indonesia's Horse Racing. Kehadiran IHR menjadi bagian dari upaya mengubah cara pacuan kuda dikelola, dikemas, dan diperkenalkan kepada masyarakat.

Olahraga yang memiliki sejarah panjang di Indonesia tersebut kini mendapatkan pendekatan baru agar semakin dekat dengan generasi masa kini. Pada 2025, IHR menggelar sembilan event dengan tema ""The Race of Rising Stars"".

Memasuki 2026, Sarga.co membawa ambisi lebih besar melalui tema ""Race to the World Stage"". Tema tersebut menjadi landasan pengembangan IHR menuju kompetisi yang lebih profesional sekaligus memiliki jangkauan penonton yang lebih luas.

Bersama PP Persatuan Olahraga Berkuda Seluruh Indonesia (PORDASI), Sarga.co menghadirkan delapan kejuaraan dalam kalender IHR 2026. Rangkaian kompetisi tersebut digelar di sejumlah wilayah dengan karakter dan tradisi berkuda yang berbeda.

Agenda IHR 2026 dibuka melalui IHR Jateng Derby 2026 di Gelanggang Pacuan Kuda Tegalwaton, Kabupaten Semarang, pada 15 Februari. Setelah itu, kompetisi berlanjut lewat IHR Triple Crown Serie 1 & Pertiwi Cup di Stadion Sultan Agung, Bantul, pada 4 April.

Pada 10 Mei, giliran IHR Triple Crown Serie 2 & Piala Raja Mangkunegaran digelar di Gelanggang Pacuan Kuda Tegalwaton. Rangkaian tersebut kemudian berlanjut pada Juni melalui IHR Piala Paku Alam di Stadion Sultan Agung, Bantul.

Agenda utama lainnya hadir lewat IHR Indonesia Derby 2026 di Gelanggang Pacuan Kuda Legokjawa, Pangandaran, Jawa Barat, pada 26 Juli. Memasuki Agustus, kompetisi dilanjutkan melalui IHR Merdeka Cup 2026 di Sumatera Barat.

Rangkaian IHR 2026 selanjutnya dijadwalkan menuju Kejurnas Seri II di Sulawesi Utara pada Oktober. Kompetisi kemudian ditutup dengan Piala Hamengku Buwono X di DI Yogyakarta pada November 2026.

""Kami sangat bersyukur dan mengapresiasi antusiasme masyarakat terhadap penyelenggaraan IHR sepanjang 2026. Bagi kami, IHR bukan hanya mengenai siapa yang menjadi juara di lintasan, melainkan juga bagian dari perjalanan untuk membangun pacuan kuda Indonesia menjadi semakin profesional dan modern, sekaligus tetap menghargai tradisi dan kearifan lokal,"" kata Direktur Komersial Sarga.co, Diana Airin.

Melalui Indonesia's Horse Racing, tradisi dipadukan dengan pendekatan industri modern. Kompetisi dikembangkan secara profesional, produksi siaran ditingkatkan, pengalaman penonton diperluas, dan peluang komersial dibuka lebih jauh."
"Menuju Asian Games 2026, Ketum KOI Tekankan Kolaborasi",https://sport.detik.com/sport-lain/d-8654342/menuju-asian-games-2026-ketum-koi-tekankan-kolaborasi,"Selasa, 08 Sep 2026 19:25 WIB","JelangAsian Games 2026,dukungan untuk 432 atlet Indonesia terus mengalir. Momentum ini jadi pengingat bahwa jalan menuju podium adalah hasil kolaborasi.

Hal itu ditegaskan Ketua Umum Komite Olimpiade Indonesia (NOC Indonesia),Raja Sapta Oktohari,yang menekankan pentingnya keberlanjutan dukungan bagi atlet.

""Perjalanan menuju podium tidak pernah dibangun dalam waktu singkat. Atlet membutuhkan dukungan yang konsisten, mulai dari proses persiapan hingga saat mereka bertanding membawa Merah Putih,"" ujar Okto dalam keterangan tertulisnya, Selasa (8/9/2026).

Bagi Okto, kolaborasi antara pemerintah, federasi, dunia usaha, dan masyarakat adalah kunci membangun ekosistem olahraga yang kuat.

""Ketika dunia usaha, federasi, pemerintah, masyarakat, dan seluruh pemangku kepentingan bergerak bersama, kita tidak hanya berbicara tentang medali, tetapi juga membangun ekosistem olahraga yang berkelanjutan. Kami berharap kolaborasi seperti ini terus tumbuh dan memberikan dampak positif bagi atlet serta olahraga Indonesia,"" tambahnya.

Ia lantas mengapresiasi semua pihak yang terus hadir mendampingi perjuangan atlet sejak Olimpiade Paris 2024, SEA Games 2025, hingga Asian Games nanti.

Hal senada disampaikan Direktur PT Tim Indonesia Emas, Richard Sam Bera. Ia menilai konsistensi dukungan menjadi bahan bakar penting bagi mental atlet.

Richard menyebut Asian Games Aichi-Nagoya 2026 sebagai panggung pembuktian dari proses panjang yang sudah dijalani.

""Para atlet sudah bekerja keras dalam persiapan mereka. Sekarang saatnya kita memberikan dukungan penuh agar mereka bisa bertanding dengan percaya diri dan membawa semangat Merah Putih,"" ujarnya.

Atlet panjat tebing Veddriq Leonardo berterima kasih atas dukungan masyarakat hingga pihak swasta yang diberikan kepadanya dan para atlet.

""Kami tentu sangat berterima kasih atas dukungan masyarakat Indonesia yang terus mendampingi perjalanan kami. Dukungan seperti ini menjadi motivasi tambahan bagi kami untuk memberikan yang terbaik. Mohon doa dan dukungannya agar kami bisa berjuang maksimal dan membawa hasil terbaik untuk Merah Putih di Asian Games,"" ucap peraih medali emas Olimpiade 2024 ini."
Nova Widianto Mulai Tangani Ganda Campuran Pelatnas PBSI,https://sport.detik.com/raket/d-8654261/nova-widianto-mulai-tangani-ganda-campuran-pelatnas-pbsi,"Selasa, 08 Sep 2026 18:50 WIB","Nova Widianto mulai menangani tim ganda campuran Pelatnas PBSI pada hari Selasa (8/9/2026). Kehadiran Nova diumumkan PBSI melalui laman media sosial federasi bulutangkis Indonesia tersebut.

""He is here. Good luck, Coach Nova,"" tulis PBSI.

Nova sebelumnya telah resmi ditunjuk sebagai Kepala Pelatih Ganda Campuran Pelatnas pada 5 Agustus lalu. Ia kembali dipercaya menangani sektor tersebut untuk kali kedua setelah sebelumnya menduduki posisi yang sama pada 2021.

Kepala Bidang Pembinaan dan Prestasi Pelatnas PBSI, Eng Hian, mengatakan pengalaman dan rekam jejak Nova menjadi alasan kembalinya sang mantan pemain ke Pelatnas.

""Nova merupakan sosok yang memiliki pengalaman dan pemahaman yang sangat baik di sektor ganda, baik sebagai atlet maupun pelatih,"" kata Eng Hian.

Ganda campuran Indonesia memang tengah berupaya kembali bersaing di level tertinggi. PBSI berharap kehadiran Nova bisa memberikan energi baru bagi sektor tersebut.

""Kami berharap kehadirannya dapat membawa energi baru, meningkatkan kualitas pembinaan, memperkuat daya saing pasangan-pasangan ganda campuran Indonesia, serta mengantarkan mereka meraih prestasi terbaik di berbagai turnamen internasional,"" ujar Eng Hian kala itu.

Kembalinya Nova ke lapangan Pelatnas menjadi periode keduanya menangani sektor ganda campuran. Sebelumnya, Nova menjadi asisten pelatih yang mendampingi Richard Mainaky sebagai kepala pelatih sejak 2013. Setelah Richard mengundurkan diri pada 2021, Nova kemudian dipercaya menjadi pelatih kepala ganda campuran.

Kini, ia kembali mendapat tugas untuk membangun sektor tersebut. Selama masih aktif sebagai atlet, Nova merupakan salah satu pemain ganda campuran terbaik yang dimiliki Indonesia.

Bersama Liliyana Natsir, Nova meraih gelar juara dunia pada 2005 dan 2007. Keduanya juga mempersembahkan medali perak Olimpiade Beijing 2008 dari nomor ganda campuran.

Setelah pensiun sebagai atlet, Nova melanjutkan kiprahnya sebagai pelatih dan turut berkontribusi melahirkan pasangan-pasangan berprestasi di level dunia. Pengalamannya juga berlanjut ketika menangani ganda campuran Malaysia. Nova mencetak sejarah dengan membawa Chen Tang Jie/Toh Ee Wei menjadi juara dunia pada 2025.

Pencapaian tersebut menjadi gelar juara dunia pertama bagi pasangan ganda campuran Malaysia tersebut. Kini, Nova kembali ke Pelatnas PBSI dengan tugas membenahi dan meningkatkan daya saing ganda campuran Indonesia."
Timnas Basket Jadi Gelombang Pertama Datang ke Asian Games 2026,https://sport.detik.com/basket/d-8654249/timnas-basket-jadi-gelombang-pertama-datang-ke-asian-games-2026,"Selasa, 08 Sep 2026 18:15 WIB","Timnas basket putra Indonesiajadi rombongan pertama kontingen Merah Putih terbang ke Nagoya untukAsian Games 2026.Semoga jadi awal yang baik!

Timnas basket bertolak ke Nagoya pada Senin (7/9/2026) malam. Mereka terbang dari Surabaya kemudian transit di Singapura, lalu ke Nagoya, Jepang.

Yudha Saputera dkk berangkat lebih awal karena pertandingan pertama penyisihan grup akan dimulai Kamis (10/9). Sementara pembukaan Asian Games berlangsung 19 September.

Sebab jadi kontingen pertama yang bertanding membuat CdM IndonesiaTodotua Pasaribupunya harapan khusus.

""Harapannya, tim basket kita bisa menjadi endorsement yang positif. Jadi ketika pembukaan, kita yakin dan percaya tim basket kita sudah bisa memberikan yang terbaik, sehingga pada saat pembukaan Asian Games pun kita sudah punya kabar yang baik,"" kata CdM Indonesia Todotua Pasaribu kepada pewarta saat ditemui di kawasan Jakarta Selatan.

Menurutnya ini adalah momentum yang harus dimanfaatkan betul bagi Timnas. Apalagi lolosnya basket Indonesia ke Asian Games setelah ada slot terbuka.

""Ini rombongan yang pertama. Walaupun memang ini adalah slot yang bisa kita masuk, tapi dari CdM sendiri, kami, sudah sekitar dua atau tiga kali melihat tim ini. Kebetulan saya juga bagian dari keluarga besar Perbasi,"" tuturnya.

Timnas basket Indonesia sendiri dikabarkan sudah tiba di Nagoya pada Selasa (8/9). Mereka akan langsung masuk ke kompleks Athlete Village untuk adaptasi. CdM memastikan timnya sudah berada di sana untuk menyambut Timnas basket putra.

""Persiapan di sana, mereka nanti akan masuk ke kompleks Athlete Village sebagai persiapan. Kami dari CdM juga akan memberikan dukungan dan backup. Pada saat mereka masuk, official team dari CdM juga sudah akan stand by,"" kata Todotua.

Adapun keberangkatan kontingen secara keseluruhan, ia menyebut akan ada empat sampai lima kloter. Hal ini berkaitan dengan aturannya keberangkatan tiap cabor dua hari sebelum pertandingan. Indonesia mengikuti 35 cabang olahraga.

""Jadirata-rata kami berangkat H-2 atau H-3 sebelum pertandingan pertama dari setiap cabor itu rombongannya sudah masuk. Tapi kurang lebih paling maksimal empat sampai lima kloter,"" pungkas Todotua."
"Nikmati Keseruan Lari di Solo Run Fest 2026, Beli Tiketnya via BRImo!",https://sport.detik.com/sportstyle/d-8653975/nikmati-keseruan-lari-di-solo-run-fest-2026-beli-tiketnya-via-brimo,"Selasa, 08 Sep 2026 15:47 WIB","Bagi pelari urban, lari kini bukan lagi sekadar mengejar catatan waktu atau mencapai garis finis. Pengalaman selama berlari pun menjadi bagian yang tak kalah penting.

Mulai dari menikmati suasana kota, mengenal budaya lokal, hingga mencicipi kuliner khas daerah menjadi alasan mengapa konsep sportourism semakin diminati. Tren ini membuat ajang lari tidak lagi sekadar arena kompetisi, melainkan juga cara baru bagi masyarakat urban untuk menikmati destinasi wisata sambil berolahraga.

Konsep inilah yang dihadirkan dalam Solo Run Fest 2026, sebuah festival lari yang memadukan olahraga, budaya, dan pariwisata dalam satu rangkaian acara. Festival ini mengajak peserta menjelajahi berbagai daya tarik Kota Solo sambil menikmati pengalaman berlari, mulai dari kekayaan budaya hingga geliat ekonomi kreatif masyarakat setempat.

Melalui konsep tersebut, peserta tidak hanya diajak untuk mencetak waktu tempuh terbaik, tetapi juga merasakan langsung suasana Kota Solo dari sudut pandang yang berbeda. Hal ini sejalan dengan semangat sportourism yang belakangan semakin digemari oleh para pelari di berbagai kota besar.

Ajang yang sebelumnya dikenal sebagai SHA Run for Solo ini kini berkembang menjadi festival olahraga dan budaya yang lebih besar. Solo Run Fest 2026 akan digelar pada 25-27 September 2026 di Kota Solo, Jawa Tengah.

Rangkaian acara akan dimulai dengan Race Pack Collection dan Race Village Festival pada 25-26 September 2026. Area Race Village tidak hanya menjadi tempat pengambilan race pack, tetapi juga menghadirkan beragam aktivitas menarik yang membuat suasana festival semakin hidup sejak sebelum hari perlombaan dimulai.

Kehadiran Race Village Festival ini sekaligus menjadi ajang pemanasan bagi peserta untuk mengenal lebih dekat suasana Solo Run Fest 2026 sebelum memasuki hari perlombaan utama. Peserta bisa memanfaatkan momen ini untuk bersosialisasi sesama pelari sambil menikmati berbagai aktivitas pendukung yang disediakan panitia.

Memasuki Race Day pada 27 September 2026, peserta dapat mengikuti berbagai kategori lomba sesuai kemampuan masing-masing. Kategori yang tersedia yaitu, Half Marathon (HM), 10K, 5K Umum dan 5K Pelajar. Sehingga bisa diikuti oleh pelari dari berbagai latar belakang dan tingkat pengalaman, mulai dari pelari kompetitif hingga pemula.

Selain kompetisi lari, pengunjung juga dapat menikmati berbagai aktivitas pendukung seperti UMKM Bazaar, Sportswear Expo, Live Music Performance, dan Entertainment Stage. Rangkaian acara juga dimeriahkan dengan pengumuman pemenang beserta doorprize, hingga Cultural Running Festival yang semakin memperkuat nuansa khas Kota Solo.

Keberadaan UMKM Bazaar menjadi daya tarik tersendiri karena memberikan kesempatan bagi peserta untuk mengenal sekaligus mendukung produk-produk lokal. Kehadiran bazaar ini sekaligus menghidupkan sisi ekonomi kreatif masyarakat Solo di tengah gelaran festival, sekaligus memberi ruang promosi bagi para pelaku usaha kecil setempat.

Sementara itu, Sportswear Expo menghadirkan berbagai kebutuhan olahraga yang dapat melengkapi perlengkapan para pelari. Kehadiran expo ini memudahkan peserta yang masih membutuhkan perlengkapan tambahan sebelum atau saat hari perlombaan, tanpa perlu mencarinya jauh-jauh dari lokasi acara.

Menariknya, pelari juga bisa mendapatkan diskon tiket sebesar 20% untuk pembelian melalui BRImo. Diskon ini menjadi nilai tambah tersendiri bagi peserta yang melakukan transaksi lewat kanal resmi tersebut.

Bagi para pelari yang ingin ikut merasakan pengalaman tersebut, proses pendaftaran kini semakin praktis. BRImo menjadi metode pembayaran resmi sekaligus kanal eksklusif untuk pembelian tiket Solo Run Fest 2026.

Melalui aplikasi ini, peserta dapat melakukan registrasi secara digital dengan proses transaksi yang lebih mudah dan nyaman. Dengan kemudahan akses tersebut, pelari tidak perlu lagi melalui proses pendaftaran yang rumit untuk bisa ambil bagian dalam festival lari sekaligus budaya ini.

Informasi lebih lengkap dapat dicek melaluibbri.id/solorun2026."
"Timnas Basket Putra di Asian Games 2026, Menangi Laga Pertama Dulu",https://sport.detik.com/basket/d-8653694/timnas-basket-putra-di-asian-games-2026-menangi-laga-pertama-dulu,"Selasa, 08 Sep 2026 14:30 WIB","Pelatih Timnas basket putra IndonesiaDavid Singletonmenegaskan target timnya saat ini adalah menang di pertandingan pertamaAsian Games 2026.Fokus satu satu!

Hal itu disampaikan David menyoal target basket putra di Asian Games 2026 Aichi-Nagoya.

""Saya rasa pertanyaan itu memang selalu muncul. Tetapi bagi saya, prosesnya adalah menjalani pertandingan satu per satu. Target kami adalah memenangkan pertandingan pertama. Itulah target kami,"" kata Singleton kepada pewarta.

Bagi Singleton laga pertama merupakan poin penting dalam menentukan langkah Indonesia berikutnya. Yudha Saputera dkk langsung menghadapi tuan rumah di Aichi-Nagoya pada 10 September 2026.

Kemudian melawan Korea Selatan pada keesokan harinya, dan bertemu Arab Saudi usai istirahat sehari (13/9).

""Kami ingin keluar, memenangkan pertandingan pertama, mengawali turnamen dengan catatan 1-0, kemudian melihat sejauh mana kami bisa melangkah dari sana,"" lanjutnya.

Singleton realistis melihat peta kekuatan di Asian Games. Lawan-lawan Indonesia seperti Jepang dan Korea Selatan berada di jajaran 20-30 besar dunia.

""Beberapa tim yang akan kami hadapi berada di peringkat 20 besar atau 30 besar dunia. Sebagai sebuah negara, kami memang belum berada di level tersebut,"" ujarnya.

Namun kehadiran pemain-pemain tambahan di skuad Garuda membuat ia optimistis, skuadnya mampu bersaing di lingkungan kompetisi sekelas Asia.

""Kami percaya dengan tambahan pemain yang kami miliki, kami bisa berada di level dan lingkungan kompetisi tersebut,"" ujarnya.

""Kali ini ada beberapa pemain baru yang bergabung, yaitu Lester, Bram, Vincent, Prastawa, dan Derrick. Jadi, ada lima pemain baru yang masuk ke dalam tim.""

""Saya pikir ini memberi kami kesempatan besar untuk tampil lebih baik. Pada turnamen pertama, kami belajar banyak hal tentang diri kami sendiri. Kami beradaptasi sambil bermain, tetapi saat itu prosesnya sedikit terlambat,"" lanjut pelatih yang karib disapa Dave ini.

""Sekarang saya merasa kami sudah memiliki pengalaman dan pemahaman yang lebih baik. Kami lebih siap untuk menghadapi turnamen ini dan bersaing di level tinggi untuk Indonesia melawan tim-tim yang sangat tangguh,"" tegas Singleton.

Derrick MichaelAbraham GrahitaAli BagirAndakara PrastawaYudha Saputera (C)Vincent KosasihHendrick YongaLester ProsperDame DiagnePandu WigunaFhirdan Guntara

Tonton juga Video: Melihat Perjuangan Ratusan Atlet Basket di DBL Camp 2024

[Gambas:Video 20detik]"
Asian Games 2026: Putri KW Pede dengan Komposisi Beregu Putri,https://sport.detik.com/raket/d-8653585/asian-games-2026-putri-kw-pede-dengan-komposisi-beregu-putri,"Selasa, 08 Sep 2026 12:50 WIB","Putri Kusuma Wardanipercaya diri dengan komposisi beregu putri yang dipilihPBSIuntukAsian Games 2026.Dia juga menyebut chemistry satu sama lain sudah klop.

Bulutangkis Indonesia mengirimkan 20 wakil untuk tampil di Aichi-Nagoya, 19 September hingga 4 Oktober mendatang. 10 Atlet di antaranya merupakan sektor beregu putri.

Yaitu Putri KW, Thalita R. Wiryawan, Ni Kadek Dhinda, Mutiara Ayu Puspitasari, Rachel Allessya Rose, Febi Setianingrum, Febriana Dwipuji Kusuma, Meilysa Trias Puspitasari, Siti Fadia Silva Ramadhanti, dan Nita Violina Marwah.

Putri menilai komposisi skuad bulutangkis Indonesia yang mengombinasikan pemain senior dan junior, tidak menemukan kendala dalam membangun koneksi di dalam tim.

Pengalaman berlaga bersama dalam beberapa kejuaraan beregu sebelumnya dinilai telah membentuk kekompakan antar-atlet.

""Dengan tim komposisi yang ada cukup kuat sih. Kita juga sudah lumayan dua atau tiga kali beregu bersama-sama, jadi sudah ketemu chemistry-nya di antara satu dan yang lain, baik tunggal maupun ganda,"" kata Putri dalam keterangannya dikutip Selasa (8/9/2026).

Tak hanya itu, seluruh rangkaian program latihan di Pelatnas sejauh ini berjalan dengan lancar dan kondusif. Sampai menjelang hari keberangkatan menuju Jepang, porsi latihan tim nasional kini lebih difokuskan pada penguatan di masing-masing sektor di bawah arahan tim pelatih.

""Yang pasti, kekurangan dari pertandingan sebelumnya menuju pertandingan Asian Games lebih ditingkatkan lagi,"" tambahnya.

Terkait peta persaingan diAsian Games 2026,Putri KW menilai kekuatan di sektor tunggal putri kawasan Asia tergolong sangat merata. Dia mewaspadai kekuatan para pemain dari negara-negara papan atas seperti China, Jepang, dan Korea Selatan.

""Kalau kekuatan sendiri di Asian Games menurut aku cukup merata ya dari Asia sendiri, terutama dari China, Jepang, dan Korea Selatan sih cukup kuat,"" tuturnya.

Pebulutangkis peringkat ke-7 dunia itu memasang target tinggi pada ajang Asian Games 2026.

Secara pribadi, Putri berambisi untuk dapat melangkah hingga ke babak akhir dan berdiri di atas podium. Hal ini juga sejalan dengan target medali yang dicanangkan oleh PP PBSI.

""Harapannya semoga tim bulu tangkis Indonesia bisa mendapatkan medali, dan terutama untuk pribadi aku sendiri, aku bisa menyumbangkan medali untuk Indonesia di ajang Asian Games,"" pungkas Putri.

Lihat juga Video; Hong Kong Open 2024: Sabar/Reza dan Putri KW Tumbang di Final

[Gambas:Video 20detik]"
Tekad Alwi Farhan Lampaui Batas di Asian Games 2026,https://sport.detik.com/raket/d-8653493/tekad-alwi-farhan-lampaui-batas-di-asian-games-2026,"Selasa, 08 Sep 2026 11:50 WIB","Momen debut diAsian Games 2026tak mau disia-siakanAlwi Farhan.Pebulutangkis tunggal putra Indonesia itu bertekad habis-habisan menguras kemampuan demi hasil terbaik di Aichi-Nagoya.

""Saya selalu nge-pushdiri sayato the limitsetiap harinya,"" kata Alwi dalam keterangannya, Selasa (8/9/2026).

Bagi Alwi, Asian Games bukan turnamen biasa. Statusnya merupakan multievent terbesar se-Asia membuat atmosfernya terasa berbeda.

""Semuanya sakral bagi saya dan bagi semuanya, karena kami sangat amat berambisi untuk mencapai target,"" kata pebulutangkis 21 tahun itu.

Ia pun menyebut multievent ini sebagai panggung istimewa yang tidak semua orang bisa dapatkan.

""Di multievent ini tidak sembarang orang yang dipilih oleh Tuhan untuk bisa menjadi seorang juara. Selagi masih ada waktu, saya berdoa dan berusaha untuk bisa mendapatkan hasil terbaik,"" ucap Alwi.

Duduk di peringkat 11 dunia BWF, Alwi mengaku sudah mematangkan seluruh aspek persiapan menjelang debutnya.

""Alhamdulillah sejauh ini persiapannya cukup bagus. Persiapan dari segi mental, fisik, dan pikiran menjadi fokus utama menjelang kejuaraan pesta olahraga Asia itu,"" jelasnya.

Dia pun berharap bisa melampaui batas maksimal kemampuannya saat bertanding nanti.

Terlebih,PBSImematok target emas di nomor beregu putra. Sementara untuk perorangan, Alwi memasang target pribadi yaitu medali.

""Di sektor ini semuanya bisa memberikan kejutan, baik yang di atas maupun di bawah. Jadi tidak menutup kemungkinan siapa pun bisa meraih gelar juara kalau dari dirinya sendiri memang siap dan matang dari segi mental,"" tuturnya.

""Mohon doa dan dukungannya,"" pungkas Alwi.

Asian Games 2026 akan berlangsung di Aichi-Nagoya pada 19 September hingga 4 Oktober. Bulutangkis Indonesia menurunkan 20 wakilnya dari putra dan putri.

Simak juga Video Alwi: Tak Pernah Terbayangkan Bisa Juara Indonesia Masters

[Gambas:Video 20detik]"
"WRT 32 di Lone Star Le Mans: Startnya Sudah Bagus, tapi...",https://sport.detik.com/sport-lain/d-8653123/wrt-32-di-lone-star-le-mans-startnya-sudah-bagus-tapi,"Selasa, 08 Sep 2026 08:10 WIB","Pupus sudah harapanSean Gelaeldan rekan-rekannya diTeam WRT 32meraih podiumLone Star Le Mans 2026. Kendala teknis bikin mereka gagal dapat poin.

Setelah meraih posisi start ketujuh di kualifikasi kelas LMGT3, Sean dkk.dalam kepercayaan diri tinggi menghadapi balapan di COTA, Senin (7/9) dini hari WIB. Bahkan posisi mereka naik satu strip karena penalti AF Cose 21.

Pada balapan yang berlangsung di trek basah, Darren Leung sebagai starting driver langsung melesat ke posisi keenam dari urutan keempat saat start.

Leung bahkan sempat naik ke P2, walau persaingan ketat membuat pebalap Inggris ini lalu tertahan di P4.

Setelah itu tiba-tiba Leung mundur teratur, dari P4 ke P6, P7, hingga mesti masuk pit karena problem teknis terdeteksi. Ternyata as-roda mobil BMW M4 GT3 yang dikendarainya bermasalah sehingga mesti diganti.

Penggantian membutuhkan waktu cukup lama, 25 menit, sebelum Sean mengambil alih balapan dari Leung. Akan tetapi Sean tidak bisa berbuat banyak karena Team WRT 32 sudah tertinggal 10 lap dari mobil terdepan kelas LMGT3.

Walau begitu, guna menuntaskan perjuangan, Sean, Leung, dan Augusto Farfus tetap berlaga hingga finis di P16. Bukan hasil yang diharapkan memang, tapi mereka sudah memberikan segalanya.

""Bukan hasil yang kami inginkan. Tapi, ya, balapan memang terkadang seperti ini,"" ujar Sean dalam rilis kepadadetikSport.

Balapan Lone Start Le Mans atau 6 Hours of COTA penuh drama sejak awal. Safety Car (SC) dan Full Course Yellow (FCY) berulangkali mesti diberlakukan untuk menetralisir lomba.

Kelas LMGT3 jadi milik tim Heart of Racing Team #27. Sementara itu Ferrari akhirnya pecah telur di kelas Hypercar tahun ini lewat mobil nomor 50.

Putaran kelima FIA WEC 2026 digelar di Sirkuit Fuji, Jepang, 27 September."
"Setelah 9 Tahun Gelar Basket, Kini LJK 2026 Rambah Padel",https://sport.detik.com/sportstyle/d-8653121/setelah-9-tahun-gelar-basket-kini-ljk-2026-rambah-padel,"Selasa, 08 Sep 2026 07:11 WIB","Liga Jasa Keuangan(LJK) yang lebih dikenal dengan kompetisibasketkini mulai merambah kepadel. LJK untuk pertama kalinya menggelar padel mulai tahun ini.

Sebanyak 20 tim dari 20 institusi keuangan mengikuti rangkaian kompetisi yang dibuka oleh Wakil Ketua Dewan Komisioner Otoritas Jasa Keuangan (OJK) Hernawan Bekti Sasongko di Milo's Padel Kemang, Jakarta, Minggu (6/9/2026).

Opening ceremony menghadirkan parade tim, pertandingan eksibisi level eksekutif, serta pertandingan awal fase grup. Kegiatan turut dihadiri Deputi Gubernur Bank Indonesia Solikin M. Juhro dan jajaran pimpinan dari berbagai institusi peserta.

Peserta datang dari tiga kelompok utama; Sektor perbankan diwakili 13 institusi, sektor asuransi dan keuangan nonbank, dan kelompok regulator serta lembaga terkait. Setiap institusi menurunkan satu tim yang terdiri atas lima pemain putra dan lima pemain putri, serta didampingi maksimal tiga ofisial, dengan total sebanyak 200 pemain tercatat mengikuti turnamen.

""Masuknya padel sebagai cabang baru menunjukkan bahwa Liga Jasa Keuangan terus berkembang mengikuti minat insan jasa keuangan. Namun, yang paling penting bukan sekadar cabang olahraganya, melainkan semangat yang dibawa: berani bertanding, menjunjung sportivitas, dan membangun kekompakan,"" kata Ketua Pengurus LJK Insan Hasani.

Dalam setiap pertemuan beregu, tim bertanding pada tiga kategori: Men's Doubles, Women's Doubles, dan Mixed Doubles. Kompetisi dimulai dari fase kualifikasi dan grup, kemudian berlanjut ke perempat final, semifinal, perebutan tempat ketiga, dan final.

Format berjenjang tersebut membuat setiap hasil pada fase grup menentukan langkah tim menuju babak gugur. Penyelenggaraan juga didukung perangkat pertandingan profesional, pengaturan level pemain, sistem skor, dan publikasi kegiatan.

""Kami merancang kompetisi ini dalam format beregu agar setiap tim tampil sebagai satu kesatuan sehingga strategi, kedalaman skuad, dan konsistensi menjadi penentu. Harapannya, turnamen ini berlangsung kompetitif, fair, dan memberikan pengalaman pertandingan yang baik dan dapat dinikmati bagi seluruh peserta,"" ujar Ketua Pelaksana LJK Padel Greatman Rajab.

LJK pertama kali diselenggarakan pada 2017 sebagai wadah olahraga bagi regulator, pelaku industri, dan pemangku kepentingan sektor jasa keuangan. Memasuki penyelenggaraan ke delapan pada 2026, penambahan padel memperluas cabang yang dipertandingkan sekaligus merespons minat komunitas terhadap olahraga tersebut.

Mengusung tema ""Play Bold, Build Bonds"", LJK Padel 2026 memadukan persaingan yang sehat dengan sportivitas dan kekompakan tim. Penutupan pada 27 September 2026 akan menjadi momentum penyerahan penghargaan sekaligus apresiasi kepada seluruh tim yang mengikuti penyelenggaraan perdana cabang padel.

Lebih dari sekadar kompetisi, LJK Padel 2026 diharapkan menjadi medium yang efektif untuk memperkuat konektivitas dan kolaborasi antarinsan industri jasa keuangan. Di saat yang sama, sportivitas yang tumbuh dalam pertandingan-melalui disiplin, integritas, kerja sama tim, dan sikap saling menghormati-mencerminkan nilai-nilai yang juga dibutuhkan dalam membangun ekosistem jasa keuangan yang sehat, solid, dan berkelanjutan."
Ngedadak Padel: Ketika Padel Jadi Ajang Reuni,https://sport.detik.com/sportstyle/d-8653076/ngedadak-padel-ketika-padel-jadi-ajang-reuni,"Selasa, 08 Sep 2026 04:15 WIB","Padelkini sudah jadi gaya hidup masyarakat urban di Indonesia. Tidak cuma untuk berolahraga, padel bisa jadi ajang reunian.

Hal ini yang dilakukan oleh alumni Fakultas Hukum (FH) Universitas Trisakti angkatan 1999. Pada Minggu (6/9/2026) kemarin, berlokasi HQ Padel & Tennis, Pesanggrahan, Jakarta Selatan, mereka melakukan kegiatan gathering namun dikemas dalam bentuk turnamen padel bertajuk ""Ngedadak Padel"".

Para alumni FH Trisakti tersebut juga diperbolehkan membawa pasangan mereka masing-masing untuk bersaing dalam pertandingan nomor campuran.

Turnamen padel ini diikuti oleh 16 fixed partners dan mixed partners yang terbagi ke dalam 4 grup. Para peserta pun terlihat tampil antusias dan kompetitif.

""Intinya ini untuk menjaga silaturahmi. Kami angkatan 99 FH Trisakti memang sering membuat kegiatan kumpul-kumpul, dan salah satunya ini adalah padel. Apalagi padel juga sedang digemari, baik laki-laki maupun perempuan,"" ujar salah seorang panitia, Mega Ruhapy, dalam keterangan kepada media

Kegiatan ini memang hanyalah ajang silaturahmi. Namun, panitia tampak begitu serius dalam menyelenggarakan acara.

Podium untuk juara pertama, peringkat runner-up, dan ketiga disiapkan. Pemenang juga berhak mendapatkan penghargaan, medali, dan hadiah.

Arie Pujianto, salah seorang alumni yang menjadi motor penggerak aktivitas olahraga di kalangan alumni FH Universitas Trisakti, menyebut angkatannya memang tergolong cukup aktif menggelar kegiatan seperti ini.

Kegiatan olahraga seperti padel ini diyakini Arie menjadi pilihan yang tepat untuk bersilaturahmi karena baik alumni laki-laki maupun perempuan bisa berpartisipasi.

""Kami dari zaman kuliah, udah lebih dari 25 tahun lalu, memang akur ya. Alhamdulillah masih berhubungan baik. Akhirnya sekarang kami coba main padel, karena para istri juga bisa main,"" kata Arie.

""Mudah-mudahan, dengan adanya turnamen padel perdana kami ini, bisa juga mengangkat kemauan dari angkatan FH Trisakti yang lain. Pastinya seru kalau seluruh FH Trisakti bisa melakukan gathering,"" sambungnya.

Arie menyebut alumni angkatan 99 FH Trisakti juga berencana menggelar turnamen padel ke depannya, tetapi diadakan di Asha Beach Club & Resort di Pulau Payung, Kepulauan Seribu.

Tak Cuma Padel

Arie dan para alumni FH Trisakti rupanya juga tergabung dalam klub sepak bola Inkracht Sakti FC, yang dijadwalkan mengikuti kejuaraan dunia antar advokat atau Mundiavocat 2027 di Bali, 21-25 April 2027.

""Mundiavocat ini juga jadi salah satu fokus kita. Kami dari Inkracht Sakti FC memang basicnya adalah para lawyer lulusan Trisakti. Namun, mungkin kami juga membuka peluang untuk mengajak pemain dari Peradi FC,"" ucap Arie.

Arie yang menjabat sebagai kapten tim Inkracht Sakti FC, menambahkan, untuk menghadapi Mundiavocat tahun depan, skuad sudah harus terbentuk pada bulan November 2026 sehingga tim bisa lebih berkonsentrasi melakukan persiapan.

Inkracht Sakti FC sendiri telah menunjuk seorang pelatih profesional yang dikenal di kalangan olahraga futsal, yakni Mario Silitonga.

Mario memang sudah berkali-kali membawa tim advokat Indonesia berkompetisi di kejuaraan dunia sepak bola antar advokat. Tangan dingin dan pengalaman Mario diharapkan bisa membawa Inkracht Sakti FC mencapai prestasi membanggakan.

""Untuk Mundiavocat, biasanya negara unggulan dari Asia itu adalah Thailand, Iran, dan Jepang. Dulu saya pernah membawa tim sepak bola advokat Indonesia sampai ke peringkat ketiga,"" kata Mario.

Agenda terdekat, Inkracht Sakti FC akan menggelar pertandingan pemanasan menghadapi para mantan pemain profesional Malaysia, Sabah FC, di Jakarta, 20 September."
Menjaga Gaya Hidup Sehat Lewat Hyrox,https://sport.detik.com/sportstyle/d-8653072/menjaga-gaya-hidup-sehat-lewat-hyrox,"Selasa, 08 Sep 2026 03:20 WIB","Hyroxtak dipungkiri lagi naik daun di dunia, terutama di Indonesia. Olahraga ini memang punya peran penting dalam menjaga stamina tubuh.

Hyrox adalah kompetisi kebugaran global yang mengombinasikan lari jarak jauh dengan latihan fungsional dalam satu rangkaian perlombaan yang intens.

Olahraga ini pertama kali diluncurkan di Jerman pada tahun 2017 dan dengan cepat berkembang menjadi fenomena internasional. Tujuan utama dari kompetisi ini adalah untuk menguji daya tahan (endurance) serta kekuatan (strength) peserta secara menyeluruh.

Berbeda dengan kompetisi atletik lainnya yang sering kali ditujukan hanya untuk profesional, Hyrox dirancang agar inklusif bagi semua tingkat kebugaran.

Peserta pemula hingga atlet elit dapat berkompetisi di bawah standar yang sama dengan waktu penyelesaian yang tercatat secara digital. Hal ini menjadikan Hyrox sebagai salah satu jenis kompetisi fitness race yang paling populer di dunia saat ini.

Itulah mengapa banyak pusat kebugaran di kota-kota besar di Indonesia memasukkan Hyrox sebagai salah satu ""jualan"" karena tingginya peminat. Apalagi saat ini sudah sering dilihat kompetisi hyrox dipertandingkan.

Tidak cuma dipertandingkan secara resmi, Hyrox juga kerap dijadikan sebagai gimmick dalam sebuah seremoni, salah satunya seperti di Hari Kemerdekaan ke-81 RI bulan lalu.

Synergy Worldwide Indonesia, perusahaan yang bergerak di bidang nutrisi dan wellness Synergy, berkolaborasi dengan South Barn menghadirkan sebuah kompetisi fitness yang memadukan semangat olahraga, kompetisi, dan tradisi perayaan 17 Agustus melalui acara ""17 Agustusan Throwdown""

Mengusung konsep kompetisi bergaya HYROX, 17 Agustusan Throwdown menghadirkan tantangan fisik yang menguji kekuatan, daya tahan, kecepatan, dan ketangguhan peserta. Namun, berbeda dari kompetisi fitness pada umumnya, acara ini juga membawa suasana khas perayaan kemerdekaan Indonesia melalui berbagai lomba 17 Agustusan, seperti lomba makan kerupuk, dan mengigit sendok dengan kelereng.

""Kami ingin menghadirkan sesuatu yang berbeda dalam menyambut Hari Kemerdekaan. Fitness dan olahraga memiliki nilai yang sangat dekat dengan semangat perjuangan, konsistensi, disiplin, keberanian untuk menghadapi tantangan, dan tidak mudah menyerah. Melalui 17 Agustusan Throwdown, kami ingin menggabungkan nilai-nilai tersebut dengan keceriaan dan kebersamaan yang menjadi ciri khas perayaan 17 Agustus di Indonesia, Produk-produk Synergy Indonesia juga hadir untuk mendukung performa para pecinta Olahraga & Fitness"" ujar Dina Yuliyanti selaku Senior Marketing Manager Synergy Worldwide Indonesia dalam keterangan kepada detikSport.

Kolaborasi bersama South Barn juga menjadi bagian dari upaya menghadirkan pengalaman olahraga yang lebih inklusif dan menyenangkan bagi komunitas.

Para peserta tidak hanya ditantang untuk menunjukkan kemampuan fisik mereka dalam arena kompetisi, tetapi juga diajak untuk menikmati suasana perayaan kemerdekaan bersama komunitas dan rekan-rekan sesama pecinta olahraga.

Konsep ""work hard, play hard"" menjadi salah satu semangat utama acara ini. Yang menggabungkan antara tantangan fisik dalam kompetisi dan permainan-permainan khas 17 Agustus yang menghadirkan suasana santai, penuh tawa, dan kompetisi yang bersahabat.

Kehadiran 17 Agustusan Throwdown sekaligus mencerminkan semakin berkembangnya budaya fitness dan olahraga fungsional di Indonesia. Kompetisi seperti Hyrox menggabungkan berbagai elemen latihan, mulai dari kekuatan, kardio, hingga functional movements, sehingga menuntut peserta untuk memiliki kemampuan fisik yang menyeluruh.

Melalui kegiatan ini, Synergy Worldwide Indonesia dan South Barn berharap semangat kemerdekaan tidak hanya dirayakan melalui seremonial, tetapi juga diwujudkan melalui gaya hidup aktif, sehat, sportif, dan penuh kebersamaan."
Men's World Tennis Championship: 3 Wakil RI Gagal ke Babak Utama Seri V,https://sport.detik.com/raket/d-8653071/mens-world-tennis-championship-3-wakil-ri-gagal-ke-babak-utama-seri-v,"Selasa, 08 Sep 2026 02:56 WIB","Men's World Tennis Championship 2026sudah memasuki seri V. Sayang, tiga petenis tuan rumah gagal melaju ke babak utama.

Pada putaran final kualifikasi Seri V M-15 Men's World Tennis Championship 2026, Senin (7/9/2026), Indonesia menurunkan tiga wakilnya, yakni Ethan Jake Frans, Ethan David Zapp, dan Kareem Abdul Hakim.

Tapi ketiganya malah gagal menuntaskan misinya lolos ke babak utama turnamen yang berhadiah total 20 ribu dolar AS. Ada total 32 petenis dari 14 negara yang tampil di babak kualifikasi.

Bertanding di lapangan A, Bali Beach Country Club, Nusa Dua, Ethan baru saja merayakan ulang tahun ke-17 itu harus tumbang dari unggulan keempat Shanker Heisnam.

Ethan yang akhir pekan lalu jadi runner-up Seri IV bersama Rafalentino Da Costa kalah dengan skor 2-6 dan 3-6 dalam waktu 1,5 jam.

Ethan Jake, 14 tahun, yang merupakan putra eks petenis Indonesia Wyne Prakusya kalah dari unggulan ketujuh asal Amerika Serikat Stefan Menichell, dengan skor 6-7 tiebreak 3 dan 3-6 dalam waktu 2 jam 4 menit.

""Saya tetap puas dengan performa saya di final kualifikasi ini. Apalagi saya kalah dari petenis asing seperti Stefan yang unggul teknik dan pengalaman serta peringkat ATP yang lebih tinggi,"" ujar Ethan Jake dalam rilis kepadadetikSport.

Wakil RI ketiga yang gagal adalah Kareem Abdul Hakim. Dia takluk dari unggulan kelima dari Selandia Baru, Matthew Shearer, 2-6 dan 5-7.

Dengan hasil itu, Indonesia cuma punya empat wakil di babak utama, yakni unggulan kedua M Rifqi Fitriadi, serta Anthony Susanto, Nathan Bark, dan Rafalentino Ali Da Costa yang masuk ke babak utama dengan fasilitas wild card.

Sementara itu di sektor ganda putra, Indonesia akan diperkuat oleh Rafalentino Ali Dacosta/Ethan David Zapp, Ethan Jake Frans/M. Ragil Putra, Anthony Susanto yang menggandeng petenis Taiwan Yang Cheng Chen sebagai pasangannya serta Kareem Abdul Hakim yang berpartner dengan Andrez Nech dari Hungaria."
"Debut di Rok Cup Indonesia 2026, Barra Ghaisan Torehkan Catatan Positif",https://sport.detik.com/sport-lain/d-8653014/debut-di-rok-cup-indonesia-2026-barra-ghaisan-torehkan-catatan-positif,"Senin, 07 Sep 2026 23:38 WIB","Barra Ghaisan Zeinatmamenunjukkan perkembangan positif pada musim debutnya di ESHARK Rok Cup Indonesia 2026. Turun di kelas Mini Rok, Pembalap muda Indonesia ini mampu mengoleksi sejumlah podium setelah menjalani proses adaptasi sepanjang musim.

Pebalap berusia 13 tahun yang memperkuat Avenue Rising Star Racing Team itu baru tampil mulai Round 2 karena harus beradaptasi dengangokartbaru. Pada Seri 2, Barra finis di posisi ke-12, sebelum meningkat ke peringkat ke-10 pada Seri 3.

Performa Barra semakin menonjol pada Seri 4. Ia meraih posisi kelima kategori Mini Newbie dan peringkat ketiga Mini Rok Rising Star.

Memasuki Seri 5, Barra kembali naik podium dengan menjadi juara pertama kategori Mini Newbie dan runner-up Mini Rok B. Performa tersebut berlanjut pada Seri 6 yang berlangsung 5-6 September 2026. Ia meraih posisi kedua Mini Newbie, posisi kelima Mini Rok, dan posisi keempat Mini Rok Rising Star.

""Musim pertama ini menjadi proses belajar yang sangat penting bagi Barra. Setiap seri memberikan pengalaman dan tantangan baru,"" kata ayah Barra, Jeffri Ardiatma, kepada awak media.

Jeffri juga mengingatkan Barra untuk tetap memperhatikan pendidikan. Saat ini, Barra tercatat sebagai siswa kelas 7 SMP Labschool Cirendeu.

""Yang penting juga untuk Barra agar fokus dengan sekolahnya. Kami selalu berharap yang terbaik untuk Barra,"" lanjutnya.

Setelah menyelesaikan musim pertamanya di kelas Mini Rok, Barra diproyeksikan naik ke kelas Junior Rok pada ESHARK Rok Cup Indonesia 2027. Ia juga dijadwalkan mengikuti sejumlah seri Rok Cup Asia di Macau, Malaysia, dan Thailand."
MotoGP San Marino: Antusiasme Bezzecchi Balapan di 'Rumah Sendiri',https://sport.detik.com/moto-gp/d-8652587/motogp-san-marino-antusiasme-bezzecchi-balapan-di-rumah-sendiri,"Senin, 07 Sep 2026 21:30 WIB","Marco Bezzecchi tak sabar menghadapi MotoGP San Marino 2026. Bagi pebalap Aprilia itu, balapan di Sirkuit Misano punya arti khusus karena lokasinya sangat dekat dengan kampung halamannya, Rimini.

MotoGP San Marino akan berlangsung di Misano pada 11-13 September. Bezzecchi menyebut seri ini selalu terasa berbeda dibandingkan balapan lainnya.

""Grand Prix kandang selalu memiliki sesuatu yang ajaib dan spesial,"" kata Bezzecchi seperti dilansirMotosan.

Misano memang seperti rumah kedua bagi Bezzecchi. Sirkuit tersebut hanya berjarak beberapa kilometer dari Rimini, tempat kelahirannya.

Saking dekatnya, Bezzecchi bahkan masih akan tinggal di rumah hingga Kamis sebelum pindah ke motorhome untuk menjalani rangkaian akhir pekan balapan.

""Misano benar-benar wilayah rumah saya. Saya di rumah sampai Kamis. Jadi, ya, ini luar biasa; selalu menjadi perasaan yang luar biasa, selalu memiliki rasa yang spesial,"" ujarnya.

Antusiasme Bezzecchi semakin besar setelah dua seri terakhir memberinya hasil positif. Ia berhasil mengumpulkan poin penting untuk tetap berada dalam persaingan gelar MotoGP 2026.

""Beberapa waktu terakhir memang cukup sulit, tetapi dua balapan terakhir berjalan dengan baik. Kami berhasil mendapatkan kembali beberapa poin,"" katanya.

Setelah MotoGP Aragon, Bezzecchi berada di posisi ketiga klasemen. Ia tertinggal 24 poin dari Jorge Martin yang memimpin, sementara Marc Marquez berada di posisi kedua dengan selisih 19 poin dari Martin.

Karena itu, balapan di Misano bukan sekadar home race bagi Bezzecchi. Pebalap Italia tersebut juga punya kesempatan untuk memangkas jarak dalam perebutan gelar di depan pendukungnya sendiri.

""Anda harus percaya pada diri sendiri, Anda harus berjuang. Kimi melakukannya, dan saya tentu akan berusaha memberikan yang terbaik,"" ujar Bezzecchi."
Dokter Perkirakan Kondisi Lengan Marc Marquez: Sekitar 50 Persen,https://sport.detik.com/moto-gp/d-8652425/dokter-perkirakan-kondisi-lengan-marc-marquez-sekitar-50-persen,"Senin, 07 Sep 2026 18:30 WIB","Marc Marquez masih harus beradaptasi dengan kondisi lengan kanan yang jauh dari normal. Dokter yang pernah mengoperasinya, Samuel Antuna, mengungkap kekuatan lengan tersebut kini hanya sekitar 50 persen.

AntuÃ±a menjelaskan kondisi itu merupakan dampak dari berbagai cedera dan operasi yang dijalani Marc. Kecelakaan di MotoGP Indonesia tahun lalu menjadi titik balik karena kembali memperburuk kondisi lengan kanannya.

""Sebelum kecelakaan di Indonesia, dia baik-baik saja. Dia bisa balapan, tidak merasakan sakit dan tidak mengeluhkan apa pun. Kecelakaan itu mengubah semuanya,"" kata Antuna kepada El Periodico yang dilansirMotosan.

Masalah Marc kemudian semakin rumit karena saraf radial di lengannya sempat tertekan serpihan tulang. Kondisi itu membuatnya kehilangan kendali atas lengan saat berada dalam posisi tertentu di atas motor dan berkontribusi terhadap sejumlah kecelakaan.

Setelah menjalani operasi untuk mengatasi masalah tersebut, kondisinya membaik. Namun, kekuatan lengan kanannya tetap jauh di bawah lengan kiri.

""Dia memilikilatissimus dorsiyang kuat, tetapi secara mekanis terganggu. Hal yang sama berlaku pada teres major. Namun, masalah utamanya adalah dia kehilangan kekuatan pada bisep,"" ujar Antuna.

""Lengan itu sangat terbatas dalam hal kekuatan, terutama pada bisep. Saya memperkirakan kekuatannya sekitar 50 persen dari kapasitasnya,"" lanjutnya.

Antuna menegaskan Marc tidak kehilangan otot. Namun, sejumlah otot seperti trisep, latissimus dorsi, teres major, dan pektoralis mayor terdampak berbagai operasi sehingga mengalami perubahan dan sedikit atrofi.

Kondisi tersebut membuat lengan kanan Marc tidak memiliki kekuatan yang sama dengan lengan kirinya. Meski begitu, pebalap Ducati itu mampu beradaptasi dengan keterbatasan fisiknya dan tetap kompetitif di MotoGP."
"Mamma Mia, Antonelli",https://sport.detik.com/f1/d-8651642/mamma-mia-antonelli,"Senin, 07 Sep 2026 10:05 WIB","PebalapMercedes GPKimi Antonellitampil luar biasa untuk memenangiF1 GP Italia 2026. Tak cuma comeback, Antonelli bikin rekor baru.

Pada balapan di Sirkuit Monza, Minggu (6/92/206) malam WIB, Antonelli mendapat penalti sehingga harus start dari grid alias posisi ke-19.

Tapi, Antonelli cuma butuh dua lap untuk bisa mendekati posisi 10 besar dan kemudian mengambil alih balapan saat memasuki lap ke-18. Posisi itu dipertahankan Antonelli sampai akhir.

Kemenangan yang bikin Antonelli kukuh di puncak klasemen pebalap F1 dengan 267 poin, unggul 56 angka dari rekan setim George Russell di posisi kedua dan 76 angka dari Hamilton di posisi ketiga.

Ini merupakan kemenangan ketujuh Antonelli musim ini, paling banyak sepanjang sejarah keikutsertaan pebalap Italia di F1.

Hebatnya Antonelli juga menyudahi puasa panjang pebalap Italia di Monza, setelah terakhir Ludovico Scarfiotti bersama Ferrari tahun 1966.

Antonelli juga jadi pebalap termuda yang menang di Monza dalam usia 20 tahun 12 hari, sekaligus orang Italia pertama yang naik podium di balapan itu sejak 2005.

""Luar biasa! Saya senang sekali. Saya tidak pernah membayangkan bisa ada di sini hari ini, tapi kami mewujudkannya. Bak mimpi jadi nyata. Hari luar biasa. Saya tidak bisa melakukan ini tanpa bantuan tim, keluarga, dan semua yang mendukung saya,"" ujar Antonelli seperti dilansirReuters.

""Masih ada beberapa balapan lagi, kami tidak boleh jemawa. Namun, kami akan menikmati dulu kemenangan hari ini,"" sambungnya."
Men's World Tennis Championship: Karan Singh Juara Seri IV,https://sport.detik.com/raket/d-8651603/mens-world-tennis-championship-karan-singh-juara-seri-iv,"Senin, 07 Sep 2026 09:05 WIB","Selesai sudahSeri IV M-15 Men's World Tennis Championship 2026. Petenis IndiaKaran Singhberjaya di nomor tunggal putra.

Pada pertandingan final di Lapangan A, Bali Beach Country, Nusa Dua, Minggu (6/9/2026), Karan menghadapi perlawanan Isaac Becroft yang merupakan juara seri kedua Agustus lalu.

Menyajikan dua karakter permainan yang berbeda, pertarungan keduanya seru dan menarik. Karan dengan gayanya yang tenang melawan kelincahan Isaac asal Selandia Baru. Karan akhirnya bisa menang 7-5 di set pertama.

Memasuki set kedua, intensitas pertandingan tetap berlangsung dengan tempo tinggi karena Isaac berupaya membalas kekalahan di set pertama. Karan merespons dengan baik dan terjadi susul-menyusul angka sampai laga harus dituntaskan dengan babak tiebreak karena sama kuat 6-6

Dengan kesabaran serta kelincahan dalam menutup area lapangan dari serangan lawan, Karan memenangi babak ini dengan skor 7-6 tiebreak 3.

Karan senang bukan main bisa meraih gelar Seri IV. Apalagi gelar itu didapat setelah melewati duel 2 jam 5 menit kontra Isaac yang dinilai sebagai lawan yang tangguh.

""Merupakan sebuah kebanggaan dapat menjadi yang terbaik di ajang M-15 Bali. Apalagi lawan (Isaac Becroft) juga bermain sangat luar biasa. Gelar ini semakin menambah motivasi tampil di seri kelima,"" ujar Karan dalam rilis kepadadetikSport.

Karan berhak atas hadiah uang USD 2.160 serta tambahan 15 poin ATP, sementara Isaac mendapat USD 1.272 serta trofi. Penyerahan hadiah dilakukan Heru Gunawan selaku Area Business Team Leader BNI Kanwil Denpasar, yang didampingi Ketua Pelti periode 2018-2022 Rildo Ananda Anwar.

TITF World Tennis Tour M-15 Amman Mineral Men's World Tennis Championship 2026 langsung lanjut ke Seri V, Senin (7/9). Ada 32 petenis di babak kualifikasi yang memperebutkan delapan slot ke babak utama."
"Jete Run Festival 2026 Selesai, Masuk Rekor MURI",https://sport.detik.com/sportstyle/d-8651462/jete-run-festival-2026-selesai-masuk-rekor-muri,"Senin, 07 Sep 2026 00:35 WIB","Jete Run Festival 2026baru saja selesai digelar akhir pekan ini. Event lari itu juga masuk buku rekorMURI.

Ajang lari itu digelar di kawasan Balai Kota Surabaya, Minggu, (6/9/2026). Sekitar 6.000 pelari ambil bagian dalam dua kategori, yakni 5K dan 10K. Start dibuka langsung oleh Wali Kota Surabaya Eri Cahyadi.

Jete Run tahun ini juga tampil dengan format yang lebih luas dan berbeda dari sebelumnya. Bukan hanya mengajak masyarakat berlari, penyelenggara mengemasnya menjadi festival olahraga dan gaya hidup dengan berbagai aktivitas pendukung.

Pemilihan Balai Kota Surabaya sebagai pusat Jete Run 2026 memberikan pengalaman berbeda bagi para peserta. Start dan finis berada di jantung kota, sementara rutenya membawa pelari melintasi sejumlah ruas jalan utama Surabaya yang penuh dengan lanskap ikonik Kota Pahlawan.

Untuk kategori 5K, peserta memulai perjalanan dari Balai Kota Surabaya sebelum menuju Jalan Pemuda. Rute kemudian berlanjut melewati Jalan Panglima Sudirman, Jalan Basuki Rahmat, Jalan Gubernur Suryo, hingga Jalan Wuni sebelum kembali menuju garis finis di Balai Kota.

Sedangkan untuk kategori 10K membawa pelari menjelajah area pusat kota dengan cakupan lebih luas. Selepas start dari Balai Kota, peserta bergerak menuju Jalan Pemuda, Jalan Panglima Sudirman, dan Jalan Basuki Rahmat.

Para pelari kemudian diajak menikmati lanskap lainnya melalui Jalan Embong Malang, kawasan Blauran, Jalan Bubutan, Jalan Pahlawan, hingga Jalan Yos Sudarso sebelum kembali menyelesaikan lomba di kawasan Balai Kota Surabaya.

Rute tersebut membuat peserta tidak sekadar menyelesaikan jarak. Mereka sekaligus melintasi sejumlah koridor pusat kota yang menjadi bagian dari wajah Surabaya. Di sepanjang jalur, penyelenggara turut menyediakan titik water station dan layanan medis untuk mendukung kebutuhan peserta selama kegiatan berlangsung.

""Jete Run tahun ini kita mengambil venue yang berbeda dari sebelum-sebelumnya di Citraland. Balai Kota jadi pilihan karena kita ingin menghadirkan nuansa lari dengan konsep lanskap kota modern khas Surabaya yang penuh nilai sejarah. Jadi, sepanjang rute, pelari akan melintasi jalanan dan tempat bersejarah di kota ini,"" ungkap Jhonny Thio Doran selaku CEO dan Founder Jete dalam rilis kepadadetikSport.

Banyaknya kegiatan yang menyertai penyelenggaraan Jete Run Festival 2026 kemudian menghasilkan catatan tersendiri. MURI memberikan penghargaan kepada Jete untuk kategori ajang lari dengan ragam kegiatan pendukung terbanyak.

Jete Run Festival 2026 menghadirkan 21 kegiatan pendukung dalam berbagai kategori, mulai dari olahraga, wellness, kreativitas, hingga kegiatan yang mempertemukan berbagai komunitas. Rekor tersebut menjadi salah satu penanda perkembangan Jete Run dari sebuah kegiatan olahraga menuju festival dengan cakupan yang lebih luas.

""Terima kasih kepada seluruh masyarakat di Indonesia yang telah mendukung dan mempercayakan JETE sebagai pilihan Anda dalam beraktivitas sehari-hari. Mulai dari bekerja, berolahraga, dan menikmati hiburan di era digital. Pencapaian luar biasa ini mustahil tercapai tanpa adanya dukungan dari keluarga, tim, konsumen setia JETE dan masyarakat. Sekali lagi, terima kasih untuk semuanya,"" papar Jhonny.

""Piagam MURI yang didapat memang menjadi pencapaian terbaik di tahun ini. Namun, kita janganlah berada di atas angin dan melupakan kualitas. Ini adalah sebagai pengingat bagi brand untuk terus berinovasi di tengah teknologi yang terus berkembang dan memberikan yang terbaik. Terutama menjadikan Jete sebagai solusi kebutuhan produk aksesoris gadget, smarthome, dan wearable. Begitu juga dengan event olahraga dalam mendukung gaya hidup sehat,"" tutupnya."
Menkomdigi Imbau Warga Waspadai Dampak Erupsi Anak Krakatau,https://sport.detik.com/advertorial-news-block/d-8651455/menkomdigi-imbau-warga-waspadai-dampak-erupsi-anak-krakatau,"Minggu, 06 Sep 2026 23:48 WIB","Menteri Komunikasi dan Digital (Menkomdigi) Meutya Hafid mengimbau masyarakat untuk tetap tenang dan meningkatkan kewaspadaan menyusul aktivitas erupsi Gunung Anak Krakatau di Selat Sunda. Ia juga meminta masyarakat memantau informasi dari sumber terpercaya.

""Yang paling penting adalah tetap tenang, tetapi jangan mengurangi kewaspadaan. Masyarakat perlu mengikuti arahan dari otoritas terkait dan memastikan informasi yang diterima berasal dari sumber yang dapat dipercaya,"" kata Meutya dalam keterangan tertulis, Minggu (6/9/2026).

Seperti diketahui, Gunung Anak Krakatau (GAK) menunjukkan aktivitas vulkanik yang sangat signifikan sejak Jumat (4/9) malam dan kini statusnya berada pada Level III atau Siaga. Abu vulkanik juga telah terdeteksi menyebar ke sejumlah wilayah, termasuk Banten, DKI Jakarta, dan Jawa Barat.

Erupsi GAK pun menyebabkan sejumlah penerbangan dibatalkan dan menimbulkan kekhawatiran masyarakat akibat isu potensi tsunami yang akan ditimbulkan. Dentuman dan getaran yang sempat terjadi di sebagian wilayah Jawa Barat akibat aktivitas GAK juga cukup membuat masyarakat khawatir.

Terkait hal ini, Meutya meminta masyarakat mengikuti perkembangan aktivitas Gunung Anak Krakatau dan kondisi sebaran abu vulkanik dari sumber-sumber resmi dan terpercaya, terutama melalui kanal resmi pemerintah, antara lain PVMBG, BMKG, BNPB, pemerintah daerah, serta instansi terkait lainnya.

""Pastikan keakuratan informasi dari pihak-pihak yang memiliki kewenangan terkait kebencanaan gunung berapi demi menghindari misinformasi atau informasi menyesatkan yang dapat menyebabkan keresahan,"" ungkapnya.

Lebih lanjut, Meutya mengingatkan masyarakat untuk tidak menyebarkan informasi yang belum terverifikasi kebenarannya terkait kondisi Gunung Anak Krakatau.

""Dalam situasi seperti ini, informasi yang tidak benar dapat menimbulkan kepanikan. Karena itu, saring sebelum sharing. Pastikan informasi yang kita terima berasal dari sumber resmi dan dapat dipertanggungjawabkan,"" tegas Meutya.

Meutya pun mendorong masyarakat agar tetap tenang, namun juga meningkatkan kewaspadaan, khususnya bagi warga yang tinggal di dekat GAK dan yang wilayahnya turut terdampak abu vulkanik.

""Tetap waspada, tetap tenang, dan jangan mudah percaya pada informasi yang belum jelas sumbernya dari mana,"" jelasnya.

Sementara bagi masyarakat yang berada di wilayah terdampak abu vulkanik, Meutya mengimbau untuk melakukan sejumlah langkah demi menjaga keselamatan dan kesehatan.

Pertama, gunakan masker yang tepat apabila harus beraktivitas di luar rumah, seperti masker N95 atau KN95, untuk membantu menyaring partikel abu vulkanik.

Kedua, gunakan kacamata pelindung dan hindari penggunaan lensa kontak atau softlens selama kondisi udara masih dipengaruhi abu vulkanik.

Ketiga, kurangi aktivitas di ruang terbuka. Apabila tidak ada keperluan mendesak, masyarakat disarankan untuk tetap berada di dalam ruangan dan membatasi paparan abu vulkanik.

Keempat, bagi masyarakat yang harus berkendara, kurangi kecepatan dan tingkatkan kewaspadaan. Abu vulkanik dapat mengurangi jarak pandang dan membuat permukaan jalan menjadi licin.

Kelima, cuci tangan dan wajah setelah beraktivitas di luar ruangan serta pastikan sumber air bersih terlindungi dari paparan abu.

Selain itu, Meutya mengimbau masyarakat, wisatawan, dan nelayan untuk tidak mendekati kawasan Gunung Anak Krakatau atau melakukan aktivitas dalam radius 3 kilometer dari kawah aktif, sesuai rekomendasi PVMBG.

""Keselamatan adalah yang utama. Tidak perlu panik, namun tetap selalu waspada dan menjaga keselamatan serta kesehatan,"" pungka Meutya."
"Hasil F1 GP Italia 2026: Kimi Antonelli Menang, Mercedes 1-2",https://sport.detik.com/f1/d-8651436/hasil-f1-gp-italia-2026-kimi-antonelli-menang-mercedes-1-2,"Minggu, 06 Sep 2026 22:55 WIB","PebalapMercedes GPKimi Antonelliberhasil merebut kemenangan diF1 GP Italia 2026. Semakin lengkap karena rekan setimnyaGeorge Russellfinis kedua.

Pada balapan yang dihelat di Sirkuit Monza, Minggu (6/9/2026) malam WIB, Antonelli sejatinya tidak punya posisi start yang bagus, yakni dari urutan ketujuh.

Apalagi dia mendapat penalti sehingga harus turun jauh ke urutan ke-19 alias start dari grid.

Pierre Gasly secara mengejutkan melajukan Alpine miliknya ke posisi pole, disusul Russell di posisi kedua, dan driver McLaren Oscar Piastri di posisi ketiga.

Duo pebalap tuan rumah, Charles Leclerc dan Lewis Hamilton, di posisi keempat serta kelima. Bendera merah sudah muncul di lap kedua saat Leclerc harus out dari balapan karena menabrak dinding.

Leclerc kehilangan kendali mobilnya tak lama setelah menyalip Piastri untuk naik ke posisi keempat. Russell saat itu masih memimpin balapan disusul Gasly dan Max Verstappen.

Antonelli sudah naik tujuh strip ke urutan ke-12 saat insiden terjadi. Setelah itu Antonelli pelan tapi pasti mampu memperbaiki posisinya.

Masuknya virtual safety car membuat Antonelli bisa mendekati Russell di sepertiga balapan. Salip-menyalip terjadi antara keduanya di lap ke-22, sebelum Antonelli mengunci posisi terdepan.

Russell tidak mampu mengejar Antonelli sampai 53 lap berlalu, sehingga rekan setimnya itu muncul sebagai pemenang. Russell harus puas di posisi kedua disusul Verstappen.

McLaren menempatkan dua pebalapnya di lima besar, Lando Norris di urutan keempat dan Piastri di urutan kelima. Hamilton menjaga nama baik Ferrari dengan finis keenam.

Melengkapi 10 besar adalah Gasly, Arvid Lindblad, Franco Colapinto, dan Yuki Tsunoda. Antonelli makin kukuh di puncak klasemen F1 dengan 267 poin, unggul 56 angka dari Russell di posisi kedua dan 76 angka dari Hamilton di posisi ketiga.

Hasil F1 GP Italia 2026"
"WEC 2026: Sean Gelael Balapan di Austin Dini Hari, Start P7",https://sport.detik.com/sport-lain/d-8651374/wec-2026-sean-gelael-balapan-di-austin-dini-hari-start-p7,"Minggu, 06 Sep 2026 21:40 WIB","Sean GelaeldanTeam WRT 32akan coba meraih podium diLone Star Le Mansdini hari nanti. Mereka start ketujuh.

Keras keras mencapai posisi start itu didapat dari kualifikasi kelas LMGT3 di COTA, Minggu (6/9) dini hari WIB kemarin. Darren Leung sebagai pebalap bronze memulai di qualifying dengan baik untuk menuntaskan di posisi ke-8.

Alhasil, Sean sebagai pebalap silver berhak tampil di Hyperpole. Dia tancap gas untuk membukukan waktu 2 menit 05,0888 detik untuk mencapai posisi ketujuh.

Ini merupakan pencapaian terbaik dari mobil BMW di seluruh kelas. Menurunkan empat mobil, masing-masing dua di Hypercar dan LMGT3, cuma bisa start di luar 10 besar.

Sama halnya dengan mobil 69 di kelas LMGT3 yang start dari posisi ke-16.

""Hasil yang bagus, Darren dan Sean bekerja sangat baik. Kami siap untuk lomba besok,"" ujar Augusto Farfus dalam rilis kepadadetikSport.

""Austin selalu jadi tempat yang baik bagi saya, semoga besok juga begitu. Bismillah,"" timpal Sean.

Race 6 Hours of COTA atau kini disebut Lone Star Le Mans itu disiarkan langsung di kanal youtube KUY Entertainment, Senin (7/9) mulai pukul 01.00 dini hari WIB."
KTM Suka Antusiasme Luca Marini,https://sport.detik.com/moto-gp/d-8651046/ktm-suka-antusiasme-luca-marini,"Minggu, 06 Sep 2026 18:45 WIB","KTM punya sejumlah alasan merekrut Luca Marini ke Tech3 untuk MotoGP 2027. Pebalap Italia itu dinilai bukan cuma membawa pengalaman, tetapi juga bisa membantu KTM mengembangkan motor di era baru.

Marini akan meninggalkan Honda HRC setelah tiga musim dan bergabung dengan Tech3 mulai 2027. Kepindahan tersebut sudah resmi diumumkan pada Agustus lalu. Ia akan menjadi salah satu bagian dari proyek baru Tech3 bersama KTM.

DirekturmotorsportKTM, Pit Beirer, mengungkapkan bahwa ketertarikan Marini terhadap proyek KTM menjadi salah satu faktor penting dalam keputusan tersebut.

""Kami sangat senang dia bergabung dengan kami. Luca menunjukkan ketertarikannya sejak awal, dan menurut saya penting memiliki seseorang yang benar-benar ingin datang ke sini,"" kata Beirer seperti dilansirCrash.net.

Bagi KTM, antusiasme itu bukan satu-satunya pertimbangan. Marini juga dianggap punya kemampuan yang dibutuhkan untuk membantu pengembangan motor.

""Ketika berbicara dengan orang-orang di sekitarnya, jelas bahwa dia juga merupakan sosok yang hebat untuk membantu membuat motor menjadi lebih baik,"" ujar Beirer.

KTM Ingin Marini Bantu Kembangkan Motor

MotoGP akan memasuki era baru pada 2027. Kapasitas mesin akan turun dari 1.000 cc menjadi 850 cc, disertai perubahan besar pada regulasi teknis dan penggunaan ban Pirelli.

KTM sendiri sudah mempersiapkan proyek tersebut. Mereka telah menguji mesin yang dirancang untuk era regulasi baru dan memastikan Tech3 tetap menjadi bagian dari proyek KTM mulai 2027.

Dalam situasi seperti itu, pengalaman pebalap menjadi sangat penting. Beirer mengatakan KTM memang sengaja mencari kombinasi pebalap berpengalaman dan pebalap muda untuk Tech3.

""Kami berkomitmen sejak awal: kami ingin pebalap muda dan kami ingin pebalap berpengalaman. Kami tidak ingin memiliki dua pebalap muda karena ini bukan tim rookie. Ini adalah tim MotoGP yang kuat dan sekelas tim utama.""

Karena itu, KTM menilai kombinasi Marini dengan pebalap muda nantinya bisa menjadi formula yang ideal.

Keputusan merekrut Marini juga mendapat respons positif dari para pebalap yang akan memperkuat KTM pada 2027. Beirer menyebut para pebalap baru KTM mengetahui kemampuan Marini dalam membantu pengembangan motor.

""Mereka sangat senang karena tahu apa yang bisa dilakukan Luca dan bagaimana dia bisa membantu mengembangkan motor,"" ujarnya."
Jadwal MotoGP San Marino 2026: Misi Marc Marquez Kejar Jorge Martin,https://sport.detik.com/moto-gp/d-8650852/jadwal-motogp-san-marino-2026-misi-marc-marquez-kejar-jorge-martin,"Minggu, 06 Sep 2026 16:45 WIB","MotoGP 2026 akan berlanjut ke San Marino. Seri ke-14 musim ini akan digelar di Misano World Circuit Marco Simoncelli pada 11-13 September 2026.

Jorge Martin untuk sementara masih memimpin klasemen MotoGP 2026. Tapi keunggulannya mulai tergerus setelah Marc Marquez tampil sempurna di Aragon.

Marc berhasil memenangi Sprint dan balapan utama di Aragon. Sementara Martin hanya finis kelima di kedua sesi tersebut.

Hasil itu membuat Marc memangkas jarak dengan Martin menjadi 19 poin. Martin kini mengoleksi 256 poin, sedangkan Marc mengumpulkan 237 poin. Marco Bezzecchi berada di posisi ketiga dengan 232 poin.

Balapan Aragon sendiri dimenangi Marc setelah tampil dominan. Ia meraih 25 poin dari balapan utama, sementara Martin hanya mendapat 11 poin. Data resmi MotoGP mencatat Marc finis pertama, Pedro Acosta kedua, Bezzecchi ketiga, dan Martin kelima.

Dengan sembilan seri tersisa, persaingan perebutan gelar pun semakin terbuka. Marc Marquez kini hanya berjarak kurang dari satu kemenangan penuh dari Jorge Martin. Kini selisih keduanya hanya 19 poin.

Bezzecchi juga belum bisa dicoret. Pebalap Aprilia itu hanya terpaut lima poin dari Marc dan 24 poin dari Martin. Artinya, tiga pebalap teratas masih berada dalam persaingan yang sangat ketat menuju paruh akhir musim.

Berikut klasemen sementara MotoGP 2026 setelah seri Aragon:

Seri San Marino berlangsung di Misano World Circuit Marco Simoncelli. Sirkuit tersebut memiliki panjang 4,23 kilometer, dengan 16 tikungan yang terdiri dari 10 tikungan kanan dan enam tikungan kiri. Balapan MotoGP dijadwalkan berlangsung selama 27 lap dengan total jarak 114,1 kilometer.

Rangkaian akhir pekan dimulai pada Jumat (11/9), dilanjutkan kualifikasi dan Sprint pada Sabtu (12/9), kemudian balapan utama pada Minggu (13/9). Nah, berikut jadwal lengkapnya dalam Waktu Indonesia Barat (WIB) berdasarkan jadwal resmi MotoGP.

MotoGP San Marino merupakan seri ke-14 dari kalender 2026 dan akan berlangsung di Misano pada 11-13 September."
"Crutchlow Pilih Ai Ogura Jadi Favorit Setelah Marc Marquez, Ini Alasannya",https://sport.detik.com/moto-gp/d-8650870/crutchlow-pilih-ai-ogura-jadi-favorit-setelah-marc-marquez-ini-alasannya,"Minggu, 06 Sep 2026 15:15 WIB","Cal Crutchlow membuat prediksi menarik soal kandidat juara MotoGP 2026. Setelah Marc Marquez, ia menyebut nama Ai Ogura.

Crutchlow masih menilai Marc sebagai pebalap terbaik di grid saat ini. Tapi ketika diminta memilih favorit berikutnya, Ogura menjadi pilihannya.

""Kalau Anda bertanya kepada saya siapa pun selain Marc, saya akan memilih Ai Ogura,"" kata Crutchlow seperti dilansirMotosan.

Ogura memang sempat tampil luar biasa sebelum mengalami cedera. Pebalap Trackhouse Aprilia itu meraih lima podium dalam enam seri, termasuk kemenangan di MotoGP Belanda.

Namun, Ogura kemudian mengalami cedera tangan saat latihan di Jepang sehingga harus absen di Aragon. Dampaknya cukup besar terhadap klasemen. Setelah seri Aragon, dia turun ke posisi kelima dengan 203 poin.

Crutchlow punya alasan teknis di balik pilihannya. Dia melihat karakter Ogura mirip dengan Dani Pedrosa, terutama dari aspek bobot tubuh. Ogura dengan berat sekitar 60 kg merupakan salah satu pebalap paling ringan di grid MotoGP. Menurut Crutchlow, kondisi tersebut membuat Ogura memiliki keunggulan dalam pengelolaan ban.

""Saya menyukainya, cara dia mengendarai motor. Satu-satunya kekurangannya adalah dia membutuhkan waktu lebih lama untuk mulai cepat dalam balapan,"" ujar Crutchlow.

""Dan saya tahu kenapa. Ini sangat mirip dengan Dani Pedrosa, yaitu soal bobot tubuhnya.""

Ogura memang cenderung tidak langsung memaksimalkan ban pada awal balapan. Konsekuensinya, dia membutuhkan waktu untuk mendapatkan kecepatan terbaik. Tapi kondisi tersebut justru bisa menjadi keuntungan menjelang akhir balapan.

""[Ai] tidak mengaktifkan ban seperti pebalap lain pada tahap awal. Kemudian di akhir balapan, dia sangat menghemat ban sehingga masih punya banyak cadangan dibandingkan yang lain. Pada balapan yang lebih panas, dia jauh lebih baik karena bisa langsung memacu,"" kata Crutchlow.

Selain itu Crutchlow juga memuji Jorge Martin, yang memuncaki klasemen MotoGP 2026 untuk sementara. Crutchlow melihat konsistensi sebagai faktor penting dalam perebutan gelar musim ini dan belakangan ini Martin disebutnya sebagai rider yang relatif konsisten.

""Jorge Martin sepertinya menjadi satu-satunya pebalap yang cukup konsisten saat ini. Dia tidak selalu menang, tetapi dia selalu ada ketika dibutuhkan,"" kata Crutchlow."
WEC 2026: WRT 32 Meraba COTA dari Hasil Free Practice,https://sport.detik.com/sport-lain/d-8650342/wec-2026-wrt-32-meraba-cota-dari-hasil-free-practice,"Minggu, 06 Sep 2026 02:25 WIB","Team WRT 32sudah menuntaskan sesi latihan bebas jelang balapan6 Hours of COTA. Mereka menggunakan itu untuk meraba persaingan di atas lintasan.

Circuit of The Americas (COTA) di Austin, AS, bakal menyajikan balapan sengit untuk dua kelasFIA World Endurance Championship (WEC) 2026, Hypercar dan LMGT3. Hal itu terbaca dari dua sesi latihan sepanjang Jumat (4/9).

Pada FP1, Ferrari dominan di kelas Hypercar dengan menyelesaikan sesi di P1 dan P2. Namun Aston Martin gantian menjadi yang tercepat pada FP2.

i kelas LMGT3, McLaren finis P1 dan P3 pada sesi awal dengan Mercedes ada di antara keduanya.

Aston Martin melengkapi keperkasaan di FP2, karena bukan hanya di kelas Hypercar mereka jadi yang tercepat namun juga di kelas LMGT3. Heart of Racing Team #27 terpatri di P1, diikuti dua mobil Mercedes dan dua mobil McLaren.

Dari hasil tersebut, tim pengguna Aston Martin, McLaren, dan Mercedes tampak siap untuk bersaing menjadi pemenang di Lone Star Le Mans atau 6 Hours of COTA.

Mobil-mobil Amerika sendiri tampak belum memperlihatkan taji, ketika Corvette dan Ford belum berhasil menembus lima besar. Mengingt Corvette memimpin klasemen LMGT3, maka hasil di COTA bisa membuat perburuan gelar juara semakin sengit hingga akhir musim.

Team WRT sendiri memilih jalur berbeda dalam menatap lomba. WRT 32 bersama Sean, Darren, dan Augusto Farfus berada di P17 dan P16 pada FP1 dan FP2. Hal serupa juga terjadi untuk mobil WRT 69 yang finis di posisi kembar, P15, untuk dua FP.

Walau tak terlalu signifikan, top speed juga bisa membantu mengingat COTA punya dua tempat ideal untuk menyusul, Tikungan 1 dan 12. Bila top speed bagus dan kesempatan terbuka, menyusul di dua tempat itu bisa menaikkan moral.

Saat FP2, top speed BMW mampu bersaing dengan Aston Martin sebagai pemilik kecepatan maksimal sepanjang Jumat. Aston Martin menyentuh 256,5 km/jam, sementara BMW 255,3 km/jam.

Hari Sabtu tergolong pendek untuk latihan, karena berdurasi satu jam. WRT 32 bersama Sean akan mencoba bersaing di Top 10 Qualifying sehingga lolos ke Hyperpole.

Race 6 Hours of COTA disiarkan langsung di kanal youtube KUY Entertainment, Senin (7/9) mulai pukul 01.00 WIB."
Men's World Tennis Championship: Rafalentino/Ethan Gagal Juara,https://sport.detik.com/raket/d-8650339/mens-world-tennis-championship-rafalentino-ethan-gagal-juara,"Minggu, 06 Sep 2026 01:25 WIB","Pupus sudah harapan Indonesia berjaya diMen's World Tennis Championship 2026. Ini setelahRafalentino Ali Da Costa/Ethan David Zappkalah di final.

Pada pertandingan puncak ganda putra Seri IV ITF World Tennis Tour M-1 di Lapangan A, Bali Beach Country, Nusa Dua, Sabtu (5/9/2026), Rafalentino/Ethan harus mengakui ketangguhan Alexander Chang/Pablo Perez Ramos.

Di set pertama, Rafalentino/Ethan mengalami kesulitan mengimbangi permainan Alexander/Pablo. Petenis Amerika Serikat/Spanyol itu langsung menyerang lewat servis voli sebelum menang 6-3.

Memasuki set kedua, ganda tuan rumah yang sempat menyingkirkan unggulan pertma Isaac Becroft/Reece Falck bisa bangkit untu memberikan perlawanan hingga game ke-10 untuk membuat skor sama kuat 5-5.

Namun, keunggulan pengalaman dari Alexander/Pablo dalam hal mematahkan servis lawan membuat mereka menang 7-5 dalam tempo 1 jam 11 menit untuk keluar sebagai juara.

Meski menang, Pablo memuji permainan dari Rafalentino dan Ethan yang nyaris membuatnya kesulitan diset kedua.

""Kami bersyukur bisa menang karena lawan (Rafalentino dan Ethan) tampil luar biasa sehingga menyulitkan kami,"" ujar Pablo dalam rilis kepadadetikSport.

Sementara Alexander Kekompakkan dan komunikasi yang baik dengan partnernya membuahkan hasil gelar juara untuk yang kedua kali pada ajang M-15. Pada seri pertama, dia bersama Tanapat Nirundorn jadi juara di sektor yang sama.

Rafalentino/Ethan memang gagal juara, tapi pencapaian mereka diapresiasi Ketua Umum PP. Pelti periode 2018-2022 Rildo Ananda Anwar.

""Hadirnya talenta-talenta petenis muda merah putih seperti Rafalentino Ali Da Costa dan Ethan David Zapp di sektor putra serta Janice Tjen merupakan sebuah karunia sekaligus tantangan tersendiri dalam pembinaan tenis di Indonesia, agar prestasi mereka terus meningkat lewat jalur kompetisi, serta berjalannya proses regenerasi dengan baik,"" ujar Rildo.

Sebagai runner-up, Rafalentino/Ethan mendapat hadiah 540 dolar AS serta trofi. Sedangkan Alexander/Pablo sebagai juara berhak atas 930 dolar AS serta tambahan 15 poin ATP.

Sementara itu pada sektor tunggal putra yang hari ini mempertandingkan babak semifinal, petenis asal India Karan Singh berhasil mempertahankan performa impresifnya dengan memastikan diri melangkah ke partai puncak.

Singh mengalahkan wakil Jepang Ryotaro Taguchi dua set langsung 6-3 dan 6-3. Karang akan bertemu Isaac Becroft dari Australia yang mengalahkan Leo Borg dalam waktu 1 jam 59 menit dengan skor 2-6, 6-4 dan 6-2."
Minala Cup Padel Diikuti Lebih dari 300 Peserta,https://sport.detik.com/sportstyle/d-8650215/minala-cup-padel-diikuti-lebih-dari-300-peserta,"Sabtu, 05 Sep 2026 23:15 WIB","Padelsemakin semarak dengan hadirnya beragam turnamen. Ada Minala Cup Padel Tournament yang menyuguhkan hal menarik.

Ajang ini digelar di PIPC Arteri, Kebayoran Lama, Jakarta Selatan, pada tanggal 5 dan 6 September 2026. Minala Cup Padel Tournament diikuti lebih dari 300 peserta.

Tak sekadar menghadirkan persaingan di lapangan, turnamen tersebut juga menawarkan hadiah menarik dengan total uang tunai mencapai Rp 103,5 juta. Selain itu, panitia menyiapkan 400 koper serta doorprize berupa kesempatan menjalankan ibadah umrah ke Arab Saudi.

CEO Minala Tour & Travel, Muhammad Castallani, mengatakan pihaknya ingin memadukan olahraga, gaya hidup sehat, serta perjalanan spiritual. Minala Tour and Travel adalah perusahaan yang bergerak di layanan Umrah dan Haji.

""Kami berusaha ikut mendorong perkembangan olahraga padel di Indonesia yang saat ini sedang hype. Kami juga ingin menciptakan gaya hidup sehat di kalangan masyarakat luas, masyarakat Muslim juga tentunya,"" ujar Muhammad Castallani dalam konferensi pers di PIPC Arteri, Sabtu (5/9/2026).

""Melalui turnamen ini, kami ingin menghadirkan kompetisi yang kompetitif dan menghibur, sehingga para pemain bisa mendapatkan pengalaman bertanding yang seru, sementara penonton juga bisa menikmati atmosfer pertandingan yang positif,"" sambungnya.

Ada lima kategori dalam Minala Cup Padel Tournament, yakni Women Lower Bronze, Mixed Lower Bronze, Mixed Bronze, Mens Lower Bronze dan Mens Bronze. Proses kurasi peserta dilakukan sesuai dengan prosedur kompetisi, dengan skema kerja sama dengan Gen 2 Padel, salah satu komunitas padel yang sudah berdiri beberapa tahun.

""Kami akan memberikan total hadiah cash Rp103,5 juta. Kemudian ada hadiah 400 koper. Ini juga menarik karena kami menjadi turnamen padel pertama di Indonesia yang memberikan hadiah 400 koper,"" kata Muhammad Castallani.

CEO Shiratha, Aan Yugiastomo, selaku sponsor utama Minala Cup, berharap kolaborasi ini bisa memberikan hal baik untuk masyarakat. Adapun keinginan berkontribusi memajukan padel di Indonesia.

""Saya sangat yakin kolaborasi ini bisa membawa dampak positif untuk kami, para peserta, dan masyarakat luas. Saya berharap turnamen ini berlangsung lancar untuk 2 hari ini. Peserta happy semua, panitia dan rekan-rekan media juga senang dengan jalannya event ini. Dan tentunya semoga bisa membawa dampak besar bagi dunia olahraga padel yang sedang hype di Indonesia,"""
"Lewat Buku, Eks Judoka Tuang Buah Pikiran untuk Kemajuan Olahraga Nasional",https://sport.detik.com/sport-lain/d-8650061/lewat-buku-eks-judoka-tuang-buah-pikiran-untuk-kemajuan-olahraga-nasional,"Sabtu, 05 Sep 2026 22:45 WIB","Eks judoka nasional, Sadik Algadri, merilis buku soal buah pikiran untuk kemajuanolahraga di Indonesia. Sampai saat ini, olahraga di tanah air masih terkendala masalah yang selalu sama.

Sebuah buku berjudul 'Membangun Otot di Negeri Kertas' ditulis oleh Sadik. Buku itu dirilis pada Agustus 2026. Fragmentasi kebijakan publik di Indonesia, lemahnya tata kelola dan regulasi organisasi-organisasi olahraga, ilusi dalam politik anggaran serta infrastruktur kompetisi, hingga penerapan sport science dan pengembangan sumber daya manusia menjadi isinya.

Acara bedah buku itu digelar di Gedung Serbaguna, Gelora Bung Karno (GBK), Jakarta, Sabtu (5/9/2026). Hadir dalam acara itu Rocky Gerung, wartawan senior olahraga Asro Kamal Rokan, serta Guru Besar Universitas Pendidikan Indonesia (UPI) Prof. Yunyun Yudiana.

Sadik mengungkap proses penulisan buku memakan waktu lima sampai enam bulan. Peraturan yang dikeluarkan pemangku kebijakan sebelum pelantikan Presiden RI terpilih, Prabowo Subianto, pada 20 Oktober 2024 menjadi pemicunya. Meski tak menyebut secara spesifik aturannya, Sadik khawatir akan membahayakan olahraga secara keseluruhan.

""Jadi, perlu diketahui bahwa olahraga prestasi memiliki semacam garis besar atau undang-undang sendiri yang disebut Olympic Charter. Di dalamnya, secara garis besar, diatur bahwa jika pemerintah ikut campur dalam politik olahraga, apalagi sampai mengatur proses olahraga, ada konsekuensi tertentu, termasuk kemungkinan mendapatkan sanksi,"" kata Sadik dalam rilis yang diterima detikSport.

Setelah membahas dalam beberapa podcast mengenai kegelisahan soal kondisi olahragaIndonesiaitu, Sadik pun menuangkannya dalam buku. Atlet judo era 1970-an hingga 1980-an itu menekankan pentingnya etika dalam olahraga.

""Ya, tentu. Kegelisahan itu pasti ada dasarnya. Kalau hanya marah-marah, tentu tidak masuk akal. Semua proses itu sudah kami lakukan. Kami memang orang-orang yang berada di organisasi olahraga dan memahami etika dalam olahraga. Etika itu sangat dihargai,"" kata Sadik.

Event besar biasanya menjadi titik balik untuk perkembangan sebuah negara. Pada 2018, Indonesia sudah sukses menyelenggarakan Asian Games. Jepang, China, dan Korea Selatan juga berubah setelah ajang besar seperti Piala Dunia atau Olimpiade.

""Kenapa saya mengatakan demikian? Jepang menyelenggarakan Olimpiade 1964 untuk menunjukkan bahwa mereka, meskipun kalah dalam perang, sudah menjadi negara yang siap dan mampu bangkit kembali,"" kata Sadik.

""Nah, kami berharap Asian Games 2018 di Indonesia juga bisa menjadi momentum seperti itu. Namun, setelah Asian Games 2018, bahkan memasuki 2027 dan seterusnya, kembali lagi persoalan anggaran seperti yang kita bicarakan tadi,"" ia menambahkan.

Sadik berharap buku 'Membangun Otot di Negeri Kertas' tidak berhenti sebagai karya yang mengkritisi persoalan olahraga. Ia ingin buku tersebut mendorong perubahan sekaligus membuka keberanian untuk mengakui berbagai persoalan yang masih terjadi.

""Ya, seperti yang saya sampaikan tadi, harapan besarnya adalah adanya perubahan. Kita harus berani menyatakan dan berani mengakui,"" kata Sadik.

""Pertama, kalau kita mau marah, kita harus mengakui terlebih dahulu bahwa ada kesalahan. Setelah mengakui, baru kita berani menyatakan, 'Ya, ini kita salah.'""

""Setelah itu, kita maju. Kita bisa berubah. That's it. Berpikirnya harus jernih, tetapi mengerjakannya belum tentu mudah,"" kata pria yang masuk dalam jajaran pengurus KONI Pusat itu."
Derrick Michael Wujudkan Mimpi Masa Kecil Tampil di Asian Games 2026,https://sport.detik.com/basket/d-8649812/derrick-michael-wujudkan-mimpi-masa-kecil-tampil-di-asian-games-2026,"Sabtu, 05 Sep 2026 16:45 WIB","MataDerrick Michael Xzavierroberbinar saat berbicara soalAsian Games 2026.Dia akan mewujudkan mimpi masa kecilnya!

""Aku ingat terakhir kali menonton Asian Games itu saat digelar di Jakarta. Asian Games di Jakarta benar-benar seperti mimpi buat aku. Waktu itu aku masih SMA dan datang ke Gelora Bung Karno hanya untuk menonton. Suasananya benar-benar bagus, begitu juga dengan penontonnya,"" kata Derrick saat ditemui di Jakarta Selatan, Sabtu (6/9/2026).

Tak ayal, saat mimpi itu terwujud, Derrick mengaku benar-benar antusias. Apalagi klub tempat ia bernaung saat ini, Saga Ballooners, mengizinkannya memperkuat Indonesia.

""Aku antusias banget karena ini pertama kalinya aku tampil di Asian Games,"" ujarnya.

""Ini juga merupakan salah satu impianku sejak kecil untuk bisa bermain di Asian Games. Jadi, aku ingin membuat semuanya benar-benar berarti.""

Di Asian Games, Derrick dan kawan-kawan langsung menghadapi tantangan besar. Ia akan melawan tuan rumah di Aichi-Nagoya pada 10 September 2026. Alih-alih gentar, Derrick justru makin semangat.

Apalagi, Derrick sudah terbiasa dengan atmosfer basket Jepang. Kini ia akan merasakannya dengan jersey Merah Putih.

""Kami akan bermain melawan Jepang. Aku tahu arenanya akan sangat besar, salah satu arena terbesar di B.League. Jadi, aku sangat excited untuk bermain di sana,"" ujarnya.

Tak hanya itu, Derrick juga semakin bersemangat karena rekan-rekannya di Jepang juga bakal mendukungnya secara penuh saat di Asian Games nanti.

""Oh iya, semua teman-teman saya di Jepang, B.League dan tim saya, benar-benar mendukung saya. Kemarin saya juga sempat latihan sekitar sebulan di sana. Mereka bilang, 'Kami akan menonton pertandinganmu. Lakukan yang terbaik. Kami akan mendukungmu.'""

""Walaupun mereka berasal dari Jepang, mereka tetap mendukung saya sebagai salah satu pemain mereka. Jadi, saya sangat beruntung bisa berada di Saga juga. Mereka memberikan dukungan penuh kepada Indonesia,"" ujarnya.

Pebasket berusia 23 tahun ini pun membeberkan target pribadinya dalam debutnya di Asian Games 2026.

""Target pribadi pastinya menang sebanyak-banyaknya dan memberikan kontribusi sebagus-bagusnya untuk tim. Semoga kami bisa memenangkan setiap pertandingan. Setidaknya kami bisa lolos ke grup berikutnya,"" kata Derrick.

""Untuk masyarakat Indonesia, aku sangat membutuhkan dukungan, full support. Jangan setengah-setengah dalam memberikan dukungan,"" ucapnya."
"Asian Games 2026: Timnas Basket Masuk Grup Neraka, CdM Optimistis",https://sport.detik.com/basket/d-8649778/asian-games-2026-timnas-basket-masuk-grup-neraka-cdm-optimistis,"Sabtu, 05 Sep 2026 15:50 WIB","Timnas basket putra Indonesiamasuk grup neraka diAsian Games 2026.CdM Todotua Pasaribu optimistis!

Timnas basket putra Indonesia melakoni persiapan akhir sebelum terbang ke Jepang mengikuti Asian Games 2026. Ketua Umum Persatuan Bola Basket Seluruh Indonesia (Perbasi) Budi Djiwandono datang langsung ke latihan untuk melepas sekaligus memberi semangat.

""Kami hadir bukan hanya untuk melihat, tetapi juga memberikan semangat,"" kata Budi bersama CdM Todotua Pasaribu di kawasan Jakarta Selatan, Sabtu (5/9/2026).

Bagaimana pun, lolosnya Indonesia ke Asian Games adalah rezeki karena ada slot yang terbuka.

""Kita ketahui bersama, tadinya timnas putra belum terkualifikasi untuk Asian Games. Namun, karena kemarin ada slot yang terbuka, akhirnya Indonesia bisa berkompetisi,"" ujarnya.

DiAsian Games Aichi-Nagoya 2026,Indonesia berada di grup neraka bersama Jepang, Korea Selatan, dan Arab Saudi. Namun, Budi meminta semangat atletnya tetap menyala.

""Kami tahu bahwa perjuangan ini tidak mudah dan tim-tim yang akan mereka hadapi adalah tim-tim hebat dari Asia. Namun, saya yakin dengan pengalaman yang ada, beberapa atlet sudah memiliki pengalaman yang cukup panjang, dan diperkuat dengan bibit-bibit muda, saya rasa ini merupakan kombinasi yang baik untuk menghadapi tim-tim tersebut,"" kata Budi.

""Kami yakin. Tadi kami juga menitipkan kepada pelatih dan para atlet untuk memberikan yang terbaik. Kami ingin mereka berkompetisi sebagus-bagusnya. Kita doakan mereka bisa memberikan hasil yang terbaik,"" tegasnya.

Sementara itu,CdM Todotua Pasaribumemastikan Timnas basket putra menjadi delegasi pertama Indonesia yang akan berangkat ke Negeri Matahari tersebut. Mereka akan terbang pada Senin (7/9), dan mulai bertanding pada 10 September.

""Harapannya, tim basket kita ini bisa menjadi endorsement yang positif. Jadi, ketika nanti pembukaan, kita yakin dan percaya tim basket kita sudah bisa memberikan yang terbaik, sehingga pada saat pembukaan Asian Games pun kita sudah punya kabar yang baik,"" kata Todotua.

Todotua mengaku sudah 2-3 kali meninjau tim ini. Sebagai bagian dari keluarga besar Perbasi, ia punya keyakinan tinggi.

""Kita yakin dan percaya ini momentum yang harus kita manfaatkan betul-betul. Harapannya, dari sisi atlet, saya sendiri punya keyakinan bahwa tim ini bisa membawa pulang medali nanti,"" ujarnya.

""Persiapan di sana, mereka nanti akan masuk ke kompleks Athlete Village sebagai persiapan. Kami dari CDM juga akan memberikan dukungan dan backup. Pada saat mereka masuk, official team dari CDM juga sudah akan stand by,"" tegas Todotua."
"Kalah di Perempatfinal AVC Beach Continental, Ini Kata Bintang/Sofyan",https://sport.detik.com/sport-lain/d-8649669/kalah-di-perempatfinal-avc-beach-continental-ini-kata-bintang-sofyan,"Sabtu, 05 Sep 2026 14:15 WIB","PerjalananBintang Akbar/Sofyan RachmandiAVC Beach Continental 2026harus berakhir di perempatfinal. Mereka sudah main maksimal.

Dalam pertandingan yang berlangsung di Shangluo, China, Sabtu (5/9/2026), pasangan voli pantai Indonesia itu kalah 1-2 dari wakil Australia Thomas Hodges/Ben Hood.

Bintang/Sofyan sempat berada di atas angin setelah merebut set pembuka 21-19. Namun, Hodges/Hood membalikkan keadaan dengan memenangi dua set berikutnya 21-14 dan 15-13 sekaligus memastikan tiket semifinal.

Kegagalan tersebut menjadi kekalahan pertama Bintang/Sofyan selama tampil di turnamen ini. Sebelum memasuki perempat final, mereka selalu menang dan bahkan belum pernah kehilangan satu set.

Pelatih Timnas voli pantai Indonesia Slamet Mulyanto mengatakan anak-anaknta sudah main maksimal.

""Pertama-tama kami mohon maaf, hanya sampai perempat final. Anak-anak sudah maksimal,"" kata Slamet dalam kutipam cepatnya, Sabtu (5/9/2026).

""Set pertama anak-anak bermain bagus. Start kedua awalnya bagus, leading 8-6. Namun, lawan bikin ulah, mancing emosi, memperlambat permainan dan tiga kali protes ke wasit, hingga dapat kartu kuning. Hal itu membuat anak-anak terpengaruh,"" ujarnya.

Slamet menilai lawan memiliki postur tubuh yang lebih tinggi sehingga overblok-nya sulit dihentikan.

""Lawan tinggi, overblok, susah dihentikan. Jam terbang bicara, dalam keadaan ketat gini, lawan bisa mempengaruhi tempo, itu yang tidak diantisipasi anak-anak. Harusnya anak-anak kembali dengan cepat ke bentuk permainannya,"" kata Slamet.

""Set ketiga, bisa mengimbangi, tetapi lawan memang harus diakui tampil lebih baik, lebih punya banyak pengalaman. Jam terbang berbicara, salah satu pemainnya sudah dua kali tampil di Olimpiade,"" tuturnya.

Slamet berharap pengalaman tampil di AVC Beach Continental dapat dijadikan bekal untuk Asian Games di Aichi-Nagoya, 19 September hingga 4 Oktober mendatang.

""Anak-anak harus lebih konsisten dan tidak terpengaruh lawan. Kini kami bersiap tampil di Asian Games,"" kata Slamet."
"WEC 2026: Paruh Kedua Musim Dimulai, Team WRT 32 Lebih Pede",https://sport.detik.com/sport-lain/d-8649199/wec-2026-paruh-kedua-musim-dimulai-team-wrt-32-lebih-pede,"Sabtu, 05 Sep 2026 01:10 WIB","FIA World Endurance Championship 2026memasuki paruh kedua musim.Team WRT 32lebih percaya diri meraih hasil bagus.

Dari empat balapan awal, selalu muncul pemenang berbeda. Team WRT #69 (BMW) menaklukkan seri pembuka di Imola, lalu Garage 59 #10 (McLaren) finis pertama di Spa.

Dua tim penggeber Corvette memenangi dua balapan terakhir di Le Mans serta Sao Paulo, yakni TF Sport #33 dan Racing Team Turkey #34.

TF Sport 33 sekarang memimpin klasemen dengan keunggulan 27 poin atas tim juara bertahan kelas LMGT3, The Bend Manthey #92 (Porsche). Keunggulan dengan selisih poin lumayan besar itu pun didapat karena TF Sport 33 menang di Le Mans yang memberikan poin ganda.

Selebihnya, dari Manthey 92 di peringkat dua hingga tim di posisi ke-10 hanya berselisih 19 poin. Ini menggambarkan betapa persaingan di LMGT3 sangat terbuka musim ini.

Menariknya lagi menatap putaran lima FIA WEC, Lone Star Le Mans atau 6 Hours of COTA akhir pekan ini, untuk kali pertama dua tim pemenang di dua kelas tahun lalu absen. Porsche Penske tak melanjutkan program Hypercar tahun ini.

Sementara tim United Autosports #95 yang tahun lalu menang di COTA bersamaSean Gelael, Darren Leung, dan Marino Sato juga absen dari program LMGT3 tahun ini. Mereka memilih fokus untuk menjadi partner operasional McLaren untuk tampil di Hypercar 2027.

Mobil McLaren sendiri masih ada di LMGT3, tapi manajemennya pindah ke tim Garage 59 dengan mengoperasikan mobil nomor 10 dan 58.

Sean dan Darren masih bersatu dan punya ingatan baik soal kemenangan tahun lalu. Namun kali ini cerita pasti berbeda karena mereka mengendarai BMW bersama Augusto Farfus di Team WRT #32.

""Musim liburan telah berakhir, sekarang saatnya fokus tantangan berat di hadapan,"" tulis akun resmi Team WRT.

Race 6 Hours of COTA disiarkan langsung secara livestreaming di kanal youtube KUY Entertainment, Senin (7/9) mulai pukul 01.00 WIB."
Men's World Tennis Championship: Ganda Indonesia Tembus Final,https://sport.detik.com/raket/d-8649186/mens-world-tennis-championship-ganda-indonesia-tembus-final,"Sabtu, 05 Sep 2026 00:10 WIB","PasanganRafalentino Ali Da Costa/Ethan David Zapp selangkah menuju gelar juaraMen's World Tennis Championship 2026. Ini setelah mereka lolos ke final.

Pada laga semifinal Seri IV ITF World Tennis Tour M-15 di Bali Beach Country Club, Jumat (4/9/2026), Rafalentino/Ethan menghadapi unggulan keempat Sebastian Grundtvic Jorgensen/Ryotaro Taguchi.

Rafalentino/Ethan bermain prima sedari set pertama sebelum menang 6-4 dan 6-4 atas pasangan gado-gado Denmark dan Jepang. Mereka tak takut meladeni perlawanan Sebastian/Ryotaro yan berperingkat lebih tinggi.

Setelah menang 6-4 di se pertama, Rafalentino lewat forehand maupun backhand yang mematikan serta Ethan dengan cegatan voli di depan net memaksa Sebastian/Ryotaro kalah dengan skor serupa dalam total durasi pertandingan selama 1 jam 6 menit di set kedua.

Rafalentino pun menyebut kemenangan ini jado kado ulang tahun rekannya. Dia juga mewanti-wanti agar selalu waspada dan tidak menganggap remeh lawan di final.

""Kemenangan ini jadi kado terbaik untuk ultah ke-17 Ethan David. Ini juga jadi rekor tersendiri bagi kami karena bisa mencapai final pertama kalinya di nomor ganda,"" ujar Rafalentino dalam rilis kepadadetikSport.

""Kami harrus fokus dan tidak boleh lengah sama sekali di setiap gamenya. Ini menjadi faktor penting dalam kemenangan hari ini,"" sambungnya.

Sementara, Ethan memuji semangat Rafalentino serta kemampuan rekannya mengatur strategi dengan baik, di saat poin-poin kritis.

""Dia bagus sekali saat menghadapi tekanan dan bisa membantu saya. Kami harus tetap fokus untuk final,"" papar Ethan.

Pada laga final, Sabtu (5/9) besok ,mereka menantang unggulan Alexander ChangPablo Perez Ramos. Pasangan gado-gado dari Amerika Serikat dan Spanyol ini sukses menyudahi Shanker Heisnam/Karan Singh dari India 6-3 dan 6-4.

Sementara itu di sektor tunggal putra tuan rumah Indonesia gagal menempatkan wakilnya kebabak semifinal. Nathan Barki dipaksa harus menyerah dua set langsung dari petenis India Karan Singh, lewat pertarungan selama 1 jam 16 menit.

Selanjutnya Karan Singh yang merupakan unggulan keempat akan bertemu Ryotaro Taguchi, setelah petenis asal Jepang ini menang rubbet set dari Hayden Jones 6-0 5-7 dan 7-5."
Timnas Voli Putra dan Putri Indonesia Bidik 8 Besar Asian Games 2026,https://sport.detik.com/sport-lain/d-8649149/timnas-voli-putra-dan-putri-indonesia-bidik-8-besar-asian-games-2026,"Jumat, 04 Sep 2026 23:15 WIB","Timnas voli putra Indonesiasiap tempur dan bertekad mengharumkan nama bangsa diAsian Games 2026. Boy Arnez dan kawan-kawan percaya diri dapat mempersembahkan hasil terbaik.

Asian Games 2026 berlangsung di Aichi-Nagoya, mulai 19 September hingga 4 Oktober 2026. Timnas voli putra telah melakukan persiapan sebulan penuh, baik fisik maupun mental.

Kapten Timnas voli putra Boy Arnez menegaskan tidak ada kendala berarti selama Pelatnas. Chemistry tim sudah terbentuk.

""Persiapan kami sudah cukup lama, sebulan. Untuk chemistry tim sudah solid, tinggal membenahi kesalahan-kesalahan di game. Tapi kami optimis dapat main baik nanti di Asian Games,"" kata Boy saat ditemui di kawasan Jakarta Selatan, Jumat (4/9/2026).

Di bawah asuhan pelatih Reidel Toiran, skuad Garuda memang telah digembleng habis-habisan. Mulai dari pelatihan intensif hingga uji coba melawan Kamboja.

""Kami sudah digembleng sih, mulai dari fisik ke mental. Nanti tinggal di Asian Games saja nanti gimana,"" tambah Boy.

Bukan tanpa alasan Boy mengatakan demikian. Selain persiapan yang baik, mereka juga baru saja menorehkan hasil baik usai menjuarai AVC Men's Volleyball Cup 2026 di India.

Di Asian Games, tim voli putra Indonesia tergabung dalam Grup B bersama Iran, Thailand, dan Kirgistan.

Tak hanya Timnas voli putra, dari sektor putri, Maradanti juga meyakini tim putri juga bisa berbicara lebih di multievent terbesar di Asia tersebut. Tim putri Indonesia masuk Grup A bersama Jepang dan Nepal.

""Untuk persiapannya sih sebenarnya sudah siap ya. Karena sebelum menuju Asian Games 2026 ini kita udah mengikuti pertandingan internasional. Dan beberapa sparing-sparing dengan tim lainnya,"" papar Rara.

Melihat lawan-lawan yang dihadapi di Aichi-Nagoya nanti, Baik Rara maupun Boy menargetkan lolos ke delapan besar terlebih dahulu.

""Tahap pertama masuk 8 besar dulu ya. Lalu nanti dari 8 besar kita pikir lagi buat masuk ke babak berikutnya. Step by step dulu,"" ucap Rara."
Bali Bakal Gelar Turnamen Catur Internasional Akhir Oktober,https://sport.detik.com/sport-lain/d-8649165/bali-bakal-gelar-turnamen-catur-internasional-akhir-oktober,"Jumat, 04 Sep 2026 22:35 WIB","Balijadi tuan rumah turnamen catur level internasional akhir Oktober. Tak sekadar adu tangkas, turnamen ini juga bertujuan menggenjot pariwisata Pulau Dewata.

Turnamen ini bernama Catur Bali Fide Rated Kapal Api Chess Festival 2026 yang digelar di Hotel Ululani, Uluwatu, Bali, 30 Oktober sampai 5 November.

Ajang ini digagas oleh Ketua Umum Pengurus Cabang Persatuan Catur Seluruh Indonesia (Pengprov Percasi) Kabupaten Muna, Sulawesi Tenggara, Jalaluddin Madjinuhu, yang mendapat dukungan dari PB Percasi dan klub Jayakarta Muda Jakarta.

Bakal ada total hadiah RP 112 juta di mana Rp 20 juta akan diberikan kepada sang juara. Sejauh ini sudah ada 300 peserta yang berencana mengikuti ajang itu, baik dari dalam maupun luar negeri.

Dari Indonesia, baru atlet-atlet Jawa Timur, Bali, Sulawesi Tenggara, Nusa Tenggara Barat, dan Nusa Tenggara Timur yang mendaftar.

Menurut Jalaludin, jumlah peserta yang cukup banyak ini sesuai dengan daya tampung Ballroom Hotel Ululani, Bali yang akan menjadi arena pertandingan. Diharapkan nantinya, para peserta telah lolos persyaratan sesuai peraturan FIDE.

""Saat ini sekitar 300 calon peserta sudah bersurat kepada FIDE untuk mengikuti turnamen ini. Dari dalam negeri sendiri beberapa daerah sudah konfirmasi kepada saya seperti dari Jawa Timur sebanyak 50 pecatur, Bali (50 pecatur), Sulawesi Tenggara(25 pecatur), serta dari NTT dan NTB,"" ujar Jalaludin dalam rilis kepadadetikSport.

""Karena turnamen pertama ini berkategori challenger maka pesertanya adalah pecatur yang memiliki elo rating di bawah 2000,"" sambungnya.

Lebih lanjut, pemilihan Pulau Bali sebagai tempat penyelenggara, agar turnamen catur level international tidak hanya berlangsung di Pulau Jawa saja. Ini juga bisa berdampak positif bagi pariwisata Bali selama turnamen berlangsung.

""Pemilihan Bali, selain sebagai destinasi wisata. juga karena letaknya di tengah-tengah, hingga para peserta dari Pulau Kalimantan, Sulawesi, serta dari Indonesia Bagian Timur lainnya, bisa ikut ambil bagian,"" papar Jalaludin.

Selama ini turnamen catur bertaraf international atau FIDE Rated di Indonesia hanya ada satu kali. Dengan digelarnya turnamen Kapal Api Chess Festival 2026, maka jumlah turnamen bertaraf international di Tanah Air diharapkan semakin banyak.

""Jadi tak usah jauh-jauh ke luar negeri untuk mencari poin elo rating, sebaliknya bagi peserta dari luar negeri juga bisa sekalian berlibur di Bali. Jika turnamen pembuka ini sukses, ke depannya akan dijadikan kalender tetap tiap tahunnya dan titelnya akan berubah menjadi open,"" demikian Jalaludin."
Kyrchyn Gorge Jadi Panggung World Nomad Games,https://sport.detik.com/fotosport/d-8648227/kyrchyn-gorge-jadi-panggung-world-nomad-games,"Jumat, 04 Sep 2026 22:02 WIB","Kyrgyzstan- Pemandangan udara venue VI World Nomad Games terlihat di Kyrchyn Gorge, Issyk-Kul, Kyrgyzstan, saat ajang budaya dan olahraga nomaden berlangsung."
"Hasil China Masters 2026: Sabar/Reza Out, Wakil Indonesia Habis",https://sport.detik.com/raket/d-8649124/hasil-china-masters-2026-sabar-reza-out-wakil-indonesia-habis,"Jumat, 04 Sep 2026 21:38 WIB","Sabar Karyaman Gutama/Moh. Reza Pahlevi Isfahanitersingkir dariChina Masters 2026usai kalah dari Nur Mohd Azriyn Ayub/Tan Wee Kiong. Wakil Indonesia habis di ajang ini.

Sabar Karyaman Gutama/Moh Reza Pahlevi Isfahanimenghadapi Nur Mohd Azriyn Ayub/Tan Wee Kiong (Malaysia) di perempatfinal China Masters 2026. Pertandingan digelar di Court 1 Shenzen Arena, Jumat (4/9/2026) malam WIB.

Sabar/Reza mengawali gim pertama dengan kurang baik. Mereka tertinggal 1-5.

Unggulan keenam ini kemudian bisa mengejar hingga kedudukan sama kuat 6-6. Sabar/Reza bahkan berbalik memimpin dengan kedudukan 9-6.

Sabar/Reza unggul 11-8 saat interval. Situasi tapi kemudian berubah selepas interval.

Azriyn/Tan tampil agresif hingga bikin kembali sama kuat 11-11. Pasangan Malaysia mendapatkan momentum untuk menjauh. Sabar/Reza tertinggal 11-14 usai terus gagal mendulang angka.

Sabar/Reza berusaha bangkit dengan bisa menipiskan jarak angka dengan cuma tertinggal satu poin saat kedudukan 15-16.

Namun, setelahnya Azriyn/Tan bisa terus menjaga keunggulan. Sabar/Reza harus kalah 17-21 di gim pertama.

Sabar/Reza tak mengulangi kesalahan di awal gim pertama saat memulai gim kedua. Mereka bisa unggul 6-2.

Sabar/Reza tapi tak bisa menjaga keunggulan hingga Azriyn/Tan bikin skor sama kuat 6-6. Sabar/Reza berbalik tertinggal 6-10.

Namun, Sabar/Reza dengan baik bangkit dengan unggul 11-10 saat interval gim kedua. Sabar/Reza konsisten menjaga keunggulan setelah interval.

Sabar/Reza mengamankan gim kedua dengan skor 21-16. Laga harus ditentukan di gim ketiga.

Due berlangsung sengit di awal gim ketiga hingga skor 4-4. Sabar/Reza sempat unggul 9-6 tapi Azriyn/Tan mendulang tiga angka beruntun hingga skor kembali imbang 9-9.

Sabar/Reza unggul tipis 11-10 di interval gim ketiga. Selepas interval, Azriyn/Tan kembali bisa menyetarakan angka saat 12-12.

Laga terus ketat hingga 16-16. Sabar/Reza bisa mendapatkan dua angka untuk unggul 18-16. Pukulan terukur Tan di depan net dan pengembalian Sabar yang melebar bikin kedudukan kembali sama kuat saat 18-18.

Reza melakukan kesalahan serve di poin krusial hingga Azriyn/Tan mendapatkan match poin. Ganda Indonesia ini yang menyangkut di net bikin mereka kalah 19-21 di gim ketiga.

Sabar/Reza tersingkir dari China Masters 2026. Tersingkirnya Sabar/Reza bikin wakil Indonesia habis di ajang ini."
Pol: Acosta Akan Menang Balapan dan Jadi Juara Dunia Cuma soal Waktu,https://sport.detik.com/moto-gp/d-8648849/pol-acosta-akan-menang-balapan-dan-jadi-juara-dunia-cuma-soal-waktu,"Jumat, 04 Sep 2026 18:30 WIB","Di tengah ekspektasi tinggi,Pedro Acostabelum mampu menangi balapan alih-alih bersaing merebut titel juara dunia. Rider MotoGPPol Espargarotidak khawatir soal ini.

Acosta digadang-gadang sebagai bintang MotoGP masa depan. Rider berjuluk si Hiu dari Mazarron ini bermodalkan gelar juara dunia di kelas Moto3 dan Moto2, lalu jadi rookie terbaik dua tahun lalu.

Dari 54 balapan grand prix yang sudah dilakoni di kelas primer, Acosta 14 kali finis podium tanpa kemenangan. Acosta mentok finis kedua, yang dicapainya delapan kali termasuk di Aragon sepekan lalu.

Tak bisa dipungkiri,Pedro Acostamulai menghadapi tuntutan untuk memenangi balapan grand prix. Acosta sudah cukup pengalaman, plus dipersenjatai dengan tunggangan pabrikan KTM.

Pol Espargaro, pebalap penguji KTM, yakin betul bahwa Acosta cepat atau lambat akan memenangi grand prix dan jadi juara dunia. Balapan di San Marino dan Austria diyakini jadi kesempatan bagus buat Acosta.

""Aku sepenuhnya yakin, dan kuharap secepatnya karena Misano, Austria itu sirkuit-sirkuit di mana dia bisa tampil bagus, dan di level Pedro sekarang dan level yang kami punya sekarang, dengan beberapa penyempurnaan dan peningkatan untuk balapan mendatang, kurasa itu mungkin,"" ucap adik kandung Aleix Espargaro ini diMarca.

""Kurasa sejak awal ini memungkinkan, tapi kemenangan itu belum memang belum terjadi tap dia sudah sangat dekat, dia dalam jalur yang benar. Bagaimanapun, kurasa kita tidak seharusnya terobsesi dengan ini.""

""Pedro akan memenangi banyak balapan, dia akan memenangi beberapa titel Kejuaraan Dunia. Aku sangat-sangat yakin dengan hal ini, ini hanya soal waktu saja,"" Pol Espargaro menambahkan tentangAcosta."
AVC Continental 2026: Bintang/Sofyan Hadapi Selandia Baru di 16 Besar,https://sport.detik.com/sport-lain/d-8648336/avc-continental-2026-bintang-sofyan-hadapi-selandia-baru-di-16-besar,"Jumat, 04 Sep 2026 14:15 WIB","Pasangan voli pantai Indonesia Bintang Akbar/Sofyan Rachman sukses mengunci status juara Grup EAVC Beach Continental 2026dan melenggang mulus ke babak 16 besar. Di babak berikutnya, mereka akan melawan Selandia Baru.

Kemenangan telak 2-0 atas wakil Jepang Takahashi/Ikeda di Shangluo, Kamis (3/9/2026), jadi penutup sempurna fase grup. Skor 21-16, 21-15 menutup laga yang sebenarnya duel perebutan puncak klasemen.

Dalam keterangan tertulis federasi, Bintang/Sofyan tampil dominan sejak awal pertandingan dan mengamankan set pertama dengan kemenangan 21-16. Permainan pasangan Indonesia tetap terjaga pada set kedua hingga mereka kembali unggul 21-15.

Kemenangan atas wakil Jepang sekaligus mempertahankan rekor sempurna Bintang/Sofyan selama fase grup. Mereka berhasil memenangkan seluruh tiga pertandingan tanpa sekalipun kehilangan set.

Pertemuan dengan Takahashi/Ikeda memang menjadi laga penting untuk menentukan pemuncak klasemen Grup E. Kedua pasangan sebelumnya sama-sama mengoleksi dua kemenangan dan belum pernah kehilangan satu set pun.

Bintang/Sofyan lebih mampu menjaga konsistensi dalam laga tersebut. Setelah mengamankan set pembuka 21-16, pasangan Indonesia kembali tampil solid untuk menyelesaikan pertandingan dengan kemenangan 21-15 pada set kedua.

Sebelum menghadapi pasangan Jepang, Bintang/Sofyan lebih dahulu meraih kemenangan atas wakil Hong Kong Wong Pui Lam/Chong Kei Loi. Dalam pertandingan pembuka Grup E, mereka menang dua set langsung 21-10 dan 21-12.

Pada pertandingan kedua yang berlangsung Rabu (2/9/2026), pasangan Indonesia kembali meraih kemenangan. Kali ini, Yakovlev/Mokhammad dari Kazakhstan mereka kalahkan dengan skor 21-17 dan 21-15.

Dari tiga pertandingan tersebut, Bintang/Sofyan mengumpulkan enam kemenangan set tanpa sekali pun kalah. Hasil itu memastikan mereka berada di posisi teratas Grup E sekaligus membuka jalan menuju fase gugur.

Di babak 16 besar, Di 16 besar, ujian berikutnya sudah menunggu. Sam O'Dea/Ben O'Dea dari Selandia Baru jadi lawan yang harus ditaklukkan Bintang/Sofyan.

Target pelatih Slamet Mulyanto dari awal memang menjadi juara grup. Dan itu sudah tercapai. Bintang/Sofyan diminta naik level.

""Bintang/Sofyan bermain sangat baik. Lawan Selandia Baru, tidak boleh kendur. Gas terus, harus menang,"" tegas Slamet."
Pemanasan Timnas Basket 3x3 di Taiwan Jelang Asian Games 2026,https://sport.detik.com/sport-lain/d-8648160/pemanasan-timnas-basket-3x3-di-taiwan-jelang-asian-games-2026,"Jumat, 04 Sep 2026 12:50 WIB","Jelang Asian Games 2026,Timnas basket 3x3 putraterbang ke Taiwan untuk mengikuti FIBA 3x3 Challenger. Ajang ini penting untuk pembentukan mental!

Berlangsung di Kaohsiung, Taiwan, pada 5-6 September, Timnas basket 3x3 Indonesia berkekuatan empat pemain dari total delapan nama yang ikut latihan di persiapan tahap akhir.

Keempat nama itu adalah Almando Davin Nepa Bait, Halmaheranno Aprianto Lolaru Hady, Erick Ibrahim Junior, dan Daffa Dhoifullah.

Mereka berangkat ke Kaohsiung dengan membawa nama Tim Balige. Sementara dua pemain, yaitu Aymane Arip dan Richard Kornelius, akan menyusul dan bergabung untuk melakukan scrimmage dengan tim/klub lokal di Taiwan pada dua hari berikutnya, 7-8 September.

Di Kaohsiung, Tim Balige akan berjuang dari babak kualifikasi. Mereka tergabung di Grup B bersama Tim Shibuya asal Jepang dan Tim Phoenix dari Amerika Serikat.

Shibuya merupakan tim profesional yang diperkuat dua pemain Jepang dan rekrutan asal Latvia, Kristaps Gluditis dan Zigmars Raimo. Mereka pemain senior dengan usia 30 tahunan. Kemudian Phoenix dari USA diisi pemain matang dengan usia 29 dan 30 tahun.Untuk di Kualfikasi Grup B, hanya Balige yang diisi pemain muda dengan usia di bawah 23 tahun.

Wakil Ketua Program 3x3 Badan Tim Nasional (BTN) DPP Perbasi sekaligus General Manager Timnas 3x3 Putra Derry Primasta Octa menegaskan pengiriman pemain muda ini sesuai regulasi Asian Games 2026 yang membatasi usia maksimal 23 tahun untuk basket 3x3.

""Pengalaman merasakan atmosfer pertandingan di ajang internasional dibutuhkan oleh pemain kita dalam membentuk karakter permainan menuju Asian Games 2026,"" kata Derry dalam keterangannya.

""Tim Balige dengan kekuatan pemain usia lebih muda dikirim ke ajang ini dengan tujuan membentuk mental tanding dan mengambil pengalaman serta merasakan atmosfer pertandingan di level internasional.""

Derry juga menekankan, hasil akhir nomor dua. Yang utama adalah proses.

""Hasil akhir memang penting dalam pertandingan. Namun dalam proses pembentukan tim saat ini, melihat pemahaman pemain dalam menjalankan strategi permainan yang telah diberikan selama training camp nasional jauh lebih penting agar di Asian Games nanti bisa mendapatkan hasil maksimal,"" ujarnya.

Di Asian Games 2026, Timnas Basket 3x3 Putra tergabung di Pool C. Di sana, Indonesia akan bersaing melawan Qatar, Taiwan, dan Bahrain.

""Komposisi pemain saat ini adalah yang terbaik dari proses training camp yang sudah berjalan, dipimpin oleh Coach Donnda. Kami melihat banyak perubahan positif sejak FIBA Batam Challenger.""

""Mari kita dukung anak-anak muda berprestasi Indonesia, wakil kita di kancah global melalui 3x3 Basket. Ultimately, kami bersama mau memberikan yang terbaik untuk Asian Games 2026,"" tegas Derry."
Belum Pernah Ikut Kelas Yoga? Yoga Outdoor Ini Cocok Untuk Beginner,https://sport.detik.com/sportstyle/d-8647385/belum-pernah-ikut-kelas-yoga-yoga-outdoor-ini-cocok-untuk-beginner,"Jumat, 04 Sep 2026 06:15 WIB","Banyak orang urung cobayogakarena mikir harus lentur dulu atau paham semua gerakan sejak awal. Padahal yoga itu soal proses, bukan soal siapa yang paling jago pose susah, dan justru kelas outdoor jadi tempat paling santai buat memulai.

Ground and Grow Yoga membuka kelas yang ramah untuk pemula, digelar di RenÃ© CafÃ©, Cipayung, Jakarta Timur pada Minggu, 6 September 2026, pukul 07.00 WIB sampai 09.00 WIB. Suasana outdoor yang santai bikin siapa pun tidak perlu takut salah gerakan atau merasa dinilai orang lain.

Kelas ini fokus ke mindful movement, jadi peserta diajak menyelaraskan napas dengan gerakan pelan-pelan tanpa tekanan buat langsung sempurna. Cocok banget buat kamu yang selama ini cuma nonton video yoga di media sosial tapi belum berani coba langsung.

Persiapannya juga simpel. Peserta cukup membawa yoga mat sendiri dan pakaian olahraga yang nyaman dipakai gerak. Disarankan juga bawa tumbler, handuk, dan sunglasses supaya makin nyaman selama sesi berlangsung di ruang terbuka. Setiap peserta bakal dapat goodie bag saat registrasi di venue, jadi ada bonus tambahan selain pengalaman yoga itu sendiri.

Selain jadi ajang olahraga ringan, momen ini juga bisa jadi cara buat ketemu orang baru dengan minat yang sama soal wellness dan gaya hidup lebih sadar diri. Kamu juga tidak perlu mikirin peralatan mahal, karena modal utama cuma niat dan yoga mat sendiri.

Kalau selama ini alasan kamu belum mulai yoga cuma karena takut salah gerakan atau merasa belum siap, kelas ini didesain justru buat kamu yang masih di titik itu. Instruktur akan memandu step by step tanpa buru-buru.

Jangan biarkan rasa ragu bikin kamu terus menunda, langsung amankan slotmu didetikeventsekarang juga!"
Men's World Tennis Championship: Nathan Barki ke Perempatfinal,https://sport.detik.com/raket/d-8647457/mens-world-tennis-championship-nathan-barki-ke-perempatfinal,"Kamis, 03 Sep 2026 23:15 WIB","Petenis IndonesiaNathan Barkimelaju ke perempatfinalAmman Mineral Men's World Tennis Championship 2026. Begitu juga denganRafalentino Ali Da Costa/Ethan David Zappyang menembus semifinal.

Pada pertandingan Babak 16 Besar Seri IV M-15 di Lapangan D, Bali Beach Country Club, Kamis (3/9/2026), Nathan bertemu kompatriotnya Anthony Susanto.

Duel kedua wakil tuan rumah ini sebenarnya berlangsung seimbang, di mana terjadi kejar-kejaran poin sampai skor sama kuat 5-5 di set pertama.

Memasuki game ke-11, setelah melalui 3 kali deuce, Nathan akhirnya dapat mematahkan servis dari Anthony, untuk menutup set pertama dengan kemenangan 7-5 dalam tempo 48 menit.

Di set kedua, Nathan meminta perawatan medis akibat lengan kanannya sakit. Alhasil petenis 29 tahun ini memutuskan mundur dan Nathan berhak atas tiket perempatfinal.

Meski menang, Nathan prihatin dengan kondisi Anthony. Dia berharap Anthony bisa cepat pulih.

""Sedih juga meski menang, karena Anthony harus terhenti karena cedera. Saya berharap bisa mempertahankan performa dan fokus ke laga-laga selanjutnya,"" ujar Nathan dalam rilis kepadadetikSport.

Di nomor tunggal putra, Rafalentino menyerah dua set langsung dalam tempo 1 jam 16 menit, 3-6 dan 2-6, dari wakil India Karan Singh.

Kegagalan ini ditebus Rafalentino dengan sempurna saat turun di ganda putra bersama Ethan David Zapp. Mereka menyingkirkan unggulan pertama Isaac Becroft/Reece Falck dari Selandia Baru.

Dengan motivasi tinggi dan bermain tanpa beban, Rafalentino yang baru berusia 16 tahun dan Ethan 17 tahun, bertarung sangat luar biasa untuk menang 7-5, 6-4, dalam waktu 1 jam 14 menit.

""(Kami) sangat gembira dengan kemenangan ini dan tak menyangkan bisa mengalahkan unggulan pertama. Kami akan berupaya tampil tanpa beban lagi di laga selanjutnya, bermain seperti hari ini,"" ujar Ethan yang diamini Rafalentino.

Rafalentino/Ethan David bertemu unggulan keempat Sebastian Grundtvic Jorgensen/Ryotaro Taguchi di semifinal. Sebastian/Ryotaro mengalahkan Leo Borg/Eric Ahren dari Swedia dengan skor 6-4 3-6 dan super tiebreak 10-5."
Bakal Ada Jakarta Vertical Run 2026 Bulan November,https://sport.detik.com/sportstyle/d-8647394/bakal-ada-jakarta-vertical-run-2026-bulan-november,"Kamis, 03 Sep 2026 22:15 WIB","Asosiasi Lari Trail Indonesia (ALTI) DKI Jakarta akan menggelar Jakarta Vertical Run 2026. Apa itu?

Mengambil tema Tantangan Urban dan Keberlanjutan Lingkungan, ALTI DKI bekerjasama dengan Cakrawala Jakarta Kreatif selaku penyelenggara, yang didukung juga oleh Geely sebagai sponsor utama dan Fortesport, menggelar ajang tower running bertaraf internasional.

Perlombaan lari naik tangga ini dihelat, Minggu 15 November, di Autograph Tower, Kompleks Thamrin Nine, Jakarta Pusat. Thamrin Nine merupaka gedung tertinggi di Jakarta dan tercatat sebagai gedung tertinggi di belahan bumi selatan, dengan ketinggian 385 meter.

Para peserta akan menantang fisik dan mental dengan menaklukkan kurang lebih 2.120 anak tangga di gedung 106 lantai itu.

Ketua Umum ALTI DKI Jakarta, Eko Putro Hadi Prasetyo, menyampaikan bahwa ajang ini memberikan sensasi olahraga urban yang berbeda dari road run pada umumnya. Lomba dimulai pukul 04.30 WIB, agar para pelari tercepat berkesempatan menikmati momen matahari terbit di langit Jakarta saat mencapai puncak.

""Kami percaya olahraga urban seperti ini akan memberikan tantangan dan sensasi yang berbeda bagi pesertanya. Semoga saja akan tercipta persaingan yang menarik antarpeserta,"" ujar Eko Putro dalam jumpa pers, Kamis (3/9/2026).

Start dilakukan dengan sistem wave yang terbagi menjadi empat gelombang: wave 1 untuk kategori Elite Atlet dan wave 2 untuk kategori Open, masing-masing dilepas lima (5) peserta setiap 30 detik, sementara wave 3 dan wave 4 dilepas setiap satu menit.

Hingga kini, tercatat 450 pelari dari 16 negara siap bersaing di tiga kategori utama: Elite/Tower Running, Senior, dan Master. Ajang lari naik tangga gedung bertingkat tinggi seperti ini telah lazim diselenggarakan di berbagai kota dunia, dan diminati karena tingkat kesulitannya yang berbeda dari lomba lari di jalan raya pada umumnya.

Keterlibatan Geely sebagai sponsor utama memperkuat sinergi antara gaya hidup aktif dan komitmen keberlanjutan lingkungan (green mobility) melalui penerapan konsep eco-friendly event.

Penyelenggara juga menaruh perhatian penuh pada keselamatan, keamanan, dan kenyamanan peserta dengan menyiagakan tenaga kesehatan, paramedis, ambulans, serta rumah sakit rujukan apabila terjadi keadaan darurat selama lomba berlangsung.

Ajang ini sekaligus menjadi momen strategis menyongsong peringatan 500 tahun Kota Jakarta pada 2027. Panitia berharap penyelenggaraan Jakarta Vertical Run dapat kembali digelar tahun depan dengan skala lebih besar.

Kepala Dinas Pemuda dan Olahraga Provinsi DKI Jakarta, Andri Yansyah, mendukung penuh kegiatan ini. Selain berfungsi sebagai tolok ukur pembinaan prestasi atlet, Jakarta Vertical Run juga didorong sebagai ajang sport tourism dan rekreasi bergengsi, di mana para peserta dapat menikmati keindahan lanskap Kota Jakarta dari titik tertinggi.

Jakarta Vertical Run nanti bakal jadi penyelenggaraan Vertical Running pertama di gedung tertinggi di Indonesia dengan jumlah peserta terbanyak, yang berpotensi mendapatkan rekor MURI.

Khusus bagi pelari kategori Elite Vertical Running, mereka akan memperoleh 60 poin skor yang dapat menaikkan peringkat mereka di klasemen atlet vertical run internasional."
"Hasil China Masters 2026: Sabar/Reza Menang, Melaju ke Perempatfinal",https://sport.detik.com/raket/d-8647441/hasil-china-masters-2026-sabar-reza-menang-melaju-ke-perempatfinal,"Kamis, 03 Sep 2026 21:30 WIB","Sabar Karyaman Gutaman/Mohammad Reza Pahlevi Isfahanimelaju ke perempatfinalChina Masters 2026. Sabar/Reza mengalahkan Daniel Ludgaard/Mads Vestergaard.

Babak 16 besarBWF Super 750 China Mastersmempertemukan Sabar/Reza dengan Lundgaard/Vestergaard dari Denmark. Pertandingan digelar di Court 1 Shenzen Arena, Kamis (3/9/2026) malam WIB.

Sabar/Reza merebut 3 poin pertama, tapi Lundgaard/Vestergaard mampu menyamakan kedudukan. Sabar/Reza selanjutnya memimpin 3 angka lagi hingga mencapai interval dengan keunggulan 11-9.

Pasangan Indonesia sempat unggul 5 angka 14-9, namun Lundgaard/Vestergaard mampu merebut 4 angka beruntun dan menyamakan kedudukan 14-14. Sabar/Rerza kembali lepas dari tekanan dan menjauh 17-14.

Sabar/Reza mencapai game point dengan keunggulan 20-15. Sabar/Reza menutup gim pertama dengan keunggulan21-15.

Permainan positif ditunjukkan Sabar/Reza memasuki gim kedua. Sabar/Reza mampi menjaga keunggulan 2-3 angka dari Lundgaard/Vestergaard dan unggul 11-8 di interval.

Sabar/Reza menjauhkan kejaran menjadi 5 poin 18-13 dan 19-14 dan mencapai match point 20-15. Bola out dari Lundgaard/Vestergaard memastikan kemenangan Sabar/Reza21-15.

Hasil ini mengantarkan Sabar/Reza lolos ke perempatfinal China Masters 2026. Sabar/Reza jadi satu-satunya wakil Indonesia yang tersisa setelah Jonathan Christie, Leo Rolly Carnando/Daniel Marthin, dan Ali Faathir Rayhan/Devin Artha Wahyudi tersingkir.

Sabar/Reza melaju ke perempatfinal usai menang dengan skor kembar atas ganda Denmark.Nice work SabRez!#BadmintonIndonesia#ChinaMasters2026pic.twitter.com/ivEMnQNRiZ"
DKI Jakarta Gelar PON Pantai 2026 Bulan November,https://sport.detik.com/sport-lain/d-8647346/dki-jakarta-gelar-pon-pantai-2026-bulan-november,"Kamis, 03 Sep 2026 21:20 WIB","KONI DKI Jakartaterus mempersiapkan diri jelangPON 2028. Salah satunya dengan menjadi tuan rumahPON Pantai 2026bulan November.

Dalam rangka mewujudkan misi menjadi juara umum PON 2028, KONI DKI bersama Dinas Pemuda dan Olahraga (Dispora), DPRD, dan pengurus cabor terus berkolaborasi mematangkan persiapan.

Terdekat, kolaborasi itu akan terwujud dalam pelaksanaan Pekan Olahraga Nasional (PON) Pantai yang digelar di Ancol, Jakarta, bulan November. Ajang nasional perdana ini merupakan kolaborasi KONI Pusat, Pemprov DKI, KONI DKI Jakarta dan PT Pembangunan Jaya Ancol.

Ketua Umum KONI Provinsi DKI Jakarta,Hidayat Humaid, mengatakan PON Pantai tidak hanya menjadi ajang meningkatkan prestasi olahraga, tetapi juga diharapkan mampu menggerakkan perekonomian masyarakat, khususnya UMKM di sekitar kawasan Ancol.

Hal itu disampaikan Hidayat dalam press gathering media bertema ""Bergerak Untuk Jakarta Juara"" di Jakarta, Kamis (3/9/2026). Turut hadir Kepala Dinas Pemuda dan Olahraga (Dispora) DKI Jakarta, Andri Yansyah, Sekretaris Umum KONI DKI, Aminulah, Wakil Ketua Umum I, Fatchul Anas dan Wakil Ketua Umum V Anondo Eko, juga Bendahara Umum Hadameon Aritonang.

""PON Pantai bukan hanya soal prestasi. Kami ingin kegiatan olahraga nasional ini ikut menggerakkan ekonomi masyarakat dan UMKM di sekitar lokasi,"" ujar Guru Besar Fakultas Ilmu Keolahragaan dan Kesehatan (FIKK) Universitas Negeri Jakarta (UNJ) ini dalam keterangan kepada media.

Hidaya mengungkapkan 'Bergerak Untuk Jakarta Juara' adalah komitmen KONI DKI untuk mewujudkan harapan warga Jakarta yang merindukan menjadi Juara Umum PON 2028.

""KONI terus bergerak dan ini menjadi PR dan tantangan kita bersama untuk mewujudkan juara umum,"" sambungnya.

PON Pantai Ancol akan mempertandingkan 10 cabang olahraga dengan 11 disiplin, yakni Akuatik, Bola Basket 3x3, Bola Voli Pantai, Bola Tangan Pantai, Layar, Modern Pentathlon, Rugby Pantai, Selam Laut, Teqball, dan Triathlon.

""Kami sudah melakukan visitasi PON Pantai Ancol antara KONI Pusat, Dispora, KONI DKI bersama cabor telah dilakukan peninjauan lokasi pertandingan atau veneu,"" tegas Waketum I KONI DKI Jakarta Fatchul Anas.

Anas menjelaskan Pantai Festival menjadi lokasi Akuatik, Renang Perairan Terbuka, dan Selam Laut. Lalu, Kawasan Lagoon digunakan untuk Bola Voli Pantai dan Layar.

Adapun Beach City International Stadium (BCIS) menjadi venue Triathlon, Teqball, Bola Tangan Pantai, dan Bola Basket 3x3.

""Untuk Beach Pool untuk Rugby Pantai, Modern Pentathlon, dan Akuatik-Polo Air. Venue ini sementara sudah disepakati,"" demikian Anas."
"Marc Marquez Makin Dekat, Jorge Martin Akan Lawan!",https://sport.detik.com/moto-gp/d-8647200/marc-marquez-makin-dekat-jorge-martin-akan-lawan,"Kamis, 03 Sep 2026 19:30 WIB","Jorge Martin tak gentar melihat Marc Marquez semakin mendekat di klasemen MotoGP 2026. Pebalap Aprilia itu menegaskan tetap siap melawan sang juara bertahan.

Marc meraih kemenangan Sprint dan MotoGP Aragon. Martin hanya finis kelima sehingga keunggulannya di puncak klasemen terpangkas menjadi 19 poin. Marco Bezzecchi juga masih mengintai, tertinggal 24 poin dari Martin.

Martin mengakui Aprilia kesulitan di Aragon. Namun, ia tidak mau menjadikan absennya pada balapan tahun lalu karena cedera sebagai alasan.

""Itu bukan alasan karena ada beberapa balapan yang tidak saya ikuti tahun lalu, dan saya tetap cepat,"" kata Martin kepada MotoGP.com.

""Jadi, ya, saya memang kesulitan. Kami mencoba menjaga semuanya tetap sederhana, tidak terlalu banyak mengubah motor. Tapi pada akhirnya, hari ini saya membutuhkan bantuan.""

Martin menilai hasil naik-turun merupakan bagian dari persaingan satu musim penuh. Kini Martin mengincar kebangkitan di Misano. Ia menyukai karakter sirkuit tersebut dan yakin Aprilia bisa kembali kompetitif.

""Menurut saya, ini bagian dari kejuaraan. Ada beberapa balapan di mana kami (Aprilia) lebih baik. Ada juga beberapa balapan di mana kami lebih buruk,"" katanya.

""Misano adalah trek yang sangat saya sukai, di mana kami memiliki banyak grip, dan saya pikir dengan Aprilia serta gaya saya, kami bisa bangkit dan kembali cepat.""

Jarak 19 poin membuat Marc menjadi rival terdekat Martin. Namun, Martin justru tetap percaya diri.

""Saya pikir Marco dan Marc sama-sama merupakan kandidat juara bersama saya,"" ujarnya menganalisis persaingan dengan Bezzecchi dan Marquez.

""Saya merasa, meskipun masih dalam proses belajar, saya tetap memimpin. Jadi ini gila. Saya sangat senang. Dan saya pikir mulai sekarang saya bisa mempertahankan kepemimpinan ini. Bahkan jika Marc menyusul.""

Martin berharap pengalaman dari 14 balapan sebelumnya menjadi modal penting untuk menghadapi persaingan berikutnya. ""Saya pikir ada beberapa balapan yang sangat bagus untuk saya, dan saya berharap semua yang kami pelajari selama 14 balapan ini bisa membantu saya untuk bertarung."""
Gelar Juara MotoGP 2026 Jadi Ujian Ketahanan Marc Marquez?,https://sport.detik.com/moto-gp/d-8646970/gelar-juara-motogp-2026-jadi-ujian-ketahanan-marc-marquez,"Kamis, 03 Sep 2026 18:30 WIB","Marc MÃ¡rquez dianggap akan menjalani persaingan gelar juara dunia MotoGP 2026 selayaknya mengikuti balapan uji ketahanan. Ia pun disarankan lebih bijak mengatur kondisi fisik dan tidak selalu memaksakan diri.

Pendapat itu dilontarkan mantan rider Honda, Cal Crutchlow, yang menilai Marc masih menjadi pebalap terbaik di MotoGP. Tapi kondisi fisik juara bertahan itu membuat pendekatan terhadap sisa musim harus berbeda.

Marc masih mengalami masalah pada lengan kanannya setelah menjalani sejumlah operasi. Ia bahkan mengaku kehilangan tenaga saat balapan MotoGP Inggris di Silverstone. Situasi itu bikin Crutchlow memperkirakan Marc akan mengelola perebutan gelar seperti sebuahendurance race.

""Ini sangat sulit karena saya pikir Marc masih menjadi pebalap terbaik, tetapi saya pikir dia sedang membalap dalam kondisi cedera,"" ucapnya seperti dilansirCrash.net.

Sepanjang musim 2026, Marc Marquez memang masih beradaptasi dengan keterbatasan fisik pada lengan kanannya. Sebelum MotoGP Aragon, Marc mengungkapkan bahwa lengannya masih mengganggu. Ia berharap kondisinya membaik di Aragon karena karakter sirkuit yang memiliki lebih banyak tikungan kiri.

Situasi itu membuat Marc tidak bisa selalu mengandalkan pendekatan agresif seperti pada masa terbaiknya. Konsistensi dan kemampuan memilih momen untuk menyerang menjadi sama pentingnya dengan kecepatan.

Crutchlow pun melihat strategi tersebut bisa menjadi kunci Marc dalam perburuan gelar. Tidak harus selalu menang, tetapi sebisa mungkin tetap finis di depan rival utama dan menghindari kesalahan besar.

""Saya rasa dia belum sepenuhnya pulih dari operasi yang dijalaninya awal tahun ini, dan saya pikir dia akan menjalani kejuaraan ini lebih seperti sebuah balapan ketahanan, dan memacu ketika dia benar-benar perlu memacu. Dia akan memastikan dirinya berada di sana ketika dibutuhkan, berusaha tidak membuat kesalahan, dan membiarkan pebalap lain membuat kesalahan,"" kata Crutchlow.

""Lalu menyerang ketika dia tahu bisa menyerang. Silverstone bukan akhir pekan yang bagus, tetapi dia akan berusaha agar tidak menjalani akhir pekan yang benar-benar buruk, seperti yang mungkin dialami beberapa pebalap... Seperti Ai Ogura yang tidak berada di sini. Tetapi sangat sulit untuk memprediksi... Saya benar-benar tidak tahu ke mana arah pertarungan gelar ini,"" ujarnya."
"Hasil China Masters 2026: Leo/Daniel Kena Comeback, Keok di 16 Besar",https://sport.detik.com/raket/d-8647100/hasil-china-masters-2026-leo-daniel-kena-comeback-keok-di-16-besar,"Kamis, 03 Sep 2026 17:23 WIB","Leo Rolly Carnando/Daniel Marthinkandas di babak 16 besarChina Masters 2026. Leo/Rolly dikalahkan Takumi Nomura/Yuichi Shimogami dalam rubber game.

Babak 16 besar BWF Super 750 China Masters nomor ganda putra mempertemukan Leo/Daniel dengan Nomura/Shimogami. Duel digelar di court 1 Arena Shenzen, Kamis (3/9/2026) sore WIB.

Leo/Daniel tancap gas di awal gim pertama. Keduanya mampu menjaga keunggulan 1-2 angka dari Nomura/Shimogami dan mencapai interval dengan keunggulan 11-7.

Laju Leo/Daniel semakin tak terbendung setelah meraih 3 dan 5 angka beruntun untuk memimpin jauh 19-9. Leo/Daniel menutup gim pertama dengan keunggulan21-14.

Leo/Daniel meraih 4 angka beruntun memasuki gim kedua, tapi bisa disamakan Nomura/Shimogami 4-4. Susul-susulan poin terjadi hingga kedudukan berimbang 8-8.

Leo/Daniel mulai lepas dari tekanan dan meraih keunggulan 11-8. Nomura/Shimogami kembali bisa menyamakan kedudukan 12-12 dan 15-15.

Nomura/Shimogami memanfaatkan momentum dengan meraih poin demi poin. Pasangan Jepang ini berbalik unggul21-16dan memaksa duel lanjut rubber game.

Persaingan sengit terjadi di gim ketiga. Leo/Daniel sempat unggul 1-2 angka sebelum disamakan Nomura/Shimogami 8-8.

Nomura/Shimogami berbalik unggul dan mencapai interval dengan keunggulan 11-8. Leo/Daniel mampu mengejar 11-11 dan kemudian terjadi lagi susul-susulan angka hingga kedudukan berimbang 19-19.

Nomura/Shimogami memasuki match point dengan keunggulan 20-19. Bola pengembalian yang out dari Daniel Marthin memastikan kemenangan Nomura/Shimogami21-19."
"Kolaborasi dengan NPC, Kemenpora Genjot Pembinaan Atlet Disabilitas",https://sport.detik.com/sport-lain/d-8646915/kolaborasi-dengan-npc-kemenpora-genjot-pembinaan-atlet-disabilitas,"Kamis, 03 Sep 2026 16:15 WIB","Kementerian Pemuda dan Olahraga (Kemenpora)menegaskan komitmennya untuk terus mendukung pembinaan dan peningkatan prestasi atlet disabilitas Indonesia.

Dukungan tersebut dilakukan melalui kerja sama dan koordinasi yang berkelanjutan denganKomite Paralimpiade Nasional Indonesia (NPC Indonesia), baik dalam persiapan multi-event maupun keikutsertaan pada berbagai kejuaraan internasional.

Deputi Bidang Peningkatan Prestasi Olahraga Kemenpora, Surono, mengatakan bahwa pemerintah selalu memberikan perhatian serius terhadap atlet-atlet disabilitas sebagai bagian penting dari kekuatan olahraga nasional.

""Kemenpora selalu bangga dan memberikan dukungan terhadap atlet-atlet disabilitas Indonesia. Kami juga memiliki kerja sama yang sangat baik dengan NPC Indonesia dalam upaya meningkatkan prestasi olahraga disabilitas nasional,"" ujar Surono dalam keterangan kepada media.

Salah satu bukti keberhasilan sinergi itu pencapaian Kontingen Indonesia pada ASEAN Para Games 2025 di Thailand. Indonesia berhasil meraih 135 medali emas, 143 medali perak, dan 114 medali perunggu, sekaligus menempati peringkat kedua klasemen akhiri, melebih target awal sebanyak 82 medali emas.

""Ini merupakan prestasi yang sangat membanggakan. Target awal kita adalah 82 emas, tetapi atlet-atlet kita mampu memberikan jauh lebih dari yang ditargetkan. Ini menunjukkan bahwa pembinaan yang dilakukan secara bersama-sama antara pemerintah, NPC Indonesia, pelatih, dan seluruh ekosistem olahraga disabilitas memberikan hasil yang nyata,"" sambung Surono.

Surono menegaskan kerja sama Kemenpora dengan NPC Indonesia tidak hanya berlangsung pada level nasional, tetapi juga mencakup koordinasi di daerah dalam mendukung partisipasi Indonesia pada berbagai agenda olahraga disabilitas internasional.

""Kerja sama ini mencakup berbagai agenda, baik ASEAN Para Games, Asian Para Games, maupun agenda olahraga internasional lainnya. Termasuk di dalamnya adalah keikutsertaan atlet tunarungu dalam Deaflympics. Prinsipnya, seluruh program harus kita persiapkan secara terencana agar partisipasi Indonesia memberikan dampak maksimal terhadap prestasi nasional,"" jelasnya.

Khusus terkait pembinaan atlet tunarungu, Surono menjelaskan bahwa pemerintah perlu memastikan seluruh proses pembinaan dan keikutsertaan dalam kompetisi internasional berjalan melalui organisasi yang memiliki legitimasi sesuai dengan ketentuan federasi internasional.

""Di hadapan NPC Indonesia dan ICSD( International Committee of Sports for the Deaf) khusus untuk atlet tuna rungu hanya organisasi Perkumpulan Atlet Tunarungu Indonesia (PATRIN) yang diakui secara internasional dan karenanya hanya PATRIN yang diakui oleh Pemerintah. Karena itu, dalam konteks tata kelola pemerintahan, dukungan dan fasilitasi harus diberikan melalui organisasi yang memiliki legitimasi sesuai dengan ketentuan organisasi olahraga internasional,"" tegas Surono.

Dia menambahkan, setiap kejuaraan internasional yang diikuti atlet bukan sekadar ajang kompetisi, tetapi juga harus ditempatkan sebagai bagian dari strategi pembinaan jangka panjang.

""Setiap kejuaraan dunia yang diikuti pada prinsipnya merupakan bagian dari proses try out dan pengumpulan poin serta peringkat yang diperlukan untuk mengejar kualifikasi menuju Paralimpiade. Karena itu, keikutsertaan dalam sebuah kejuaraan harus dilihat dalam konteks yang lebih besar, yaitu bagaimana kompetisi tersebut berkontribusi terhadap target prestasi Indonesia,"" ujarnya.

Atas dasar itu, Surono menekankan bahwa penentuan kejuaraan single event yang akan diikuti atlet harus melalui konsolidasi dan perencanaan bersama antara NPC Indonesia dan Kemenpora.

Surono juga menegaskan bahwa tata kelola pembinaan olahraga disabilitas harus berjalan berdasarkan aturan dan regulasi organisasi olahraga internasional yang relevan.

""Dengan koordinasi yang baik serta kepatuhan terhadap Statuta International Paralympic Committee atau IPC dan, khusus untuk olahraga tunarungu, ketentuan atau bylaws ICSD, maka pembinaan, penganggaran, dan dukungan pemerintah dapat diarahkan secara lebih efektif, efisien, transparan, dan tepat sasaran,"" tutur Surono.

Dia memastikan pemerintah tidak hanya berbicara mengenai dukungan saat atlet mengikuti kompetisi, tetapi juga membangun ekosistem pembinaan yang berkelanjutan.

""Komitmen Kemenpora bersama NPC Indonesia sangat konsisten. Dukungan pemerintah diberikan mulai dari proses pembinaan, fasilitas latihan, pemusatan latihan, keberangkatan ke kompetisi internasional, sampai penghargaan atas prestasi atlet,"" katanya.

Salah satu bentuk dukungan tersebut adalah pembangunan dan pengembangan Paralympic Training Center Indonesia di Karanganyar, Jawa Tengah, yang menjadi fasilitas penting dalam pembinaan atlet-atlet paralimpiade Indonesia.

Kemenpora juga terus mendorong agar fasilitas tersebut terjaga kualitas dan keberlanjutannya, sehingga disebut sebagai fasilitas terbaik di Asia Tenggara.

Selain dukungan terhadap fasilitas dan pembinaan, pemerintah juga memberikan dukungan pembiayaan untuk keikutsertaan kontingen Indonesia pada ajang internasional, termasuk ASEAN Para Games 2025 dan Asian Para Games 2026.

""Kita juga memberikan dukungan pembiayaan untuk keberangkatan dan keikutsertaan atlet pada multi-event internasional. Pada ASEAN Para Games 2025, pemerintah juga memberikan bonus sebagai bentuk penghargaan atas prestasi atlet. Bonus tersebut disalurkan langsung kepada para penerima , melalui kerja sama dengan Bank Rakyat Indonesia, dan total penghargaan bagi peraih medali mencapai lebih dari Rp350 miliar,"" kata Surono."
Jalan Panjang Bilal Hasan Menuju Titel UFC,https://sport.detik.com/sport-lain/d-8646269/jalan-panjang-bilal-hasan-menuju-titel-ufc,"Kamis, 03 Sep 2026 11:50 WIB","Bilal Hasantampil mengesankan pada debutnya mentas diUFC. Untuk bisa merebut titel, fighter berdarah Indonesia itu punya jalan panjang.

Bilal mentas di UFC akhir pekan lalu. Ia melawan Nilson Rojas pada kelas terbang di UFC Shanghai, dan menang KO pada ronde kedua.

Bilal langsung digadang-gadang jadi bintang UFC berikutnya. Namun sebelum itu, ia harus bisa memenangi duel-duel berikutnya.

Kemenangan atas Rojas belum membuat Bilal masuk ranking 15 besar fighter UFC. Petarung berjuluk The IndoNinja itu menegaskan, akan ada jalan panjang untuk bisa merebut titel.

Bilal memprediksi, dirinya butuh tujuh pertarungan untuk bisa bersaing meraih sabuk juara. Ia harus melawan beberapa fighter di luar ranking lebih dulu.

""Mungkin saya ingin bertarung melawan dua atau tiga petarung di luar peringkat 15 besar, kemudian saya ingin tiga pertarungan melawan peringkat 15 besar, dengan yang keempat akan jadi perebutan gelar,"" kataBilal Hasandalam interview di chanel Youtube Jaiden Cable.

""Jadi mungkin itu, (butuh) tujuh pertarungan,"" katanya.

Saat ini sabuk kelas terbang dipegang Joshua Van. Bilal ditanya kapan kira-kira ia bisa mengejar The Fearless?

""Saya tak tahu. Dia (Van) harus mengalahkan Alexander Pantoja (ranking pertama UFC) dulu, dan Pantoja itu lawan yang tangguh. Jadi, mungkin sekitar satu setengah tahun lagi,"" kataBilal Hasanmenargetkan."
Hasil China Masters 2026: Jojo Terhenti di Babak Kedua,https://sport.detik.com/raket/d-8646249/hasil-china-masters-2026-jojo-terhenti-di-babak-kedua,"Kamis, 03 Sep 2026 10:46 WIB","Tunggal putra Indonesia, Jonatan Christie, menelan kekalahan di ajang China Masters. Pada babak kedua, Jojo dikalahkan Jason Gunawan 16-21 dan 16-21.

Di Arena Shenzhen, Shenzhen, Kamis (3/9/2026) pagi WIB, Jojo menjalani pertandingan selama 45 menit melawan Jason. Pertarungan gim pertama berjalan sengit dan imbang sampai 14-14.

Setelah itu, Jason tak terkejar. Pemain asal Hong Kong itu akhirnya menyudahi perjuangan Jojo dengan skor 21-16.

Pada gim kedua, Jojo juga menjalani pertarungan sengit melawan Jason. Skor imbang antara Jojo dan Jason bertahan sampai 13-13. Saat fase krusial, Jason kembali tampil lebih prima untuk merebut kemenangan 21-16.

Dengan hasil ini, wakil Indonesia di nomor tunggal putra China Masters pun habis. Indonesia masih mempunyai beberapa wakil di nomor ganda putra.

Sabar Karyaman Gutama/Muhammad Reza Pahlevi Isfahani, Ali Faathir Rayhan/Devin Artha Wahyudi, dan Leo Rolly Carnando/Daniel Marthin merupakan deretan pemain Indonesia yang masih berjuang."
Spesialnya Jakarta International 10K Tahun Ini,https://sport.detik.com/sportstyle/d-8645952/spesialnya-jakarta-international-10k-tahun-ini,"Kamis, 03 Sep 2026 02:50 WIB","Jakarta International 10Kakan memasuki edisi ke-15 tahun ini. Spesialnya adalah event ini digelar bersamaan dengan perayaan Hari Olahraga Nasional.

Setelah sukses rangkaian Milo Activ Indonesia Race 2026 di Yogyakarta, Medan, Bandung, dan Surabaya yang diikuti lebih dari 25.000 peserta, maka akan digelar acara puncak berupa ajang lari Jakarta International 10K, Minggu (13/9).

Diselenggarakan di Gelora Bung Karno, Jakarta, Minggu, (13/9), ajang lari ini akan diikuti sekitar 25.000 peserta yang akan berpartisipasi dalam empat kategori, yaitu 10K Open, 10K Closed, 5K, dan Family Run 2,5K. Untuk edisi kali ini akan bertepatan dengan perayaan Haornas yang jatuh pada 9 September.

Menteri Pemuda dan Olahraga Republik Indonesia Erick Thohirmengapresiasi Nestle Milo yang terus berkomitmen menggelar ajang Jakarta 10K ini. Sebab ini jadi wujud nyata perusahaan itu dalam upaya menyehatkan kehidupan bangsa lewat ekosistem olahraga.

""Mewujudkan masyarakat Indonesia yang lebih sehat dan aktif melalui olahraga memerlukan kolaborasi yang kuat dari berbagai pihak. Apresiasi kami atas komitmen Nestle Milo yang secara konsisten menghadirkan program dan kegiatan yang mendukung partisipasi masyarakat dalam olahraga, termasuk melalui Milo Activ Indonesia Race 2026 Jakarta International 10K. Inisiatif ini sejalan dengan upaya bersama untuk membudayakan olahraga di tengah masyarakat. Ke depan, kami berharap sinergi antara pemerintah, sektor swasta, komunitas, dan masyarakat dapat terus diperkuat untuk membangun ekosistem olahraga yang semakin inklusif, berkelanjutan, dan berdampak positif bagi Indonesia,"" ujar Erick dalam rilis kepadadetikSport.

Sebagai Brand yang berkomitmen mendorong gaya hidup aktif, Nestle Milo menyadari pentingnya peran olahraga dalam membantu masyarakat menjaga kesehatan sekaligus membangun nilai-nilai karakter positif dalam kehidupan.

""Setelah sukses menyelenggarakan rangkaian MILO ACTIV Indonesia Race 2026 di empat kota, kami sangat antusias membawa semangat ini ke Ibu Kota melalui MILO ACTIV Indonesia Race 2026 Jakarta International 10K. Kami berharap ajang ini dapat menginspirasi masyarakat dari berbagai usia dan latar belakang untuk terus aktif, menikmati olahraga, serta membawa semangat #EnergiTanpaBatas ke dalam kehidupan sehari-hari,"" ujar Marketing Manager Beverages & Confectionery Business Unit PT Nestle Indonesia Alaa Shaaban.

Seperti biasa Jakarta International 10K menghadirkan kategori 10K Open yang terbuka bagi pelari Indonesia maupun peserta dari berbagai negara di dunia. Kehadiran peserta internasional menegaskan komitmen dalam menghadirkan wadah olahraga yang inklusif, yang mempertemukan masyarakat melalui semangat yang sama terhadap olahraga lari dan gaya hidup aktif.

Melalui Jakarta International 10K, Nestle Milo ingin mendorong partisipasi masyarakat yang lebih luas dalam olahraga sekaligus berkontribusi dalam memperkuat posisi Jakarta sebagai salah satu destinasi yang dinamis bagi penyelenggaraan ajang olahraga internasional.

""Bagi saya, lari bukan hanya tentang jarak atau kecepatan, tetapi juga tentang konsistensi, keberanian untuk menantang diri sendiri, dan komunitas yang saling mendukung. Milo Activ Indonesia Race 2026 Jakarta International 10K menjadi kesempatan yang menarik karena mempertemukan pelari dengan berbagai latar belakang, termasuk pelari internasional. Saya berharap semakin banyak masyarakat yang terinspirasi untuk mulai berlari dan menjadikan olahraga sebagai bagian dari gaya hidup mereka,"" papar penggiat olahraga lari Shanada Jzen.

Untuk tahun ini, Kementerian Pemuda dan Olahraga (Kemenpora) dan Nestle Milo berkolaborasi mendukung Indonesia Sports Summit (ISS) 2026, sebuah wadah olahraga berskala nasional yang mempertemukan para pemangku kepentingan olahraga untuk memperkuat kolaborasi dan mendorong kemajuan ekosistem olahraga di Indonesia.

Race Pack Collection (RPC) Jakarta 10K akan diselenggarakan selama ISS 2026, yang bertujuan membangun antusiasme dan mempererat koneksi antara pelari, komunitas olahraga, serta pemangku kepentingan menjelang hari perlombaan."
Men's World Tennis Championship: Rafalentino dan Anthony ke Babak Kedua,https://sport.detik.com/raket/d-8645946/mens-world-tennis-championship-rafalentino-dan-anthony-ke-babak-kedua,"Kamis, 03 Sep 2026 01:50 WIB","Dua petenis Indonesia menyusulNathan Barkilolos ke Babak KeduaSeri IV M-15 Men's World Tennis Championship,Rafalentino Da Costa dan Anthony Susanto.

Pada pertandingan Babak Pertama di Lapangan A, Bali Beach Country Club, Nusa Dua, Rabu (2/9/2026) , Rafalentino menghadapi Shanker Heisnam asal India.

Meski sempat tertinggal jauh 1-5 di set pertama, Rafalentino tidak goyah dan malah bisa menyamakan skor 5-5, sebelum akhirnya menang dengan skor 7-5.

Keberhasilan comeback di set pertama bikin Rafalentino terpacu semangatnya dan bisa menang mudah di set kedua dengan skor 6-0 dalam waktu 1 jam 14 menit. Rafalentino mengaku kaget dengan pola permainan lawannya di set pertama.

Dia sempat tertekan dengan gaya lawannya sebelum bisa menemukan celah untuk melakukan serangan balik.

""Saya kaget melihat lawan yang agresif, sehingga tertekan dan banyak melakukan kesalahan sendiri. Namun saat mampu meredam serangan-serangan dan mulai dapat mengejar defisit poin, lalu menyamakan skor 5-5, saya makin termotivasi dan percaya diri untuk memenangi pertandingan,"" ujar Rafalentino dalam rilis kepadadetikSport.

Satu lagi petenis Indonesia yang lolos adalah Anthony Susanto usai mengalahkan Hitesh Chauhan dua set langsung 6-5 dan 6-1. Sayangnya, Anthony harus menghadapi Nathan Barki untuk berebut tiket perempatfinal, Kamis (3/9).

Petenis Indonesia yang gagal lolos adalah Gunawan Trismuwantara. Petenis jalur kualifikasi ini harus kalah dari Karan Singh yang merupakan unggulan keempat, dengan dua set langsung 3-6 dan 5-7.

Sempat kalah 3-6 di set pertama, Gunawan sebenarnya memberikan perlawan keras hingga skor imbang 5-5 di set kedua.

Namun dengan ketenangan dan juga pengalaman dari Karan yang berusia 23 tahun itu berhasil mematahkan servis dari Gunawan pada gim ke-12, untuk menutup laga dengan skor akhir 7-5."
Atlet Bukan Satu-Satunya Kunci Kemajuan Olahraga Nasional,https://sport.detik.com/g-sport/d-8645920/atlet-bukan-satu-satunya-kunci-kemajuan-olahraga-nasional,"Kamis, 03 Sep 2026 00:30 WIB","Kemajuan olahraga suatu negara bukan cuma soal kemampuan Atlet, namun banyak fakto yang mempengaruhi.

Sistem pembinaan, sport science, infrastruktur, kompetisi, tata kelola, hingga kebijakan yang berkelanjutan turut menjadi faktor penting. Persoalan tersebut akan menjadi salah satu bahasan dalam bedah buku 'Membangun Otot di Negeri Kertas' karya Sadik Algadri yang digelar di Gedung Serbaguna GBK, Jakarta, Sabtu (5/9/2026).

Forum tersebut mempertemukan sejumlah tokoh dari latar belakang berbeda, mulai dari akademisi, wartawan senior olahraga, hingga praktisi dan insan olahraga. Akademisi sekaligus filsuf Rocky Gerung bakal turut membedah isi buku tersebut.

""Olahraga Indonesia tidak cukup hanya memiliki atlet-atlet berbakat. Kita membutuhkan ekosistem olahraga yang kuat, profesional, berbasis ilmu pengetahuan, dan berkelanjutan,"" kata Sadik.

""Saya percaya, prestasi internasional tidak lahir hanya dari atlet yang hebat. Prestasi membutuhkan ekosistem yang kuat,"" sambungnya.

Melalui buku Membangun Otot di Negeri Kertas, Sadik- mantan atlet judo nasional Indonesia - mencoba membongkar berbagai persoalan yang selama ini membelenggu olahraga Indonesia.

""Saya ingin melihat atlet-atlet Indonesia berdiri sejajar dengan atlet terbaik dunia. Bukan sebagai pelengkap kompetisi. Bukan sekadar penggembira. Tetapi sebagai kekuatan yang diperhitungkan,"" tandasnya.

Rocky merasa Indonesia punya banyak masalah dalam memajukan olahraga. Dia merasa buku ini bisa menjadi rujukan dalam mengelola olahraga.

""Indonesia menumpuk regulasi, menerbitkan undang-undang, serta memproduksi jargon-jargon teknokratis yang megah-mulai dari sport science, long-term athlete development, hingga produk mutakhir berupa Desain Besar Olahraga Nasional (DBON),"" kata Rocky.

""Buku Membangun Otot di Negeri Kertas, bukan sekadar gagasan brilian, tapi juga solusi untuk meningkatkan prestasi olahraga nasional Indonesia,"" pungkasnya."
Agar MotoGP Indonesia 2026 Sukses di Dalam dan Luar Lintasan,https://sport.detik.com/moto-gp/d-8645850/agar-motogp-indonesia-2026-sukses-di-dalam-dan-luar-lintasan,"Rabu, 02 Sep 2026 22:15 WIB","MotoGP Indonesia 2026akan digelar awal Oktober. Persiapan pun sudah dilakukan sejak dini agar event bisa berjalan sukses di dalam maupun luar lintasan.

UntukMotoGP 2026, balapan digelar 9-11 Oktober di di Sirkuit Mandalika, Lombok Tengah, NTB. Mengingat Mandalika adalah seri ke-17 dari 22 balapan musim ini, maka persaingan diprediksi makin ketat di sana.

Oleh karenanya, Indonesia sebagai tuan rumah tidak boleh main-main dalam mempersiapkan banyak hal, baik di dalam maupun luar lintasan. Untuk itulah InJourney Tourism Development Center (ITDC) sebagai panitia lokal akan melakukan kolaborasi pihak swasta dan BUMN.

Panitia akan mengatur sejumlah aspek krusial, mencakup akomodasi, transportasi, konektivitas, hingga logistik. Menurut ITDC, isu akomodasi dan transportasi yang selama ini disorot publik telah diantisipasi melalui skema terintegrasi yang disusun bersama para mitra seperti bank, travel agent, dan berbagai partner strategis lainnya.

Salah satunya, ITDC bersama Mandalika Grand Prix Association (MGPA) menyiapkan paket yang menghubungkan tiket balapan dengan komponen perjalanan.

""Kalau pertanyaan kita kesulitan akomodasi, kesulitan transportasi rasanya akan terjawab dengan yang ditandatangani pada sore hari ini,"" ujar Direktur Utama ITDC Troy Warokka dalam rilis kepada detikSport.

Skema tersebut meliputi akomodasi, transportasi udara dan laut, layanan airport hospitality, serta travel package. Kerjasama nantinya mencakup penanganan kargo yang dianggap sebagai elemen penting dalam operasional gelaran.

Aktivitas cargo handling akan mulai bergerak sekitar dua minggu sebelum MotoGP Indonesia 2026 untuk memastikan kebutuhan logistik berjalan baik, terutama motor dan perlengkapan tim balap MotoGP.

Bagi Troy, MotoGP bukan sekadar olahraga tapi juga bisnis. Itulah mengapa MotoGP sangat penting mendorong pariwisata dan perekonomian dengan meningkatkan kunjungan wisatawan, memperpanjang length of stay, serta mengungkit tourism spending.

Menurut Troy, penyelenggaraan MotoGP 2025 menghasilkan dampak ekonomi sebesar Rp 4,9 triliun. Efeknya tidak hanya dirasakan di Mandalika, tetapi juga menjalar ke sejumlah daerah lain di Indonesia.

Troy berharap pola kolaborasi yang dibangun untuk MotoGP Mandalika dapat berlanjut dalam jangka panjang. Troy menilai dukungan pemerintah, BUMN, sektor swasta, dan masyarakat menjadi faktor penting agar MotoGP terus digelar di Indonesia serta memberikan dampak ekonomi yang lebih besar.

""Dengan membangun ekosistem yang terintegrasi, kami ingin memastikan dampak MotoGP Indonesia tidak berhenti di sirkuit, tetapi mampu mendorong pergerakan wisatawan, memperpanjang lama tinggal, meningkatkan belanja wisatawan, serta memberikan manfaat yang lebih luas bagi industri pariwisata dan masyarakat di Lombok,"" sambungnya.

Bagi masyarakat yang ingin menyaksikan langsung balapan di Mandalika, Presale 2 masih berlangsung hingga 16 September, dengan potongan harga hingga 20% untuk kategori Grandstand dan 10% untuk kategori VIP Hospitality. Berikut harga tiket untuk menonton MotoGP Indonesia 2026:

- Regular Grandstand (Zona E, G, H, I): Rp 320.000- Premium Grandstand Zona A: Rp 1.400.000- Premium Grandstand Zona B, C, J, K: Rp 720.000- VIP Hospitality - Deluxe Class: Rp 13.500.000- VIP Hospitality - Luxury Tent T1: Rp 6.975.000"
MotoGP 2026: Aprilia Kian Termotivasi Kalahkan Marc Marquez,https://sport.detik.com/moto-gp/d-8645527/motogp-2026-aprilia-kian-termotivasi-kalahkan-marc-marquez,"Rabu, 02 Sep 2026 18:10 WIB","Rider Ducati,Marc Marquez, mendominasi MotoGP Aragon 2026. Aprilia pun makin termotivasi bisa mengalahkan Baby Alien dalam perburuan gelar juara dunia.

Marc Marquez memenangi sprint race dan main race MotoGP Aragon pada akhir pekan lalu. Oleh sebab itu, pebalap 33 tahun itu bisa menembus posisi kedua klasemen MotoGP.

Dengan raihan 237 poin, Marc Marquez kini tinggal berjarak 19 angka dari jagoan Aprilia, Jorge Martin. Raihan angka Marc Marquez melewati Marco Bezzecchi dan kini unggul lima poin.

Bos Aprilia, Massimo Rivola, mengakui bahwa Marc Marquez masih menjadi rider terkuat di MotoGP. Oleh karena itu, Aprilia makin bersemangat mengalahkanMarc Marquezpada sisa musim ini.

""Memang benar kami telah melakukan langkah-langkah yang tepat, terutama untuk masa depan, tetapi itu saja tidak cukup: kami ada di sini dan kami harus berjuang hingga balapan terakhir melawan pesaing seperti Marquez, yang merupakan salah satu pebalap terkuat dalam sejarah. Mendapat kehormatan untuk bisa mencoba mengalahkannya adalah hal yang luar biasa dan menjadi motivasi yang sangat besar. Kami tidak akan menyerah sampai akhir,"" kata Rivola di GP One.

""Ada banyak hal yang bisa dipelajari dariMarc. Ketika dia tampak kesulitan, dia bisa menang tanpa mengambil risiko, karena dia tahu bahwa konsistensi adalah hal terpenting dari sekarang hingga akhir tahun. Dan ketika saatnya membawa pulang kemenangan, karena dia tahu dia yang terkuat, dia akan melakukannya. Kami harus belajar dari sikapnya,"" kata dia menambahkan.

MotoGP 2026 akan lanjut lagi pada 13 September 2026. Balapan MotoGP San Marino yang akan digelar."
Hasil China Masters 2026: Sabar/Reza Menang Dua Gim Langsung,https://sport.detik.com/raket/d-8645423/hasil-china-masters-2026-sabar-reza-menang-dua-gim-langsung,"Rabu, 02 Sep 2026 16:53 WIB","Sabar Karyaman Gutama/Moh Reza Pahlevi Isfahanilolos ke babak 16 besarChina Masters 2026. Mereka menyingkirkan wakil Korea, Kang Min Hyuk/Ki Dong Ju, lewat kemenangan straight game.

Sabar/Reza menghadapi Kang/Ki di Shenzhen Arena, Guangdong, Rabu (2/9/2026) sore WIB. Mereka butuh waktu 43 menit untuk menyudahi perlawanan Kang/Ki 21-18, 21-16.

Pertandingan berjalan ketat sejak awal gim pertama. Sabar/Reza hanya unggul 11-10 atas Kang/Ki saat interval.

Selepas interval, Kang/Ki berbalik unggul dan Sabar/Reza lebih banyak dalam posisi mengejar. Dalam posisi tertinggal 14-16, Sabar/Reza merebut tiga angka beruntun untuk menyalip.

Meski Kang/Ki bisa menyamakan kedudukan 18-18, Sabar/Reza lebih tenang di poin-poin krusial. Mereka merebut tiga angka beruntun untuk mengamankan gim pertama 21-18.

Sabar/Reza tampil lebih dominan pada gim kedua. Unggul 13-6, Sabar/Reza tak membiarkan Kang/Ki mengembangkan permainan.

Sabar/Reza terus menjaga keunggulan dan mengunci kemenangan dengan skor 21-16. Pada babak 16 besar, Sabar/Reza akan menghadapi wakil Denmark Daniel Lundgaard/Mads Vestegaard."
Francesco Bagnaia di Titik Terendah,https://sport.detik.com/moto-gp/d-8644946/francesco-bagnaia-di-titik-terendah,"Rabu, 02 Sep 2026 13:30 WIB","Francesco Bagnaiaakui sedang ada di titik terendah dalam kariernya. Banyak jatuh diMotoGP 2026dan sulit bersaing di papan atas.

Teranyar,Francesco Bagnaiajatuh di MotoGP Aragon 2026. Di sesi sprint race, dirinya cuma finis ke-11.

Bagnaia sudah jatuh tiga kali dalam empat balapan di sesi utama. Bagnaia sementara duduk di peringkat kedelapan klasemen MotoGP 2026 dengan 143 poin, naik podium empat kali tapi belum menangi balapan utama.

""Sulit untuk menerimanya, sekarang salah satu titik terendah dalam karier saya,"" ujar Francesco Bagnaia dilansir dariSky Italia.

""Saya bisa melihat dengan jelas dari data maupun apa yang saya rasakan, bahwa saya tidak benar-benar mengendalikan motor,"" sambungnya.

""Saya justru seperti hanya 'dibawa' oleh motor tersebut. Sebab, saat saya mencoba melakukan manuver lebih agresif, saya malah terjatuh. Bahkan saat melaju pelan pun, saya tetap saja terjatuh,"" cetusnya.

Francesco Bagnaiamasih mau berjuang untuk menutup musimMotoGP 2026dengan manis. Musim ini adalah musim terakhir dengan Ducati, musim depan pindah ke Aprilia.

""Untungnya datanya tersedia, saya juga memiliki kesadaran akan kemampuan saya sendiri. Saat saya melihat data-data dari rider Ducati lain, itu sebenarnya adalah hal-hal yang bisa saya lakukan dengan mudah beberapa tahun lalu,"" paparnya.

""Jadi jelas, kemampuan saya belum hilang. Saya hanya belum bisa tampil sesuai harapan,"" tutup Pecco.

Lihat juga Video: Crash Bagnaia-Ogura Warnai Kemenangan Fernandez di Silverstone

[Gambas:Video 20detik]"
Ini Dia 20 Pebulutangkis Indonesia di Asian Games 2026,https://sport.detik.com/raket/d-8644579/ini-dia-20-pebulutangkis-indonesia-di-asian-games-2026,"Rabu, 02 Sep 2026 10:31 WIB","Persatuan Bulutangkis Indonesia (PBSI)baru saja mengumumkan daftar 20 pemain yang dibawa keAsian Games 2026.Jonatan Christiesalah satunya.

Dari daftar 20 nama itu dibagi rata, yakni 10 pebulutangkis putra dan 10 pebulutangkis putri. Keputusan ini diambil setelah melalui evaluasi yang mendalam selama beberapa bulan.

Beberapa aspek yang dinilai adalah performa terkini, kondisi fisik, hingga kebutuhan teknis tim, sebelum nama-nama pemain dipilih.

""Penetapan skuad itu dilakukan setelah melalui proses evaluasi secara menyeluruh. Kami melihat performa, kondisi fisik dan teknis masing-masing pemain, serta kebutuhan tim untuk menentukan komposisi yang paling sesuai dengan target di Asian Games,"" ujar Kepala Bidang Pembinaan dan Prestasi PBSI, Eng Hian, dalam keterangan resminya.

Meski membawa 20 nama ke Asian Games Aichi-Nagoya 2026, ada beberapa nama yang memang tidak akan tampil di nomor perorangan. Mereka lebih difokuskan untuk menambah kedalaman skuad di nomor beregu.

Di nomor perorangan, Jonatan Christie dan Alwi Farhan akan menjadi tumpuan. Sementara di nomor beregu, Moh Zaki Ubaidillah dan Muhamad Yusuf jad tumpuan.

Hal serupa dilakukan untuk tim putri, baik di sektor perorangan maupun beregu. Asian Games 2026 berlangsung 19 September hingga 4 Oktober, di mana cabor bulutangkis dimulai sehari setelah upacara pembukaan.

Nomor beregu lebih dulu dipertandingkan mulai 20 hingga 24 September, sebelum nomor perorangan dari 25 hingga 29 September. Cabor bulutangkis digelar di Ichinomiya City Municipal Gymnasium.

""Jadi, fokus utama kami adalah nomor beregu terlebih dahulu. Kami ingin seluruh pemain bisa tampil maksimal dan memberikan kontribusi terbaik untuk tim putra maupun putri,"" sambung Eng Hian.

Daftar Pebulutangkis putra

Jonatan ChristieAlwi FarhanMoh Zaki UbaidillahMuhamad YusufFajar AlfianMuhammad Shohibul FikriLeo Rolly CarnandoDaniel MarthinNikolaus JoaquinAmri Syahnawi

Daftar Pebulutangkis putri

Putri Kusuma WardaniThalita Ramadhani WiryawanNi Kadek Dhinda Amartya PratiwiMutiara Ayu PuspitasariRachel Allessya RoseFebi SetianingrumFebriana Dwipuji KusumaMeilysa Trias PuspitasariSiti Fadia Silva RamadhantiNita Violina Marwah"
Ketum KONI Pusat Sambut Positif Kejuaraan Pacu Kuda di Aceh,https://sport.detik.com/sport-lain/d-8644322/ketum-koni-pusat-sambut-positif-kejuaraan-pacu-kuda-di-aceh,"Rabu, 02 Sep 2026 02:44 WIB","Ketua Umum Komite Olahraga Nasional Indonesia (KONI)Pusat Letjen TNI Purn Marciano Norman menyaksikan pertandingan Pacuan Kuda di Lapangan Haji Muhammad Hasan Gayo Blang Bebangka, Aceh Tengah.

Kejuaraan Pacuan Kuda HUT RI ke-81 diselenggarakan oleh Konfederasi Nasional Persatuan Olahraga Berkuda Seluruh Indonesia (KN Pordasi). Kegiatan ini berkolaborasi dengan Pengurus Pusat FN Pordasi Pacu dan juga Pengurus Provinsi FN Pordasi Pacu Aceh.

Para atlet bertanding sejak tanggal 24 hingga 30 Agustus 2026. Partisipan kejuaraan dari Kabupaten Aceh Tengah, Kabupaten Bener Meriah dan Kabupaten Gayo Lues.

""Ini merupakan satu prestasi yang bagus setelah Pekan Olahraga Nasional (PON) XXI 2024, ada kejuaraan di sini. Mari kita rawat bersama, kita lahirkan atlet-atlet olahraga berkuda dari Aceh, supaya kelak bisa mewakili Indonesia pada event-event internasional yang lebih besar lagi,"" kata Marciano.

Marciano menilai kejuaraan Pacu Kuda kali ini membawa beragam dampak positif, baik pembinaan atlet berkuda Pacu, pemanfaatan fasilitas venue warisan PON, perekonomian masyarakat dan juga hiburan masyarakat atauTrauma Healingatas kondisi bencana yang telah dihadapi.

""Pertama, ajang ini melanjutkan tradisi Pacu Kuda yang begitu melekat dengan budaya masyarakat Aceh, sekaligus menjadi sarana pembinaan berkesinambungan bagi atlet-atlet berkuda pacu dalam menyongsong Pekan Olahraga Nasional (PON) XXII/2028 di Sumba, Nusa Tenggara Timur,"" ujar Marciano.

Selain sebagai wadah pembinaan, Marciano juga menyoroti pemanfaatan sarana dan prasarana pasca-PON. Lapangan H.M. Hasan Gayo Belang Bebangka yang sebelumnya digunakan pada PON XXI/2024 Aceh-Sumut, dinilainya sebagai salah satu arena Pacu Kuda terbaik di Indonesia dengan animo masyarakat yang sangat luar biasa. Hal ini membuktikan bahwa venue peninggalan PON memberikan manfaat berkelanjutan bagi daerah.

""Kehadiran saya mewakili keluarga besar KONI Pusat-yang menaungi 38 KONI Provinsi, 514 KONI Kabupaten/Kota, 82 Induk Cabang Olahraga, serta organisasi fungsional-merupakan bukti bahwa kami selalu hadir dan bergandengan tangan untuk bangkit bersama masyarakat Aceh dalam mewujudkan Indonesia yang berdaulat, adil, dan makmur sebagaimana tema HUT ke-81 RI,"" tegasnya.

Marciano menyampaikan rasa bangga dan penghormatan setinggi-tingginya kepada pemerintah daerah serta seluruh masyarakat Aceh, khususnya Kabupaten Aceh Tengah. Ia mengajak seluruh pemangku kepentingan untuk terus memajukan olahraga nasional.

""Mari kita bekerja keras untuk olahraga Indonesia, karena bicara olahraga adalah bicara Merah Putih. Jangan pernah lelah berkarya untuk Indonesia,"" tutup Marciano."
Pordasi Akan Optimalkan Lapangan H.M. Hasan Gayo untuk Olahraga Berkuda,https://sport.detik.com/sport-lain/d-8644288/pordasi-akan-optimalkan-lapangan-h-m-hasan-gayo-untuk-olahraga-berkuda,"Selasa, 01 Sep 2026 23:45 WIB","Konfederasi Nasional Persatuan Olahraga Berkuda Seluruh Indonesia (KN Pordasi) mendapat dukungan dari Pemerintah Kabupaten Aceh Tengah. Pordasi diberikan kesempatan memanfaatkan Lapangan Pacu Kuda H.M. Hasan Gayo sebagai salah satu pusat kegiatan olahraga berkuda, khususnya Pacu yang telah membudaya dan juga Berkuda Memanah (IHAAF/Indonesian Horseback Archery Federation) yang potensinya besar.

Dukungan tersebut disampaikan Bupati Aceh Tengah Drs. Haili Yoga ketika menjamu Ketua Presidium Konfederasi Nasional Pordasi Triwatty Marciano, Ketum KONI Pusat Letjen TNI Purn Marciano Norman, Ketum KONI Aceh Pon Yaya, Waketum II PP FN Pordasi Pacu Andi Fauzan dan beberapa tokoh olahraga di Aceh. Jamuan makan malam digelar di pendopo Bupati Aceh Tengah pada malam tanggal 29 Agustus 2026.

Pada jamuan makan malam tersebut, membahas pengembangan dan pemanfaatan Lapangan Pacuan Kuda H.M. Hasan Gayo. Pengembangan Lapangan Pacu Kuda H.M. Hasan Gayo yang merupakan venue warisan Pekan Olahraga Nasional (PON) XXI/2024 Aceh-Sumut, dapat mendorong pengembangan Sport Industry dan Sports Tourism di daerah tersebut sehingga memberikan dampak positif terhadap perekonomian masyarakat.

""Dengan adanya pertandingan olahraga berkuda secara rutin di Lapangan Pacuan Kuda H.M. Hasan Gayo, kami berharap tumbuh Sport Industry dan Sports Tourism yang dapat menggerakkan perekonomian serta meningkatkan kesejahteraan masyarakat Kabupaten Aceh Tengah,"" kata Ketua Presidium Konfederasi Nasional Pordasi, Triwatty.

Menurutnya, manfaat tersebut terutama dapat dirasakan oleh para peternak kuda dan pelaku UMKM yang berada di sekitar kawasan kegiatan olahraga. Tentunya potensi besar Lapangan H.M. Hasan Gayo dapat dikembangkan tidak hanya sebagai venue pacuan kuda, tetapi juga sebagai lapangan berkuda memanah berstandar internasional.

""Secara teknis, fasilitas venue H.M. Hasan Gayo yang telah berstandar nasional dapat dikembangkan sebagai lapangan berkuda memanah berstandar internasional. Dengan demikian, penggunaannya akan semakin produktif dan manfaatnya semakin luas,"" kata Triwatty.

Pengembangan tersebut diharapkan dapat memperkuat ekosistem olahraga berkuda di Aceh Tengah, baik untuk Pacu Kuda maupun berkuda memanah yang erat kaitannya dengan olahraga Sunnah dalam Islam. Selain menjadi tempat penyelenggaraan pertandingan, keberadaan venue yang aktif juga diharapkan dapat mendukung pembinaan atlet, komunitas olahraga berkuda, peternak kuda, serta berbagai sektor ekonomi masyarakat."
Mangkuluhur Cup: Ketika Golf Bukan Lagi Sekadar Olahraga,https://sport.detik.com/sportstyle/d-8644207/mangkuluhur-cup-ketika-golf-bukan-lagi-sekadar-olahraga,"Selasa, 01 Sep 2026 23:15 WIB","Golfmemang jadi salah satu olahraga papan atas dunia. Tapi bukan sekadar adu kemampuan, golf bisa merambah ke banyak sektor termasuk bisnis.

Bagi sebagian orang golf memang bukan cuma mencari keringat dan prestasi, tapi juga sarana strategis untuk membangun jaringan bisnis, melatih mental, dan menjaga kesehatan.

Itulah mengapa banyak turnamen golf digelar di Indonesia tidak cuma untuk atlet, tapi juga para para pemain amatir dan penikmat. Salah satunya yang baru dilakukan oleh Inventra, platform trading forex dan CFD berlisensi Bappebti (Badan Pengawas Perdagangan Berjangka Komoditi).

Untuk memperkuat engagement di luar jaringan, Inventra menjadi sponsorMangkuluhur Cup 2026, turnamen golf yang diikuti oleh 400 peserta dari berbagai wilayah Indonesia di New Kuta Golf, Bali, 21-22 Agustus lalu.

Pesertanya sebagian besar adalah para pebisnis, sehingga menjadikan turnamen ini sekaligus salah satu turnamen golf komunitas dengan jumlah peserta terbesar yang digelar di New Kuta Golf sepanjang 2026.

Golf dipilih bukan tanpa alasan. Sebagai olahraga yang identik dengan kalangan pebisnis dan profesional, golf menjadi titik temu alami antara komunitas olahraga dan komunitas bisnis - ruang yang relevan bagi Invetra untuk memperkenalkan diri kepada calon trader dan mitra baru di luar kanal digitalnya.

Selama dua hari turnamen, Invetra hadir bukan sekadar lewat logo di banner. Perusahaan membuka booth interaktif untuk memperkenalkan dan mengedukasi peserta seputar aplikasi trading Invetra, dilengkapi merchandise eksklusif bagi pengunjung booth.

Sebagai nilai tambah bagi peserta yang tertarik memulai perjalanan trading-nya, Invetra turut menghadirkan promo pendaftaran senilai 500 dolar AS khusus untuk peserta turnamen - menjadikan partisipasi di Mangkuluhur Cup sebagai pintu masuk langsung bagi calon trader baru untuk mengenal platform Invetra.

""Melalui Tournament Golf Mangkuluhur Cup 2026, kami melihat kesempatan untuk memperkenalkan Invetra kepada lebih banyak kalangan, termasuk para profesional yang hadir dari berbagai latar belakang. Bagi kami, ajang seperti ini menjadi cara yang efektif untuk membangun koneksi secara langsung dengan calon trader dan mitra bisnis, sekaligus melengkapi kehadiran kami di kanal digital,"" ujar Jufri Ramadhan Sinurat selaku Direktur PT Invetra Teknologi Berjangka dalam rilis kepada detikSport.

Darma Mangkuluhur Hutomo selaku Komisaris Utama PT Intra GolfLink Resorts turut mengapresiasi keterlibatan Invetra sebagai sponsor utama tahun ini.

""Kehadiran Invetra sebagai sponsor utama memberikan dimensi baru bagi turnamen, khususnya dalam mempertemukan komunitas olahraga dengan komunitas profesional dan bisnis. Partisipasi sekitar 400 peserta pada tahun ini menunjukkan besarnya antusiasme masyarakat, dan kami berharap kolaborasi seperti ini dapat terus memberikan nilai positif bagi perkembangan komunitas dan industri di Indonesia,"" kata Darma.

Ke depannya event serupa Mangkuluhur Cup berpotensi digelar lagi karena tidak cuma jadi ajang untuk adu kemahiran bermain golf, tapi juga membangun relasi bisnis."
Men's World Tennis Championship: Nathan Barki Lolos ke Babak Kedua,https://sport.detik.com/raket/d-8644222/mens-world-tennis-championship-nathan-barki-lolos-ke-babak-kedua,"Selasa, 01 Sep 2026 22:16 WIB","Babak utamaSeri IV M-15 Men's World Tennis Championship 2026sudah bergulir. Petenis tuan rumahNathan Barkilolos ke Babak Kedua.

Pada laga perdana di Lapangan D, Bali Beach Country Club, Nusa Dua, Selasa (1/9/2026), Nathan secara mengejutkan mengalahkan lawannya yang merupakan unggulan kedelapan asal Spanyol, Pablo Perez Ramos, lewat pertarungan tiga set selama 2 jam 14 menit.

Mengawali laga dengan mantap, Nathan menang 6-2 di set pertama. Namun, Ramos yang berperingkat 984 ATP ini berhasil bangkit dari keterpurukannya untuk merebut set kedua dengan kemenangan 6-2.

Sempat tertinggal 2-4 di set ketiga, Nathan tidak patah arang dan malah berhasil membalikkan keadaan. Ramos kesulitan untuk menghadapi tekanan Nathan sebelum akhirnya kalah 4-6.

""Pertandingan pertama memang selalu tidak mudah. Meski unggul di set pertama, lawan ternyata mampu merespon dengan baik di set kedua, bahkan saya sempat tertinggal di set ketiga. Tapi, persiapan matang yang saya lakukan sebelum turnamen jadi kunci kemenangan,"" ujar Nathan dalam rilis kepadadetikSport.

Di sektor ganda putra, Rafalentino Ali Da Costa/Ethan David Zapp menembus perempatfinal usai mengandaskan perlawanan Raghav Jaisinghani/Udit Kamboj dengan rubber set.

Takluk 5-7 di set pertama, ganda muda tuan rumah itu berhasil dengan kemenangan 6-3 di set kedua. Laga harus dilanjutkan ke set ketiga yang menggunakan format super tiebreak,

Dengan motivasi tinggi dan bermain lepas, Rafalentino/Ethan sukses menutup set ketiga ini dengan skor meyakinkan 10-4.

Sayang langkah keduanya gagal diikuti rekannya Anthony Susanto yang berpasangan dengan Ren Nakamura. Mereka kalah rubber set dari Nan Hsun Lin/Kai-i Wang.

Keunggulan 7-6 tiebreak 3 di set pertama, gagal dipertahankan oleh Anthony/Ren karena ganda Taiwan itu sukses merebut dua set berikutnya dengan kemenangan 6-4 dan super tiebreak 10-5 dalam durasi 1 jam 37 menit di lapangan F."
"'Kampiun MotoGP 2026 Bukan yang Paling Banyak Menang, tapi Paling Tenang'",https://sport.detik.com/moto-gp/d-8643938/kampiun-motogp-2026-bukan-yang-paling-banyak-menang-tapi-paling-tenang,"Selasa, 01 Sep 2026 20:30 WIB","Persaingan perebutan gelar juara dunia MotoGP 2026 berlangsung ketat. Menurut General Manager Ducati Corse Gigi Dall'Igna, gelar juara pada akhirnya akan ditentukan oleh pebalap yang paling mampu menjaga ketenangan dan konsistensi hingga akhir musim.

Dall'Igna menganalisis persaingan MotoGP 2026 dalam wawancara denganSky Italia. Menurutnya, kondisi mental dan kemampuan menghindari kesalahan akan menjadi faktor penting dalam menentukan juara dunia.

""Menurut saya, Kejuaraan Dunia akan dimenangkan oleh siapa yang lebih tenang antara sekarang hingga akhir musim, karena saya pikir penting untuk mengumpulkan poin dan menghindari kesalahan,"" kata Dall'Igna seperti dilansirMotosan.

Persaingan musim ini memang berlangsung sengit di antara para pebalap terdepan dari Ducati dan Aprilia. Dalam kondisi seperti itu, Dall'Igna menilai konsistensi lebih penting daripada sekadar mengoleksi kemenangan sebanyak-banyaknya dalam sembilan seri tersisa.

""Sejarah beberapa tahun terakhir menunjukkan bahwa tidak penting untuk mungkin memenangi 11 balapan, tetapi Anda harus menang sedikit lebih sedikit. Anda harus lebih konsisten dan stabil, dan yang terpenting, mampu membuat lebih sedikit kesalahan,"" ujarnya.

Bagi Dall'Igna, pebalap yang mampu menjaga perolehan poin sekaligus meminimalkan kesalahan akan memiliki peluang terbesar menjadi juara. Artinya, hasil finis secara konsisten dapat menjadi lebih berharga daripada terlalu memaksakan diri demi kemenangan.

Dengan persaingan yang masih terbuka, setiap kesalahan bisa menjadi pembeda dalam perburuan gelar MotoGP 2026. Karena itu, kemampuan menjaga kepala tetap dingin hingga seri terakhir diyakini Dall'Igna bakal menjadi kunci utama."
"MotoGP Aragon Selesai, Ini Nama Pemenang Bold Riders Podium Picks",https://sport.detik.com/moto-gp/d-8644045/motogp-aragon-selesai-ini-nama-pemenang-bold-riders-podium-picks,"Selasa, 01 Sep 2026 19:18 WIB","Marc Marquez kembali menjadi yang tercepat di MotoGP Aragon 2026. Rider berjuluk The Baby Alien itu berhasil memenangi balapan di MotorLand Aragon, Minggu (30/8).

Kemenangan tersebut membuat Marc mencatat hat-trick di Aragon. Ia kembali berdiri di podium teratas setelah sebelumnya juga memenangi dua edisi terakhir balapan di sirkuit yang sama.

Balapan sempat menyajikan perubahan posisi di barisan depan. Marco Bezzecchi yang mengawali race dengan baik sempat memimpin, sebelum Marc mengambil alih posisi pertama pada lap keenam.

Pedro Acosta kemudian menjadi rider yang paling dekat dengan Marc. Namun hingga finis, Acosta harus puas di posisi kedua, sementara Bezzecchi melengkapi podium di urutan ketiga.

Sementara itu, Alex Marquez dari Gresini Racing harus berjuang setelah kehilangan beberapa posisi di awal balapan. Ia kemudian mampu memperbaiki posisinya dan menyelesaikan race di urutan keempat.

Bagi Alex, hasil tersebut tetap berarti. Ia mengantongi 13 poin dari balapan utama dan total membawa pulang 22 poin dari akhir pekan Aragon setelah sebelumnya finis kedua di Sprint Race.

Alex mengakui ada kesalahan di awal race yang membuatnya kehilangan waktu. Meski gagal naik podium, tambahan poin tersebut tetap penting untuk menjaga persaingannya di musim 2026.

Tebakan Podium Terjawab

Keseruan di Aragon tidak hanya terjadi di lintasan. Para penggemar MotoGP sebelumnya juga ikut menguji insting mereka lewat Bold Riders Podium Picks.

Dalam kompetisi ini, peserta menebak tiga rider yang akan finis di posisi pertama, kedua, dan ketiga. Setelah race selesai dan seluruh prediksi diperiksa, dua detikers berhasil mengumpulkan poin tertinggi.

Mereka adalah:

Keduanya berhak mendapatkan voucher masing-masing senilai Rp250 ribu. Selamat untuk Nung Jannah dan Khoirul Anam yang berhasil membaca peluang podium di Aragon.

Buat detikers yang belum berhasil, masih ada seri MotoGP berikutnya untuk kembali menguji insting. Siapa tahu, tebakan berikutnya justru membawa pulang hadiah.

Buat lo yang belum gabung, sekarang waktunya follow Bold Riders, official sponsor Gresini Racing Moto GP team sekaligus wadah komunitas motor multi-genre terbesar di Indonesia.

Di sini lo bisa ketemu sesama pecinta motor, riding bareng, sampai ikut berbagai aktivitas seru. Jangan lupa follow Instagram @boldriders supaya nggak ketinggalan update MotoGP, konten otomotif, dan info event motor lainnya.

Bold Riders, Spirit of Brotherhood!"
Moto3: Veda Ega Sudah Empat Kali Gagal Raih Poin,https://sport.detik.com/moto-gp/d-8643813/moto3-veda-ega-sudah-empat-kali-gagal-raih-poin,"Selasa, 01 Sep 2026 18:50 WIB","Rider Honda Team Asia,Veda Ega Pratama, menjalani akhir pekan yang buruk diMoto3 Aragon. Pebalap asal Gunungkidul itu sudah gagal meraih poin empat kali di Moto3.

Di Sirkuit Aragon pada akhir pekan lalu, Veda Ega finis ke-20. Dia sudah kesulitan sejak hari Jumat.

Veda Ega harus memulai balapan dari posisi ke-22. Dia pun kesulitan untuk menembus barisan depan.

Dengan hasil ini, Veda Ega gagal meraih poin. Raihan angka Rocket Boy masih tertahan 97 poin. Dia tinggal berjarak tujuh poin dari Hakim Danish di posisi kedelapan.

Selain di Aragon,Veda Egajuga gagal meraih poin dalam tiga seri lainnya. Dia gagal finis di Moto3 Amerika Serikat, finis ke-16 di Moto3 Hungaria, dan gagal finis di Moto3 Belanda.

""Bukan hasil balapan yang saya inginkan di minggu ini. Memang sepanjang minggu ini saya merasa kesulitan dari sesi di hari Jumat, Sabtu, dan race,"" kata Veda Ega selepas balapan.

""Jalannya balapan saya mencoba untuk start bagus dan mencoba untuk secepatnya ke depan. Tapi saat saya mencoba ke depan, dengan rider lain sempat ada senggolan sedikit sampai akhirnya melakukan kesalahan.""

""Dalam balapan saya mencoba untuk push, push, push untuk mengejar grup di depan. Ya sulit, kesulitan dengan sirkuit Aragon dengan grip yang menurut saya cukup licin. Minggu yang harus saya lupakan, dan ya saya ambil pelajarannya. Saya dan tim akan mencari tahu di mana titik poin yang saya bisa improve lagi. Pada seri di Misano saya akan mencoba lebih baik lagi,"" kataVeda Egamenambahkan."
Marc Marquez Beri Pukulan untuk Rider-rider Aprilia!,https://sport.detik.com/moto-gp/d-8643612/marc-marquez-beri-pukulan-untuk-rider-rider-aprilia,"Selasa, 01 Sep 2026 17:30 WIB","Rider Ducati,Marc Marquez, memetik kemenangan ganda diMotoGP Aragon 2026. Baby Alien pun memberi pukulan telak untuk pebalap-pebalap Aprilia.

Di Sirkuit Aragon pada akhir pekan lalu, Marc Marquez mampu menjadi juara saat sprint race dan main race MotoGP Aragon 2026. Dengan tambahan poin penuh pada seri ke-13 MotoGP 2026, pebalap asal Spanyol itu memperbaiki posisi di klasemen.

Saat ini, Marc Marquez ada di posisi kedua klasemen MotoGP 2026 dengan raihan 237 poin. Dia cuma berjarak 19 poin dari Jorge Martin, pebalap Aprilia pemuncak klasemen MotoGP 2026.

Pengamat MotoGP, Carlo Pernat, menilai bahwaMarc Marquezmenobatkan diri sebagai raja di Sachsenring dan Aragon. Di Aragon, Marc Marquez baru saja mencatatkan hat-trick.

""Marc Marquez, raja Sachsenring dan raja Aragon. Sempat ada sejumlah keraguan, karena Aprilia jelas telah berkembang pesat. Motor tersebut kini bisa kita sebut sebagai motor juara, dengan para pebalap tangguh, khususnya Martin dan Bezzecchi, yang berada di papan atas klasemen dan itu bukanlah sebuah kebetulan,"" kata Pernat seperti dikabarkan oleh GP One.

""Namun, Marc melakukan apa yang ia mau. Dia benar-benar menghajar mereka,"" kata dia menambahkan.

MotoGP 2026 akan lanjut lagi pada 13 September 2026. MotoGP San Marino di Misano yang akan menjadi sajiannya.Marc Marquezbisa menang lagi di Misano?"
"China Masters 2026: Singkirkan Unggulan 1, Leo/Daniel ke 16 Besar",https://sport.detik.com/raket/d-8643860/china-masters-2026-singkirkan-unggulan-1-leo-daniel-ke-16-besar,"Selasa, 01 Sep 2026 17:25 WIB","Leo Rolly Carnando/Daniel Marthinmelaju ke babak keduaChina Masters 2026. Leo/Daniel mengalahkan unggulan pertama Kim Won Ho/Seo Seung Jae 21-19, 21-19.

Leo Rolly Carnando/Daniel Marthin melawan unggulan pertama Kim Won Ho/Seo Seung Jae (Korea Selatan) pada babak pertama China Masters 2026. Laga ini berlangsung di Court 1, Shenzhen Arena, Selasa (1/9/2026).

Leo/Daniel tertinggal di awal gim pertama 1-5. Mereka bisa bangkit mengejar untuk hanya tertinggal satu poin saat skor 5-6.

Kedua ganda ini kemudian saling pertukar poin. Kim/Seo unggul 11-9 saat interval gim pertama.

Leo/Daniel bisa menyetarakan angka selepas interval saat skor 12-12. Kejar mengejar poin terjadi hingga 16-16.

Kim/Seo mendapatkan momentum untuk menjauh usai mendapatkan dua angka. Kim/Seo diambang menutup gim pertama usai unggul 19-16.

Namun, Leo/Daniel tampil menawan di poin-poin krusial. Mereka mendulang lima angka beruntun untuk membalikkan situasi. Leo/Daniel mengamankan gim pertama usai menang 21-19.

Laga berjalan sengit di awal gim kedua. Kejar mengejar poin terjadi hingga 7-7. Skor masih ketat sampai 10-10.

Leo/Daniel mendapatkan satu angka untuk memimpin 11-10 saat interval gim kedua.

Selepas interval situasi sempat berbalik dengan Leo/Daniel tertinggal 12-15. Mereka bisa mengejar hingga skor kembali sama kuat saat 15-15.

Skor sama kuat hingga 17-17. Leo/Daniel kembali menunjukkan mental yang sangat baik di poin krusial.Leo/Daniel bisa memenangi lagi usai mengamankan gim kedua 21-19.

Leo/Daniel melaju ke babak kedua (16 besar). Leo/Daniel mengikuti jejak dari Ali Faathir Rayhan/Devin Artha Wahyudi.

Ali Faathir Rayhan/Devin Artha Wahyudi mengalahkan unggulan kelima dari Malaysia, Goh Sze Fei/Nur Izzuddin. Fathir/Devin ke babak kedua usai Goh/Izzudin retired. Mereka mundur setelah kalah 16-21 di gim pertama."
Bagnaia Kena Mental? Bos Ducati: Ada Masalah Fokus,https://sport.detik.com/moto-gp/d-8643496/bagnaia-kena-mental-bos-ducati-ada-masalah-fokus,"Selasa, 01 Sep 2026 16:30 WIB","Manajer Tim Ducati Davide Tardozzi melontarkan kritik tajam terhadap Francesco Bagnaia setelah MotoGP Aragon. Menurutnya, masalah Bagnaia saat ini bukan soal kecepatan, melainkan aspek psikologis, secara khusus kepercayaan diri dan fokus mental.

Bagnaia kembali menjalani akhir pekan yang sulit di Aragon. Pebalap Italia itu gagal menunjukkan performa yang diharapkan Ducati dan akhirnya terjatuh dalam balapan.

Ducati sebelumnya berharap Bagnaia setidaknya mampu finis di lima besar di MotorLand Aragon. Namun, ekspektasi tersebut tidak terpenuhi. Tardozzi menyebut tim sempat mencoba perubahan saat sesi pemanasan, tetapi hasilnya tidak sesuai harapan.

""Kami berharap Bagnaia setidaknya bisa berada di lima besar di sini, tetapi kenyataannya tidak demikian. Kami mencoba sesuatu saat pemanasan yang tidak berhasil. Dia tidak memiliki kepercayaan diri, dia tidak memacu motornya, dan kami belum menemukan cara untuk mengatasi masalah ini,"" kata Tardozzi kepada TNT Sports.

Tardozzi kemudian menilai persoalan Bagnaia sudah menyentuh aspek psikologis. Menurutnya, kemampuan Bagnaia untuk melaju cepat tidak perlu diragukan, tetapi pendekatannya dalam menghadapi situasi sulit justru membatasi performanya.

""Saya pikir ini adalah masalah psikologis. Pendekatannya terkadang membatasi performanya. Kami tidak meragukan bahwa dia cepat, tetapi sekarang dia harus melewati batas tipis antara percaya diri dan menutup mata terhadap tantangan,"" ujarnya.

Pernyataan Tardozzi tersebut menjadi sorotan mengingat Bagnaia akan meninggalkan Ducati pada akhir musim. Mulai 2027, dia akan memperkuat Aprilia Racing, sementara Ducati telah memastikan Pedro Acosta sebagai rekan setim Marc Marquez untuk musim 2027 dan 2028."
"Abdul Kadir Karding Jadi Ketum Perbasasi, Singgung Pembinaan dan Prestasi",https://sport.detik.com/sport-lain/d-8643405/abdul-kadir-karding-jadi-ketum-perbasasi-singgung-pembinaan-dan-prestasi,"Selasa, 01 Sep 2026 14:30 WIB","Abdul Kadir Kardingjadi KetumPerserikatan Baseball Softball Seluruh Indonesia (PB Perbasasi)periode 2026-2030. Dirinya singgung soal pembinaan dan prestasi.

Abdul Kadir Kardingterpilih secara aklamasi sebagai Ketua Umum Pengurus Besar Perserikatan Baseball Softball Seluruh Indonesia (PB Perbasasi). Usai terpilih, Karding menegaskan langkah awal kepengurusannya akan difokuskan pada konsolidasi organisasi sebagai fondasi untuk membangun ekosistem baseball dan softball Indonesia yang lebih kuat.

""Kalau kita tidak solid, kita tidak bisa apa-apa. Jadi kita harus solid dulu, kuat dulu. Setelah itu baru kita bisa membangun target-target prestasi,"" ujar Karding dalam sambutannya di Tangerang, Senin, (31/8).

Karding mengusung agenda modernisasi dan kolaborasi untuk memperkuat tata kelola organisasi. Salah satu langkah yang akan didorong adalah pembangunan basis data yang lebih baik bagi pembinaan baseball dan softball di Indonesia.Selain itu, Perbasasi juga akan memperkuat sistem pembinaan atlet secara berjenjang.

""Pembinaan yang berjenjang menjadi penting. Tetapi yang tidak kalah penting adalah bagaimana masyarakat dibuat mencintai baseball dan softball,"" katanya.

Untuk meningkatkan popularitas olahraga tersebut, Karding mendorong pembentukan klub-klub baseball dan softball melalui kerja sama dengan berbagai pihak, termasuk pemerintah daerah dan sektor swasta.

Ia menilai jaringan yang dimiliki para pengurus dan pemangku kepentingan dapat dimanfaatkan untuk memperluas basis pembinaan dan meningkatkan partisipasi masyarakat.

Selain itu, Karding menargetkan Perbasasi mampu meningkatkan prestasi Indonesia di berbagai kompetisi. Ia menyebut keinginan untuk membawa baseball dan softball Indonesia masuk jajaran 10 besar pada sejumlah level kompetisi. Tentu, harus dibangun melalui fondasi organisasi yang kuat.

""Target kita tentu prestasi. Bisa SEA Games, Asian Games, bahkan Olimpiade. Tetapi dana, jaringan, organisasi, dan model pembinaan harus menjadi satu ekosistem baseball dan softball yang baik,"" ujarnya.

Karding mengakui persoalan pendanaan menjadi salah satu tantangan utama dalam pengelolaan organisasi olahraga. Karena itu, Perbasasi akan mencari berbagai alternatif pendanaan dan memperkuat kolaborasi dengan berbagai pihak agar program pembinaan dan pengembangan organisasi dapat berjalan secara berkelanjutan.

Ia juga membuka ruang keterlibatan yang lebih luas bagi berbagai unsur dalam struktur organisasi Perbasasi. Menurutnya, membangun organisasi tidak dapat dilakukan seorang diri tetapi membutuhkan kerja bersama seluruh pengurus, pengurus daerah, komunitas, atlet, serta pemangku kepentingan lainnya.

""Kita rekonsiliasikan dan kita bangun bersama. Target kita adalah menciptakan ekosistem baseball dan softball yang baik, organisasi yang kuat, serta prestasi Indonesia di tingkat dunia,"" kata Karding.

""Saya tidak bisa bekerja sendiri. Saya berharap semua yang ada di sini bisa terlibat. Kita ingin punya ekosistem baseball dan softball yang bagus, Perbasasi yang kuat, dan prestasi Indonesia di tingkat dunia,"" pungkasnya.

Lihat juga Video: Apa Itu Badan Karantina Indonesia yang Kini Dipimpin Kadir Karding

[Gambas:Video 20detik]"
Bukan Pukulan Hoki yang Runtuhkan Umar Nurmagomedov,https://sport.detik.com/sport-lain/d-8643113/bukan-pukulan-hoki-yang-runtuhkan-umar-nurmagomedov,"Selasa, 01 Sep 2026 12:30 WIB","Umar Nurmagomedovtelan kekalahan dariSong Yadongdi lanjutanUFC.Shovel uppercut langsung bikin Umar KO dan tak sadarkan diri. Bukan pukulan hoki!

UFC Fight Night: Nurmagomedov vs Song dalam UFC Shanghai digelar di Oriental Sports Center, Sabtu (29/8). Duel utama di kelas bantam UFC, Umar Nurmagomedov di ranking ketiga kontra Song Yadong di ranking keenam.

Song Yadong menang KO pada ronde kedua. Shovel uppercut yang dilepaskannya masuk, bikin Umar langsung tersungkur dan tak sadarkan diri, ditambah dua pukulan hammer fist.

Dirangkum dari berbagai sumber, pukulan shovel uppercut tidak seperti pukulan uppercut dalam tinju. Teknik ini dilakukan petarung MMA atau Muay Thai.

Pukulan ini dilayangkan dari bawah ke atas dengan lintasan diagonal sekitar 45 derajat, menyerupai gerakan seseorang yang sedang mencangkul atau menyekop. Khusus pukulan shovel uppercut Song Yadong, petarung asal China itu melakukannya dengan cantik.

Saat Song Yadong lepas pukulan itu dengan tangan kanannya, dirinya tidak memutar pergelangan tangan. Pergelangan tangannya lurus.

Song lebih dulu melepas jab.Umar Nurmagomedovyang lakukan duck (merendahkan tubuh bagian atas) langsung kena hantam shovel uppercut Song yang mengenai belakang kupingnya, di belakang bagian temple.

Umar langsung terjatuh tidak sadarkan diri. Dari posisi yang terkena pukulan itu pun mengalir darah segar.

Song dan timnya sudah baca kebiasaan buruk Umar. Umar suka duck ketika diserang dan lancarkan single leg takedown. Song dengan tepat dapat timing untuk mengeksekusinya.

""Pelatih saya Rudy Hernandez sudah bilang, kami akan menang dengan upper cut. Ya, saya percaya diri untuk melakukannya,"" ungkap Song.

""Kami tahu, Umar akan menghindar ke bawah. Kami sudah memperhatikan itu dan saya bisa melakukannya dengan baik,"" tutup Song.

Lihat juga Video Cara Khabib Nurmagomedov Nikmati Masa Pensiun: Makan Apa pun Asal Halal

[Gambas:Video 20detik]"
Bilal Hasan Bikin Legenda UFC Ini Kagum,https://sport.detik.com/sport-lain/d-8643074/bilal-hasan-bikin-legenda-ufc-ini-kagum,"Selasa, 01 Sep 2026 11:30 WIB","Bilal Hasanmemulai debut diUFCdengan meyakinkan, menang KO. Legenda UFC,Henry Cejudodibikin kagum olehnya.

UFC Fight Night: Nurmagomedov vs Song dalam UFC Shanghai digelar di Oriental Sports Center, Sabtu (29/8). Bilal Hasan yang jalani laga debut, hadapi petarung asal Peru, Nilson Rojas di kelas flyweight.

Kedua petarung punya rekor sama 9-0. Bilal menang di ronde kedua setelah pukulan lurus kanannya masuk sempurna!

Bilal Hasankini punya rekor kemenangan di dunia MMA 9-0. Petarung asal Indonesia itu memulai debut diUFCdengan mulus, bikin Henry Cejudo kagum!

""Bilal melepas pukulan jab dan sesaat ketika tangan kirinya turun, bum! Pukulan kanan yang lurus ke arah tengah,"" katanya di sosial media.

""Anak ini punya daya tarik. Dia punya sebuah pertunjukan dan membuktikannya di dalam oktagon,"" tambahnya.

Henry Cejudo merupakan legenda di UFC. Dia pernah menyabet dua gelar di kelas flyweight dan bantam weight.

Cejudo sebelumnya pernah juga memujiBilal Hasansaat kemenangan KO 45 detik. Itu ketika 'The IndoNinja' menang atas petarung asal India, Mridul Saikia dalam perebutan kontrak UFC di Dana White's Contender Series (DWCS) Season 10, Agustus lalu.

""Menang KO cuma 45 detik, ingat-ingat namanya, Bilal Hasan,"" jelas Cejudo.

""Dana White sudah terkesan padanya. Apalagi di kelas flyweight, banyak petarung hebat. Saya nggak sabar menantikan aksi-aksinya,"" sambungnya.

Simak juga Video: Menlu AS Bicara Alasan Pemasangan Ring UFC di Halaman Gedung Putih

[Gambas:Video 20detik]"
"China Masters 2026: Jonatan Christie Kalahkan Leong Jun Hao, Maju ke 16 Besar",https://sport.detik.com/raket/d-8642931/china-masters-2026-jonatan-christie-kalahkan-leong-jun-hao-maju-ke-16-besar,"Selasa, 01 Sep 2026 09:47 WIB","Bertanding di Court 1, Shenzhen Arena, Selasa (1/9/2026), Jonatan yang menjadi unggulan pertama di dalam turnamen BWF Super 750 itu membutuhkan waktu 44 menit untuk mengunci kemenangan.

Pada gim pertama, Jonatan langsung mengamankan kemenangan dengan skor 21-17. Leong Jun Hao berusaha memberikan perlawanan, tetapi Jonatan mampu menjaga keunggulan dari awal hingga gim berakhir.

Persaingan lebih ketat terjadi pada gim kedua. Jonatan akhirnya kembali menang dengan skor 21-19 untuk memastikan kemenangan dua gim langsung.

Dengan hasil tersebut, Jonatan Christie melaju dari babak 32 besar setelah mengalahkan wakil Malaysia tersebut. Di China Masters 2026 ini sendiri Indonesia memiliki empat orang wakil.

Selain Jonatan Christie, ada tiga wakil lain dari nomor ganda. Ketiganya adalah pasangan ganda putra yakni Leo Rolly Carnando/Daniel Marthin, Sabar Karyaman Gutama/Moh Reza Pahlevi Isfahani, dan Ali Faathir Rayhan/Devin Artha Wahyudi.

Sejumlah nama lain yang sempat masuk daftar undian pekan lalu urung tampil. Mereka adalah Alwi Farhan, Putri Kusuma Wardani, dan Fajar Alfian/Muhammad Shohibul Fikri.

Simak juga Video: Jonatan Christie: Hampir Seumur Hidup untuk Bulu Tangkis Indonesia

[Gambas:Video 20detik]

(krs/bay)...Tautan telah disalin"
Arwana Jaya dan Onic Sport Juara IPL Season 2,https://sport.detik.com/sport-lain/d-8642836/arwana-jaya-dan-onic-sport-juara-ipl-season-2,"Selasa, 01 Sep 2026 08:25 WIB","Selesai sudah musim keduaBRI Indonesia Pingpong League (IPL) 2026. Arwana Jaya dan Onic Sport tampil sebagai juara.

Grand final season 2 ini menghadirkan format kompetisi yang menuntut konsistensi setiap tim sepanjang empat hari penyelenggaraan, 26-29 Agustus, di Main Atrium Trans Studio Mall Ciubur, Depok.

Dalam format Grand Final ini, seluruh tim pada masing-masing kategori Elite Putera dan Elite Puteri saling bertemu. Hasil akhir ditentukan berdasarkan total raihan poin setiap tim selama rangkaian pertandingan.

Khusus kategori Elite Puteri, dalam setiap pertemuan terdapat sesi pertandingan ganda. Sementara pada kategori Elite Putera, pertandingan berlangsung tanpa sesi ganda.

Persaingan Elite Putera berlangsung ketat hingga pertandingan terakhir. Arwana Jaya berhasil mengumpulkan 6 poin dan keluar sebagai juara. Keberhasilan tersebut menjadi pencapaian istimewa bagi Arwana Jaya karena mereka berhasil mengambil alih tahta dari Onic Sport, yang merupakan juara IPL Season 1.

Pilar Arwana Jaya, Muhammad Bima Abdi Negara, menyebut keberhasilan merebut gelar dari juara bertahan menjadi pencapaian yang sangat berarti bagi timnya.

""Kami sangat bersyukur bisa menjadi juara. Onic adalah juara Season 1 dan kami tahu mereka punya kualitas yang sangat bagus. Jadi bisa merebut gelar ini tentu menjadi pencapaian yang sangat spesial bagi kami. Semua pemain memberikan yang terbaik dan kami berusaha menjaga fokus sampai pertandingan terakhir,"" ujar Bima dalam rilis kepadadetikSport.

""Dengan sistem seperti ini, setiap pertandingan sangat penting. Walaupun menang mendapatkan dua poin dan kalah masih mendapatkan satu poin, kami tetap tidak boleh lengah. Target kami adalah memenangkan setiap pertandingan dan mengumpulkan poin sebanyak mungkin. Kekompakan dan mental tim menjadi kunci,"" katanya.

Sementara itu, Onic Sport tampil sebagai juara di kategori Elite Puteri dengan raihan 6 poin. Onic Sport mengungguli Sukun Kudus di posisi kedua dengan lima poin. Arwana Jaya di posisi ketiga dengan 4 poin dan Jasa Raharja Putera di posisi keempat dengan tiga poin.

Pemain Onic Sport, Cindy Marcella, mengaku bangga dapat membawa timnya meraih gelar juara Elite Puteri. Menurut Cindy, konsistensi jadi kunci kemenangan Onic Sport, mengingat turnamen berlangsung cuma empat hari.

""Pastinya kami sangat senang dan bangga bisa menjadi juara. Perjalanan menuju Grand Final tidak mudah karena semua tim punya kualitas yang bagus. Kami berusaha menjaga fokus, saling mendukung, dan memberikan kemampuan terbaik di setiap pertandingan,"" papar Cindy.

""Kami harus menjaga fokus dari pertandingan pertama sampai pertandingan terakhir karena setiap pertandingan punya nilai yang sangat penting. Kami bersyukur bisa menjaga konsistensi dan akhirnya mendapatkan hasil terbaik,"" sambungnya.

Grand Final Indonesian Pingpong League Season 2 turut dihadiri Ketua Umum IPL Petrus Reinhard Golose, Sekretaris Jenderal IPL Yon Mardiyono, serta seluruh jajaran pengurus Indonesian Pingpong League.

Petrus mengatakan Grand Final menjadi momentum penting bagi para atlet untuk menunjukkan hasil kerja keras mereka sepanjang musim.

""Grand Final adalah panggung bagi para atlet untuk menunjukkan hasil dari kerja keras mereka sepanjang musim. Kami ingin IPL terus menjadi kompetisi yang memberikan ruang bagi atlet untuk berkembang, berprestasi, dan mendapatkan pengalaman bertanding di level tertinggi,"" ujar Petrus."
Marc Marquez: Sirkuit Mandalika yang Terburuk Buatku,https://sport.detik.com/moto-gp/d-8642734/marc-marquez-sirkuit-mandalika-yang-terburuk-buatku,"Selasa, 01 Sep 2026 04:50 WIB","Rider DucatiMarc Marqueztelah kembali dalam persaingan titel juara duniaMotoGP 2026. Marquez mengaku khawatir dengan balapan di Mandalika nanti.

Sukses menyapu seri Aragon membawa Marquez terus mendekati pemuncakklasemen MotoGPJorge Martin. Dengan koleksi 237 poin, superstar balap motor Spanyol itu menghuni peringkat kedua dengan hanya tertinggal 19 poin saja. Marco Bezzecchi mengintai di posisi ketiga usai meraup 232 poin.

Di sisi lain, kejuaraanMotoGP 2026memiliki sembilan seri yang tersisa atau total 18 balapan. Sedangkan MotoGP Indonesia, yang digelar di Sirkuit Mandalika menempati putaran ke-17 pada Oktober mendatang.

Marc Marquezbelum mau memikirkan soal persaingan gelar dengan Jorge Martin dan Bezzecchi. Pebalap berusia 33 tahun itu ingin fokus melakoni balapan demi balapan, meskipun dia cukup waspada dengan balapan di Mandalika.

""Dari sejarah, Indonesia adalah yang terburuk [buatku], karena setiap tahun aku mendapatkan memori buruk dari sana,"" ceplos juara dunia MotoGP tujuh kali itu dilansirCrash.

""Namun, selain itu, aku merasa baik-baik saja dengan sirkuit-sirkuit yang lain. Jadi balapan demi balapan. Sekarang, mari memulihkan tenaga dari balapan ini dan fokus ke Misano,"" dia menambahkan.

Sejauh ini MotoGP Mandalika bak jadi ""kutukan"" bagiMarc Marquez. Mantan rider Honda dan Gresini itu tidak pernah bisa finis di masing-masing dari tiga edisi terakhir balapan MotoGP Mandalika. Bahkan pada edisi tahun lalu, Marquez bertabrakan dengan Marco Bezzecchi sehingga mengalami patah tulang selangka, cedera yang terus mengganggunya sampai sekarang."
Jawa Timur Juara Kejurnas Panahan Tradisional 2026,https://sport.detik.com/sport-lain/d-8642711/jawa-timur-juara-kejurnas-panahan-tradisional-2026,"Selasa, 01 Sep 2026 02:40 WIB","Baru saja digelarKejuaraan Nasional (Kejurnas) Fespati 2026. Tampil sebagai juara umum adalah Jawa Timur.

Kejurnas Fespati adalah kompetisi memanah untuk segala usia yang digelar di Villa Bukit Tidar, Kota Malang, 22-24 Agustus, yang digelar Federasi Seni Panahan Tradisional (Fespati). Ada total 1.090 peserta dari 16 provinsi di seluruh Indonesia.

Ada 13 kategori perlombaan yang dipertandingkan. Mulai dari pelajar U9 sampai U-18, hunting pelajar dan umum, jemparingan pelajar dan umum, jarak 30 dan 50 meter untuk atlet panahan tradisional peserta perempuan dan laki-laki umum. serta HBA atau Horse Back Archery untuk kategori Junior Putra, Open Putri dan Senior Putra.

Total peserta ribuan itu melebihi edisi sebelumnya di Klaten, Jawa Tengah, yang diikuti 700 peserta. Kenaikan ini menunjukkan tren positif, karena artinya panahan tradisional semakin banyak peminatnya.

Apalagi sertifikat pemenang akan dikurasi oleh Pupresnas atau Pusat Prestasi Nasional, institusi di bawah Kementrian Pendidikan Dasar dan Menengah Republik Indonesia, yang memberikan pengakuan resmi terhadap ajang talenta atau prestasi peserta didik.

Malang dipilih sebagai lokasi penyelenggaraan Kejurnas 2026 dikarenakan Malang adalah peringkat utama kota industri pariwisata di Jawa Timur. Diharapkan gelaran Kejurnas bisa membawa dampak positif juga bagi naiknya income bagi pengusaha UMKM dan industri pariwisata di kota Malang, seperti slogan 'Fespati untuk Negeri.'

Kejurnas 2027 rencananya akan dihelat di tiga Provinsi, yakni DKI Jakarta, Jawa Barat atau Banten. Imran Taufik selaku Ketua Umum Fespati menyebut kejurnas bisa jadi seleksi untuk para pemanah muda yang mau membela Indonesia di kancah internasional."
Men's World Tennis Championship: Gunawan Tembus Babak Utama Seri IV,https://sport.detik.com/raket/d-8642692/mens-world-tennis-championship-gunawan-tembus-babak-utama-seri-iv,"Selasa, 01 Sep 2026 01:40 WIB","Satu wakil Indonesia lolos ke Babak Utama Seri 4 M-15 Amman MineralMen's World Tennis Championship 2026.Dia adalahGunawan Trismuwantara.

Pada pertandingan final kualifikasi di lapangan A, Bali Beach Country Club, Nusa Dua, Senin (31/8/2026), Gunawan menghadapi Haruto Ishikawa asal Jepang.

Petenis 23 tahun itu harus bertarung ketat tiga set selama 1 jam 41 menit untuk memastikan tiket babak utama dengan kemenangan 4-6, 6-6, dan 10-7.

Setelah saling balas di dua set pertama, format super tie break harus digunakan di set ketiga untuk menentukan pemenang. Gunawan bisa memenangi set penentuan tersebut dengan skor akhir 10-7.

""Saya memang sering melakukan kesalahan di set pertama, terutama saat poin penting. Namun, saya kembali fokus di sisa game, terutama di babak super tie dan akhirnya bisa menang,"" ujar Gunawan dalam rilis kepadadetikSport.

Pada pertandingan lainnya di lapangan F, performa impresif Ethan David Zapp gagal dilanjutkan saat bertemu unggulan ketiga dari India, Shanker Heisnam.

Meski telah mengeluarkan seluruh permain terbaiknya dan memberikan perlawanan keras terutama di set awal, petenis 17 tahun itu takluk 4-6 dan 1-6 dalam tempo 1 jam 35 menit.

Gunawan pun menemani sejumlah pemain Indonesia yang lebih dulu masuk Babak Utama lewat fasilitas Wild Card, seperti Anthony Susanto, Nathan Barki, dan Rafalentino Ali Da Costa.

Selain turun dinomor tunggal pada kejuaraan yang berhadiah total 20 ribu dolar AS, Indonesia punya enam wakil di nomor ganda melalui Gunawan Trismuwantara/Kareem Abdul Hakim, Rafalentino Ali Dacosta/Ethan David Zapp serta Anthony Susanto yang menggandeng pemain Jepang Ren Nakamura."
GTWCE 2026: Sean Gelael dkk. Gagal Dapat poin di Jerman,https://sport.detik.com/sport-lain/d-8642668/gtwce-2026-sean-gelael-dkk-gagal-dapat-poin-di-jerman,"Senin, 31 Agu 2026 23:35 WIB","BalapanGT World Challenge Europe (GTWCE)di Jerman berakhir pahit untukSean GelaeldanAF Corse 50. Mereka gagal dapat poin.

Pada balapan putaran keempat Endurance Cup di Sirkuit Nurburgring, Minggu (30/8/2026) malam WIB, Sean bersama Lilou Wadoux dan Arthur Leclerc mendapat start yang kurang impresif.

Sebab mereka harus memulai dari posisi ke-17 setelah hasil buruk di kualifikasi. Mobil Ferrari yang dikendarai Sean dkk. memang tidak bisa memberikan perlawanan berarti di Nurburgring.

Tidak cuma mobil nomor 50, tapi juga nomor 51. AF Corse 51 yang finis ketiga di Belgia dua bulan lalu, hanya mampu menyelesaikan balapan di posisi ke-14, terpaut satu menit dibanding sang pemenang, tim Comtoyou Racing #7.

Sementara, AF Corse 50 tidak berubah, yakni tetap di urutan ke-17 dengan selisih 1 menit 25,406 detik di belakang pemenang.

Rata-rata dua mobil Ferrari itu kalah 1 s.d. 1,5 detik per lap dari mobil dan tim lain. Selain Balance of Performance (BoP) yang jadi handicap walau besarannya tak dirilis, ada juga karakter sirkuit yang berbeda dibanding Spa-Francorchamps, sehingga Ferrari tidak punya daya cengkram di mobilnya.

Keberadaan Safety Car (SC) yang membantu mendekatkan jarak antar-mobil pun tak menolong. Padahal selama tiga jam balapan di Nurburgring, SC tiga kali masuk ke trek untuk menetralisir lomba.

Tim Mercedes-AMG Team Mann-Filter #48 keluar sebagai juara umum GTWCE-Endurance Cup. Balapan pamungkas GTWCE digelar di Sirkuit Algarve, Portimao di Portugal. Menariknya, akhir pekan itu berbarengan dengan putaran FIA WEC di Barcelona, Spanyol.

Sebagai kompromi, Race GTWCE Sabtu (17/10), lalu FIA WEC di hari Minggu, (17/10)."
"Kejurnas Hoki Indoor 2026: Jabar Juara Putra, Jatim Kampiun Sektor Putri",https://sport.detik.com/sport-lain/d-8642499/kejurnas-hoki-indoor-2026-jabar-juara-putra-jatim-kampiun-sektor-putri,"Senin, 31 Agu 2026 22:15 WIB","Kejuaraan Nasional (Kejurnas) Hoki Indoor 2026 telah berakhir. Jawa Barat sukses keluar sebagai juara di sektor putra Tier 1, sementara Jawa Timur tampil berjaya dengan merebut gelar juara sektor putri.

Ajang yang berlangsung di GOR Nambo Jaya Sport Centre, Kota Tangerang, Banten, ini berakhir, Minggu (30/8/2026). Jawa Barat mengalahkan tuan rumah Banten di laga final sektor putra dengan skor 3-2 dalam adu penalti setelah imbang 2-2.

Sementara itu, kejutan terjadi di sektor putri. Jawa Timur sukses menghentikan dominasi Jawa Barat dengan kemenangan 2-0 via adu penalti setelah sebelumnya imbang 2-2.

""Alhamdulillah teknik pemain-pemain kita semakin baik, padahal kejurnas ini tidak dihadiri pemain nasional yang sedang melakoni training camp di Malaysia untuk menghadapi Asian Games Aichi-Nagoya 2026,"" kata Gubernur Banten, Andra Soni, yang juga Ketua Dewan Pembina Federasi Hockey Indonesia (FHI), dalam keterangan persnya.

""Dengan pembinaan berjenjang dan konsisten, olahraga Olimpiade ini akan semakin diminati dan prestasinya semakin mendunia. Dulu kita hanya bermimpi dapat medali, tapi kini kita membuktikan mampu meraih prestasi back-to-back pada SEA Games Kamboja 2023 dan SEA Games Thailand 2025,"" Andra Soni menambahkan.

Tidak hanya itu saja, Andra Soni juga tampil memperkuat Tim Hockey PP FHI menghadapi Tim yang beranggotakan ofisial peserta kejurnas hockey Indoor 2026 dalam pertandingan ekshibisi sebelum dimulai laga final. Ketua Umum PP FHI Mayjen TNI (Purn) Budi Sulistijono tampil sebagai penjaga gawang dalam pertandingan yang bertujuan mempererat hubungan masyarakat hoki tersebut.

""Selamat dan apresiasi setinggi-tingginya untuk PP FHI dan FHI Banten. Pertandingan berjalan penuh semangat dan sportifitas. Kejurnas ini menjadi ajang mengukur kualitas pembinaan sekaligus mempererat silaturahmi. Saya berharap hockey terus berkembang pesat dan Banten bisa menjadi bagian penting dari kemajuan tersebut,"" ujar Andra Soni.

Hasil Lengkap Kejurnas Hockey Indoor 2026:

Putra Tier 1â¢ Juara :Jawa Baratâ¢ Runner-up:Banten (Skor Final: 2-2, penalti 3-2)â¢ Peringkat 3:Jawa Timur (Kalahkan Jateng 5-2)

Putri Tier 1â¢ Juara :Jawa Timurâ¢ Runner-up:Jawa Barat (Skor Final: 2-2, penalti 2-0)â¢ Peringkat 3:Nusa Tenggara Barat (Kalahkan Jateng 2-0)

Putra Tier 2â¢ Juara :DKI Jakartaâ¢ Runner-up:Kalimantan Timur (Skor Final: 3-2)â¢ Peringkat 3:Kalimantan Barat (Kalahkan NTB 2-2, penalti 4-3)

Putri Tier 2â¢ Juara :DKI Jakartaâ¢ Runner-up:Banten (Skor Final: 2-2, penalti 2-0)â¢ Peringkat 3:Kalimantan Timur (Kalahkan DI Yogyakarta 1-0)."
Duel 300 Km/Jam Marc Marquez Vs Bezzecchi di Aragon: Motor seperti Nempel,https://sport.detik.com/moto-gp/d-8642058/duel-300-km-jam-marc-marquez-vs-bezzecchi-di-aragon-motor-seperti-nempel,"Senin, 31 Agu 2026 20:25 WIB","Marc Marquez mengungkap momen menegangkan saat berduel dengan Marco Bezzecchi di MotoGP Aragon. Kedua pebalap sempat seperti tertarik satu sama lain akibat turbulensi aerodinamika pada kecepatan sekitar 300 km/jam. Menyeramkan!

Momen tersebut terjadi pada lap keenam MotoGP Aragon, Minggu (30/8/2026), saat Marc Marquez dan Bezzecchi terlibat duel ketat untuk memperebutkan posisi terdepan. Keduanya berdampingan di trek lurus dengan kecepatan tinggi.

Duel itu bermula setelah Marquez melakukan manuver dari sisi dalam terhadap Bezzecchi di chicane. Tapi pebalap Aprilia tersebut mampu kembali berada di samping Marquez berkat keluar tikungan yang lebih baik.

Saat keduanya berakselerasi dan menaikkan gigi, Bezzecchi berada di antara Marquez dan sisi dalam trek. Turbulensi yang muncul membuat kedua motor mulai bergoyang ketika melaju dalam kecepatan tinggi.

""Itu momen yang luar biasa. Maksud saya, momen yang menakutkan,"" kata Marc Marquez seperti dilansirCrash.net.

""Karena dengan semua aerodinamika itu, pada kecepatan 300 kilometer per jam motor kami seperti tertarik satu sama lain. Saya mencoba [memberi ruang] dan bergerak ke sisi kanan, tetapi kami seperti 'menempel'.

""Jika Anda melihat tayangan ulangnya, bahkan ada sedikit wheelie di gigi enam! Dan tidak mungkin untuk menjauh dari motornya. Jadi itu momen yang menakutkan, tetapi tontonan yang bagus untuk para penggemar. Kemudian tiba saatnya Marco sedikit menyerah karena dia berada di sisi yang kotor,"" tuturnya mengisahkan.

Marquez akhirnya tetap bertahan di depan hingga memasuki zona pengereman. Bezzecchi kemudian kehilangan posisi kedua setelah disalip Pedro Acosta. Tiga pebalap terdepan tersebut kemudian mempertahankan posisi masing-masing hingga bendera finis dikibarkan."
"PBSI Tarik Pemain dari China Masters 2026, RI Cuma Kirim 4 Wakil",https://sport.detik.com/raket/d-8642232/pbsi-tarik-pemain-dari-china-masters-2026-ri-cuma-kirim-4-wakil,"Senin, 31 Agu 2026 19:30 WIB","Indonesia hanya mengirim empat wakil keChina Masters 2026.PBSImenarik sejumlah pemain dengan alasan persiapan menuju Asian Games 2026.

China Masters 2026 yang merupakan turnamen Super 750 itu digelar di Shenzhen Arena, China, pada 1-6 September. Sementara Asian Games 2026 yang akan diselenggarakan di Aichi Nagoya, Jepang, itu akan bergulir pada 19 September - 4 Oktober.

Dalam daftar pemain yang dirilis PBSI, Senin (31/8/2026), hanya empat wakil yang akan bertanding di China Masters 2026. Mereka adalahJonatan Christieserta tiga ganda putra yakniLeo Rolly Carnando/Daniel Marthin, Sabar Karyaman Gutama/Moh Reza Pahlevi Isfahani, dan Ali Faathir Rayhan/Devin Artha Wahyudi.

Sementara itu, nama-nama yang ditarik dari turnamen ini berdasarkan daftar undian yang dirilis pekan lalu adalahAlwi Farhan,Putri Kusuma Wardani, danFajar Alfian/Muhammad Shohibul Fikri. Sebelumnya, PBSI sudah membatalkan keikutsertaan pemain dari sektor ganda putri dan ganda campuran.

Kabid Binpres PBSI Eng Hian mengatakan bahwa penarikan sejumlah pemain dari China Masters 2026 disebabkan oleh penyelenggaraannya yang berdekatan dengan Asian Games 2026. PBSI disebutnya harus mengatur program persiapan pemain.

""Penarikan beberapa pemain dari China Masters ini karena jaraknya cukup berdekatan dengan Asian Games. Mereka masuk dalam long list Asian Games, sehingga kami perlu mengatur program masing-masing agar persiapannya bisa lebih optimal, termasuk waktu untuk recovery, latihan, dan evaluasi,"" ucap Eng Hian seperti terlihat dalam unggahan di media sosial PBSI.

""Tapi ada juga beberapa pemain yang tetap diturunkan di China Masters. Pertimbangannya karena mereka memiliki kebutuhan untuk menjaga atau menambah poin ranking BWF mereka, sekaligus menjaga match feel dan ritme pertandingan sebelum Asian Games.""

""Jadi, programnya memang tidak bisa disamaratakan. Kami melihat kebutuhan dan kondisi masing-masing pemain.""

""Dan yang perlu digarisbawahi, pemain yang bertanding dan ditarik dari China Masters bukan berarti sudah pasti masuk tim Asian Games. Mereka masih dalam long list dan tetap akan kami evaluasi berdasarkan performa, kondisi fisik dan teknis, serta kebutuhan tim,"" katanya."
1.049 Pelajar Adu Prestasi di POPPROV DKI Jakarta 2026,https://sport.detik.com/fotosport/d-8641844/1-049-pelajar-adu-prestasi-di-popprov-dki-jakarta-2026,"Senin, 31 Agu 2026 18:00 WIB",Jakarta- Ribuan pelajar ambil bagian dalam POPPROV DKI Jakarta 2026. Ajang ini menjadi panggung untuk mengasah kemampuan sekaligus menjaring bibit atlet muda.
"Jorge Martin Susah Ngebut di MotoGP Aragon, Ini Masalahnya",https://sport.detik.com/moto-gp/d-8641884/jorge-martin-susah-ngebut-di-motogp-aragon-ini-masalahnya,"Senin, 31 Agu 2026 17:10 WIB","Jorge Martin kesulitan melaju kencang di MotoGP Aragon 2026. Grip menjadi masalah utama yang membuat pebalap Aprilia Racing itu tak mampu bersaing untuk podium.

Pada seri sebelumnya Martin tampil impresif di MotoGP Silverstone dengan meraih finis 1-2. Tapi di Aragon dia hanya mampu finis kelima pada dua balapan yang digelar.

Hasil tersebut memang tidak bisa disebut buruk bagi Martin. Dia masih memimpin klasemen sementara dengan keunggulan 19 poin atas Marc Marquez dan 24 poin atas rekan setimnya di Aprilia Racing, Marco Bezzecchi.

Namun, Martin tak memiliki pace seperti di Silverstone. Jika sebelumnya dia mampu bersaing untuk kemenangan di kedua balapan MotoGP, di Aragon dia tidak punya kecepatan untuk memperebutkan podium, baik dalam balapan jarak pendek maupun balapan utama.

Dua kali finis kelima akhirnya menjadi hasil maksimal yang bisa diraih Martin. Dia pun tetap merasa puas dengan pencapaian tersebut.

""Itu sulit, tetapi tidak berbeda dari apa yang saya harapkan,"" kata Jorge Martin mengenai balapannya di Aragon seperti dilansirCrash.net.

""Saya mencoba untuk optimistis dan mungkin dengan start yang bagus saya bisa melakukan sesuatu yang berbeda, tetapi saya tidak bisa. Hari ini finis lima besar adalah hasil maksimal dan saya senang bisa mendapatkan hasil maksimal. Saya benar-benar ingin melangkah maju dan memikirkan Misano.""

Martin mengaku sudah mengetahui sejak Jumat bahwa dirinya sulit bersaing untuk podium di Aragon. Menurut Martin, masalah grip menjadi kendala utamanya sepanjang akhir pekan di Aragon.

""Setelah Silverstone tentu perasaan saya sedikit lebih baik, jadi saya berharap mungkin bisa bertarung untuk podium, tetapi sejak Jumat saya sudah melihat bahwa saya tidak bisa. Saya tahu finis lima besar saja akan sulit, jadi saya senang setidaknya hari ini saya lebih dekat ke podium dibandingkan kemarin,"" ucapnya.

""Grip secara keseluruhan menjadi batasan saya sepanjang akhir pekan. Saya sangat kesulitan dengan grip. Saya rasa menjelang [paruh] balapan atau di akhir balapan saya merasa sedikit lebih baik. Saya bisa sedikit mengejar Alex [Marquez].""

""Secara keseluruhan saya senang dengan itu, tetapi ini adalah pencapaian maksimal yang bisa saya lakukan. Hari ini, seperti yang saya katakan sebelumnya, finis lima besar adalah hasil maksimal dan saya mendapatkan poinnya. Saya lebih memilih itu [daripada] mengambil risiko dan terjatuh. Ini yang menurut saya perlu saya lakukan saat ini,"" tuturnya.

Situasi itulah yang kemudian membuat dirinya memilih untuk tidak memaksakan diri di MotoGP Aragon. ""Mungkin di balapan-balapan berikutnya saya harus mengambil lebih banyak risiko, tetapi tidak untuk balapan yang satu ini."""
Aldeguer Puas dengan Akhir Pekan Bagus di MotoGP Aragon 2026,https://sport.detik.com/moto-gp/d-8641880/aldeguer-puas-dengan-akhir-pekan-bagus-di-motogp-aragon-2026,"Senin, 31 Agu 2026 16:10 WIB","RiderGresini Racing,Fermin Aldeguer, meraih poin dalam balapan sprint dan utama diMotoGP Aragon 2026. Dia pun puas dengan hal itu.

Di MotoGP Aragon 2026 pada akhir pekan lalu, Aldeguer mampu finis keenam saat sprint dan main race. Oleh karena itu, pebalap asal Spanyol itu mencatatkan 14 poin.

Aldeguer kini ada di posisi ke-10 klasemen MotoGP 2026. Dia mengumpulkan 90 poin, menggeser posisi Luca Marini.

Bagi Aldeguer, ini menjadi race pertama setelah gagal start di MotoGP Belanda 2026. Dia mengalami kecelakaan, bahkan harus absen saat MotoGP Jerman dan MotoGP Inggris.

Dengan poin-poin yang diraih di Aragon,Aldeguerpun puas dengan pencapaian pada akhir pekan yang bagus.

""Kami harus sangat puas dengan akhir pekan ini. Dua kali finis di posisi keenam dan berada dalam kondisi fisik yang baik adalah hal terbaik yang bisa dipetik dari akhir pekan ini,"" kata Aldeguer seperti dikabarkan oleh Gresini Racing.

""Kami perlu meningkatkan performa kualifikasi kami, tetapi itu adalah sesuatu yang sudah kami kerjakan sejak lama dan akan terus kami fokuskan dalam beberapa pekan ke depan.""

""Kami punya waktu satu minggu untuk membuat sedikit lagi peningkatan secara fisik, tetapi kami siap menghadapi dua balapan beruntun Misano-Austria. Kami harus berusaha untuk kembali ke podium,"" kataAldeguermenambahkan."
MotoGP Aragon 2026: Alex Marquez Syukuri Raihan Poin Penting,https://sport.detik.com/moto-gp/d-8641495/motogp-aragon-2026-alex-marquez-syukuri-raihan-poin-penting,"Senin, 31 Agu 2026 12:10 WIB","RiderGresini Racing,Alex Marquez, finis keempat diMotoGP Aragon 2026. Dia pun mensyukuri raihan poin penting di Aragon.

Dalam 23 lap balapan di MotoGP Aragon 2026, Marc Marquez yang menjadi pemenang. Baby Alien menjadi yang tercepat pada race, Minggu (30/8/2026), dengan catatan waktu 41 menit 10,969 detik.

Alex Marquez menyentuh garis finis berselang 8,687 detik dari kakaknya, Marc Marquez. Dia harus puas menempati posisi keempat.

Dengan hasil ini,Alex Marquezpun mengantongi 13 poin dari main race MotoGP Aragon 2026. Secara keseluruhan, Alex Marquez membawa pulang 22 poin dari MotoGP Aragon karena finis kedua saat sprint race MotoGP Aragon.

Alex Marquez menyesali kesalahan yang dia lakukan saat awal-awal balapan. Oleh karena itu, dia cuma bisa mensyukuri raihan poin kali ini.

""Sayangnya, start kami membatasi peluang kami hari ini. Saya melakukan kesalahan dan kehilangan banyak posisi. Di sirkuit seperti ini, start sangat krusial, dan dari situlah kami kehilangan kontak dengan kelompok terdepan,"" kataAlex Marquezseperti dikabarkan oleh situs Gresini Racing.

""Terlepas dari itu, kami tetap akan kesulitan dalam manajemen ban: pendekatan yang menguntungkan kami di Silverstone, tetapi tidak berhasil di sini. Kami pulang dengan mengantongi banyak poin penting menjelang GP kandang kami di Misano, ajang paling penting tahun ini bagi tim,"" kata dia menambahkan."
"Juara Main Race MotoGP Aragon, Marc Marquez Ngaku Sempat Blunder",https://sport.detik.com/moto-gp/d-8641187/juara-main-race-motogp-aragon-marc-marquez-ngaku-sempat-blunder,"Senin, 31 Agu 2026 05:45 WIB","Rider Ducati,Marc Marquez, menjadi juaraMotoGP Aragon 2026. Baby Alien mengaku sempat melakukan blunder.

Dalam balapan di sirkuit Aragon, Spanyol, Minggu (30/8/2026) malam WIB, Marc Marquez menjadi pemenangnya setelah melahap 23 lap dengan catatan waktu 41 menit 10,969 detik. Dia menjalani start dari posisi kedua.

Pada awal balapan, Marc Marquez sempat langsung mengambil alih posisi terdepan dari rider Aprilia, Marco Bezzecchi. Tapi, Marc Marquez gagal mempertahankan posisi itu.

Baru pada lap keenamMarc Marquezmampu menyalip Bezzecchi. Setelah itu, pebalap berusia 33 tahun itu tak terbendung.

Selepas balapan, Marc Marquez menyebut kunci dirinya bisa menjadi juara di MotoGP Aragon 2026.

""Kemarin saya sudah mengatakan bahwa titik kuncinya ada di Tikungan 1; saya mengatakannya lagi, tetapi saya melakukan kesalahan besar: saya lupa melepas rear device dan saya sangat lambat di Tikungan 2 dan 3,"" kata Marc Marquez seperti dikabarkan As.

""Sejak saat itu, saya berusaha membangun ritme balap saya; terjadi pertarungan yang seru di beberapa lap awal; kemudian, ketika balapan menyisakan sepuluh lap, saya mencoba mengatur ritme balap saya sendiri dan mengendalikannya,"" kataMarc Marquezmenambahkan."
Seri Keempat M-15 Men's World Tennis Championship Dimulai,https://sport.detik.com/raket/d-8641178/seri-keempat-m-15-mens-world-tennis-championship-dimulai,"Senin, 31 Agu 2026 02:50 WIB","Setelah sepekan libur, kejuaraan tenis internasionalMen's World Tennis Championship 2026kembali bergulir. Seri keempat langsung panas di babak kualifikasi.

Apabila sebelumnya berlabel Universal Tennis Rating Pro Tennis Tour atau UTR PTT. Maka untuk seri keempat ini kembali berkategori M-15 yang dilangsungkan selama sepekan, 31 Agustus-6 September di Bali Beach Country Club, Nusa Dua, dan berhadiah total 20 ribu dolar AS.

Untuk babak penyisihan seri keempat, ada 32 petenis dari 12 negara yang memperebutkan delapan ke babak utama. Pada pertandingan, (Minggu 30/8/2026), tuan rumah Indonesia berhasil meloloskan dua pemainnya ke final kualifikasi, yakni Gunawan Trismuwantara serta Ethan David Zapp.

Gunawan mengawalinya dengan menghentikan perlawanan wakil Australia Sebastian Huggins dua set langsung.

Sempat mendapat perlawanan di set pertama dan kehilangan tiga gim, Gunawan bisa menang 6-3. Sebastian Huggins kian tak berdaya meredam agresivitas Gunawan di set kedua sehingga menyerah 0-6 dalam waktu 56 menit.

Pada laga final kualifikasi, Gunawan bertemu Haruto Ishikawa yang mengalahkan Ashwin Ryan Sharma 6-2, 3-6 dan 10-8.

""Saya mau main bagus dan fokus di setia laga. Ini faktor utama yang membuat saya menang hari ini. Semoga bisa lebih baik di laga-laga berikutnya,"" ujar Gunawan dalam keterangan kepada media.

Langkah impresif Gunawan diikuti petenis muda Ethan David Zapp yang mengalahkan kompatriotnya, Dewana Gustaman, 6-2 dan 6-3.

Ethan yang baru berusia 17 tahun menantang unggulan kee,pat Ren Nakamura dari Jepang untuk memperebutkan tiket ke babak utama.

Kelolosan kedua petenis di atas ke babak final tidak bisa diikuti wakil Inndonesia lainnya, seperti Renaldi Aquila Salim, M. Ragil Putra, Kareem Abdul Hakim, dan Raphael Rio Suryana.

Kareem kalah 1-6 dan 4-6 dari Azuma Visaya, disusul Renaldo yang takluk 1-6 0-6 dari. Stefan Menichella. Raphael juga selesai kiprahnya usai ditaklukkan Matthew Shearer 3-6, 4-6 dan Ragil kalah 1-6 1-6 dari Thomas Patton."
PATRIN Buka Suara soal Kabar Atlet Tuna Rungu Galang Dana,https://sport.detik.com/sport-lain/d-8641175/patrin-buka-suara-soal-kabar-atlet-tuna-rungu-galang-dana,"Senin, 31 Agu 2026 01:50 WIB","Sempat viral atlet tuna rungu Indonesia menggalang dana mandiri untuk mengikuti kejuaraan internasional.Perkumpulan Atlet Tunarungu Indonesia (PATRIN)menyampaikan klarifikasinya.

Klarifikasi tersebut disampaikan langsung oleh jajaran Dewan Pimpinan Pusat PATRIN, yakni Ketua Umum PATRIN Pusat Dimyati Hakim bersama Wakil Sekretaris Jenderal DPP PATRIN Agung Baghaskoro.

Dalam keterangan resminya, Kamis (28/8/2026), Agung menegaskan bahwa PATRIN di kancah internasional dikenal dengan nama IADA (Indonesian Association of the Deaf Athlete), organisasi resmi dan satu-satunya di Indonesia yang diakui oleh International Committee of Sports for the Deaf (ICSD) sebagai organisasi yang menaungi olahraga tunarungu di tingkat internasional.

""Kami tegaskan, PATRIN atau IADA di internasional adalah organisasi resmi dan satu-satunya yang diakui oleh ICSD. Di bawah kepemimpinan Ketua Umum Bapak Dimyati Hakim, kami memiliki legitimasi untuk menaungi, membina, dan mengirimkan atlet tunarungu Indonesia ke ajang resmi internasional,"" ujar Agung dalam pernyataan kepadadetikSport.

Sejalan dengan hal tersebut, PATRIN menegaskan bahwa pengiriman dan keikutsertaan atlet tunarungu Indonesia dalam kegiatan olahraga internasional selama ini ditempuh melalui mekanisme dan koordinasi resmi bersama National Paralympic Committee of Indonesia (NPCI) serta Kementerian Pemuda dan Olahraga Republik Indonesia (Kemenpora).

Agung memastikan hubungan dan koordinasi PATRIN/IADA dengan NPC Indonesia selama ini berjalan baik dan harmonis. Menurutnya, setiap pengiriman kontingen resmi yang mengatasnamakan Indonesia dilakukan melalui koordinasi berjenjang dengan pihak-pihak terkait.

""Berkaitan dengan isu pengiriman atlet tunarungu yang harus menggalang dana, kami sebagai organisasi resmi dan satu-satunya yang diakui ICSD, baik saya bersama Ketua PATRIN Pusat Bapak Dimyati Hakim, tidak mengetahui sama sekali,"" ujarnya.

PATRIN menegaskan pihaknya tidak pernah menerima koordinasi resmi maupun memberikan persetujuan terkait penggalangan dana masyarakat untuk pengiriman atlet tunarungu Indonesia ke kejuaraan internasional sebagaimana informasi yang beredar.

Karena itu, PATRIN menyayangkan adanya informasi mengenai pengiriman atlet yang mengatasnamakan Indonesia tanpa melalui koordinasi resmi dengan PATRIN/IADA, NPC Indonesia, dan Kemenpora.

""Kami akan segera mencoba berkomunikasi dan menelusuri mengapa atlet-atlet tersebut bisa dikirim tanpa koordinasi secara resmi kepada kami selaku PATRIN/IADA, kepada NPC, dan kepada Kemenpora. Ini harus diluruskan agar tidak merugikan atlet dan mencoreng nama baik Indonesia di mata internasional,"" kata Agung.

PATRIN akan melakukan komunikasi dan koordinasi lebih lanjut dengan seluruh pihak terkait untuk memperoleh kejelasan mengenai persoalan tersebut. Langkah ini dilakukan agar setiap proses pengiriman dan keikutsertaan atlet tunarungu Indonesia pada ajang internasional dapat berjalan secara transparan, terkoordinasi, dan profesional, dengan tetap menempatkan kepentingan serta masa depan atlet sebagai prioritas.

Di sisi lain, PATRIN menyampaikan apresiasi dan terima kasih kepada Kemenpora RI atas dukungan yang selama ini diberikan kepada PATRIN serta pembinaan atlet tunarungu Indonesia.

""Kami menyampaikan apresiasi dan terima kasih kepada Kemenpora yang selama ini konsisten memberikan dukungan dan support penuh kepada PATRIN dan para atlet tunarungu,"" ujar Agung.

PATRIN menegaskan komitmennya untuk terus membangun komunikasi dan koordinasi dengan seluruh pemangku kepentingan olahraga, baik di tingkat nasional maupun internasional. Hal tersebut menjadi bagian dari upaya memastikan para atlet tunarungu Indonesia memperoleh kesempatan untuk berkembang dan berprestasi melalui proses pembinaan serta pengiriman kontingen yang resmi, terkoordinasi, transparan, dan profesional."
Akuatik Jakbar Gelar Pelatihan Pelatih Renang,https://sport.detik.com/sport-lain/d-8641159/akuatik-jakbar-gelar-pelatihan-pelatih-renang,"Senin, 31 Agu 2026 00:50 WIB","Akuatik Jakarta Baratbaru saja menggelar Pelatih Pelatih Renang Tingkat D. Ini dilakukan dalam upaya meningkatkan kompetensi dan kualitas pelatih.

Pelatih ini dihelat dilakukan Sabtu (29/8/2026) di Hotel Grand Tjokro, Jakarta Barat. Kegiatan pelatihan ini di hadiri oleh Kabid Binpres Koni Jakarta Barat Adhitya Maulana, Dewan Pakar Akuatik Jakarta Prof Abdul Sukur, Waketum 2 Akuatik Jakarta Hadi Endang Rauf, Komite Renang Akuatik Jakarta Billi Afrianto, dan Ketua Pengkot Akuatik Jakarta Barat Feryawan.

Pelatihan Tingkat D menjadi salah satu langkah penting dalam memberikan pemahaman dasar mengenai kepelatihan renang, teknik mengajar, keselamatan di kolam renang, serta prinsip-prinsip dasar pembinaan atlet.

Selama kegiatan berlangsung, peserta mendapatkan berbagai materi kepelatihan yang disampaikan secara teori maupun praktik. Materi diberikan untuk membekali calon pelatih agar mampu menerapkan metode latihan yang tepat, aman, dan sesuai dengan karakteristik peserta didik maupun atlet yang dibina.

Penyelenggaraan pelatihan ini juga menjadi bagian dari komitmen Akuatik Jakbar dalam mendorong peningkatan kualitas pelatih renang, khususnya di wilayah Jakarta Barat. Dengan semakin banyaknya pelatih yang memiliki kompetensi dan pemahaman kepelatihan yang baik, diharapkan pembinaan olahraga renang dapat berkembang secara lebih terarah dan berkelanjutan.

Suasana pelatihan berlangsung dengan antusias dan interaktif. Para peserta tidak hanya menerima materi, tetapi juga mendapatkan kesempatan untuk berdiskusi, bertukar pengalaman, serta memahami berbagai tantangan yang dihadapi dalam proses pembinaan olahraga renang.

Melalui kegiatan ini, Akuatik Jakarta Barat berharap para peserta dapat mengembangkan ilmu dan keterampilan yang diperoleh untuk diterapkan dalam kegiatan kepelatihan di lingkungan masing-masing. Selain meningkatkan kompetensi individu, pelatihan ini diharapkan turut berkontribusi dalam mencetak pelatih-pelatih renang yang profesional, berintegritas, dan mampu mendukung lahirnya atlet-atlet berprestasi di masa mendatang.

""Pelatihan ini menjadi salah satu bentuk nyata komitmen organisasi dalam membangun ekosistem olahraga akuatik yang berkualitas, mulai dari peningkatan kapasitas pelatih hingga pembinaan atlet secara berjenjang,"" papar Feryawan dalam rilis kepada detikSport."
Pentingnya Nge-gym Buat Pelaku Olahraga,https://sport.detik.com/sportstyle/d-8641153/pentingnya-nge-gym-buat-pelaku-olahraga,"Minggu, 30 Agu 2026 23:51 WIB","Tidak cuma atlet, para pelaku olahraga butuh melakukan latihan kebugaran agar tetap fit. Itulah mengapa ada yang namanya pusat kebugaran alias gym.

Gym bukan sesuatu yang baru di dunia olahraga. Gym biasanya dipakai untuk membentuk kondisi fisik yang mumpuni agar bisa berolahraga dengan baik. Bagi atlet ini tentu berkaitan dengan performa di lapangan dan prestasi.

Selain atlet, para pelaku olahraga pun kerap memaksimalkan gym untuk meningkatkan kekuatan, daya tahan, dan performa maksimal di arena. Bukan hanya untuk berolahraga, tapi juga aktivitas sehari-hari.

Maka jangan heran jika di era modern seperti sekarang, pusat kebugaran alias gym makin menjamur. Para pelaku usaha gym berlomba membuka pusat kebugaran demi menggalakkan hidup sehat di kalangan masyarakat.

Salah satunya dilakukan oleh Local Performance Gym yang baru membuka cabang Alam Sutera. Berlokasi di Lantai LG Basement Mall Alam Sutera, Tangerang, Local Perfomance Gym menggelar acara Local Performance Open House 18 Agustus.

Acara ini menjadi langkah awal Local Performance dalam membangun ruang fitness yang tidak hanya berfokus pada latihan, tetapi juga komunitas dan gaya hidup aktif. Mengusung semangat ""Come In. Move More. Perform Better."", Local Performance menghadirkan konsep open house yang memungkinkan pengunjung untuk datang, mencoba berbagai aktivitas, berinteraksi dengan komunitas, menikmati brand experience, serta mengenal lebih dekat fasilitas dan lingkungan gym.

Ferrianto Surya selaku Founder dan bagian dari manajemen Local Performance menyebut kehadiran Local Performance Gym bukan sekadar menghadirkan tempat baru untuk berolahraga, tetapi menjadi awal dari perjalanan bersama untuk membangun komunitas yang positif.

""Hari ini bukan hanya sekadar Open House, tetapi awal dari perjalanan baru bersama Local Performance Gym, sebuah tempat yang kami harapkan menjadi ruang untuk bergerak, berkembang, dan membangun komunitas yang positif,"" ujar Ferri dalam rilis kepadadetikSport.

Berbeda dari Open House gym pada umumnya, Local Performance Open House dirancang sebagai sebuah fitness experience yang melibatkan pengunjung secara langsung melalui berbagai aktivitas. Salah satu aktivitas utama adalah Local Performance Passport, di mana pengunjung dapat menyelesaikan lima misi sederhana selama berada di lokasi, mulai dari check-in, mengikuti Local Performance Challenge, menikmati brand dan community experience, hingga mengikuti social mission melalui The Local Wall.

Passport yang telah lengkap memberikan kesempatan kepada pengunjung untuk mengikuti Grand Prize Draw dengan berbagai hadiah dari brand partner. Selain itu, pengunjung juga dapat mengikuti Local Performance Challenge, sebuah kompetisi fitness yang menguji kemampuan peserta melalui beberapa station, yaitu Chest Press, Pull Up, Squat, dan Burpee.

Kompetisi ini terbuka untuk kategori pria dan wanita, dengan hadiah khusus bagi peserta dengan performa terbaik melalui leaderboard. Tidak hanya menguji kemampuan individu, Local Performance juga menghadirkan Community Best Costume sebagai bentuk apresiasi terhadap komunitas yang hadir.

Kompetisi ini menilai kreativitas, team spirit, local identity, dan crowd impact dari masing-masing komunitas. Untuk memperkaya pengalaman pengunjung, berbagai Brand & Community Experience turut hadir selama acara. Pengunjung dapat menikmati product sampling, brand activation, community activities, serta berbagai pengalaman dari partner yang ikut menjadi bagian dari Local Performance Open House.

Melalui acara Open House ini, Local Performance Gym ingin membangun lebih dari sekadar tempat untuk berolahraga. Local Performance hadir sebagai ruang bagi masyarakat untuk berlatih, bertemu, berkembang, dan menjadi bagian dari komunitas yang memiliki semangat untuk terus perform lebih baik.

""Local Performance hadir bukan hanya sebagai tempat untuk workout, tetapi sebagai tempat untuk membangun performance dan community. Kami ingin menciptakan lingkungan di mana setiap orang bisa datang, bergerak, berkembang, dan menjadi bagian dari Local,"" papar Ferri."
Campus League Badminton Lahirkan Talenta Baru,https://sport.detik.com/raket/d-8641072/campus-league-badminton-lahirkan-talenta-baru,"Minggu, 30 Agu 2026 23:45 WIB","Campus LeagueBadmintonRegional Semarang telah berakhir. Universitas Sebelas Maret (UNS) mendominasi dengan meraih tiga gelar juara.

Ajang ini bergulir di Polytron Stadium, Universitas Diponegoro dan tuntas pada Sabtu, 29 Agustus 2026, setelah berjalan empat hari.

Ada 149 student-athlete yang berpartisipasi. Mereka berasal dari 17 perguruan tinggi di Semarang, Yogyakarta, Surakarta, Surabaya, hingga Makassar.

""Badminton merupakan salah satu olahraga unggulan dari Indonesia dan itu sesuatu yang kita bersama ingin terus jaga. Campus League ingin berkontribusi paling tidak di level kampus,"" kata CEO Campus League, Ryan Gozali, dalam keterangan persnya.

""Campus League sebenarnya hadir di badminton untuk bisa menaungi talenta-talenta pebulutangkis yang sangat baik, tapi mungkin tidak bisa menembus ke Pelatnas. Ajang ini juga dirancang agar atlet tidak harus memilih antara olahraga dan pendidikan,"" sambungnya.

Dari total enam nomor pada kategori perorangan (individual), UNS mendominasi dengan meraih tiga gelar juara. Perguruan tinggi asal Surakarta itu memboyong tiga gelar melalui Adna Farrell Nugroho/Muhamad Khalil Munawar Abullah pada nomor ganda putra, Lintang Ari Rahmawati/Tanaya Yafiyah Darojat di nomor ganda putri, dan Adna Farrell Nugroho/Lintang Ari Rahmawati dari nomor ganda campuran.

Universitas Islam Indonesia (UII) berhasil menjadi juara di kategori beregu. UII akan kembali bersaing di Bandung untuk memperebutkan titel juara The Nationals.

""Kami berharap kehadiran Polytron dapat memberikan dukungan positif bagi para atlet sekaligus memperkuat semangat kebersamaan untuk terus melangkah dan menciptakan kebanggaan bagi Indonesia,"" kata Diantika, General Manager Corporate Communications Polytron."
Atlet Dunia Ramaikan Premiere Padel Indonesia,https://sport.detik.com/sportstyle/d-8641057/atlet-dunia-ramaikan-premiere-padel-indonesia,"Minggu, 30 Agu 2026 22:15 WIB","Bintang padel profesional asal Brasil,Lucas Bergamini, terkesan dengan antusiasme komunitas padel Indonesia saat berkunjung ke Jakarta.

Lucas hadir untuk memeriahkan rangkaian Premiere Padel Indonesia yang digelar di Jakarta pada 15-17 Agustus 2026. Kehadiriannya sekaligus menjadi kesempatan bagi penggemar untuk bertemu langsung dengan atlet profesional dunia tersebut.

""Ini pertama kali saya berada di Jakarta, di Indonesia, dan menurut saya ini adalah salah satu event terbaik dalam hidup saya,"" ungkap Lucas dalam keterangan tertulis.

""Bagi saya, diterima di sini adalah luar biasa dan tentu saja menarik untuk berlatih dan melakukan pertandingan yang baik dalam kehidupan saya sebagai atlet profesional,"" tambahnya.

Direktur Premiere Padel Indonesia, Eddy Putra, mengatakan kegiatan ini dalam upaya mendorong pertumbuhan olahraga padel di Indonesia. Salah satu agenda utamanya adalah Technical Premiere Padel League Indonesia, yang menjadi wadah seleksi pemain dari kategori Bronze dan Silver.

""Sejujurnya saya mengucapkan terima kasih kepada teman-teman media yang sudah hadir. Sebelumnya, tahun ini Hari Kemerdekaan di tanggal 17 Agustus. Ini salah satu hadiah dari Premiere Padel Indonesia, khususnya untuk menciptakan Padel League Indonesia,"" ujar Eddy Putra.

""Yang kami lakukan adalah menyeleksi pemain dari platform Bronze dan Silver. Pemenang dari setiap kategori nantinya akan bermain dengan Mr. Lucas sendiri,"" sambungnya.

Eddy Putra mengatakan bahwa Lucas Bergamini memiliki banyak fans di Indonesia. Mendatangkan Lucas Bergamini juga tidak mudah.

""Memang perlu effort yang lebih. Tapi kami meyakinkan beliau untuk bisa datang ke sini karena kami tahu antusiasme pemain padel di Indonesia sangat-sangat luar biasa. Fanpage Mr. Lucas di Indonesia ini bisa dibilang kedua paling besar sebelum Brazil,"" ujar Eddy."
Klasemen MotoGP 2026: Marc Marquez Pangkas Jarak dari Jorge Martin,https://sport.detik.com/moto-gp/d-8640965/klasemen-motogp-2026-marc-marquez-pangkas-jarak-dari-jorge-martin,"Minggu, 30 Agu 2026 20:08 WIB","Rider Ducati,Marc Marquez, memangkas jarak diklasemen MotoGP 2026dari Jorge Martin. Baby Alien menjadi pemenang di MotoGP Aragon 2026.

Dalam balapan di sirkuit Aragon, Spanyol, Minggu (30/8/2026) malam WIB, Marc Marquez menjadi pemenang MotoGP Aragon 2026 setelah melahap 23 lap dengan catatan waktu 41 menit 10,969 detik. Dengan tambahan poin penuh itu, rider berusia 33 tahun itu kini mengumpulkan 237 poin.

Raihan angka Marc Marquez itu berjarak 19 poin dari pebalap Aprilia Jorge Martin yang ada di posisi teratas. Dia finis kelima di MotoGP Aragon 2026 hingga mengileksi 256 poin. Sebelumnya, Marc Marquez berjarak 33 poin dari Jorge Martin.

Ada di posisi ketiga klasemen MotoGP 2026, Bezzecchi. Dia mencatatkan sebanyak 232 poin. Ada di posisi lima besar Fabio Di Giannantonio (208) dan Ai Ogura (203).

Berturut-turut di posisi 10 besar ada Pedro Acosta (189), Raul Fernandez (186), Francesco Bagnaia (143), Alex Marquez (128), dan Fermin Aldeguer (90).Klasemen MotoGP 2026selengkapnya bisa lihat di bawah ini.

1. Jorge Martin - 2562. Marc Marquez - 2373. Marco Bezzecchi - 2324. Fabio DI Giannantonio - 2085. Ai Ogura - 2036. Pedro Acosta - 1897. Raul Fernandez - 1868. Francesco Bagnaia - 1439. Alex Marquez - 12810. Fermin Aldeguer - 9011. Luca Marini - 8812. Enea Bastianini - 8413. Brad Binder - 7814. Diogo Moreira - 6415. Fabio Quartararo - 5516. Franco Morbidelli - 5317. Johann Zarco - 3618. Joan Mir - 2819. Jack Miller - 2820. Alex Rins - 2421. Toprak Razgatlioglu - 1422. Maverick Vinales - 1023. Iker Lecuona - 924. Augisto Fernandez - 625. Pol Espargaro - 3"
"MotoGP Aragon 2026: Juara Lagi, Marc Marquez Hat-trick Kemenangan",https://sport.detik.com/moto-gp/d-8640946/motogp-aragon-2026-juara-lagi-marc-marquez-hat-trick-kemenangan,"Minggu, 30 Agu 2026 19:48 WIB","Marc Marquezunjuk diri sebagai penguasa Aragon. Rider Ducati itu memenangiMotoGP Aragon 2026dan meraih hat-trick!

MotoGP Aragon 2026 berlangsung di Motorland Aragon, Minggu (30/8/2026) malam WIB. Marc mulanya sempat di belakangMarco Bezzecchi, tapi sebuah serangan pada lap keenam jadi momen kunci.

Bezzecchi tak pernah bisa menyerang balik dari serangan itu. SementaraPedro Acostayang sejak saat itu menguntit Marquez juga tak berdaya untuk melakukan serangan.

Marquez pun melintasi garis finis sebagai yang pertama. Acosta jadi runner-up dan Bezzecchi melengkapi jajaran podium.

Jalannya Balapan

Marquez langsung mencoba melesat ke depan seusai start, tapi Bezzecchi berhasil merebut kembali posisi di tikungan ketiga. Jorge Martin pada prosesnya juga menyalip Marquez, tapi dibalas lagi sebelum putaran pertama selesai.

Bezzecchi memimpin memasuki lap kedua, diikuti Marc Marquez dan Pedro Acosta. Martin cukup keteteran dan dilewati Alex Marquez yang mengambil posisi empat.

Lima putaran berlalu, Bezzecchi berhasil membuka jarak setengah detik atas Marc Marquez. Pedro Acosta masih menempel Marquez, diikuti Alex Marquez, Martin, dan Raul Fernandez.

Marquez menyalip Bezzecchi di akhir putaran enam setelah sempat beradu kencang di trek lurus. Pedro Acosta juga memanfaatkan momen itu untuk melewati Bezzecchi! Marquez memimpin dengan Acosta dan Bezzecchi di posisi 2-3.

Bezzecchi kesulitan mengikuti laju Marquez dan Acosta. Ia sudah berjarak 0,8 detik dari keduanya pada putaran ke-10.

Marquez tembus kisaran satu menit 46 detik pada putaran ke-13 dan 14 untuk coba memukul mundur Acosta. Serangan itu berhasil dan membuka jarak hingga satu detik.

Acosta tak mampu memulihkan jaraknya dengan sang pemimpin balapan. Posisi Bezzecchi, Alex Marquez, dan Martin di posisi 3-5 pun tak berubah hingga memasuki lima putaran terakhir.

Tak ada perubahan di lima posisi terdepan sampai balapan selesai. Fermin Aldeguer finis keenam, diikutip Fabio Di Giannantonio, Diego Moreira, Enea Bastianini, dan Brad Binder."
Hasil MotoGP Aragon: Marc Marquez Juara Lagi!,https://sport.detik.com/moto-gp/d-8640943/hasil-motogp-aragon-marc-marquez-juara-lagi,"Minggu, 30 Agu 2026 19:44 WIB","Rider Ducati,Marc Marquez, menjadi pemenang main race MotoGP Aragon 2026. Baby Alien memenangi perlombaan sengit dengan Pedro Acosta dan Marco Bezzecchi.

Dalam balapan di sirkuit Aragon, Spanyol, Minggu (30/8/2026) malam WIB, rider Aprilia, Bezzecchi, yang start terdepan. Front row dilengkapi oleh Marc Marquez dan Alex Marquez.

Bezzecchi bisa mempertahankan posisi terdepan, kendati sempat disalip Marc Marquez. Saat race berjalan dua lap, Bezzecchi terdepan disusul Marc Marquez, dan Pedro Acosta.

Race berjalan empat lap, Bezzecchi masih terdepan. Dia berjarak 0,701 detik dariMarc Marquezdi posisi kedua.

Marc Marquez bisa mendahului Bezzecchi pada lap keenam. Tak cuma disalip Marc Marquez, Bezzecchi juga bisa dilewati oleh Pedro Acosta.

Di sisa balapan, Marc Marquez tak terkejar. Dia mampu menjadi rider pertama yang menyentuh garis finis dalam 23 lap dengan catatan waktu 41 menit 10,969 detik.

Melengkapi podium ada pebalap KTM Pedro Acosta dan Bezzecchi. Sementara itu, rider Gresini Racing, Alex Marquez ada di posisi keempat. Posisi lima besar main race MotoGP Aragon dilengkapi oleh Jorge Martin.

Dengan hasil ini,Marc Marquezmencatatkan kemenangan tiga kali beruntun di MotoGP Aragon. Sebelumnya, dia juga menang di Aragon pada edisi 2024 dan 2025.

1. Marc Marquez - 41 menit 10,969 detik2. Pedro Acosta3. Marco Bezzecchi4. Alex Marquez5. Jorge Martin6. Fermin Aldeguer7. Fabio Di Giannantonio8. Enea Bastianini9. Diogo Moreira10. Brad Binder11. Jack Miller12. Joan Mir13. Alex Rins14. Luca Marini15. Johann Zaro16. Pol Espargaro17. Lorenzo Savadori18. Fabio Quartararo"
"Finis Kedua di Sprint Race MotoGP Aragon, Alex Marquez Puas",https://sport.detik.com/moto-gp/d-8640531/finis-kedua-di-sprint-race-motogp-aragon-alex-marquez-puas,"Minggu, 30 Agu 2026 17:15 WIB","RiderGresini Racing,Alex Marquez, finis kedua saat sprint race MotoGP Aragon 2026. Pebalap 30 tahun itu puas.

Saat balapan di Sirkuit Aragon, Sabtu (29/8/2026) malam WIB, Marc Marquez yang menjadi pemenang. Rider Ducati itu menyelesaikan balapan dengan durasi 19 menit 37,995 detik.

Alex Marquez finis 1,140 detik setelah Marc Marquez untuk mengamankan podium kedua. Posisi ketiga diamankan oleh pebalap Aprilia Marco Bezzecchi.

Setelah podium kedua saat sprint race MotoGP Jerman,Alex Marqueztak bisa mencapai podium sampai sprint race Aragon. Oleh karena itu, pantas kalau pebalap yang didukung oleh Bold Riders itu puas.

""Saya senang dengan podium ini. Semua orang memperkirakan duel antara Marc dan Marco, dan pada akhirnya kami berhasil ikut meramaikan pertarungan tersebut. Ini sangat mencerminkan gaya saya: tetap berada di balik layar sebelum mencoba mencuri perhatian,"" kata Alex Marquez seperti dikabarkan situs Gresini.

""Kami berhasil melakukannya hari ini, tetapi besok ceritanya akan sama sekali berbeda. Saya yakin Bezzecchi memiliki keunggulan lebih untuk jarak balapan penuh, begitu juga Marc. Kami masih sangat kesulitan di Sektor 3, meski situasi sedikit membaik saat balapan hari ini.""

""Kami akan mencoba sesuatu pada sesi pemanasan dan melihat apakah kami bisa ikut memperebutkan kemenangan besok,"" kataAlex Marquezmenambahkan."
"Moto3 Aragon 2026: Maximo Quiles Menang, Veda Ega Posisi Berapa?",https://sport.detik.com/moto-gp/d-8640747/moto3-aragon-2026-maximo-quiles-menang-veda-ega-posisi-berapa,"Minggu, 30 Agu 2026 16:35 WIB","Maximo Quilesjadi pemenangMoto3 Aragon 2026, finis di depanDavid Almansadan Marco Morelli.Veda Ega Pratamasempat menjanjikan tapi lantas merosot.

Veda Ega memulai balapan Moto3 Aragon, Miggu (30/8/2026) sore WIB, dari posisi 22. Ia langsung naik ke posisi 19 selepas start.

David Almansa memimpin di putaran pertama dan diikuti Maximo Quiles dan Marco Morelli. Tiga pebalap ini berada di grup terdepan.

Veda terus memperbaiki posisi dan sudah berada di peringkat ke-17 pada lap ketiga. Sementara Morelli terlempar ke posisi lima di belakang Alvaro Carpe dan Brian Uriarte. Tapi Uriarte lantas kenapa penalti long lap dan merosot ke posisi 10.

Jatuhnya Jesus Rios menjadi keuntungan buat Veda. Ia menutup putaran keenam di posisi 15. Almansa belum tersentuh sebagai pemimpin balapan.

Veda sempat melorot dua posisi, tapi merebut urutan 16 saat memasuki putaran ke-10. Quiles berhasil menyalip Almansa untuk mengambil alih posisi terdepan.

Sayangnya Veda kembali turun posisi dan pada lima putaran terakhir sudah terlempar ke nomor 20. Ia lantas kembali ke posisi start 22 di putaran berikutnya.

Almansa gas pol di tiga putaran terakhir untuk memangkas jarak dengan Quiles yang sempat menyentuh 0,9 detik. Meski sempat amat dekat, ia tak punya kesempatan untuk menyalip.

Quiles finis pertama, diikuti Almansa dan Morelli yang melengkapi tiga besar. Adapun Veda menuntaskan balapan di posisi 20."
Tebakannya Jitu! Ini 3 Pemenang yang Berhasil Kenali Motor Legendaris,https://sport.detik.com/moto-gp/d-8640696/tebakannya-jitu-ini-3-pemenang-yang-berhasil-kenali-motor-legendaris,"Minggu, 30 Agu 2026 15:55 WIB","Kalau Sal Priadi punya lagu Foto Kita Blur, kali ini bukan cuma foto yang dibuat blur. Dalam kuis Bold Riders bersama detikcom, para detikers justru ditantang menebak motor yang diblur sekaligus rider legendaris yang pernah mengendarainya.

Kuis Tebak Jenis Motor dan Rider Legendarisnya berlangsung pada 26-28 Agustus 2026. Para penggemar MotoGP dan otomotif pun diajak menguji ingatan mereka untuk mengenali motor dan sosok rider yang pernah menggunakannya di lintasan.

Jawaban yang masuk pun cukup beragam. Ada detikers yang langsung yakin dengan tebakannya, sementara yang lain mungkin harus mengingat kembali motor dan rider yang pernah mereka lihat berlaga di lintasan.

Setelah seluruh jawaban diperiksa sesuai ketentuan, akhirnya terpilih tiga detikers yang berhasil memberikan jawaban dengan tepat.

Berikut nama-nama pemenangnya:

@callmeverdi

@rizaldi773_

@ralkausarr

Masing-masing pemenang mendapatkan saldo e-wallet senilai Rp 250 ribu.

[Gambas:Instagram]

Selamat kepada para pemenang! Tim detikcom akan menghubungi masing-masing pemenang untuk proses verifikasi data dan informasi lebih lanjut mengenai hadiah.

Buat yang belum berhasil, jangan berkecil hati. Masih ada kuis dan aktivitas seru lainnya dari Bold Riders yang bisa kamu ikuti.

Jangan lupa follow Instagram @boldriders untuk mendapatkan update seputar MotoGP, konten otomotif, dan informasi event motor lainnya."
"Antusiasme Warga Tak Surut, CFD Bekasi Dipadati Pesepeda hingga Pelari",https://sport.detik.com/fotosport/d-8640444/antusiasme-warga-tak-surut-cfd-bekasi-dipadati-pesepeda-hingga-pelari,"Minggu, 30 Agu 2026 12:30 WIB","Bekasi- Antusiasme warga berolahraga tetap tinggi di CFD Jalan Ahmad Yani, Kota Bekasi. Pesepeda hingga pelari memenuhi ruas jalan sejak pagi."
"Marc Marquez Kuasai Daftar Juara Sprint Race MotoGP, Sudah 20 Kemenangan!",https://sport.detik.com/moto-gp/d-8640390/marc-marquez-kuasai-daftar-juara-sprint-race-motogp-sudah-20-kemenangan,"Minggu, 30 Agu 2026 11:45 WIB","Marc Marquez menegaskan dominasinya di ajang Sprint MotoGP. Kemenangan pada Sprint MotoGP Aragon 2026 membuat rider Ducati itu menjadi pembalap pertama yang tembus 20 kemenangan Sprint Race sejak format tersebut diperkenalkan pada 2023.

Marc sebelumnya berbagi posisi teratas dengan Jorge Martin yang sama-sama mengoleksi 19 kemenangan Sprint. Tapi kemenangan di MotorLand Aragon, Sabtu (29/8/2026), membuat Marc kini sendirian bertengger di puncak.

Pada Sprint Race MotoGP Aragon 2026, Marc Marquez tampil dominan. Ia merebut posisi terdepan sejak awal dan finis di depan sang adik, Alex Marquez. Marco Bezzecchi yang start dari pole position harus puas di posisi ketiga.

Jorge Martin, yang sebelumnya memenangi Sprint di Silverstone, hanya finis kelima. Ia berada di belakang Pedro Acosta dan Fermin Aldeguer.

Balapan Sprint MotoGP mulai digelar pada 2023. Sejak saat itu, ada 11 pembalap yang sudah pernah memenangi balapan Sprint.

Tiga nama paling dominan adalah Marc Marquez, Jorge Martin, dan Francesco Bagnaia. Ketiganya juga merupakan juara dunia MotoGP dalam tiga musim terakhir sebelum 2026: Bagnaia pada 2023, Martin pada 2024, dan Marc pada 2025.

Bagnaia kini berada di posisi ketiga daftar rider dengan jumlah kemenangan sprint race paling banyak dengan 14 kemenangan. Alex Marquez menyusul di urutan keempat dengan enam kemenangan, sedangkan Marco Bezzecchi melengkapi lima besar dengan empat kemenangan."
"Jadwal MotoGP Aragon 2026: Race Utama Minggu Malam, Sore Ada Moto3!",https://sport.detik.com/moto-gp/d-8640220/jadwal-motogp-aragon-2026-race-utama-minggu-malam-sore-ada-moto3,"Minggu, 30 Agu 2026 09:45 WIB","Simak di sini jadwal MotoGP Aragon 2026 untuk hari Minggu (30/8/2026), termasuk waktu race Moto3 yang melibatkan Veda Ega Pratama.

Rangkaian agenda MotoGP Aragon menyisakan momen-momen klimaks yang akan digelar pada hari ini. Sebelumnya, Motorland Aragon sudah menghadirkan sesi-sesi mulai dari latihan, kualifikasi, hingga sprint race.

Hasil kualifikasi MotoGP Aragon 2026 menempatkan Alex Marquez di posisi ketiga, dengan Marc Marquez menempati posisi kedua. Marco Bezzecchi meraih pole.

Dalam sprint race, ketiganya menjadi rider-rider tercepat meski dengan susunan yang berbeda. Marco Bezzecchi finis ketiga, di belakang Alex Marquez yang finis kedua. Sedangkan Marc Marquez menjadi pemenang sprint race MotoGP Aragon.

Sedangkan di Moto3, Veda Ega harus puas start dari posisi ke-22. Rider Indonesia itu akan berpacu meraih hasil terbaik dalam balapan pada hari Minggu (30/8) sore WIB."
"Ikut Charity Fun Run Ini Bisa Dapat Jersey, Medali, Kesempatan Umroh Gratis",https://sport.detik.com/sportstyle/d-8640227/ikut-charity-fun-run-ini-bisa-dapat-jersey-medali-kesempatan-umroh-gratis,"Minggu, 30 Agu 2026 09:21 WIB","Mau olahraga akhir pekan tapi bosan cuma keringetan tanpa dampak apa-apa? Shiratha Launching & Charity Fun Run for Buya Hamka bisa jadi jawabannya. Setiap langkah larimu di acara ini bukan cuma bikin badan sehat, tapi juga ikut mendanai pelestarian situs bersejarah seorang ulama besar Indonesia.

Charity fun run Jakarta 2026 ini digelar pada hariMinggu, tanggal13, bulanSeptember, tahun2026, mulai pukul05.30 WIB hingga 10.30 WIB, berlokasi diParkir Selatan GBK, depan Lapangan Softball, Jakarta Pusat. Rutenya ramah untuk pelari pemula maupun yang sudah terbiasa ikut event lari akhir pekan.

Konsep acara ini sederhana namun berdampak besar. Seluruh hasil penjualan tiket dialokasikan langsung untuk program Restorasi Kampung Buya Hamka, sebuah upaya menjaga warisan sejarah agar tidak hilang ditelan zaman. Jadi larimu bukan cuma buat diri sendiri, tapi juga buat generasi berikutnya yang ingin belajar dari jejak sang ulama.

Peserta juga dimanjakan dengan fasilitas lengkap, jersey eksklusif Shiratha, medali finisher, refreshment, hingga kesempatan memenangkan Grand Prize Umroh Gratis lewat aplikasi Shiratha. Kombinasi sehat, berbagi, dan hadiah besar ini jarang ditemukan di event lari pada umumnya.

Kuota peserta charity fun run Jakarta 2026 ini terbatas dan pendaftaran akan ditutup pada 31 Agustus 2026 pukul 23.30 WIB.

Lokasi start di GBK tergolong strategis dan mudah dijangkau lewat transportasi umum maupun kendaraan pribadi, cocok buat kamu yang ingin memulai akhir pekan dengan kegiatan positif.

Event ini terbuka untuk pelari solo, pasangan, maupun rombongan komunitas. Semakin banyak yang ikut, semakin besar dampak donasi untuk Restorasi Kampung Buya Hamka.

Yuk amankan slotmu sekarang didetikeventsebelum pendaftaran ditutup."
Bezzecchi Kalah Bukan karena Pilihan Ban,https://sport.detik.com/moto-gp/d-8640131/bezzecchi-kalah-bukan-karena-pilihan-ban,"Minggu, 30 Agu 2026 07:50 WIB","Jadi pole sitter,Marco Bezzecchigagal bersaing denganMarc Marquez. Bezzecchi tak yakin hasilnya lebih baik jika memilih ban yang sama dengan Marquez.

Padasprint race MotoGP Aragon 2026, Bezzecchi start di depan Alex Marquez dan Marc Marquez. Rider Aprilia itu memilih memakai ban belakang lunak, sedangkan Marquez bersaudara dan sebagian besar pebalap yang start di tiga baris terdepan memilin memakai ban medium.

Hasilnya, Bezzecchi langsung disalip Marc Marquez di tikungan 1 setelah start. Bezzecchi bahkan melorot ke peringkat tiga setelah disusul Alex Marquez. Situasi ini bertahan sampai lomba berakhir, Bezzecchi melintasi garis finis dengan selisih dua detik dari Marc Marquez.

Marco Bezzecchimenilai, dirinya belum tentu bisa menyaingi Marc Marquez seandainya memilih ban belakang lunak. Bezzecchi tinggal memperbaiki performanya di grand prix MotoGP Aragon 2026., malam ini (30/8).

""Sekarang jadi lebih mudah mengatakan bahwa ban [belakang] medium lebih baik,"" sebut pebalap motor Italia itu dilansirCrash.

""Namun, terus terang saja ide ini benar-benar tidak pernah terlintas di dalam pikiranku karena aku merasa nyaman dengan ban lunak, jadi aku bekerja dengan baik sepanjang hari dengan ban lunak, jadi tadi aku cukup yakin.""

""Aku tidak yakin bahwa dengan ban medium aku bisa menjalani balapan lebih baik. Terus terang, aku lebih yakin bahwa aku justru bisa saja lebih buruk. Jadi buatku, untuk diriku sendiri, tadi itu pilihan yang bagus,"" lugasMarco Bezzecchi."
Kejurnas MotoPrix 2026 Asah Talenta Pebalap Nasional,https://sport.detik.com/sport-lain/d-8640053/kejurnas-motoprix-2026-asah-talenta-pebalap-nasional,"Minggu, 30 Agu 2026 04:55 WIB","Talenta tanpa usaha merupakan kesia-siaan. Untuk itulahKejuaraan Nasional (Kejurnas MotoPrix) 2026ada demi mengasah kemampuan para pebalap nasional.

Kejurnas yang bertajuk Pertamax Turbo MotoPrix itu dilangsungkan di Sirkuti Gery Mang, Subang, Jawa Barat, 29-30 Agustus. Ajang ini digelar tidak cuma untuk menggairahkan olahraga otomotif Indonesia, tapi juga panggung persiapan para pebalap terbaik sebelum terjun di level berikutnya.

Sebagaimana balapan motor pada umumnya, inovasi serta performa tinggi selalu jadi tuntutan untuk setiap pebalap. Maka dari itu setiap pebalap harus bisa mencari teknologi sebaik mungkin demi meningkatkan performa motor.

Di Kejurnas MotoPrix 2026 ini, para pebalap berupaya mencari settingan motor sebaik mungkin demi mencapai target yang dicapai. Itulah mengapa Pertamax Turbo menjadi sponsor utama karena komitmen Pertamina Patra Niaga dalam menyediakan bahan terbaik kelas satu.

""Kami melihat MotoPrix sebagai ajang penting dalam mencetak dan mengembangkan pembalap-pembalap nasional berprestasi. Melalui Pertamax Turbo, kami ingin terus hadir mendukung para pembalap dan seluruh ekosistem otomotif untuk mencapai performa terbaik di lintasan,"" ujar VP Corporate Communication Pertamina Patra Niaga, Kitty Andhora, dalam rilis kepadadetikSport.

Menurut Kitty, olahraga balap motor memiliki karakteristik yang erat dengan inovasi, performa, dan teknologi, nilai-nilai yang juga menjadi karakteristik Pertamax Turbo sebagai BBM beroktan tinggi yang dirancang untuk mendukung kendaraan dengan teknologi mesin modern.

Selain menjadi official fuel partner, kehadiran Pertamax Turbo dalam MotoPrix 2026 juga memperkuat posisi produk sebagai bagian dari ekosistem otomotif nasional, khususnya pada kegiatan yang menuntut performa kendaraan secara optimal.

""Pertamax Turbo menjadi official fuel partner dalam Kejurnas MotoPrix 2026. Kehadiran kami dalam ajang ini merupakan wujud komitmen Pertamina Patra Niaga untuk mendukung perkembangan olahraga otomotif nasional melalui penyediaan BBM berkualitas yang sesuai dengan kebutuhan kendaraan berperforma tinggi."""
Strategi Berisiko yang Menangkan Marc Marquez,https://sport.detik.com/moto-gp/d-8640055/strategi-berisiko-yang-menangkan-marc-marquez,"Minggu, 30 Agu 2026 04:35 WIB","Marc Marquezmengakui, overtaking kepadaMarco Bezzecchimemang berisiko. Namun, Marquez berkukuh bahwa itu satu-satunya cara mengalahkan sang rival.

Pebalap Ducati itu tampil dominan sebelum memenangi sprint raceMotoGP Aragon 2026. Berlomba di MotorLand Aragon pada Sabtu (29/8) malam WIB, Bezzecchi jadi pole sitter di depan Marquez bersaudara.

Marc Marquez, yang start dari grid kedua, langsung menyalip Bezzecchi di tikungan pertama. Alex Marquez menyodok di belakang kakak kandungnya itu, Bezzecchi jadi melorot di posisi ketiga.

Pebalap Ducati itu berhasil mempertahankan posisinya di sisa balapan, sekaligus meraih kemenangan sprint race ke-20 di dalam kariernya.Marc Marquezmenyudahi balapan pendek dengan selisih 1,1 detik dari Alex dan 2 detik dariMarco Bezzecchi.

Usai balapan, Marquez mengungkapkan menyerang Bezzecchi memang jadi rencananya sejak awal. Meskipun itu manuver berisiko.

""Ketika aku melihat Marco memulai balapan dengan ban lunak, itu adalah satu-satunya kesempatanku, menyerang di tikungan pertama,"" ucap dia di Crash. ""Itulah yang kulakukan, itu adalah rencanaku, sekalipun seandainya startku enggak terlalu bagus.""

""Tapi memang jadi rencanaku untuk menyerang di sana di tikungan pertama. Aku tahu itu adalah tikungan di mana aku merasa kuat, dan kemudian ketika Anda memimpin balapan, Anda bisa mengendalikan [kecepatan] lebih baik.""

""Saat Anda cuma punya satu pebalap di depan, mudah untuk menyerang dengan cara seperti itu. Ketika si pebalap di depan mengerem, Anda mengerem sedikit terlambat. Dan jika Anda melakukan kesalahan, ada area run-off. Jadi, yeah, memang itu adalah manuver yang berisiko, tapi ini bagian dari balapan,""Marc Marquezmenambahkan."
"PABKI Catatkan Rekor MURI, Tancapkan 600 Pisau!",https://sport.detik.com/sportstyle/d-8640052/pabki-catatkan-rekor-muri-tancapkan-600-pisau,"Minggu, 30 Agu 2026 03:55 WIB","Persatuan Olahraga Akurasi Bilah dan Kapak Indonesia (PABKI) baru saja masuk buku Museum Rekor Indonesia (MURI), yakni 600 bilah pisau tertancap bersamaan.

Bagi Anda yang belum tahu PABKI, organisasi ini membawahi olahraga lempar pisau dan kapak yang masuk dalam daftar olahraga rekreasi Indonesia. Organisasi ini didirikan pada 2021 di Mako Brimob, Kelapa Dua, Depok, Jawa Barat.

Viktor Alexander Lateka yang merupakan perwira tinggi Polri berpangkat Brigadir Jenderal ditunjuk jadi ketua umum periode 2026-2030. Sebagai organisasi olahraga, PABKI tentu punya sejumlah agenda turin setiap tahunnya.

Salah satunya adalah Kejurnas Lempar Pisau dan Kapak yang diikuti ratusan atlet dari berbagai daerah di Kiara Artha Park, Bandung, 29-30 Agustus. Saat upacara pembukaan, panitia melakukan pemecahan rekor berupa penancapan 600 pisau di papan.

Pemecahan rekor melibatkan lebih dari 300 pelempar dari 15 kontingen provinsi di Indonesia. Setiap peserta menggunakan satu set perlengkapan standar kompetisi yang terdiri atas empat bilah pisau lempar.

Ketua Harian PABKI Hendri Jay Agustian mengatakan aksi tersebut menjadi pencapaian penting bagi perkembangan olahraga lempar pisau dan kapak di Indonesia. Bahkan, dia menyebut kegiatan tersebut merupakan yang pertama kali dilakukan dalam skala tersebut di dunia.

""Kegiatan MURI yang kami laksanakan ini bisa dikatakan pertama kali di dunia, bukan hanya di Indonesia. Kami memaksimalkan 600 lemparan menancap di target putih. Ini menjadi bukti simbolis betapa masifnya perkembangan olahraga ini di tanah air,"" kata Hendri dalam keterangan kepadadetikSport.

Dalam proses penilaian rekor, PABKI bersama tim MURI menerapkan pengawasan ketat untuk memastikan setiap lemparan yang sah tercatat. Setiap pisau yang berhasil menancap di papan sasaran dihitung sebagai satu poin.

Bahkan, pisau yang sempat menancap kemudian terjatuh akibat tertimpa lemparan berikutnya tetap dinyatakan sah. Penghitungan tersebut dilakukan berdasarkan pengawasan asisten juri yang ditempatkan di sisi kiri dan kanan papan sasaran.

Usai pemecahan rekor, kegiatan dilanjutkan dengan Kejurnas Lempar Pisau dan Kapak yang berlangsung selama dua hari. Sebanyak 12 kelas dipertandingkan untuk memperebutkan total 72 gelar juara.

Kejurnas tersebut menggunakan sistem open tournament. Sekitar 85 hingga 90 persen peserta merupakan anggota resmi PABKI, sedangkan sisanya berasal dari pelempar umum nonanggota.

Hendri mengatakan komunitas olahraga lempar pisau dan kapak telah aktif menggelar berbagai kejuaraan sejak 2010. Namun, Kejurnas kali ini menjadi momentum penerapan tata kelola kompetisi yang lebih profesional, termasuk penyelenggaraan siaran langsung secara daring.

Siaran langsung tersebut turut dipantau sekitar 50 hingga 100 pelempar profesional dari berbagai negara. PABKI juga memanfaatkan momentum tersebut sebagai tahap awal penjaringan atlet internasional menjelang Piala Dunia Lempar Pisau yang direncanakan digelar di Indonesia akhir 2027.

Di sisi lain, PABKI tengah menyelesaikan finalisasi administrasi untuk bergabung secara resmi di bawah naungan Komite Olahraga Nasional Indonesia (KONI).

Hendri menyebut seluruh kelengkapan tata kelola dan persyaratan organisasi telah dipenuhi. Kejurnas kali ini menjadi salah satu momentum penting dalam proses tersebut.

Ke depannya, PABKI menargetkan jumlah partisipasi atlet meningkat hingga tiga kali lipat. Target itu diharapkan dapat memperkuat posisi Indonesia sebagai salah satu negara dengan kekuatan utama dalam olahraga lempar pisau di tingkat internasional."
Obor Menyala! Indonesia Siap Berlaga di Asian Games 2026,https://sport.detik.com/fotosport/d-8639993/obor-menyala-indonesia-siap-berlaga-di-asian-games-2026,"Sabtu, 29 Agu 2026 22:42 WIB",Jakarta- Sebanyak 432 atlet membela Indonesia di Asian Games Aichi-Nagoya 2026. NOC mengadakan Tim Indonesia Day untuk membakar semangat kontingen sebelum bertanding.
Bilal Hasan Ucap Syukur Usai Menangi Debut UFC: Alhamdulillah,https://sport.detik.com/sport-lain/d-8639883/bilal-hasan-ucap-syukur-usai-menangi-debut-ufc-alhamdulillah,"Sabtu, 29 Agu 2026 22:30 WIB","Bilal Hasanbisa memenangi debut duelnya diUFC. Fighter berdarah Indonesia itu langsung mengucap Alhamdulillah.

Bilal mentas di UFC usai memenangi Dana White's Contender Series. Ia kemudian tampil melawan Nilson Rojas di UFC Fight Night 286 atau UFC Shanghai.

Bertarung di Shanghai Aquatic Sports Center, Sabtu (29/8/2026), Bilal menang KO di ronde kedua. Pukulan kerasnya bikin Rojas terhuyung dan dihujani pukulan, memaksa wasit menghentikan duel.

Usai duel itu, Bilal mengaku senang. Meski kesulitan, ia yakin kemenangan ini jadi hasil atas kesabaran dan dukungan dari orang-orang di sekitar.

Bilal Hasan, yang juga mengidolai Michael Jackson, tak lupa memberi salam bagi idolanya. Kebetulan, hari pertarungan perdananya diUFCbertepatan dengan ulang tahun mendiang Raja Pop tersebut.

""Halo, China! Saya cinta kamu, Shanghai! Selamat ulang tahun, Michael Jackson!' katanya di Oktagon.

""Ya, ini lebih sulit daripada yang saya kira. Saya tahu dia akan menyulitkan. Dia tidak pernah kalah sebelumnya. Kita berdua memiliki rekor yang sama.""

""Tapi saya percaya pada kemampuan saya dan saya percaya pada tim saya. Hormat kepada Charles Pearson, Ryan Diaz, dan juga ayah saya di tempat saya. Ini bukan soal di mana Anda berada, tapi bersama siapa,"" katanya.

""Saya percaya dengan orang-orang di sekitar saya. Saya percaya dengan tujuan Tuhan. Saya benar-benar merasakan. ini adalah tujuan dalam hidup saya. Alhamdulillah. Saya percaya dengan prosesnya dan paling penting, saya menikmatinya,"" katanya.

Hasil ini bikin Bilal menyamai rekor Jeka Saragih, fighter Indonesia yang juga menang pada debutnya di UFC. Jeka menang pada 2023.

Saat itu, Jeka tampil pada preliminary card duel UFC Fight Night di Las Vegas. Jeka melawan Lucas Alexander, dan juga menang KO di ronder pertama."
Klasemen MotoGP 2026 Usai Marc Marquez Juara Sprint Race Aragon,https://sport.detik.com/moto-gp/d-8639920/klasemen-motogp-2026-usai-marc-marquez-juara-sprint-race-aragon,"Sabtu, 29 Agu 2026 20:56 WIB","Marc MarquezmemenangiSprint Race MotoGP Aragon 2026. The Baby Alien naik ke posisi tiga, berikut updateklasemen MotoGPsementara.

Marquez melesat di Sprint Race yang berlangsung di Motorland Aragon, Sabtu (29/8). Rider Ducati Lenovo Team itu tak terbendung sejak awal.

Start dari posisi dua, Marquez langsung merebut peringkat pertama race sejak tikungan pertama. Setelahnya, rider Spanyol itu tak terkejar Alex Marquez dan Marco Bezzecchi.

Kemenangan ini bikin Marquez sementara mengemas 212 poin, menyalip Ai Ogura (203). Juara dunia tujuh kali itu masih di bawah Jorge Martin (245) dan Bezzecchi (216).

Artinya,Marc Marquezberpeluang menggeser Bezzecchi dari posisiklasemen MotoGPandai memenangi race pada Minggu (30/8).

Di bawahnya, Fabio Di Giannantonio masih tertahan di peringkat lima dengan 199 poin, usai gagal menyelesaikan sesi sprint. Kenudian disusul Raul Fernadnez di peringkat 6 dengan 186, Pedro Acosta (169), Francesco Bagnaia ( 143), Alex Marquez (115) dan Luca Marini (86).

Berikut Update Poin di Klasemen MotoGP 2026 Usai Sprint Race Aragon

Jorge Martin 245

Marco Bezzecchi 216

Marc Marquez 212

Ai Ogura 203

Fabio Di Giannantonio 199

Raul Fernandez 186

Pedro Acosta 169

Francesco Bagnaia 143

Alex Marquez 115

Luca Marini 86

Aldeguer 80

Bastianini 76

Binder 72

Moreira 57

Quartararo 55

Johann Zarco 35

Joan Mir 29

Jack Miller 23

Toprak Razgatlioglu 14

Maverick Vinales 10

Iker Lecuona 9

Augusto Fernandez 6

Pol Esparagaro 3

Cal Crutchlow 0

Jonas Folger 0

Michele Pirro 0

Lorenzo Savadori 0"
"Hasil Sprint Race MotoGP Aragon 2026: Ngacir, Marc Marquez Juaranya!",https://sport.detik.com/moto-gp/d-8639880/hasil-sprint-race-motogp-aragon-2026-ngacir-marc-marquez-juaranya,"Sabtu, 29 Agu 2026 20:28 WIB","Marc Marquezkeluar jadi pemenangSprint Race MotoGP Aragon 2026.Rider Ducati itu ngacir sejak start dan tak terbendung hingga finis.

Di Sirkuit Aragon, Sabtu (28/8/2026), Bezzecchi memulai start dari baris terdepan, menyusul sukses merebut pole di kualifikasi. Rider Aprilia itu langsung mendapat perlawanan sengit dari Marquez bersaudara, Marc dan Alex, yang berada di belakangnya.

Di tikungan pertama, Marc Marquez langsung menyalip Bezzecchi. Kemudian Alex juga merangsek ke posisi dua, menggeser rider Italia melorot ke posisi tiga.

Pada lap pertama, ada juga rider yang terjatuh. Luca Marini crash di Turn 7, dan harus menghentikan sesi.

Usai memimpin, Marc Marquez langsung melesat di depan. Ia langsung unggul beberapa detik dari Alex, dan meninggalkan Bezzecchi.

Di bawahnya, persaingan lebih seru. Pedro Acosta bisa melesat ke posisi empat, mengungguli persaingan dengan Raul Fernandez, Diogo Moreira, dan Jorge Martin.

Hingga interval sesi, Marquez bersaudara cukup nyaman di depan. Sementara Fabio Quartararo harus menyudahi aksinya pada lap ke-6, usai motor Yamaha-nya ngebul.

Hingga 11 lap tuntas, Marc Marquez akhirnya tak terkejar dan tetap finis pertama. Disusul Alex Marquez, dan Bezzecchi finis ketiga.

Acosta finis kempat, disusul Jorge Martin dan Fermin Aldeguer.

Hasil Sprint Race

Marc Marquez

Alex Marquez

Marco Bezzecchi

Pedro Acosta

Jorge Martin

Fermin Aldeguer

Diogo Moreira

Raul Fernandez

Johann Zarco

Jack Miller

Francesco Bagnaia

Alex Rins

Toptak Razgatlioglu

Enea Bastianini

Brad Binder

Joan Mir

Pol Espargaro

Franco Morbidelli

Lorenzo Savadori

Out

Fabio Quartararo

Fabio Diggia

Luca Marini"
Hasil UFC Shanghai: Umar Nurmagomedov Kalah KO,https://sport.detik.com/sport-lain/d-8639850/hasil-ufc-shanghai-umar-nurmagomedov-kalah-ko,"Sabtu, 29 Agu 2026 19:54 WIB","Umar NurmagomedovhadapiSong YadongdalamUFC Shanghai.Umar kalah KO!

UFC Fight Night: Nurmagomedov vs Song dalam UFC Shanghai digelar di Oriental Sports Center, Sabtu (29/8). Duel utama di kelas bantam UFC, Umar Nurmagomedov di ranking ketiga kontra Song Yadong di ranking keenam.

Umar Nurmagomedovlepas leg kick di awal ronde pertama. Song juga lancarkan tendangan ke badan. Jual beli tendangan pun terjadi.

Umar menyerang single leg takedown untuk jatuhkan Song. Song lantas mencoba guillotine, Umar bisa bertahan.

Dalam posisi ground and pound, Umar coba cari posisi terbaik di atas. Song bikin Umar sibuk dengan lepas pukulan.

Song akhirnya cepat bisa lepas, kembali pertarungan atas. Jual beli pukulan satu dua terjadi.

Lanjut ronde kedua, diawali jual beli tendangan. Song bisa bertahan dari double leg takedown Umar.

Dua jab Umar masuk, pelipis Dong berdarah. Selanjutnya Song lepas jebakan dari pukulan jab, Umar menunduk, dan setingan pukulan upper cut yang baru maju setengah sudah kena bagian kanan kepala Umar.

Umar terjatuh dan kalah KO! Umar bahkan sampai terlihat tidak sadarkan diri dan darah mengalir deras dari telinganya.

Song menang di ronde kedua. Sementara Umar, dirinya raih kekalahan kedua dalam karier MMA profesional."
Kevin Caesario Bawa Indonesia Ukir Sejarah di Golfpreneur Tournament 2026,https://sport.detik.com/sport-lain/d-8639826/kevin-caesario-bawa-indonesia-ukir-sejarah-di-golfpreneur-tournament-2026,"Sabtu, 29 Agu 2026 19:40 WIB","CiputraGolfpreneur Tournament 2026 telah tuntas. Kevin Caesario Akbar membuat sejarah sebagai pegolf Indonesia pertama yang mampu juara di ajang tersebut.

Pertandingan final ini berlangsung di Damai Indah Golf-BSD Course, Serpong, Banten, Sabtu (29/8/2026). Kevin berhasil mencetak birdie di hole 18, yang mengantarkannya menjadi juara dengan skor 263 atau 25-under, menyamakan rekor skor terendah yang sebelumnya dipatok oleh Matt Killen, juara tahun lalu.

Kevin mendedikasikan kemenangan ini untuk anaknya. Kevin pada Juli lalu telah resmi menjadi seorang ayah setelah istrinya melahirkan anak laki-laki.

""Kalau mengingat permainan tiap hole rasanya sulit dipercaya karena banyak putting jarak jauh yang masuk, lalu bisa chip-in eagle, jadi bersyukur sih. Tadi setelah selesai bermain, ada teman yang berceletuk, 'Ini rejeki anak,' dan rasanya benar sekali,"" ujar Kevin dalam rilis yang diterima detikSport.

Kevin mengaku sama sekali tidak terpikir akan menang. Dia cuma berusaha bermain seperti biasa, fokus pada setiap pukulannya.

""Ketika tiba di hole terakhir, sebelum melakukan pukulan ketiga dan melihat papan klasemen, saya mulai berpikir kalau ada peluang menang. Tapi saya memerlukan birdie di hole terakhir, dan alhmadulilah dapat birdie dengan putting dari jauh, jadi lumayan deg-degan,"" Kevin mengungkapkan.

""Terima kasih kepada istri, papa saya, Ciputra Golfpreneur Foundation, para sponsor, dan semua yang sudah mendukung saya. Kemenangan ini saya dedikasikan untuk anak saya,"" kata Kevin usai menerima trofi.

Ciputra Golfpreneur Tournament diselenggarakan sejak tahun 2014. Tahun ini merupakan edisi ke-11 setelah sempat absen pada tahun 2020 dan 2021 akibat pandemi Covid-19.

Setiap edisi dimenangkan oleh juara dari negara-negara yang berbeda. Edisi pertama dimenangkan oleh James Bryne (Skotlandia), diikuti Michael Trant (Vietnam), Oscar Zetterwall (Swedia), Masaru Takashi (Jepang), Miguel Carballo (Argentina), Tom Kim (Korea Selatan), Suteepat Prateeptienchai (Thailand), Yuvraj Sing Sandhu (India), Liu Yung Hua (China Taipei), dan Matt Killen (Inggris).

""Selamat kepada semua pemain yang sudah menunjukkan semangat berkompetisi. Dari 11 edisi turnamen ini diselenggarakan, juaranya selalu berasal dari negara yang berbeda dan sekarang giliran Indonesia,"" kata Budiarsa Sastrawinata selaku Pendiri dan Ketua Dewan Pembina Ciputra Golfpreneur Foundation."
"Menangi Debut UFC, Bilal Hasan Samai Rekor Jeka Saragih",https://sport.detik.com/sport-lain/d-8639771/menangi-debut-ufc-bilal-hasan-samai-rekor-jeka-saragih,"Sabtu, 29 Agu 2026 19:10 WIB","Bilal Hasanmenang pada debutnya diUFC. The IndoNinja menyamai catatanJeka Saragihsebagai fighter berdarah Indonesia yang langsung menang di oktagon.

Bilal Hasan menjadi fighter berdarah Indonesia kedua yang mentas di UFC. Ia lolos ke ajang MMA terpopuler itu usai menang di ajang Dana White's Contender Series.

Tampil di UFC, Bilal langsung masuk line up pertarungan utama (main card) dengan melawan Nilson Rojas di UFC Fight Night 286 atau UFC Shanghai 2026. Ia meramaikan pertarungan utama yang pertemukan Umar Nurmagomedov vs Song Yadong di Shanghai Aquatic Sports Center, Sabtu (29/8).

Melawan Rojas, Bilal tampil agresif sejak awal. Ia banyak menekan lawannya ke sudut, dan beberapa kali bisa merebahkannya ke kanvas.

Setelah ronde pertama berakhir,Bilal Hasanmelanjutkan tekanannya di ronde kedua. Pada menit 2:27, Bilal akhirnya bisa merobohkan Rojas.

Sebuah punches keras tangan kanannya menghantam wajah Rojas. Lawan asal Chile itu langsung ambruk, dan Bilal menghujaninya dengan pukulan lagi.

Wasit langsung menyetop Bilal melanjutkan serangannya. Rojas dinyatakan kalah, dan Bilal pemenangnya!

Hasil ini bikin Bilal menyamai rekor Jeka Saragih, fighter Indonesia yang juga menang pada debutnya di UFC. Jeka menang pada 2023.

Saat itu, Jeka tampil pada preliminary card duel UFC Fight Night di Las Vegas. Jeka melawan Lucas Alexander, dan menang KO di ronder pertama.Usai kemenangan itu, Jeka dua kali lagi tampil di UFC melawan Westin Wilson dan Yoo Joo-sang. Dua laga itu berakhir kekalahan KO dan submission.BagiBilal Hasan, kemenangan atas Rojas membuatnya berpeluang tampil diUFClagi sepertiJeka Saragih. Lawan yang lebih berat jelas akan menantinya di oktagon."
"Hasil Kualifikasi Moto3 Aragon 2026: Veda Ega ke-22, Almansa Rebut Pole",https://sport.detik.com/moto-gp/d-8639763/hasil-kualifikasi-moto3-aragon-2026-veda-ega-ke-22-almansa-rebut-pole,"Sabtu, 29 Agu 2026 18:42 WIB","Kualifikasi Moto3 Aragon 2026 telah tuntas.Veda Ega Pratamaakan start dari posisi ke-22 dan David Almansa merebut pole secara dramatis.

Kualifikasi Moto3 berlangsung di Sirkut MotorLand Aragon, Sabtu (29/8) sore WIB. Veda Ega Pratama memulainya dari Q1 setelah finis di posisi ke-20 pada sesi practice.

Ada 12 rider yang ambil bagian di Q1 dan Veda Ega gagal berada di posisi empat besar untuk bisa lanjut ke Q2. Selama periode waktu 15 menit, Veda Ega cuma menempati posisi kedelapan di Q1 dengan catatan waktu terbaiknya 1 menit 58,041 detik.

Brian Uriarte, yang menjadi tercepat di Q1, langsung menjadi tercepat di awal Q2. Saat kualifikasi menyisakan enam menit lagi, posisi Uriarte akhirnya digeser oleh Maximo Quiles.

Putaran terakhir Q2 berjalan sangat sengit. Marco Morelli sempat menjadi yang tercepat, namun tak lama berselang David Almansa berhasil merebut pole dengan catatan waktu terbaiknya 1 menit 56,347.

Hasil ini sekaligus membuat Veda Ega start dari posisi ke-22. Situasi tersebut bakal membuat perjuangan rider asal Indonesia itu sangat berat untuk meraih podium besok, (30/8/2026).

Hasil Kualifikasi Moto3 Aragon:

[Gambas:Twitter]"
"Begini Ngerinya Debut UFC Bilal Hasan, Lawan Babak Belur",https://sport.detik.com/sport-lain/d-8639712/begini-ngerinya-debut-ufc-bilal-hasan-lawan-babak-belur,"Sabtu, 29 Agu 2026 18:05 WIB","Bilal Hasanjalani debut diUFCkontra Nilson Rojas. Bilal yang asal Indonesia petik kemenangan dengan pertarungan yang ngeri!

UFC Fight Night: Nurmagomedov vs Song dalam UFC Shanghai digelar di Oriental Sports Center, Sabtu (29/8). Bilal Hasan yang jalani laga debut, hadapi petarung asal Peru, Nilson Rojas.

Bilal Hasanmenang dalam pertarungan tiga ronde. Bilal menang pada ronde kedua, ketika pukulan lurusnya langsung jatuhkan Nilson Rojas!

Mari resapi betapa ngerinya The IndoNinja!

Bilal Hasan coba ambil momentum dengan melepas serangan kombinasi duluan begitu ronde pertama dimulai. Dua tendangan atasnya sulitkan Rojas, Rojas coba serangan balik tapi Bilal jaga jarak.

Pertarungan jarak dekat terjadi, keduanya jual beli serangan. Satu pukulan lurus Bilal masuk ketika menyerang balik.

Bilal lebih apik lepas serangan kombinasi atas bawah. Leg kick, body kick, high kick. Kombinasi pukulan satu-duanya pun berbahaya, buktinya Rojas sudah mengeluarkan darah dan sempat terjatuh.

Masih di ronde satu, Bilal sukses lancarkan takedown. Empat pukulan dalam posisi ground and pound masuk, Bilal sempat coba rear naked choked, tapi Rojas bisa bertahan.

Bilal tidak lepas tekanan, lepas tendangan lutut ke wajah Rojas saat keduanya coba bangun. Rojas coba menyerang, sekali lagi pukulan telak Bilal masuk.

Dalam posisi clinch, gantian pukulan siku Rojas mendarat ke wajah Bilal. Ronde pertama selesai, Rojas sudah babak belur.

Lanjut ronde kedua, Bilal Hasan kembali menyerang duluan. Kombinasi pukulannya masuk.

Rojas gantian meledak. Tendangan lurus ke badan jatuhkan Bilal! Bilal langsung bangkit dan tersenyum.

Bilal lebih sabar, terus ganti kuda-kuda orthodox dan southpaw. Rojas ambil kendali.

Bilal tak lama tuntaskan pertarungan. Ketika Rojas yang pegang kendali dipatahkan ritmenya oleh Bilal dengan pukulan kanan lurus!

Bum! Rojas terjatuh dan wasit menghentikan pertarungan.Bilal Hasanmenang KO, catatkan debut manis diUFC,sembari berdansa ala Michael Jackson.

Bilal tambah rekor sempurna di dunia MMA dengan 10-0. Belum pernah kalah!"
Hasil UFC Fight Night 286: Bilal Hasan Menang KO Lawan Nilson Rojas,https://sport.detik.com/sport-lain/d-8639683/hasil-ufc-fight-night-286-bilal-hasan-menang-ko-lawan-nilson-rojas,"Sabtu, 29 Agu 2026 17:40 WIB","Bilal Hasan merebut kemenangan pada debutnya mentas di UFC. Fighter berdarah Indonesia itu menang KO lawan Nilson Rojas.

Bermain di Shanghai Aquatic Sports Center, Sabtu (29/8/2026), Bilal melakoni debutnya di UFC. Fighter Peru, Nilson Rojas, menjadi lawannya.

Sejak ronde pertama dimulai, Bilal tampil agresif. Petarung berjuluk The IndoNinja itu terus menyudutkan lawannya ke ring oktagon.

Sesekali punch keras dilepaskannya, dan tepat mengenai Rojas. Lawannya beberapa kali sempat terhuyung dan bisa dibuat mencium kanvas.

Rojas mulai bangkit dan melakukan beberapa serangan kepada Bilal. Namun, fighter berusia 25 tahun itu bisa bertahan sampai ronde pertama berakhir.

Di ronde kedua, Bilal tampak sabar untuk melancarkan serangan. Sampai akhirnya, pukulan Bilal tepat mengenai wajah Rojas.

Lawannya ambruk, dan langsung dihujani pukulan oleh Bilal. Wasit langsung menghentikan duel, menyatakan Bilal pemenangnya.

Bagi Bilal, ini menjadi kemenangan pertamanya di UFC. Jelas, lawan yang lebih berat akan menantinya di oktagon selanjutnya."
Hasil Kualifikasi MotoGP Aragon 2026: Bezzecchi Pole Disusul Marquez,https://sport.detik.com/moto-gp/d-8639619/hasil-kualifikasi-motogp-aragon-2026-bezzecchi-pole-disusul-marquez,"Sabtu, 29 Agu 2026 16:34 WIB","MotoGP Aragon 2026tuntaskan sesi kualifikasi.Marco Bezzecchirebut posisi pole disusul Marquez bersaudara.

MotoGP Aragon 2026 tuntaskan sesi kualifikasi pada Sabtu (29/8) sore WIB di Sirkut MotorLand Aragon, Spanyol. Dimulai Q1 dulu.Mereka yang mulai dari Q1 di antaranya adalah Francesco Bagnaia, Fabio Quartararo, sampai Enea Bastianini. Dari 12 rider, hanya dua yang berhak maju ke Q2 untuk perebutan posisi pole.

Bagnaia jadi yang tercepat duluan. Tak lama, Diogo Moreira menggesernya.

Dua menit terakhir, para rider gaspol. Bagnaia kembali tercepat, Moreira malah terjatuh. Kedua rider itu selanjutnya berhak maju ke Q2.

Q2 dimulai, Marc Marquez tercepat duluan disusul Pedro Acosta. Catatan waktu di posisi empat besar tipis-tipis.

Tak lama,Marco Bezzecchijadi yang tercepat dengan 1 menit 44,984 detik. Marquez sempat melebar pada percobaan selanjutnya.

Bezzecchi perbagus catatan waktunya lagi jadi 1 menit 44,962 detik! Apes buat Acosta, dirinya terjatuh.

Bezzecchi rebut pole! Posisi kedua dan ketiga diisi oleh Marc Marquez dan Alex Marquez.

Hasil Kualifikasi MotoGP Aragon 2026

1 Marco Bezzecchi ITA Aprilia Racing (RS-GP26) 1'44.962s2 Marc Marquez SPA Ducati Lenovo (GP26) +0.089s3 Alex Marquez SPA BK8 Gresini Ducati (GP26) +0.299s4 Raul Fernandez SPA Trackhouse Aprilia (RS-GP26) +0.413s5 Jorge Martin SPA Aprilia Racing (RS-GP26) +0.474s6 Pedro Acosta SPA Red Bull KTM (RC16) +0.593s7 Fabio Di Giannantonio ITA Pertamina VR46 Ducati (GP26) +0.653s8 Francesco Bagnaia ITA Ducati Lenovo (GP26) +0.709s9 Johann Zarco FRA Castrol Honda LCR (RC213V) +0.821s10 Diogo Moreira BRA Pro Honda LCR (RC213V)* +0.840s11 Fermin Aldeguer SPA BK8 Gresini Ducati (GP25) +0.930s12 Franco Morbidelli ITA Pertamina VR46 Ducati (GP25) +0.957sQualifying 1:13 Jack Miller AUS Pramac Yamaha (YZR-M1) 1'45.959s14 Brad Binder RSA Red Bull KTM (RC16) 1'45.998s15 Joan Mir SPA Honda HRC Castrol (RC213V) 1'46.026s16 Enea Bastianini ITA Red Bull KTM Tech3 (RC16) 1'46.096s17 Fabio Quartararo FRA Monster Yamaha (YZR-M1) 1'46.131s18 Luca Marini ITA Honda HRC Castrol (RC213V) 1'46.211s19 Alex Rins SPA Monster Yamaha (YZR-M1) 1'46.322s20 Pol Espargaro SPA Red Bull KTM Tech3 (RC16) 1'46.384s21 Toprak Razgatlioglu TUR Pramac Yamaha (YZR-M1)* 1'46.549s22 Lorenzo Savadori ITA Trackhouse Aprilia (RS-GP26) 1'47.388s."
GTWCE: Sean Ingin Lanjutkan Momentum Bagus di Nurburgring,https://sport.detik.com/sport-lain/d-8639065/gtwce-sean-ingin-lanjutkan-momentum-bagus-di-nurburgring,"Sabtu, 29 Agu 2026 08:25 WIB","Sean Gelaelakan tampil lagi diGT World Challenge Europe (GTWCE)akhir pekan ini. Sean ingin melanjutkan momentum bagusnya di Spa dua bulan lalu.

Setelah dua bulan libur, GTWCE-Endurance Cup akan lanjut di Nurburgring, Jerman, Minggu (30/8/2026). Sean dan rekan-rekannya di AF Corse 50, rthur Leclerc dan Lilou Widoux, akan coba meraih poin lagi.

Sean dkk. dalam momentum bagus karena pada balapan terakhir GTWCE di 24H of Spa, mereka finis kelima setelah start dari posisi 28.

Race di Nurburgring tidak lama, hanya tiga jam. Oleh karenanya, Sean, Arthur, dan Lilou bertekad memberikan penampilan sebaik mungkin seperti di Spa.

""Senang bisa kembali balapan. Waktu di Spa kami benar-benar fight dan saya merasa mobil nomor 50 dan 51 sama baiknya,"" ujar Sean dalam rilis kepadadetikSport.

""Kami semua bangga dengan pencapaian itu. Kami terbukti bisa kompetitif walau ini tahun pertama kami di kelas Pro,"" timpal Lilou.

Sean dan kawan-kawan saat ini fokus untuk mendapatkan hasil terbaik dari setiap race, tanpa memikirkan posisi di kejuaraan. Kelas Pro terdiri dari 17 peserta, di mana total GTWCE ada 55 mobil.

Sean ingin menuntaskan balapan GTWCE di Nurburgring. Tahun lalu dia ikut serta di kelas Bronze bersama Darren Leung dan Dan Harper. Start menjanjikan dari P2 musnah dalam 10 menit karena tertabrak peserta lain.

Race GTWCE-Endurance Cup 3H of Nurburgring disiarkan langsung oleh kanal youtube GTWorld, Minggu (30/8) mulai pukul 20.00 WIB.

Jadwal GTWCE Nurburgring

Jumat, 28 Agustus16.45 - 18.45 WIB: Paid Test

Sabtu, 29 Agustus15.50 - 17.20 WIB: Free Practice 121.15 - 22.45 WIB: Free Practice 2

Minggu, 30 Agustus15.05 - 16.15 WIB: Qualifying20.00 - 23.00 WIB: Race"
Bawa Semangat Olahraga dan Kepedulian Sejarah di Charity Fun Run Buya Hamka,https://sport.detik.com/sportstyle/d-8639061/bawa-semangat-olahraga-dan-kepedulian-sejarah-di-charity-fun-run-buya-hamka,"Sabtu, 29 Agu 2026 07:45 WIB","Ternyata ada cara baru buat generasi muda ikut menjaga sejarah bangsa, cukup dengan lari. Shiratha Launching & Charity Fun Run for Buya Hamka mengangkat isu yang jarang disentuh event olahraga pada umumnya: pelestarian situs sejarah lewat gaya hidup aktif.

Acara ini digelar pada hariMinggu,13September2026, mulai pukul05.30 WIB sampai 10.30 WIB, bertempat diParkir Selatan GBK, depan Lapangan Softball, Jakarta Pusat. Rute lari dirancang santai sehingga cocok untuk pemula maupun keluarga.

Banyak orang belum tahu bahwa Kampung Buya Hamka, tempat bersejarah yang menyimpan jejak perjalanan sang ulama besar sekaligus sastrawan Indonesia, membutuhkan dana restorasi agar tetap lestari. Lewat event lari amal Jakarta ini, seluruh hasil penjualan tiket langsung dialokasikan untuk program tersebut, menjadikan setiap peserta bagian dari upaya menjaga warisan budaya dan sejarah bangsa.

Selain nilai historis, peserta juga berkesempatan memenangkan Grand Prize Umroh Gratis dengan syarat mengunduh dan terdaftar di aplikasi Shiratha. Fasilitas lain yang didapat meliputi jersey eksklusif, medali finisher, refreshment, hingga akses penuh ke acara launching dan sesi charity.

Event lari amal Jakarta seperti ini masih tergolong langka karena menggabungkan tiga elemen sekaligus: kesehatan, filantropi, dan pelestarian sejarah. Cocok untuk kamu yang ingin kegiatan akhir pekan lebih bermakna, bukan sekadar olahraga rutin.

Bagi komunitas pecinta sejarah, pegiat literasi, maupun keluarga muslim yang ingin mengenalkan sosok Buya Hamka pada generasi berikutnya, acara ini bisa jadi momen edukatif sekaligus rekreatif yang jarang ditawarkan event lari lainnya.

Pendaftaran akan ditutup pada 31 Agustus 2026 pukul 23.30 WIB, dengan kuota terbatas. Segera daftar didetikeventsekarang!"
"Pertamax Turbo Drag Fest 2026 Digelar, Resmi Masuk Kejurnas",https://sport.detik.com/sport-lain/d-8638955/pertamax-turbo-drag-fest-2026-digelar-resmi-masuk-kejurnas,"Sabtu, 29 Agu 2026 02:45 WIB","Pertamax Turbo Drag Fest 2026akan terasa spesial. Sebab, ajang drag race tersebut resmi masuk kalender Kejuaraan Nasional (Kejurnas).

Pertamax Turbo Drag Fest 2026 akan digelar dalam dua putaran, yakni Putaran I di Lanud Gading, Wonosari, Yogyakarta pada 29-30 Agustus 2026 dan Putaran II di Lanud Sutan Sjahrir, Padang pada 14-15 November 2026. Ajang ini menghadirkan total 25 kelas kompetisi Drag Bike dan Drag Race.

VP Corporate Communication Pertamina Patra Niaga, Kitty Andhora, mengatakan Pertamax Turbo Drag Fest 2026 menjadi bentuk dukungan pihaknya terhadap perkembangan olahraga otomotif nasional. Sekaligus memberikan ruang kompetisi positif bagi para pebalap dan komunitas dari berbagai daerah.

""Pertamax Turbo Drag Fest 2026 bukan sekadar ajang adu cepat, tetapi juga menjadi wadah bagi para pebalap dan komunitas otomotif untuk menunjukkan kemampuan, berkompetisi secara sportif, serta memperkuat ekosistem olahraga otomotif di Indonesia. Tahun ini semakin istimewa dengan hadirnya Drag Race sebagai bagian dari Kejuaraan Nasional,"" ujar Kitty dalam rilis kepadadetiksport.

Penggunaan Pertamax Turbo dalam ajang ini juga sejalan dengan karakter produk beroktan RON 98 yang dirancang untuk mendukung performa mesin berteknologi tinggi. Melalui Pertamax Turbo Drag Fest 2026, Pertamina Patra Niaga menghadirkan semangat pembuktian performa sekaligus memperkuat kedekatan produk dengan komunitas dan pecinta otomotif di Indonesia.

Selain kompetisi, Pertamax Turbo Drag Fest 2026 juga menghadirkan berbagai aktivitas hiburan, mulai dari konser musik, bazaar, hingga official simulator MotoGP. Pengunjung dapat menikmati kompetisi dan rangkaian hiburan secara gratis dengan memiliki aplikasi MyPertamina."
"Padel Series 2026 Padukan Gaya Hidup, Olahraga, dan Energi Positif",https://sport.detik.com/sportstyle/d-8638727/padel-series-2026-padukan-gaya-hidup-olahraga-dan-energi-positif,"Jumat, 28 Agu 2026 22:45 WIB","Olahragapadelsemakin berkembang di Indonesia. Ajang ini memadukan gaya hidup dan energi untuk terus bergerak.

Naven Padel Series 2026 Seri Yogyakarta resmi digelar di Wii Social Hub pada 28-30 Agustus. Ini merupakan seri lanjutan setelah menuntaskan perhelatan di Jakarta dengan total hadiah Rp 1 miliar.

Khusus Seri Yogyakarta, turnamen ini diikuti 232 peserta atau 116 pasangan yang berkompetisi. Kategorinya terdiri dari Lower Bronze Men, Lower Bronze Women, Lower Bronze Mixed, Bronze Men, Silver Men, dan Silver Women.

""Tema Energy in Motion sangat selaras dengan semangat PLN, yaitu energi yang terus bergerak, berinovasi, dan memberikan dampak positif bagi masyarakat. Kami bangga dapat menjadi bagian dari Naven Padel Series di Yogyakarta,"" General Manager PT PLN (Persero) Unit Induk Distribusi Yogyakarta, Deri Prasetio Utomo, dalam keterangan persnya.

Kolaborasi PLN dalam kegiatan ini juga menjadi bagian dari upaya menghadirkan pengalaman yang lebih bermakna bagi para peserta. Salah satunya melalui program sosial Energy in Motion: Lighting Futures.

Melalui program tersebut, setiap poin yang dihasilkan dalam pertandingan dikonversikan menjadi kontribusi untuk membantu menghadirkan akses listrik bagi masyarakat yang membutuhkan. Dengan demikian, setiap pertandingan tidak hanya menghasilkan kompetisi, tetapi juga membawa manfaat sosial.

""Setiap tetesan keringat para atlet yang bertanding nantinya ikut membantu masyarakat yang membutuhkan. Jadi olahraga ini bukan hanya tentang menang dan kalah, tetapi juga tentang bagaimana energi yang kita hasilkan bisa memberikan manfaat bagi orang lain,"" kata Deri.

Taufik Andre Kusumo, yang akrab disapa Andre, selaku Founder Naven Indonesia, mengatakan ajang ini lahir dari gagasan bahwa olahraga seharusnya mampu menciptakan energi dan pengalaman positif bagi setiap orang yang terlibat.

""Bagi Naven, olahraga itu bukan hanya sekadar menang dan kalah. Olahraga adalah tentang energi, tentang komunitas, dan juga tentang koneksi. Karena itu kami ingin Naven Padel Series menjadi ruang untuk bermain, berkompetisi, bertemu, sekaligus menciptakan pengalaman yang menyenangkan,"" ujar Andre.

""Kami ingin semua pemain menikmati setiap momennya. Hari ini bukan hanya tentang siapa yang menjadi juara, tetapi bagaimana kita menciptakan energi yang positif dan pengalaman yang menyenangkan bersama,"" sambungnya.

Dalam kegiatan tersebut turut hadir Deny Setiawan, Senior Manager PT PLN (Persero) Unit Induk Distribusi Yogyakarta, serta Febri Andriansyah dari PLN Icon Plus SBU Jawa Tengah.

Setelah perhelatan di Yogyakarta, Naven Padel Series 2026 akan bergulir di Bandung pada 11-13 September. Bali akan menjadi seri terakhir yang dijadwalkan pada 25-27 September 2026."
Hasil Practice MotoGP Aragon 2026: Bezzecchi Ungguli Marquez Bersaudara,https://sport.detik.com/moto-gp/d-8638794/hasil-practice-motogp-aragon-2026-bezzecchi-ungguli-marquez-bersaudara,"Jumat, 28 Agu 2026 21:20 WIB","Marco Bezzecchimenjadi yang tercepat di sesi practiceMotoGP Aragon 2026. Rider Aprilia itu unggul tipis atas Marquez bersaudara.

Berlangsung di MotorLand Aragon, Jumat (28/8) malam WIB, Bez mencatatkan waktu selama 1 menit 45,455 detik. Ia unggul 0,01 detik dariAlex Marquezdan 0,038 detik dariMarc Marquez.

Pebalap VR46 Fabio Di Giannantonio berada di urutan empat dengan catatan waktu 1 menit 45,754 detik. Posisi lima ditempati Fermin Aldegueer yang mengukir waktu 1 menit 45,895 detik, disusul Raul Fernandez dengan 1 menit 45,959 detik.

Urutan tujuh diisi Jorge Martin dengan catatan waktu 1 menit 46,027 detik, diikuti Pedro Acosta di urutan delapan dengan catatan waktu 1 menit 46,064 detik. Franco Morbidelli menempati urutan sembilan dengan 1 menit 46,218 detik.

Johann Zarco melengkapi 10 besar pebalap yang lolos langsung ke sesi kualifikasi 2 (Q2) setelah mencatat waktu 1 menit 46,298 detik. Nama-nama seperti Francesco Bagnaia, Enea Bastianini, Joan Mir, hingga Fabio Quartararo akan menjalani Q1 lebih dulu.

Hasil Practice MotoGP Aragon 2026:"
Jorge Martin: Finis Kedua di Belakang Marc Marquez Akan Sangat Bagus!,https://sport.detik.com/moto-gp/d-8638592/jorge-martin-finis-kedua-di-belakang-marc-marquez-akan-sangat-bagus,"Jumat, 28 Agu 2026 20:30 WIB","Jorge Martinmengakui bahwaMarc Marquezakan sulit dikalahkan diMotoGP Aragon 2026. Martin pun akan menerima seandainya dia finis di belakang Marquez.

Meskipun kurang konsisten akhir-akhir ini, Marquez tetap jadi favorit di Aragon. Pasalnya, superstar balap motor Spanyol itu penguasa MotorLand, di mana dia sudah enam kali memenangi grand prix di sana yang jadi rekor.

Marc Marquez pun mengirim ancaman kepada rival-rivalnya usai memuncaki sesi pertama free practice, Jumat (28/8). Jorge Martin justru tercecer di peringkat 18 dengan selisih 1,5 detik.

Sementara itu, hasil terbaikJorge Martindi Aragon adalah sekali finis kedua di belakang Marquez pada 2024. Meski begitu, pebalap Spanyol itu kemudian menyabet gelar juara dunia pertamanya di akhir musim.

""Sangat sulit, tapi sekarang itu fokusku bukan mengalahkan dia di sini atau tidak. Pastinya, aku akan mencoba, tapi bagiku penting untuk konsentrasi pada pekerjaanku, terus meningkat dengan Aprilia, dan kembali memastikan bahwa aku sekompetitif di Silverstone,"" cetusMartinator.

Saat ditanya apakah finis kedua di belakangMarc Marquezjadi hasil yang bagus, dia menjawab: ""Itu adalah hasil yang sangat bagus,"" juara dunia MotoGP 2024 ini melanjutkan diMotosan.

""Aku pernah mendapatkannya dua tahun lalu, dan aku menerimanya. Namun, Anda kan tidak akan pernah tahu di dalam balapan. Aku akan berusaha mendapatkan yang terbaik, dan kita lihat saja apa yang terjadi di Hari Minggu,"" lugasJorge Martin.

Jorge Martin masih kukuh di puncakklasemen MotoGPsetelah membukukan 240 poin. Martin unggul 31 poin dari rekan setimnya di Aprilia, Marco Bezzecchi, dan 40 poin dari Marc Marquez yang menghuni posisi empat."
"Tebak Juara MotoGP Aragon di Sini, Menangkan Yamaha Aerox 155",https://sport.detik.com/moto-gp/d-8638658/tebak-juara-motogp-aragon-di-sini-menangkan-yamaha-aerox-155,"Jumat, 28 Agu 2026 19:26 WIB","Kabar gembira untuk seluruh pecinta MotoGP di Tanah Air. Selain bisa menyaksikan aksi para rider di lintasan, kamu kini bisa ikut merasakan keseruan kompetisi sekaligus membawa pulang hadiah Yamaha Aerox 155. Mau?

Kesempatan tersebut hadir lewat Bold Riders Podium Picks, sebuah kompetisi yang mengajak para penggemar MotoGP untuk menguji ketepatan prediksi. Pada kompetisi ini, peserta ditantang untuk memilih tiga rider yang diprediksi akan finis sebagai juara 1, 2, dan 3 di setiap race MotoGP 2026.

Menariknya, keseruan Bold Riders Podium Picks tidak berhenti pada satu seri balapan saja. Setiap prediksi yang dikirimkan peserta akan menjadi bagian dari perolehan poin yang terus diakumulasikan sepanjang musim MotoGP 2026. Artinya, semakin konsisten dan akurat prediksimu di setiap seri, semakin besar pula peluang untuk bersaing menjadi pemuncak klasemen hingga akhir musim.

Kompetisi ini dibuka mulai tanggal 28 hingga 30 Agustus 2026, bertepatan dengan rangkaian GP Aragon. Seluruh peserta dapat menyalurkan prediksinya melalui microsite khusus yang tersedia di detikcom.

Cara Mengikuti Bold Riders Podium Picks

Cara mengikutinya cukup mudah. Berikut langkah-langkah yang perlu dilakukan:

Login menggunakan akun Connect detikcom.

Masuk ke micrositedetik.com/boldriderspodiumpicks.

Pilih tiga rider yang diprediksi finis di posisi pertama, kedua, dan ketiga.

Kirim prediksi sebelum race dimulai.

Setiap seri akan menghasilkan poin yang terus diakumulasikan hingga akhir musim MotoGP 2026. Semakin akurat prediksimu, semakin besar peluang menjadi pemuncak klasemen.

Hadiah Tiap Race dan Grand Price

Dua peserta dengan poin tertinggi dan waktu submit tercepat akan mendapatkan voucher masing-masing senilai Rp 250.000.

Sementara di akhir musim, peserta dengan akumulasi poin tertinggi berhak membawa pulang grand prize, yaitu:

Juara 1: Yamaha Aerox 155.

Juara 2: Samsung Galaxy A26 5G.

Juara 3: Samsung Galaxy A17.

Tunggu apa lagi? Jangan biarkan insting tajammu terbuang sia-sia. Kunjungi microsite-nya sekarang, kirimkan prediksi podium GP Aragon favoritmu sebelum balapan dimulai, dan raih kesempatan membawa pulang hadiah utamanya!"
"Hasil Practice Moto3 Aragon 2026: Almansa Tercepat, Veda Ega ke-20",https://sport.detik.com/moto-gp/d-8638609/hasil-practice-moto3-aragon-2026-almansa-tercepat-veda-ega-ke-20,"Jumat, 28 Agu 2026 18:58 WIB","Moto3 Aragon 2026tuntaskan sesi Practice.Veda Egafinis ke-20 harus lewati Q1, David Almansa tercepat!

Moto3 Aragon 2026 tuntaskan sesi Practice di MotorLand Aragon, Spanyol pada Jumat (28/8). David Almansa catatkan waktu tercepat duluan di awal.

Veda Ega Pratama bisa tembus posisi 14, untuk amankan tiket langsung ke Q2. Tapi rider Indonesia itu tak bertahan lama, langsung disalip Eddie O'Shea.

Catatan waktu tercepat Almansa terus kukuh di 10 menit awal. Itu adalah 1 menit 57,845 detik.

Rider asal Malaysia, Hakim Danish sempat kesulitan. Dirinya sulit dekati 14 besar.

Dua rider sempat crash di pertengahan sesi. Mereka adalah O'Gorman dan Yamanaka.

Catatan waktu David Almansa tidak tergeser sampai akhir. Almansa bahkan catatkan waktu tercepat lagi, 1 menit 57,473 detik.

Sayang buat Veda Ega, dirinya finis di posisi ke-20 dan harus lewati sesi Q1 besok hari untuk perebutan pole."
Jagoan Reli Dunia Akan Tampil di FIA Rallycross 2026 Jakarta,https://sport.detik.com/sport-lain/d-8638498/jagoan-reli-dunia-akan-tampil-di-fia-rallycross-2026-jakarta,"Jumat, 28 Agu 2026 17:50 WIB","Jakarta bakal menjadi panggung kehadiran salah satu legenda motorsport dunia. Peraih sembilan gelar juara dunia World Rally Championship (WRC),Sebastien Loeb, dipastikan ambil bagian dalam FIA Rallycross World Cup 2026 yang untuk pertama kalinya digelar di Indonesia.

Loeb akan turun bersama SARGA Motorsport pada ajang yang berlangsung di Jakarta International E-Prix Circuit (JIEC), Ancol, Jakarta, 5-6 Desember 2026. Kehadirannya menjadi salah satu daya tarik utama dalam debut FIA Rallycross World Cup di Asia Tenggara.

""Saya sangat menantikan kesempatan untuk kembali membalap di Jakarta dan menjadi rekan satu tim dengan Kevin. Penyelenggaraan FIA Rallycross World Cup perdana di Indonesia merupakan perkembangan yang menarik bagi olahraga ini, dan saya senang dapat menjadi bagian dari babak baru bersama SARGA,"" kata Loeb dalam keterangan persnya.

Pembalap asal Prancis tersebut akan berlaga di kategori RX1. Menariknya, Loeb tidak sendirian. Ia akan kembali satu tim dengan pembalap Swedia, Kevin Hansen.

Keduanya bukan sosok asing. Loeb dan Hansen pernah menjadi rekan satu tim ketika Peugeot terlibat dalam ajang World RX pada periode 2016 hingga 2018. Kini, keduanya kembali bekerja sama untuk menghadapi babak baru rallycross di Jakarta.

Bagi Loeb, FIA Rallycross World Cup di Indonesia menjadi kesempatan menarik untuk kembali merasakan atmosfer rallycross. Sebelumnya, ia pernah berkompetisi di World Rallycross Championship pada 2016 hingga 2018.

SARGA Motorsport juga menyiapkan talenta Indonesia. Kingston Effendi akan memperkuat tim tersebut dan turun di kategori RX5, sehingga kehadiran Loeb sekaligus menjadi bagian dari komposisi pembalap internasional dan lokal dalam ajang perdana tersebut.

""FIA Rallycross World Cup di Jakarta merupakan tonggak penting bagi SARGA.CO dalam membangun kehadiran yang lebih kuat di panggung motorsport internasional,"" kata Founder SARGA.CO, Aryo PS Djojohadikusumo.

""Kami bangga dapat bekerja sama dengan Kevin Hansen dan SÃ©bastien Loeb, dua nama yang memiliki reputasi luar biasa dalam dunia motorsport, sekaligus memberikan panggung kepada Kingston Effendi sebagai representasi generasi baru talenta Indonesia,"" sambungnya.

FIA Rallycross World Cup 2026 sendiri menjadi sejarah baru bagi Indonesia. Jakarta ditunjuk sebagai tuan rumah edisi perdana kompetisi tersebut sekaligus menjadi penyelenggaraan rallycross kelas dunia pertama di Asia Tenggara. Balapan akan menggunakan lintasan yang telah dimodifikasi dari JIEC dengan komposisi sekitar 60 persen aspal dan 40 persen gravel.

""SÃ©bastien, Kevin, dan Kingston mewakili tiga elemen penting dari apa yang ingin kami bangun melalui SARGA Motorsport: pengalaman kelas dunia, prestasi di level tertinggi, dan potensi generasi baru Indonesia,"" kata Chief of SARGA Motorsport, Felix Effendi."
Hasil FP1 MotoGP Aragon 2026: Marquez Raih Waktu Tercepat,https://sport.detik.com/moto-gp/d-8638405/hasil-fp1-motogp-aragon-2026-marquez-raih-waktu-tercepat,"Jumat, 28 Agu 2026 16:44 WIB","Pebalap DucatiMarc Marquezmenjadi yang tercepat dalam sesi latihan bebas pertama (FP1)MotoGP Aragon 2026. Ia mengungguli rider Trackhouse Raul Fernandez yang berada di belakangnya.

Berlangsung di MotorLand Aragon, Jumat (28/8), Marc membukukan waktu putaran tercepat selama 1 menit 47,532 detik. Fernandez menempati urutan kedua dengan selisih 0,035 detik saja.

Pebalap Aprilia Marco Bezzecchi ada di urutan ketiga dengan 1 menit 47,753 detik, disusul Alex Marquez di posisi empat dengan 1 menit 47,796 detik.

Rider KTM Pedro Acosta menempati urutan lima dengan torehan waktu 1 menit 48,245 detik, diikuti Jack Miller dari Pramac Racing dengan 1 menit 48,299 detik. Posisi tujuh diisi Franco Morbidelli dari VR46 Racing yang mengukir waktu 1 menit 48,379 detik.

Posisi delapan diisi rider VR46 lainnya, yakni Fabio Di Giannantonio dengan raihan 1 menit 48,469 detik. Fermin Aldeguer (Gresini) ada di urutan sembilan dengan 1 menit 48,498 detik dan Fabio Quartararo (Yamaha) melengkapi 10 besar dengan catatan waktu 1 menit 48,640 detik.

Hasil lengkap FP1 MotoGP Aragon 2026"
Menanti Debut Bilal Hasan di UFC Akhir Pekan Ini,https://sport.detik.com/sport-lain/d-8638188/menanti-debut-bilal-hasan-di-ufc-akhir-pekan-ini,"Jumat, 28 Agu 2026 15:50 WIB","Bilal Hasanakan menjalani debutnya diUFCakhir pekan ini. Fighter berdarah Indonesia itu akan melawan Nilson Rojas.

Bilal akan melakoni debutnya di UFC akhir pekan ini. Ajang UFC Fight Night 286 yang digelar di Shanghai Oriental Sports Center, China, Sabtu (29/8/2026) menjadi momennya.

Bilal akan menantang fighter asal Chile,Nilson Rojas, di kelas terbang. Keduanya juga sudah menggelar sesi timbang badan pada Jumat (28/8), dengan beratnya sama di angka 124,5 pon atau setara 56,4 kg.

Bilal menjadi fighter Indonesia kedua yang mentas di UFC, setelah Jeka Saragih. Ia mendapat tiket ke oktagon lewat jalur Dana White's Contender Series, dengan mengalahkan Mridul Saikia.

Bilal Hasandan Rojas punya rekor bertanding yang sama, yakni 9 kemenangan dan belum terkalahkan. Artinya, rekor keduanya bakal dipertaruhkan akhir pekan ini.

Jelang debutnya di UFC, Bilal sadar tekanannya besar. Meski begitu, ia mensyukuri kesempatannya bertanding di ajang terbesar ini.

""Ini panggung yang besar,"" katanya, mengutip situs resmi UFC.

""Tekanan ini sungguh sebuah kehormatan, dan saya hanya merasa bersyukur setiap detiknya. Bahkan saat saya sedang menurunkan berat badan dan melakukan segala pengorbanan, bahkan saat saya berlatih dan dihajar habis-habisan, saya tetap bersyukur bisa berada di posisi ini,"" jelasBilal Hasan,yang menjuluki dirinyaThe IndoNinja."
"Hasil FP1 Moto3 Aragon 2026: David Almansa Tercepat, Veda Ega ke-20",https://sport.detik.com/moto-gp/d-8638156/hasil-fp1-moto3-aragon-2026-david-almansa-tercepat-veda-ega-ke-20,"Jumat, 28 Agu 2026 14:51 WIB","David Almasa mengalahkan Brian Uriarte untuk memimpin Free Practice IMoto3 Aragon 2026. Sementara itu,Veda Ega Pratamakesulitan bersinar sehingga cuma finis di posisi 20.

FP1 Moto3 Aragon digelar di MotorLand Aragon pada Jumat (28/8/2026) siang WIB. Adrian Fernandez menetapkan benchmark di awal sesi dengan 2 menit 2,460 detik. Di waktu bersamaan, Veda mengawali di posisi belakang.

Setelahnya, Veda berhasil memperbaiki posisinya usai menempati peringkat tujuh. Brian Uriarte menggusur Fernandez untuk memuncaki daftar.

Uriarte kemudian memperbaiki catatan waktunya dengan 1 menit 58,830 detik untuk menjaga posisinya di hampir sepanjang sesi. Veda Ega justru kesulitan sehingga melorot ke posisi ke-23 dengan selisih 2,6 detik dari Uriarte.

Jelang berakhirnya sesi FP1Moto3 Aragon 2026, Uriarte mesti kembali ke pit usai crash di tikungan 5. David Almansa akhirnya berhasil mematahkan catatan waktunya untuk memuncaki daftar pebalap tercepat, Cormac Buchanan merebut posisi tiga dari Alvaro Carpe.

Pemimpin klasemen Moto3 Maximo Quiles di peringkat 14, sedangkanVeda Ega Pratamamenempati peringkat ke-20 berjarak 1,522 detik dari Almansa.

[Gambas:Twitter]"
"Throttle LAnd 2026 by Bold Riders Digelar 29 Agustus, Ini Rangkaian Acaranya",https://sport.detik.com/sport-lain/d-8637888/throttle-land-2026-by-bold-riders-digelar-29-agustus-ini-rangkaian-acaranya,"Jumat, 28 Agu 2026 12:34 WIB","Kultur otomotif roda dua bakal kembali semarak lewat Throttle LAnd 2026, festival yang mengusung konsep Cross-Genre Moto Festival pertama di Indonesia. Acara ini mempertemukan komunitas motor dari berbagai genre, mulai dari sport, klasik, custom, adventure, supermoto, skutik, hingga motor listrik, dalam satu ruang kolaborasi.

Throttle LAnd 2026 akan digelar pada Sabtu (29/8/2026) di Mitra Terrace, Gatot Subroto, Jakarta, mulai pukul 14.00 hingga 23.00 WIB. Berbeda dari festival motor pada umumnya, komunitas yang hadir tidak hanya berperan sebagai pengunjung, tetapi juga dilibatkan langsung sebagai bagian dari penyelenggaraan acara.

Sejak digelar pertama kali, Throttle LAnd mendapat sambutan positif dari komunitas roda dua, tidak hanya di Jakarta, tetapi juga Jawa Barat dan Jawa Tengah. Hingga saat ini, lebih dari 50 komunitas telah terlibat dalam rangkaian acara, mulai dari pre-event hingga hari pelaksanaan

Untuk membangun antusiasme, melalui kegiatan ini diwarnai berbagai keseruan unik, seperti gathering Wheels Knock, riding bareng, KURATOR (cukur rambut di motor), SABU (sarapan bubur), hingga Roda Ria (DJ set di atas motor).

Puncak acara pada 29 Agustus mendatang dipastikan tidak hanya menampilkan motor dengan berbagai genre, Throttle Land menyatukan kultur roda dua dengan seni, musik, dan lifestyle. Pengunjung bakal disuguhkan aksi Throttles Orchestra, live painting helmet, sengitnya Head to Head Drag Speed Challenge, hingga deretan booth Moto & Street Market serta F&B racikan komunitas. Menariknya, bagi yang kelewatan di pre-event, keseruan potong rambut di atas motor lewat KURATOR siap hadir kembali.

Sejumlah brand juga menghadirkan penawaran khusus selama event berlangsung. Rabbit & Wheels membagikan free T-shirt untuk setiap pembelian Motorsport Jacket. Sementara Polytron menawarkan diskon hingga Rp6,5 juta plus merchandise eksklusif untuk setiap pembelian motor listrik, serta merchandise gratis bagi pengunjung yang mencoba test ride, dengan syarat dan ketentuan berlaku.

Sebagai event yang lahir dari komunitas, Throttle Land menyajikan tradisi riding bareng yang dikemas berbeda lewat Rolling Wheels. Peserta tidak diberangkatkan dari satu lokasi, melainkan berkumpul di dua titik kumpul berdasarkan genre. Skuad matic dan sport berkumpul di Taman Menteng, sedangkan kubu custom serta vintage mengambil start di Motovillage, hingga nantinya meluncur serempak menuju venue.

Project Director Throttle LAnd 2026, Adam Hadziq menjelaskan setiap genre motor punya selera musiknya masing-masing. Karena itu, Throttle LAnd menghadirkan deretan musisi lintas genre sepanjang hari.

Band rock NTRL tampil sebagai salah satu headliner, bersama Teenage Death Star Full Squad with Vincent Rompies, Orkes Nunung CS, Ten Hole feat. Nuwie Fourtwnty, The Diegos, serta karaoke session bersama Adella Johana dan Bottom Bunkk.

""Throttle LAnd hadir untuk menyatukan seluruh genre komunitas motor dalam satu festival. Kami ingin menghadirkan ruang bagi seluruh pecinta roda dua untuk bertemu, berbagi inspirasi, dan merayakan kultur berkendara Indonesia tanpa memandang jenis motor,"" ujar Adam Hadziq, dalam keterangan tertulis Senin (24/8/2026).

Semangat kebersamaan yang jadi dasar Throttle LAnd juga sejalan dengan Bold Riders, yang hadir sebagai sponsor utama. Menaungi lebih dari 600 komunitas motor lintas genre di Indonesia, Bold Riders memiliki semangat yang sama, yaitu The Spirit of Brotherhood. Semangat itu juga dibawa langsung ke Throttle LAnd, dengan lebih dari 250 member Bold Riders dari berbagai daerah yang akan turut hadir.

Brand Communications Bold Riders, Matthew Raynaldi, mengatakan bahwa Bold Riders lahir sebagai wadah bagi komunitas motor.

""Bold Riders lahir sebagai wadah bagi komunitas motor. Setiap komunitas punya karakter dan kebanggaannya masing-masing, dan Throttle LAnd menjadi tempat untuk semua bisa berkumpul tanpa harus jadi seragam. Buat kami, itulah The Spirit of Brotherhood."" katanya.

Sebagai bentuk apresiasi untuk komunitas yang sudah menjadi bagian dari perjalanan ini, Bold Riders menghadirkan Lucky Draw dengan hadiah utama satu unit sepeda motor, yang terbuka untuk seluruh pengunjung. Dainese, brand apparel dan perlengkapan berkendara asal Italia, turut menghadirkan dua doorprize eksklusif berupa Explorer WP Duffel Bag 46 liter dan Explorer WP Upbag 19 liter, dengan total nilai mencapai Rp10 juta.

Tidak hanya itu, di penyelenggaraan perdananya Throttle LAnd juga membuka akses gratis. Komunitas motor maupun pengunjung umum cukup melakukan registrasi untuk masuk ke area festival, dengan informasi lengkap yang bisa diakses melalui akun Instagram @throttle.land.

""Kami mengundang seluruh pecinta roda dua untuk datang dan menjadi bagian dari Throttle LAnd. Tahun ini, pengunjung dapat menikmati seluruh rangkaian acara secara gratis dengan registrasi melalui mtix.me/tlm atau link yang terdapat pada IG Throttle LAnd. Bersama Bold Riders, komunitas, dan seluruh mitra yang terlibat, kami berharap Throttle LAnd dapat tumbuh menjadi salah satu festival roda dua terbesar di Indonesia,"" tutup Adam."
"erafone Run 2026 Jogja Kembali Digelar, Pilih Rute Dekat Kaki Gunung Merapi",https://sport.detik.com/sportstyle/d-8637597/erafone-run-2026-jogja-kembali-digelar-pilih-rute-dekat-kaki-gunung-merapi,"Jumat, 28 Agu 2026 08:41 WIB","erafone Run 2026 Yogyakarta series kembali hadir untuk keempat kalinya. Setelah tahun lalu mengambil rute di pesisir selatan Yogyakara, tahun ini event lari berkonsep sunset run inj mengambil rute yang sangat bertolak belakang, yakni mendekati kaki Gunung Merapi.

erafone Run 2026 Yogyakarta series tahun ini akan digelar pada 31 Oktober 2026 di Museum Gunungapi Merapi Yogyakarta. Jika tahun lalu peserta disuguhi pemandangan pantai Jogja, tahun ini gagahnya gunung Merapi tersaji di sepanjang rute lari.

Head of Marketing erajaya Digital Region 3, Samuel Arief Gunawan menjelaskan, kembali hadirnya erafone Run hingga tahun keempat ini adalah bentuk konsistensi erafone menghadirkan kegiatan yang relevan bagi pecinta lari di Jogja dan sekitarnya.

""Erafone Run bukan hanya kegiatan olahraga, tetapi menjadi ruang untuk bertemu dan bertumbuh bersama komunitas. Kami ingin mendukung gaya hidup aktif melalui pengalaman yang menyenangkan dan relevan bagi masyarakat,"" papar Samuel dalam jumpa pers di Teras Malioboro 1, Kamis (27/8) malam.

""Bahwa erafone itu nggak cuma jual handphone, tapi juga ada event sportaiment sebagai bentuk apresiasi atas sambutan positif dari para pelari, komunitas, partner, dan seluruh pihak yang selama ini mendukung Erafone Run,"" sambungnya.

Menurut Samuel, perkembangan erafone Run juga menunjukkan bahwa event ini telah berkembang menjadi sebuah pengalaman sportainment, yang mempertemukan olahraga dengan komunitas, teknologi, hiburan dan gaya hidup.

""Dengan kurang lebih 5.000 peserta tahun ini kami berharap erafone Run Jogja bukan hanya menjadi event yang ditunggu setiap tahun, tetapi juga menjadi event bergengsi bagi pecinta lari di Yogyakarta maupun di Indonesia,"" ujar Samuel.

Project Manager erafone Run 2026, Yoas Muliawan memaparkan alasan dipilihnya kawasan utara Jogja menjadi rute Erafone Run Jogja 2026. Keberadaan warisan dunia, Sumbu Filosofi Yogyakarta, menjadi alasan utamanya.

""Tahun ini kita mau memperlihatkan bahwa sumbu filosofi di Yogyakarta itu ada satu garis yang membentang dari utara ke selatan atau dari selatan ke utara gitu ya,"" ujar Yoas.

""Kami ingin peserta datang untuk berlari, tetapi pulang dengan membawa cerita tentang Jogja, komunitas dan pengalaman yang jarang ditemukan di event lain,"" imbuhnya.

Dengan latar kawasan Merapi, peserta diberi pilihan dua kategori, yakni 5K dan 10K. Selain itu beragam aktivitas pendukung, berbagai doorprize, hingga hiburan musik bersama band ska kenamaan, Souljah.

""Erafone Run mau memberikan experience di luar mungkin event-event lari yang sudah ada di Yogyakarta ini, ya. Dan yang pasti untuk hadiah, doorprize, dan lain-lain itu pasti banyak banget. Jadi konsepnya sportainment dan healthy party,"" ujar Yoas.

Race Director erafone Run 2026, Roostian Gamananda menambahkan start 10K pukul 16.00 WIB dan 5K pukul 16.15 WIB. Tahun ini, tidak ada cut-off time (COT) khusus, sehingga peserta lebih leluasa menikmati rute di kawasan Merapi.

Meski begitu, keselamatan tetap prioritas utama dengan koordinasi dukungan medis dan teknis yang ketat. Peserta disarankan mempersiapkan kondisi fisik dan mengikuti panduan resmi demi keamanan dan kenyamanan selama perlombaan.

""Tahun lalu ada yang sempat ngomong sama marshal kita nih, 'Mas, kok rutenya tahu-tahu ada pasirnya?' ya kan, kaget. Tenang, tahun ini nggak ada pasirnya tapi ada naik turun gunungnya, jadi tetap ada hal yang menarik pasti yang itu challenging buat teman-teman,"" jelas Roostian.

""Tapi jangan khawatir, secara safety tentu kita memprioritaskan safety di situ. Di situ semuanya sudah kita siapin, berkolaborasi tentunya dengan rumah sakit-rumah sakit tertentu, terus juga stakeholder-stakeholder lainnya seperti dari SAR dan BPBD juga,"" pungkasnya.

Untuk informasi pendaftaran, peserta dapat mengakses www.erazon.id serta mengikuti kanal instagram resmi @erafone.run."
Pramac Yamaha Rekrut Rider Moto2 Izan Guevara buat MotoGP 2027,https://sport.detik.com/moto-gp/d-8637399/pramac-yamaha-rekrut-rider-moto2-izan-guevara-buat-motogp-2027,"Kamis, 27 Agu 2026 23:15 WIB","RiderMoto2Izan Guevarapromosi keMotoGPmusim depan. Rider Spanyol ini direkrut timPrima Pramac Yamahaper 2027.

Kabar bergabungnya Guevara disampaikan tim Pramac Yamaha, Kamis (27/8/2026) malam WIB. Pebalap berusia 22 tahun ini menjadi rekan satu tim Toprak Razgatlioglu di MotoGP 2027 menggantikan Jack Miller.

Guevara menjadi rookie ketiga yang debut di MotoGP 2027. Dia menyusul Daniel Holgado yang lebih dulu direkrut Gresini Racing, serta David Alonso (Honda).

Izan Guevara merupakan mantan jawara Moto3 2022 dan debut di Moto2 musim berikutnya. Pebalap yang membela Blu Cru Pramac Yamaha Moto2 Team ini sekarang berada di urutan klasemen sementara Moto2 2026 dengan 155 poin.

Tiket promosi ke MotoGP amat disyukuri Guevara. Dia berterima kasih kepada Yamaha yang memberinya kesempatan mewujudkan mimpi di kelas premier.

""Ini adalah mimpi yang menjadi kenyataan bagi saya. Mencapai MotoGP selalu menjadi tujuan saya, dan saya tahu betapa sulitnya untuk sampai ke kelas utama. Ini membutuhkan kerja keras selama bertahun-tahun dan pengorbanan dari banyak orang di sekitar saya,"" kata Guevara dalam laman resmi MotoGP.

BREAKING: Izan Guevara will jump to#MotoGPwith Pramac Yamaha in 2027ð¨pic.twitter.com/5JymKSNDNb

Guevara tak muluk-muluk untuk MotoGP 2027. Dia ingin belajar dan beradaptasi secepat mungkin di kelas premier, sebelum mencoba meningkatkan kemampuan dan mencapai level setinggi mungkin.

Bergabungnya Izan Guevara ke tim Prima Pramac Yamaha membuat slot MotoGP 2027 tersisa 4 yang belum diisi. Tim VR46 Racing Team masih menyisakan 1 pebalap yang kosong, begitu pula Honda LCR, Honda HRC, dan KTM Tech3."
Kemenpora Gelar Merdeka Run 2026 Akhir Pekan Ini,https://sport.detik.com/sportstyle/d-8637343/kemenpora-gelar-merdeka-run-2026-akhir-pekan-ini,"Kamis, 27 Agu 2026 21:40 WIB","Kementerian Pemuda dan Olahraga (Kemenpora)akan mengadakanMerdeka Run 2026akhir pekan ini. Ini jadi momentum masyarakat berolahraga bareng keluarga.

Merdeka Run 2026 digelar Sabtu (29/8) dengan titik start di Istana Merdeka, Jakarta. Flag off dijadwalkan pada pukul 05.00 WIB untuk memperingati HUT ke-81 Republik Indonesia.

Sesuai usia Indonesia, Merdeka Run hanya akan memperlombakan satu nomor, yakni 8 kilometer mengelilingi jantung kota Jakarta.

Antusiasme peserta terlihat dari saat pengambilan racepack di Wisma Serbaguna GBK, Jakarta, Kamis (27/8) ketika para peserta membawa pasangan, anak, maupun anggota keluarga lainnya saat pengambilan racepack.

Salah satu peserta asal Jakarta Timur, Rizki, akan mengikuti Merdeka Run bersama istrinya. Ini menjadi pengalaman pertama bagi keduanya mengikuti ajang tersebut.

Dia mengaku senang dapat memperoleh kesempatan berlari bersama pasangan dalam suasana perayaan kemerdekaan.

""Saya senang sekali bisa mendapatkan tiket Merdeka Run bersama istri. Semoga semuanya lancar saat kami berlari di Istana Merdeka,"" ujar Rizki dalam keterangan kepadadetikSport.

Semangat berolahraga bersama keluarga juga dirasakan Fadhiya yang datang bersama putrinya. Dia akan mengikuti kategori keluarga bersama suami, anak, dan anggota keluarga lainnya.

Menurutnya, Merdeka Run menjadi kesempatan untuk menjaga kebugaran sekaligus menghabiskan waktu bersama keluarga melalui aktivitas yang menyenangkan.

Hal serupa dirasakan peserta lainnya yang berharap Merdeka Run dapat terus digelar dengan kuota yang lebih besar. Putra Thoriq, mahasiswa asal Lombok, mengaku sempat mengikuti war tiket bersama keluarganya, tetapi hanya dia yang berhasil mendapatkan tiket.

""Ini pertama kali saya ikut. Kemarin saya war bareng keluarga, tapi hanya saya yang ikut. Semoga ke depannya kuotanya ditambah lagi,"" kata Thoriq.

Proses pengambilan racepack hingga pukul 14.00 WIB terpantau berlangsung tertib, aman, dan lancar. Sebanyak 30 jalur layanan disiapkan untuk melayani para runner. Saat terjadi antrean, petugas sigap membantu peserta dengan pelayanan yang ramah dan responsif sehingga proses pengambilan perlengkapan tetap berjalan dengan baik.

Suasana semakin semarak dengan hadirnya berbagai experience zone. Sejumlah booth seperti Strive, Mills, Bank Syariah Mandiri, dan Lembaga Penjamin Simpanan (LPS), menghadirkan aktivitas interaktif, mulai dari pembagian sampel produk hingga permainan berhadiah. Hal ini tentunya memberikan pengalaman tambahan bagi peserta sebelum hari perlombaan.

Selain menjadi ruang untuk menjaga kebugaran, Merdeka Run diharapkan menjadi momen kebersamaan bagi keluarga untuk menikmati olahraga sekaligus merayakan kemerdekaan bersama."
Karena Aldeguer Masa Depan Ducati,https://sport.detik.com/moto-gp/d-8637130/karena-aldeguer-masa-depan-ducati,"Kamis, 27 Agu 2026 18:30 WIB","Fermin Aldegueradalah satu dari dua pebalap Ducati yang tetap bertahan musim. Sebab, Aldeguer dianggap bisa jadi masa depan pabrikan asal Italia itu.

Ducati memang melakukan perombakan besar-besaran di musim 2027. Dari 10 pebalap yang menggunakan motor Ducati, baik pabrikan maupun privat, hanya dua yang bertahan.

Marc Marquez selaku juara dunia akan tetap membalap di Ducati tahun depan, setelah kontraknya diperpanjang. Satu lagi adalah Aldeguer yang memperkuat VR46 Racing.

Aldeguer saat ini sudah memasuk musim keduanya bersama Gresini Racing setelah debut musim lalu. Pencapaiannya terbilang lumayan karena sudah meraih satu kemenangan dari empat kali naik podium, yakni di Mandalika tahun lalu.

Dengan usia baru 21 tahun, Aldeguer dianggap jadi aset masa depan Ducati. Itulah mengapa Ducati berani melepas nama-nama top seperti Francesco Bagnaia, Alex Marquez, Franco Morbidelli, dan Fabio Di Giannantonio.

Bagi Ducati, Aldeguer bisa jadi pemimpin Ducati di masa depan bersama Pedro Acosta, yang jadi tandem Marquez di 2027.

""Fermin jadi sosok yang sempurna untuk mewakil visi Ducati untuk masa depan: percaya dengan talenta muda dan membimbing mereka untuk mencapai kemampuan terbaiknya,"" ujar CEO Ducatio Claudio Domenicali diCrash.

""Filosofi ini sudah membawa kami kepada kesuskesan selama bertahun-tahun, dan itulah mengapa kami terus berpegang teguh pada itu,"" sambungnya.

Hal senada disampaikan Manajer Umum Ducati Corse, Gigi Dall'Ilgna, yang percaya bakat besar Aldeguer untuk meneruskan takhta yang ditinggal Marquez nanti.

""Dia memang masih pebalap muda, tapi potensinya luar biasa, dan kami yakin bisa lebih baik lagi. Karena alasan inilah, kami berinvestasi besar dengannya, menegaskan keyakinan kami akan masa depan cerah proyek ini,"" kata Dall'llgna."
Siap-siap! War Tiket Pertamina Eco RunFest 2026 Dibuka 28 Agustus,https://sport.detik.com/sportstyle/d-8636816/siap-siap-war-tiket-pertamina-eco-runfest-2026-dibuka-28-agustus,"Kamis, 27 Agu 2026 17:05 WIB","Ajang lari bergengsi Pertamina Eco RunFest 2026 siap menyapa kembali masyarakat pada 6 Desember mendatang di Jakarta. Para pencinta olahraga lari kini tengah bersiap menanti jadwal pembukaan penjualan tiket perhelatan akbar tersebut.

Vice President Corporate Communication Pertamina, Muhammad Baron secara resmi mengumumkan jadwal pendaftaran bagi para peserta. Sesi ticket sales untuk publik akan mulai dibuka pada Jumat, 28 Agustus 2026 pukul 14.00 WIB. Pemesanan tiket ini hanya bisa diakses secara eksklusif melalui aplikasi resmi MyPertamina.

Baron mengimbau seluruh calon peserta untuk bersiap melakukan transaksi dengan cepat. Tiket ajang olahraga ini biasanya langsung ludes terjual alias sold out hanya dalam hitungan jam.

""Kemudian untuk tiket kepada publik kita tanggal 28 Agustus pukul 14.00. Teman-teman kami berharap partisipasi dari semua Eco Champs turut menyemarakkan,"" ujar Baron, dalam acara Conference Pertamina Eco RunFest 2026, di Jakarta, Rabu (26/8/2026).

Menariknya, seluruh keuntungan penjualan tiket acara lari berskala masif ini tidak akan diambil oleh pihak perusahaan. Pertamina berkomitmen penuh menyalurkan seluruh keuntungan penjualan tiket demi mendukung ragam program pelestarian lingkungan. Langkah pelaporan penyaluran dana donasi ini nantinya dilakukan secara transparan.

""Seratus persen keuntungan dari pembelian tiket akan kami salurkan atau kami pergunakan untuk kegiatan lingkungan. Dan hasil dari penjualan tersebut nanti juga akan kami publish,"" tegas Baron.

Antusiasme publik terhadap ajang tahunan yang memasuki edisi ke-13 ini diprediksi akan kembali tinggi. Penyelenggaraan pada tahun ini menargetkan 14 ribu pelari dan 10 ribu penonton festival. Pihak penyelenggara terus mematangkan kesiapan sistem agar proses pendaftaran berjalan lancar.

Kepedulian terhadap kelestarian lingkungan yang diusung dalam acara ini dinilai sangat sejalan dengan meningkatnya tren gaya hidup sehat. Race Director Pertamina Eco RunFest 2026 Reza Puspo berharap ajang ini mampu menjadi pemantik hal positif.

""Saya rasa Pertamina Eco RunFest ini menjadi pemantik yang sangat indah ya buat kami semua baik saya sebagai race organizer dan teman-teman pelari. Mudah-mudahan dengan adanya inisiatif ini saya berharap teman-teman komunitas lari kita yang sungguh begitu banyak bisa melihat ini menjadi suatu model percontohan,"" pungkas Reza."
Pasangan Karolina Muchova Jakub Mensik Juarai Ganda Campuran US Open 2026,https://sport.detik.com/fotosport/d-8636449/pasangan-karolina-muchova-jakub-mensik-juarai-ganda-campuran-us-open-2026,"Kamis, 27 Agu 2026 17:01 WIB","Jakarta- Karolina Muchova dan Jakub Mensik dari Republik Ceko juara ganda campuran US Open 2026 setelah kalahkan Belinda Bencic/Flavio Cobolli 6-3, 1-6, 10-6."
Prediksi Melandri: Marc Marquez Menang hingga 5 Detik di Aragon,https://sport.detik.com/moto-gp/d-8636789/prediksi-melandri-marc-marquez-menang-hingga-5-detik-di-aragon,"Kamis, 27 Agu 2026 16:50 WIB","Marco Melandri membuat prediksi berani jelang MotoGP Aragon 2026 akhir pekan ini. Eks rider MotoGP itu menjagokan Marc Marquez menang dengan keunggulan telak hingga lima detik atas para rival Ducati lainnya!

Melandri membicarakan persaingan MotoGP terkini dalam wawancaranya dengan kanal YouTubeChiacchiere da Box. Saat ditanya mengenai kemungkinan hasil di Aragon, tanpa ragu ia langsung menyebut nama Marc.

""Marquez akan menang lima detik atas Ducati-Ducati lainnya,"" ujar Melandri sambil tersenyum, seperti dilansirMotosan.

Prediksi tersebut menunjukkan betapa besarnya kepercayaan Melandri terhadap Marc menjelang balapan di MotorLand Aragon. Marc memang punya catatan kuat di Aragon. Sirkuit tersebut juga menjadi salah satu trek yang identik dengan kesuksesan rider asal Cervera itu sepanjang kariernya.

Melandri bahkan tidak melihat persaingan antar-pebalap Ducati bakal cukup ketat untuk menggagalkan kemenangan Marc. Ia memprediksi Marc bukan hanya finis pertama, tetapi meninggalkan para Ducati lain dengan jarak sekitar lima detik.

Prediksi Melandri datang ketika persaingan MotoGP memasuki fase penting. Marc masih menjadi salah satu kandidat kuat dalam perebutan gelar, sementara sejumlah rival mulai berusaha memangkas jarak di klasemen.

Selain Marc, Melandri juga menyoroti kebangkitan Jorge Martin bersama Aprilia. Menurutnya, Martin mulai kembali menemukan kecepatan setelah sempat kesulitan pada awal musim.

Melandri menilai performa Martin di Silverstone pada MotoGP Inggris lalu menjadi sinyal positif bagi Aprilia. Terlebih, Martin mampu kompetitif di lintasan yang sebelumnya tidak punya catatan luar biasa untuknya.

""MartÃ­n menjalani kualifikasi yang spektakuler, dia sangat kuat, memenangi Sprint dan finis di podium. Dia tidak punya catatan luar biasa di lintasan itu dan karena itu, saya pikir mungkin ada sesuatu yang bagus dalam balapan-balapan berikutnya juga,"" ujar Melandri."
"Dukung Sport Tourism, Pertamina Eco RunFest 2026 Bidik Ribuan Pelari",https://sport.detik.com/sportstyle/d-8636814/dukung-sport-tourism-pertamina-eco-runfest-2026-bidik-ribuan-pelari,"Kamis, 27 Agu 2026 15:55 WIB","Penyelenggaraan ajang Pertamina Eco RunFest 2026 siap kembali menyapa para pencinta olahraga lari di Ibu Kota. Acara tahunan bergengsi ini dijadwalkan berlangsung di kawasan Senayan, Jakarta, pada 6 Desember 2026 mendatang.

Pemerintah Provinsi (Pemprov) DKI Jakarta menyambut positif penyelenggaraan festival olahraga ramah lingkungan tersebut. Agenda berskala masif ini dinilai sangat sejalan dengan visi memajukan sektor sport tourism dan sport industry di Jakarta.

Kepala Dinas Pemuda dan Olahraga (Kadispora) DKI Jakarta Andri Yansyah menyoroti besarnya manfaat dari perhelatan ini. Kehadiran ribuan peserta dari berbagai daerah dipastikan membawa efek ganda bagi kesehatan warga sekaligus roda perekonomian.

""Kegiatan ini dampaknya sangat besar untuk kesehatan masyarakat dan perekonomian,"" ujar Andri pada keterangan tertulis, Rabu (26/8/2026).

Ajang lari edisi ke-13 ini memang membidik partisipasi belasan ribu pelari dan pencinta hidup sehat. Penyelenggaraan pada tahun ini menargetkan 14 ribu pelari dan 10 ribu penonton festival.

Direktur Manajemen Risiko Pertamina Ahmad Siddik Badruddin menjelaskan filosofi mendalam dari masifnya partisipasi pelari tersebut. Kekuatan massa sebesar ini diyakini mampu memantik perubahan nyata apabila diarahkan pada kepedulian pelestarian bumi.

""Satu langkah mungkin terlihat kecil, namun saat ribuan Eco Champs melangkah bersama, kita tidak hanya berlari menuju garis finish tapi juga memantik perubahan nyata dan memastikan bumi tetap lestari,"" jelas Siddik.

Geliat olahraga lari di Tanah Air memang tengah mengalami lonjakan popularitas yang sangat signifikan. Race Director Pertamina Eco RunFest 2026 Reza Puspo menyebut olahraga lari kini telah bertransformasi menjadi lifestyle unggulan di masyarakat.

Reza mencatat adanya perubahan kebiasaan masyarakat yang sangat drastis sejak lebih dari satu dekade terakhir. Jumlah perlombaan lari di Indonesia kini bahkan mampu menembus angka ratusan perhelatan dalam kurun waktu satu tahun.

""Tahun 2025 akhir, kita ada 500 lomba lari senasional se-Indonesia artinya sudah terjadi suatu perubahan dari masyarakat Indonesia yang tadinya tidak suka berolahraga tiba-tiba jadi suka olahraga,"" ungkap Reza.

Kehadiran Pertamina Eco RunFest 2026 diharapkan dapat terus menjadi tonggak percontohan bagi industri lari nasional. Sinergi antara kampanye kesehatan fisik dan kelestarian alam menjadi pilar kuat dalam memajukan sport tourism di Indonesia."
Yamaha dan Jack Miller Berpisah Akhir Musim Ini,https://sport.detik.com/moto-gp/d-8636706/yamaha-dan-jack-miller-berpisah-akhir-musim-ini,"Kamis, 27 Agu 2026 15:30 WIB","Yamaha dan Jack Miller akan mengakhiri kerja sama mereka pada penghujung MotoGP 2026. Perpisahan tersebut membuat masa depan rider Australia itu di kelas premier semakin tidak jelas.

Miller saat ini memperkuat Prima Pramac Yamaha bersama Toprak Razgatlioglu. Yamaha memang memperpanjang kontrak Miller untuk musim 2026 pada September 2025, tetapi kesepakatan tersebut hanya berlaku hingga akhir musim ini. Kini, Yamaha mengumumkan bahwa musim 2026 menjadi musim terakhir Miller bersama Yamaha.

Masa depan Miller sebenarnya sudah menjadi tanda tanya dalam beberapa bulan terakhir. Pada akhir Juli, rider 31 tahun itu mengaku belum mengetahui di mana dirinya akan balapan pada 2027.

Miller bahkan membuka kemungkinan meninggalkan MotoGP dan beralih ke World Superbike (WSBK). Ia mengatakan ingin tetap membalap pada 2027, tetapi peluang bertahan di MotoGP semakin tipis.

""Saya tidak tahu, sejujurnya. Jelas ada perubahan yang akan datang. Rasanya masa saya di MotoGP sudah mendekati akhirnya,"" ujar Miller seperti dikutipCyclenews.

Ia mengakui dua musim terakhir cukup sulit karena tidak memiliki paket motor yang kompetitif. Meski begitu, Miller tetap ingin menuntaskan musim dengan profesional.

""Saya masih ingin balapan pada 2027. Tentu saja. Saya menyukainya. Saya menikmati persaingannya,"" katanya.

Belum ada kepastian mengenai tim Miller untuk 2027. Salah satu opsi yang paling kuat adalah pindah ke WSBK.

Miller sendiri sudah mengakui WSBK menjadi salah satu pertimbangannya. Ia bahkan disebut berpeluang tetap berada di lingkungan Yamaha jika pindah ke kejuaraan tersebut.

Situasi itu membuat penghujung musim 2026 menjadi sangat penting bagi Miller. Ia masih punya sejumlah seri untuk menunjukkan kemampuannya sebelum hubungan dengan Yamaha dan Pramac resmi berakhir.

Di sisi lain, Yamaha juga harus menyiapkan susunan pembalap baru untuk proyek MotoGP 2027 yang akan memasuki era regulasi baru, termasuk mesin berkapasitas 850 cc dan penggunaan ban Pirelli."
Toprak di Aragon: Kenangan Manis Vs Ekspektasi Realistis,https://sport.detik.com/moto-gp/d-8636530/toprak-di-aragon-kenangan-manis-vs-ekspektasi-realistis,"Kamis, 27 Agu 2026 13:50 WIB","Toprak Razgatlioglu menuju MotoGP Aragon dengan membawa kenangan manis, tetapi juga ekspektasi realistis. Rider Pramac Yamaha itu memprediksi akhir pekan yang sulit bersama motor V4 Yamaha, sementara timnya memberi sinyal upgrade penting akan segera hadir.

MotoGP Aragon 2026 digelar pada akhir pekan ini. Seri itu akan menjadi kesempatan Toprak untuk kembali mengejar hasil positif setelah dalam empat seri utama terakhir ia tak pernah finis lebih tinggi dari posisi ke-14.

Toprak punya kenangan indah di MotorLand Aragon. Tahun lalu, rider asal Turki itu meraih kemenangan bersama BMW di ajang World Superbike (WorldSBK).

Ia juga sudah pernah menjalani tes dengan motor Yamaha M1 di sirkuit tersebut. Tapi Toprak sadar situasinya berbeda ketika mengendarai motor MotoGP.

""""Saya suka trek ini, dan saya punya kenangan bagus di sini, terutama setelah menang dengan Superbike terakhir kali. Tetapi dengan motor MotoGP, ini akan menjadi akhir pekan yang sulit lagi, jadi kita lihat saja apa yang bisa kami lakukan,"" kata Toprak seperti dilansirCrash.net.

Toprak tetap bertekad memanfaatkan akhir pekan di Aragon untuk mencari perkembangan bersama Pramac Yamaha.

""Saya sudah sepenuhnya fokus pada balapan dan berlatih setiap hari selama jeda untuk bersiap. Seperti biasa, saya akan memberikan yang terbaik dan mencoba terus berkembang,"" ujarnya.

""Saya berharap kami bisa menemukan sesuatu yang membantu saya mengambil langkah berikutnya dengan motor ini dan mencatat hasil spesial akhir pekan ini,"" tutur Toprak mengenai MotoGP Aragon pada akhir pekan."
"Ai Ogura Cedera, Harus Operasi dan Absen di MotoGP Aragon",https://sport.detik.com/moto-gp/d-8636069/ai-ogura-cedera-harus-operasi-dan-absen-di-motogp-aragon,"Kamis, 27 Agu 2026 10:30 WIB","Ai Ogura dipastikan absen pada MotoGP Aragon akhir pekan ini. Pebalap Trackhouse Aprilia itu mengalami cedera tangan kiri sehingga harus menjalani operasi.

Ogura mengalami cedera saat menjalani latihan di Jepang. Setelah tiba di Eropa, pemeriksaan medis menunjukkan adanya patah tulang di dekat ibu jari kiri yang membutuhkan tindakan operasi. Operasi dijadwalkan pada hari Kamis (27/8).

Dengan demikian, Ogura harus melewatkan MotoGP Aragon yang berlangsung pada 28-30 Agustus. Ini menjadi dua tahun beruntun Ogura absen di Aragon. Tahun lalu, ia juga tidak tampil di MotorLand akibat cedera kaki.

Trackhouse langsung menyiapkan pengganti. Pebalap penguji Aprilia, Lorenzo Savadori, akan mengambil alih motor RS-GP milik Ogura di Aragon, mendampingi rekan setimnya, RaÃºl FernÃ¡ndez.

""Pembalap SuperFile Trackhouse MotoGP Team nomor 79, Ai Ogura, mengalami cedera tangan kiri saat berlatih di Jepang,"" demikian pernyataan tim yang dilansir Crash.net.

""Setibanya di Eropa, diketahui bahwa patah tulang di dekat ibu jari kirinya memerlukan operasi yang akan dijalaninya pada Kamis pekan ini. Tim menyambut Lorenzo Savadori yang akan menggantikannya untuk seri ini di Aragon.""

Ogura sejatinya masih berada dalam persaingan juara dunia MotoGP 2026 dengan berada di posisi ketiga klasemen, tertinggal 37 poin dari Jorge Martin yang memimpin kejuaraan. Marco Bezzecchi berada di posisi kedua.

Sebelumnya Ogura tampil impresif sepanjang musim. Ia meraih kemenangan MotoGP pertamanya di Assen pada Juni dan sempat mengoleksi tiga podium beruntun sebelum gagal finis dalam balapan utama MotoGP Inggris di Silverstone.

Kecelakaan di Silverstone menjadi kesalahan besar pertamanya musim ini. Ogura sendiri mengakui kecelakaan tersebut terjadi karena kesalahan dalam pengereman dan kemiringan motor.

Dengan Ogura cedera sehingga harus absen di Aragon, para rivalnya seperti Marc Marquez, Fabio Di Giannantonio, dan RaÃºl FernÃ¡ndez berkesempatan mendekati atau bahkan menyalipnya."
"Fermin Aldeguer Gabung VR46 untuk MotoGP 2027, Dapat Ducati Pabrikan",https://sport.detik.com/moto-gp/d-8636070/fermin-aldeguer-gabung-vr46-untuk-motogp-2027-dapat-ducati-pabrikan,"Kamis, 27 Agu 2026 09:30 WIB","Fermin Aldeguer akan menjadi bagian dari Pertamina Enduro VR46 Racing Team untuk MotoGP 2027 dan 2028. Pebalap muda Spanyol itu sekaligus mendapat kesempatan mengendarai Ducati Desmosedici GP spek pabrikan.

VR46 mengumumkan Aldeguer sebagai pembalap pertamanya untuk musim 2027 pada hari Rabu (26/8/2026) waktu setempat. Kepindahan ini mengakhiri dua musim Aldeguer bersama Gresini Racing.

Ini menjadi langkah besar dalam karier Aldeguer. Selama dua musim pertamanya di MotoGP, ia mengendarai Ducati Desmosedici GP25 bersama Gresini. Musim depan, ia akan mendapat motor Ducati spek pabrikan di tengah era baru MotoGP dengan regulasi 2027.

Aldeguer digadang-gadang sebagai salah satu talenta muda paling menjanjikan di MotoGP. Ia menjalani debut kelas premier pada 2025 dan langsung mencuri perhatian.

Pada musim rookie, pembalap kelahiran 2005 itu meraih tiga podium dan satu kemenangan, yang diraihnya di MotoGP Indonesia. Ia juga menutup musim di posisi kedelapan klasemen dan dinobatkan sebagai Rookie of the Year.

Musim 2026 berjalan lebih sulit. Aldeguer sempat absen akibat cedera dan saat ini berada di posisi ke-11 klasemen dengan satu podium, yang diraih di Catalunya. Ia juga melewatkan tiga balapan.

Aldeguer dijadwalkan kembali ke lintasan pada MotoGP Aragon akhir pekan ini setelah mengalami cedera punggung di Assen.

Aldeguer akan menjadi pembalap non-Italia pertama yang membela tim MotoGP milik Valentino Rossi. Sebelumnya, VR46 identik dengan pembalap Italia, termasuk Rossi sendiri, Luca Marini, Marco Bezzecchi, hingga Franco Morbidelli.

Aldeguer mengaku sangat antusias mendapat kesempatan bergabung dengan tim Rossi.

""Saya sangat senang bisa melangkah maju dalam karier MotoGP saya bersama Pertamina Enduro VR46 Racing Team. Bergabung dengan tim milik Valentino sungguh luar biasa. Dia selalu menjadi salah satu idola dan panutan bagi saya,"" kata Aldeguer seperti dilansir Crash.net.

""Menurut saya, keberadaannya di dalam tim akan membantu saya berkembang sebagai pembalap berkat nasihat-nasihat berharganya.""

Aldeguer juga menyambut kesempatan mengendarai Ducati spek pabrikan. Baginya, motor tersebut akan sangat membantu dalam menghadapi perubahan besar MotoGP pada 2027.

""Menjelang diberlakukannya regulasi baru pada 2027, tujuan saya adalah beradaptasi dengan ban dan motor baru. Menggunakan motor pabrikan Ducati akan sangat membantu dalam hal pengembangan sepanjang musim,"" ujarnya."
MotoGP Aragon 2026: Saatnya Marc Marquez Bersaing Lagi,https://sport.detik.com/moto-gp/d-8635903/motogp-aragon-2026-saatnya-marc-marquez-bersaing-lagi,"Kamis, 27 Agu 2026 04:15 WIB","Usai jeblok di Silverstone,MotoGP Aragon 2026jadi kesempatan bagus buatMarc Marquezuntuk bangkit. Marquez begitu percaya diri akan mampu bersaing lagi.

Pebalap Ducati itu gagal menyaingi penunggang-penunggang Aprilia di MotoGP Inggris, tiga pekan lalu. Marquez start dari grid keenam, lalu finis kesembilan di balapan pendek sebelum finis ketujuh di grand prix.

Sebagai catatan di balapan utama, Marc Marquez berjarak 9,5 detik dari Raul Fernandez (Trackhouse Aprilia), yang jadi kampiun. Marquez menyamai finis terburuknya di musim 2026 setelah finis ketujuh juga di Mugello.

Meski demikian,Marc Marquezpantas merasa lebih optimistis menatap MotoGP Aragon 2026 pada akhir pekan ini. Marquez didukung rekor cemerlang: tujuh kemenangan di kelas premier, termasuk back to back dalam dua edisi terakhir. Marquez akan mencoba mengukir hat-trick kemenangan keduanya sejak menang empat kali berturut-turut di antara 2016-2019.

""Di Aragon, aku telah memperoleh banyak sekali kesuksesan di masa lalu, terutama di beberapa tahun terakhir menunggangi Ducati,"" ungkap juara dunia sembilan kali itu dikutipCrash.

""Ini adalah trek yang memaksimalkan karakteristik yang kupunya dan kemampuan berkendara motor kami,"" sambungMarc MarquezjelangMotoGP Aragon 2026.

""Dibandingkan dengan Silverstone, dan dengan dua pekan waktu tambahan pemulihan, aku yakin bahwa kami akan jauh lebih dekat dengan pebalap terdepan dan kami bisa bersaing untuk posisi-posisi yang penting baik di Sprint maupun balapan Hari Minggu,"" dia menambahkan."
Olahraga Slowpitch Kian Berkembang di Jakarta,https://sport.detik.com/g-sport/d-8635896/olahraga-slowpitch-kian-berkembang-di-jakarta,"Kamis, 27 Agu 2026 01:30 WIB","Olahraga slowpitchmulai banyak peminat di Jakarta. Personel band rock asal Amerika Serikat, The Flaming Lips, bahkan ikut turun langsung ke lapangan bersama komunitas The Panthers.

Pertemuan lintas negara dan lintas kultur tersebut berlangsung secara spontan melalui aplikasi olahraga Reclub, platform yang memungkinkan para pegiat olahraga menemukan jadwal permainan dan bergabung dalam sesi pickup match yang terbuka.

Alih-alih sekadar menikmati waktu luang di sela aktivitas konser, para personel The Flaming Lips memilih cara yang cukup unik untuk berinteraksi dengan masyarakat lokal: bermain baseball bersama komunitas Jakarta.

The Panthers merupakan komunitas slowpitch kasual di Jakarta yang berawal dari para orang tua pemain Teladan Tigers, tim Little League yang berbasis di Jakarta. Dalam perkembangannya, The Panthers menjadi salah satu contoh bagaimana ekosistem slowpitch tumbuh secara organik di Jakarta.

Pertumbuhan berbagai komunitas dan kompetisi, termasuk The Senayan Slowpitch League (SSL), ikut memperkenalkan slowpitch kepada kelompok masyarakat yang lebih luas.

Pegiat dan pecinta slowpitch Indonesia, Hans Siregar, menyambut positif perkembangan tersebut. Menurutnya, pertumbuhan komunitas slowpitch menunjukkan bahwa olahraga ini memiliki potensi besar untuk berkembang menjadi bagian dari gaya hidup masyarakat urban.

Terlebih, saat ini mulai muncul perhatian yang lebih serius terhadap slowpitch melalui hadirnya Komisi Slowpitch dalam kepengurusan Perbasasi Jakarta (Perserikatan Baseball Softball Seluruh Indonesia).

""Ketersediaan lapangan menjadi salah satu kunci. Kalau masyarakat punya tempat yang memadai untuk bermain, komunitas akan tumbuh dengan sendirinya,"" kata Hans dalam keterangan persnya.

Hans juga menilai pengelolaan kawasan olahraga terpadu seperti Gelora Bung Karno (GBK) dapat menjadi contoh pemanfaatan ruang publik untuk berbagai cabang olahraga."
Taekwondoin Giovano Mandagi Rebut Medali Perak di Hunan,https://sport.detik.com/sport-lain/d-8635887/taekwondoin-giovano-mandagi-rebut-medali-perak-di-hunan,"Kamis, 27 Agu 2026 00:20 WIB","Taekwondoin IndonesiaGiovano Gikey Mandagisukses merebut medali perak di ajang China Open Taekwondo Championship 2026 di Hunan.

Giovano berlaga di nomor Kyorugi Junior putra kelas U-51 kg. Atlettaekwondoputra berusia 15 tahun itu melaju dari laga pertama sampai final, sebelum akhirnya jadi runner-up usai dikalahkan wakil Hong Kong.

Prestasi tersebut jadi catatan positif bagi Giovani dan Tim Pelatnas Taekwondo Indonesia dalam ajang China Open 2026 yang digelar 23-24 Agustus. Sekalipun gagal memenangi medali emas.

Ketua Umum Pengurus Besar Taekwondo Indonesia (PBTI) Letjen TNI Richard Tampubolon mengapresiasi pencapaian Giovano. Richard menyebut hasil tersebut membanggakan bagi taekwondo Indonesia.

""Giovano merupakan Atlet Junior Taekwondo Indonesia. Ia unjuk gigi dari peserta delapan negara untuk kategori Kyorugi (pertarungan) -51, dengan meraih 1 Medali Perak pada kejuaraan 2026 China Open Taekwondo Championship,"" kata Richard saat dikonfirmasi, Rabu (26/8/2026).

Medali ini kian melengkapi sukses Giovano Gikey Mandagi dalam dua bulan terakhir. Sebelumnya, Giovano memenangi medali emas di Wuhan Beach Taekwondo Open pada Juli silam."
Ketika 140 Pegolf Bertarung Rayakan Hut ke-81 RI,https://sport.detik.com/sportstyle/d-8635820/ketika-140-pegolf-bertarung-rayakan-hut-ke-81-ri,"Kamis, 27 Agu 2026 00:15 WIB","Hari Kemerdekaan ke-81 Republik Indonesiamemang sudah lewat. Tapi, masih ada cara untuk merayakan suka cita, yakni lewat ayunan stik golf.

Adalah The Manor Golf & Estate yang menghadirkan lagi The Manor Golf Member & Guest Medal Tournament Agustus 2026, Minggu (23/8), sebagai bagian dari Club Series 2026, rangkaian turnamen yang telah diagendakan sepanjang tahun sebagai bentuk komitmen membangun engagement yang lebih dekat dengan member melalui berbagai event dan turnamen rutin.

Selain itu Manor juga ingin berpartisipasi dalam mengembangkan olahraga golf di Tanah Air. Turnamen kali ini mengusung tema ""Par-tee Agustus"" dan berlangsung dengan antusiasme tinggi dari para member maupun guest.

Untuk memastikan kenyamanan peserta sekaligus menjaga kualitas penyelenggaraan, jumlah peserta dibatasi maksimal 140 peserta, dengan kategori pemenang untuk member dan guest. Tingginya antusiasme membuat slot turnamen kali ini terisi dengan cepat.

Bagi Manor Golf & Estate, turnamen ini tidak cuma ajang pertemuan sesama pegolf anggota mereka, tapi juga ikut merayakan HUT ke-81 RI.

""Kami sangat mengapresiasi antusiasme yang luar biasa dari member dan guest pada The Manor Golf Member Medal Tournament kali ini. Untuk memastikan kenyamanan peserta dan menjaga kualitas penyelenggaraan, kami menetapkan kapasitas maksimal 140 peserta. Tingginya antusiasme membuat slot turnamen kali ini terisi dengan cepat,"" ujar Chief of Committee The Manor Golf Member & Guest Medal Tournament Agustus 2026, Asep Hendi, dalam keterangan kepada media.

Bukan Sekadar Kompetisi Golf Selain menawarkan persaingan di lapangan, turnamen ini turut menghadirkan beragam hadiah menarik. Salah satu yang menjadi daya tarik utama adalah dua unit mobil untuk hadiah Hole-in-One serta tur gratis ke Maladewa.

Sebanyak 60 pemenang Lucky Draw berkesempatan membawa pulang hadiah dengan total nilai sekitar Rp170 juta. Sementara itu, tiga peserta beruntung mendapatkan Grand Prize berupa ponsel dengan total nilai mencapai Rp 50 juta.

Berbagai aktivitas dari brand sponsor juga membuat suasana turnamen semakin semarak. Game, challenge, dan aktivitas interaktif di sejumlah hole membuat peserta tidak hanya berfokus pada kompetisi, tetapi juga menikmati pengalaman bermain yang lebih dinamis.

Muncul sebagai pemenang adalah Julius Setiawan yang juga berhasil meraih gelar Best Gross Overall.

""Saya sebenarnya cukup jarang mengikuti tournament, jadi bisa ikut bermain di The Manor dan kali ini berhasil meraih Best Gross Overall sekaligus dinobatkan sebagai Champion tentu menjadi pengalaman yang sangat menyenangkan dan berkesan. Sejak awal datang, suasananya sudah terasa meriah, bahkan dari penyambutan di lobby. Selama permainan juga banyak aktivitas game dan challenge dari brand sponsor di setiap hole, sehingga suasananya tetap seru dan membuat kami semakin excited untuk menyelesaikan setiap hole,"" papar Julius.

""Menurut saya, aktivitas-aktivitas tersebut membuat tournament ini terasa berbeda. Kompetisinya tetap ada, tetapi suasananya juga sangat enjoyable. Saya puas dengan pengalaman bermain di The Manor kali ini. Saya pasti akan menunggu Club Championship 2026 dan tentunya siap kembali bermain untuk menjadi pemenang,"" sambungnya.

The Manor Golf & Estate berharap kontribusi mereka ini bisa berdampak positif untuk perkembangan olahraga golf di Tanah Air."
Pemprov DKI Akan Gelar One Running Series 2026 di Lima Rute Berbeda,https://sport.detik.com/sport-lain/d-8635772/pemprov-dki-akan-gelar-one-running-series-2026-di-lima-rute-berbeda,"Rabu, 26 Agu 2026 21:17 WIB","Pemerintah Provinsi DKI Jakarta dan PT Sasana Jiwa berkolaborasi menggelar rangkaian event lari.One Running Series2026 akan digelar di lima rute berbeda.

Lokasi ajang ini akan digelar di Jakarta Selatan, Jakarta Barat, Jakarta Timur, Jakarta Utara, dan Jakarta Pusat. Mengusung tema One City, One Celebration, Jakarta One Running Series hadir bukan sekadar sebagai kompetisi olahraga, tetapi sebagai sebuah perayaan yang mempertemukan masyarakat dari berbagai latar belakang dalam satu nuansa kebersamaan.

Setiap langkah di Jakarta One Running Series menjadi perayaan 500 tahun sejarah perkembangan, perjuangan, transformasi, dan kebanggaan masyarakat DKI Jakarta terhadap kotanya. Dalam sambutannya, Gubernur DKI Jakarta,Pramono Anung, menyoroti bahwa Jakarta One Running Series dapat menjadi cerminan nilai-nilai persatuan, kolaborasi, dan semangat kolektif masyarakat Jakarta.

""Saya melihat bahwa Jakarta One Running Series memiliki nilai yang sangat strategis. Dengan melibatkan lima wilayah kota dan menghadirkan titik temu di Monumen Nasional, kegiatan ini merepresentasikan Jakarta sebagai simbol persatuan, kolaborasi, dan semangat kolektif seluruh warganya,"" kata Pramono Anung di Hotel Borobudur, Jakarta, Rabu (26/8/2026).

Pramono juga menyampaikan apresiasi yang baik kepada Jakarta One Running Series yang mendorong gaya hidup aktif berkelanjutan dan mendukung penuh masyarakat untuk bergerak bersama, menunjukkan rasa cinta kepada kota ini, dan menghadirkan Jakarta sebagai kota global yang sehat dan inklusif. Jakarta One Running Series 2026 akan didesain sebagai serangkaian kegiatan lari yang menyoroti karakter khas dari setiap wilayah Jakarta, mulai dari distrik bisnis yang ramai hingga pusat sejarah dan budaya.

""Jakarta One Running Series bukan hanya tentang berlari dan mencapai garis finis. Kami ingin menciptakan satu acara yang dapat diikuti oleh semua orang di Jakarta, mulai dari pelari hingga yang ingin memulai berlari. Karena untuk menjadi bagian dari sebuah perayaan, kita tidak harus berlari paling cepat, kita hanya perlu mengambil satu langkah,"" ujar CEO PT Sasana Jiwa Rufina Novalita.

Semangat tersebut juga tercermin dalam konsep pengalaman yang akan dihadirkan sepanjang rangkaian Jakarta One Running Series 2026. Peserta tidak hanya diajak mengejar jarak dan waktu, tetapi juga menikmati perjalanan, atmosfer kota, komunitas, dan berbagai aktivitas yang menjadi bagian dari perayaan Jakarta. Race Director Jakarta One Running Series Husni Kamil menjelaskan bahwa pengalaman peserta menjadi salah satu fokus utama dalam penyelenggaraan event ini.

""Kami ingin setiap kilometer memiliki cerita. Mulai dari race experience, komunitas, hingga berbagai elemen yang hadir di sepanjang perjalanan, semuanya dirancang agar peserta dapat merasakan Jakarta dengan cara yang berbeda,"" ucap Husni Kamil.

Jakarta One Running Series akan dimulai pada 1 November 2026 di SCBD Jakarta Selatan, dilanjutkan di Ancol, Jakarta Utara, pada 17 Januari 2027, 21 Maret 2027 di Puri Jakarta Barat, 25 April 2027 di Velodrome Jakarta Timur, dan ditutup di Lapangan Banteng Jakarta Pusat pada 6 Juni 2027. Acara ini hanya memiliki satu kategori, yaitu 5 KM.

Untuk pendaftaran, dibuka pada tanggal 26 Agustus 2026 secara online. Selain itu, terdapat hadiah total puluhan juta rupiah untuk peserta yang mencapai podium 1 hingga 3.

""Kami menargetkan 10.000 pelari untuk satu acara di satu wilayah Jakarta, yang terdiri dari penggiat dan komunitas olahraga lari nasional, masyarakat umum kota Jakarta, hingga pelajar,"" tutur Husni Kamil.

Jakarta One Running Series 2026 didukung oleh Pemerintah Provinsi DKI Jakarta, Kementerian EKRAF Republik Indonesia, dan Kementerian Pariwisata Republik Indonesia serta disponsori oleh Hotel Borobudur Jakarta sebagai Official Hotel Partner, ConnectX, Miels, Wikinara, Ibundaku,Kliktron, dan Jabra. Race Pack Collection akan diadakan di Hotel Borobudur Jakarta pada tanggal 28, 29, dan 30 Oktober 2026."
Marc Marquez dan Lengan Kanan yang Menyiksanya,https://sport.detik.com/moto-gp/d-8635264/marc-marquez-dan-lengan-kanan-yang-menyiksanya,"Rabu, 26 Agu 2026 17:30 WIB","Marc Marquezalami patah tulang lengan atas kanan pada 2020 lalu. Meski sudah sembuh dan jadi juara dunia lagi, cederanya itu terus menyiksanya.

Dilansir dariCrash, patah tulang lengan atas kanan itu dialami Marc Marquez saat balapan di Spanyol tahhun 2020. Setelahnya selama dua tahun, Marquez harus jalani empat kali operasi.

Pada 2025 kemarin,Marc Marquezjatuh lagi di Sirkut Mandalika, Indonesia. Itu hanya beberapa hari setelah memenangkan gelar juara MotoGP ketujuhnya.

Marquez pun alami cedera bahu setelahnya dan membuat dirinya tersendat di awal musim 2026. Namun masuki tengah musim, rider Ducati itu sudahon firelagi.

Cedera patah tulang lengan atas kanan itu membuat hidup Marc Marquez berubah. Marquez mengaku, sakitnya tidak akan kambuh andai selalu tepat ke fisioterapi tepat waktu.

""Dalam kehidupan sehari-hari, saya tidak memiliki banyak keterbatasan fisik selama saya merawatnya dengan cara yang tepat. Saya pergi ke fisioterapis lebih sering daripada yang saya inginkan,"" jelasnya.

""Itu satu-satunya cara untuk menjalani hidup normal,"" ungkapnya.

Marc Marqueztidak bisa menggunakan lengan kanannya secara normal. Tidur pun harus hati-hati!

""Saya harus sangat berhati-hati untuk tidur miring ke kiri atau telentang di malam hari,"" ujarnya.

""Dulu saya sering bermain padel, tapi sekarang tidak lagi menggunakan lengan kanan. Saya sempat mencoba belajar bermain dengan lengan kiri, tapi itu mustahil,"" paparnya."
Luca Marini Gabung ke Tim Satelit KTM di MotoGP 2027,https://sport.detik.com/moto-gp/d-8635268/luca-marini-gabung-ke-tim-satelit-ktm-di-motogp-2027,"Rabu, 26 Agu 2026 16:05 WIB","RiderLuca Marinipunya tim baru diMotoGP 2027. Dia resmi bergabung ke tim satelitKTM Tech3.

Kabar bergabungnya Marini disampaikan KTM Tech3, Rabu (26/8/2028) sore WIB. Pebalap berusia 29 tahun itu jadi rider pertama bagi tim asal Prancis itu untuk musim 2027.

""Tech3 telah mengumumkan Luca Marini bergabung dengan tim mulai tahun 2027, dengan pembalap Italia ini beralih saat kelas utama memasuki era baru regulasi teknis,"" begitu pernyataan resmi KTM Tech3.

Transfer ini sekaligus menyudahi karier Marini bersamaHonda HRC Castrol. Rider asal Italia itu sudah bergabung dengan tim pabrikan Honda sejak 2024.

Luca Marini sudah bersaing di MotoGP sejak 2021. Dia belum pernah meraih podium pertama dalam 94 race yang diikuti, dengan pencapaian tertingginya meraih P2 di MotoGP Amerika Serikat 2023.

Meski belum pernah meraih kemenangan, Luca Marini tetap dinilai layak menunggangi motor KTM Tech3. Pengalaman dan kemampuannya beradaptasi amat penting bagi tim untuk era regulasi dan mesin baru di MotoGP 2027.

""Luca adalah pembalap yang telah kami pantau dengan cermat, dan kami sangat senang menyambutnya di Tech3 mulai tahun 2027. Dia membawa banyak pengalaman, tetapi juga mentalitas dan pendekatan yang tepat untuk apa yang sedang kami bangun di sini,"" kata CEO Tech3 Guenther Steiner.

A new era for@tech3racingbeckons with Luca Marini ð#MotoGPpic.twitter.com/kDq5114FhQ

""Tahun 2027 akan menjadi awal baru bagi MotoGP, jadi memiliki pembalap yang dapat berkontribusi pada kemajuan kami di era baru ini akan sangat penting,"" ujarnya.

KTM tinggal mencari satu pebalap lagi untuk mendampingi Marini di Tech3 musim depan. Di tim pabrikan, KTM sudah menggaet Fabio Di Giannantonio dan Alex Marquez."
Tebak Jenis Motor & Riders Legendarisnya untuk Menangkan Hadiah Total Rp750.000,https://sport.detik.com/moto-gp/d-8635095/tebak-jenis-motor-riders-legendarisnya-untuk-menangkan-hadiah-total-rp750-000,"Rabu, 26 Agu 2026 14:41 WIB","detikers merasa tahu banyak tentang dunia otomotif? Saatnya uji ketajaman matamu! Bold Riders kembali bagi-bagi hadiah spesial senilai total Rp 750.000 bagi 3 detikers beruntung.

Caranya gampang banget! Kamu hanya perlu menebak nama motor yang diblur pada gambar slide pertama postingan kuis di Instagram.

Bagaimana Cara Ikutannya?

Buat detikers yang mau berpartisipasi, simak syarat dan mekanisme berikut ini:

1. Follow akun Instagram resmi @detikcom dan @boldriders.

2. Tebak nama motor yang diblur pada slide 1 beserta rider legendarisnya

3. Tulis jawabanmu di kolom komentar postingan quiz tersebut.

4. Mention akun @detikcom, @boldriders, dan 2 orang teman terdekatmu untuk mengajak mereka ikutan.

Nantinya, akan dipilih 3 detikers dengan jawaban yang benar sebagai pemenang.

Periode quiz : 26-28 Agustus 2026

[Gambas:Instagram]

Siap Bawa Pulang Hadiahnya?

Jangan asal tebak, pastikan jawabanmu tepat! Tiga pemenang beruntung masing-masing akan mendapatkan saldo e-wallet senilai Rp 250.000.

Jadi, sudah siap menguji ketajaman matamu dan yakin bisa mengenali motor yang diblur? Yuk, langsung cek postingan kuisnya di Instagram, tebak jawabannya, dan ajak dua teman terdekatmu untuk ikut seru-seruan!

Selamat mencoba dan semoga beruntung, detikers!

Bold Riders sebagai wadah komunitas motor yang multi genre, motor dengan brand apapun bisa join bold riders yang mengusung semangat brotherhood. Bold Riders juga menjadi sponsor Gresini Racing Team yang bertanding di MotoGP. semangat tanding motor yang penuh adrenalin dan keberanian untuk ambil resiko di sirkuit balapan.

Mengapa MotoGP menjadi representasi ekstrem dari keberanian? Kecepatan lebih dari 300 km/jam, keputusan sepersekian detik, dan tekanan kompetisi.Para pembalap menunjukkan bahwa keberanian lahir dari latihan yang konsisten.

Bold Riders mendukung nilai yang menjadi jiwa MotoGP dan komunitas roda dua yang live bold dengan kehidupan penuh adrenalin:

- Keberanian mengambil keputusan dalam hitungan detik.

- Mental untuk terus berkembang.

- Passion terhadap dunia roda dua.

- Menghargai proses, latihan, dan disiplin.

Menjadikan setiap perjalanan sebagai pengalaman yang berarti. Semangat brotherhood dalam komunitas yang merangkul motor multi genre."
MotoGP Aragon 2026: Tekad Jorge Martin Lanjutkan Tren Positif Aprilia!,https://sport.detik.com/moto-gp/d-8634742/motogp-aragon-2026-tekad-jorge-martin-lanjutkan-tren-positif-aprilia,"Rabu, 26 Agu 2026 13:30 WIB","Aprilia datang ke MotoGP Aragon 2026 dengan modal positif. Jorge Martin memimpin klasemen pebalap dengan keunggulan 31 poin sedangkan rekan setimnya, Marco Bezzecchi, berada di posisi kedua.

Martin tampil kuat pada MotoGP Inggris di Silverstone. Kembali menggunakan setelan motor yang pernah dipakainya pada awal musim membantu pebalap Spanyol itu meraih pole position, kemenangan Sprint, dan podium dalam balapan utama.

Kini Martin bersiap menghadapi Aragon. Ini akan menjadi kali pertama ia balapan di MotorLand Aragon sebagai pebalap Aprilia, setelah absen pada seri tersebut musim lalu. Martin berharap momentum yang dibangun bersama Aprilia di Silverstone bisa berlanjut akhir pekan ini.

""Kami tiba di salah satu GP kandang kami dalam kondisi yang bagus. Saya senang dengan pekerjaan yang kami lakukan bersama tim. Kami bekerja dengan sangat baik di Silverstone dan saya berharap kami bisa melanjutkan tren yang sama,"" kata Martin dalam pernyataan Aprilia yang dikutipMotosan.

""Saya sangat menantikan balapan di depan para penggemar Spanyol dan kembali ke Aragon setelah melewatkan balapan ini tahun lalu. Akan sangat menyenangkan mengendarai Aprilia saya di MotorLand untuk pertama kalinya,"" lanjutnya.

Martin mengaku menyukai karakter sirkuit Aragon. Ia pun ingin langsung bekerja sejak sesi latihan pertama untuk mendapatkan sensasi terbaik di atas motor.

""Saya menyukai trek ini dan kami akan fokus bekerja sekeras mungkin sejak Jumat, untuk mencoba mendapatkan feeling yang bagus pada Sabtu dan Minggu,"" tuturnya.

Dengan keunggulan 31 poin di klasemen, Martin memiliki peluang memperlebar jarak dari para rivalnya di Aragon. Sementara Bezzecchi yang kembali menempati posisi kedua membuat Aprilia menempatkan dua pebalapnya di posisi teratas klasemen menjelang seri tersebut."
Crutchlow: Quartararo dan Honda Bakal Jadi Duet yang Sempurna,https://sport.detik.com/moto-gp/d-8634700/crutchlow-quartararo-dan-honda-bakal-jadi-duet-yang-sempurna,"Rabu, 26 Agu 2026 12:30 WIB","Cal Crutchlow punya prediksi positif atas keputusan Fabio Quartararo pindah ke Honda mulai MotoGP 2027. Menurutnya, Quartararo dan Honda bisa menjadi kombinasi yang sangat ideal.

Quartararo memutuskan tidak melanjutkan negosiasi dengan Yamaha untuk musim 2027 setelah frustrasi melihat perkembangan YZR-M1 dalam beberapa tahun terakhir. Juara dunia MotoGP 2021 itu kemudian menandatangani kontrak dua tahun bersama Honda.

Kepindahan tersebut sekaligus menjadi yang pertama bagi Quartararo untuk membela pabrikan selain Yamaha sejak naik ke kelas MotoGP. Langkah Quartararo juga datang pada momen penting. MotoGP akan memasuki era baru pada 2027 dengan perubahan regulasi besar, termasuk kapasitas mesin yang turun menjadi 850 cc.

Artinya, pada musim depan seluruh pebalap akan menghadapi tantangan baru dan relatif memulai dari awal. Crutchlow yang pernah bekerja dengan Honda maupun Yamaha di MotoGP menilai Quartararo sudah mengambil keputusan yang tepat.

""Saya pikir ini akan bagus,"" kata Crutchlow ketika ditanya soal duet Quartararo dan Honda seperti dilansirMotorsport.com.

""Saya tahu cara Fabio membalap dan saya juga tahu karakter serta kepribadiannya. Dia ingin menang, Honda ingin menang - tidak ada alasan mengapa ini tidak menjadi pasangan yang sempurna.""

Crutchlow menilai kedatangan Quartararo juga menjadi keuntungan besar bagi Honda. Pabrikan Jepang itu mendapatkan pebalap yang sudah terbukti mampu menjadi juara dunia.

""Saya pikir ini langkah yang bagus untuk keduanya. Bagi Honda, mendatangkan seorang juara dunia seperti Fabio dan dengan cara dia membalap, saya pikir dia akan tampil sangat-sangat baik,"" ujarnya.

""Dan bagi Fabio, dia bergabung dengan tim yang ingin kembali ke jalur kemenangan.""

Menurut Crutchlow, kemampuan Quartararo tidak hanya terletak pada bakat. Etos kerja pebalap Prancis itu juga menjadi modal penting untuk menghadapi proyek baru Honda.

""Ini menarik bagi banyak pihak di kejuaraan, melihat perpindahan yang terjadi di bursa pebalap. Tapi Fabio adalah pebalap hebat. Dari sisi bakat, dia benar-benar berada di level teratas di grid dan dia juga bekerja keras, jadi saya bisa melihat ini menjadi kombinasi yang bagus,"" tuturnya.

Quartararo akan menjadi bagian dari susunan baru Honda untuk MotoGP 2027. Tapi rekan setimnya di tim pabrikan masih belum ditentukan.

Honda sudah mengikat dua pebalap, yakni Diogo Moreira dan bintang Moto2 David Alonso. Pabrikan asal Jepang itu masih harus menentukan siapa yang akan mengisi kursi tim pabrikan bersama Quartararo dan siapa yang ditempatkan di LCR Honda bersama Johann Zarco."
"Aprilia Lagi di Atas Angin, Vermeulen Sebut Masalah Terbesar Ducati",https://sport.detik.com/moto-gp/d-8634608/aprilia-lagi-di-atas-angin-vermeulen-sebut-masalah-terbesar-ducati,"Rabu, 26 Agu 2026 11:50 WIB","Chris Vermeulen menilai Ducati masih memiliki masalah besar di MotoGP 2026. Menurut mantan pebalap MotoGP itu, salah satu penyebabnya adalah kondisi fisik Marc Marquez yang belum sepenuhnya prima.

Aprilia sejauh ini tampil impresif dan menjadi kekuatan utama dalam persaingan MotoGP 2026. Vermeulen bahkan menilai motor Aprilia berada satu tingkat di atas Ducati.

""Ini jelas motor terbaik. Empat dari enam besar klasemen dunia adalah pebalap Aprilia. Itu menunjukkan bahwa ini adalah motor terbaik di dunia, dan jika Anda mengendarai Aprilia tetapi tidak dekat dengan podium, berarti Anda tidak melakukan pekerjaan dengan baik saat ini. Mereka sedikit unggul atas Ducati,"" kata Vermeulen dalam podcastMotorsport Republica.

Di sisi lain, Ducati justru menghadapi situasi yang tidak mudah. Vermeulen melihat kondisi Marc Marquez menjadi salah satu faktor penting.

""Saya pikir masalah terbesar Ducati tahun ini adalah Marc [Marquez] tidak dalam kondisi fisik terbaik, meskipun dia mulai kembali. Pace Diggia dan Alex [Marquez], ketika dia fit, menunjukkan bahwa motor tersebut mampu. Pecco [Bagnaia] tersesat, saya tidak tahu apa yang terjadi di sana,"" ujarnya.

Marquez memang masih menjadi salah satu kandidat kuat dalam persaingan gelar. Namun, kondisi fisiknya membuat performanya belum sepenuhnya berada pada level terbaik.

Keunggulan Aprilia juga terlihat dari komposisi klasemen. Empat dari enam pebalap teratas saat ini merupakan pebalap Aprilia. Vermeulen menilai hal tersebut menjadi bukti kuat bahwa RS-GP sedang menjadi motor paling kompetitif di grid.

Salah satu pebalap yang turut mencuri perhatian adalah Ai Ogura. Rider Jepang tersebut dinilai tampil konsisten dan terus memperbaiki posisinya dalam klasemen.

""Pertama kali dia melakukan kesalahan adalah di Silverstone. Ogura sangat konsisten dan mulai memperbaiki posisinya di klasemen, meskipun saya pikir rata-rata posisi start-nya adalah kedelapan atau kesembilan,"" kata Vermeulen.

Menurutnya, posisi start tersebut bisa menjadi hambatan besar jika Ogura ingin menjadi juara dunia.

""Akan sulit memenangkan Kejuaraan Dunia dengan memulai dari posisi kedelapan atau kesembilan seperti kondisi MotoGP sekarang. Beberapa tahun lalu, Rossi bisa melakukannya, tetapi balapannya sangat berbeda,"" tuturnya."
"Maverick Vinales Absen di MotoGP Aragon, Pol Espargaro Jadi Pengganti",https://sport.detik.com/moto-gp/d-8634581/maverick-vinales-absen-di-motogp-aragon-pol-espargaro-jadi-pengganti,"Rabu, 26 Agu 2026 10:50 WIB","Maverick Vinales dipastikan absen pada MotoGP Aragon 2026 akhir pekan ini. Tech3 KTM menunjuk Pol Espargaro untuk menggantikannya.

Vinales belum kembali membalap sejak MotoGP memasuki jeda musim panas. Ia masih menjalani pemulihan cedera bahu yang dialaminya di Jerman tahun lalu.

Tech3 kini mengonfirmasi Vinales belum cukup fit untuk kembali ke lintasan di Aragon. Pol Espargaro pun kembali dipercaya mengisi kursinya setelah sebelumnya menggantikan Vinales pada MotoGP Inggris.

""Kami bersama Maverick dan KTM telah memutuskan bahwa Pol akan tetap bersama kami di Aragon sehingga Maverick bisa terus fokus pada pemulihannya,"" kata bos tim Tech3, Nicolas Goyon seperti dilansirCrash.net.

""Pol melakukan pekerjaan yang solid untuk tim di Silverstone, dan pengalamannya berarti dia berada dalam posisi yang baik untuk kembali turun akhir pekan ini. Hal terpenting bagi kami adalah Maverick meluangkan waktu yang dia butuhkan untuk pulih dengan baik. Sampai saat itu, kami akan fokus ke Aragon dan terus memberikan dukungan penuh kepada Pol dan Enea.""

Espargaro sebelumnya sudah turun menggantikan Vinales pada MotoGP Inggris. Dalam balapan di Silverstone tersebut, pebalap 35 tahun itu finis di posisi ke-13. Kini, Espargaro kembali mendapat kesempatan membalap bersama Tech3 di Aragon. Ia akan mendampingi Enea Bastianini yang tetap menjadi pebalap Tech3 untuk seri tersebut.

Tech3 belum memberikan kepastian kapan Vinales akan kembali. Tapi tim berharap pebalap berusia 31 tahun itu sudah bisa kembali pada MotoGP San Marino di Misano bulan depan. Vinales sendiri merupakan pemilik 10 kemenangan di kelas MotoGP. Namun, musim ini perjalanannya bersama KTM kembali diwarnai persoalan.

Selain masih berkutat dengan cedera, Vinales juga sudah kehilangan tempat di grid MotoGP untuk musim 2027. KTM bahkan sempat dikabarkan tengah mencari jalan untuk mengakhiri kerja sama dengan Vinales lebih cepat pada jeda musim panas.

Untuk saat ini, Vinales harus kembali menepi dan fokus memulihkan kondisi fisiknya. Sementara itu, Tech3 akan mengandalkan Espargaro untuk MotoGP Aragon."
Kawasan GBK Jadi Ruang Olahraga Favorit Warga,https://sport.detik.com/fotosport/d-8634298/kawasan-gbk-jadi-ruang-olahraga-favorit-warga,"Rabu, 26 Agu 2026 08:00 WIB","Jakarta- Kawasan GBK ramai dimanfaatkan warga untuk berolahraga. Lari, sepatu roda, hingga badminton menjadi aktivitas yang dilakukan masyarakat."
PTN Hoops Fest 2026 Jadi Ajang Nolstagia & Sinergi di Lapangan Basket,https://sport.detik.com/basket/d-8634365/ptn-hoops-fest-2026-jadi-ajang-nolstagia-sinergi-di-lapangan-basket,"Rabu, 26 Agu 2026 00:45 WIB","Ratusan alumni dari berbagaiPerguruan Tinggi Negeri(PTN) di Indonesia turun ke lapangan. Mereka bernostalgia dan bersinergi di PTN Hoops Fest 2026.

Turnamen bola basket antaralumni ini berlangsung di GOR Bulungan, Jakarta Selatan pada 22-25 Agustus 2026. Mengusung agenda resmi Senior Unity Alumni PTN Hoops Fest 2026, mengusung tema besar ""One Basketball, Countless Memories"".

Tema ini mencerminkan misi utama kegiatan, yaitu menyediakan wadah kompetisi yang sehat sekaligus menjadi jembatan silaturahmi dan ruang nostalgia bagi para alumni senior semasa menduduki bangku kuliah.

Turnamen tahun ini diikuti oleh jajaran kampus ternama di negeri ini, antara lain: Universitas Indonesia (UI), Universitas Gadjah Mada (UGM), Institut Teknologi Bandung (ITB), Institut Pertanian Bogor (IPB), Universitas Padjadjaran (UNPAD), Universitas Diponegoro (UNDIP), Universitas Sebelas Maret (UNS).

Demi memastikan jalannya pertandingan yang adil dan berimbang, kompetisi dibagi ke dalam beberapa Kelompok Umur (KU) yaitu, KU 30+ Putri, KU 40+ Putra, KU 50+ Putra, KU 55+ Putra.

Ketua Lembaga Penjamin Simpanan Indonesia (LPSI), Anggito Abimanyu hadir untuk menutup perhelatan PTN Hoops Fest 2026. Anggito yang juga mantan Ketua Umum PB Perbasi periode 2010-2014 itu mengapresiasi ajang ini karena menjadi wadah untuk bertemu dengan rekan-rekan saat masih kuliah dahulu.

""Semangat dari turnamen ini adalah semangat untuk unity, semangat untuk bertanding, semangat untuk tetap sehat, sekaligus bersilaturahmi, khususnya para alumni dari perguruan tinggi negeri,"" kata Anggito dalam pernyataannya, Selasa (25/8/2026).

""Dengan adanya turnamen ini saya bisa kembali bertemu dengan teman-teman saat kami kuliah dahulu. Sekarang kami bertemu lagi dan bermain basket bersama. Dulu juga pernah bermain bersama mereka, jadi sekarang seperti nostalgia,"" ujarnya menambahkan

PTN Hoops Fest memiliki banyak manfaat bagi alumni perguruan tinggi negeri. Anggota Dewan Komisaris Otoritas Jasa Keuangan (OJK) Hasan Fawzi mengatakan ajang ini tidak hanya sebagai wadah silaturahmi, tetapi juga sebagai wadah sinergitas antar alimni yang kini berkerja di instansi-intanai berbeda.

""Saat ini kami masing-masing sudah berkarya di instansi masing-masing. Tentu melalui pertemuan dalam ajang turnamen basket seperti ini, ada banyak hal yang bisa kami lakukan dan sinergikan di luar olahraga bola basket itu sendiri. Suasananya juga lebih cair,"" tutur Hasan Fawzi.

""Kami mengapresiasi panitia yang menyelenggarakan kegiatan ini dengan tujuan yang sangat baik. Selain terus menyemarakkan olahraga basket di tingkat nasional, ajang ini juga menjadi sekaligus mengenang masa-masa ketika mereka berada di puncak stamina sebagai mahasiswa dan pebasket di perguruan tinggi masing-masing,"" ucapnya.

Di kategori KU-30 putri, tim alumni Universitas Padjadjaran (Unpad) keluar sebagi juara setelah di final mengalahkan tim Universitas Indonesia (UI) dengan skor 38-21. Kategori KU 30+ putra, titel juara diraih oleh UGM setelah mengalahkan Unpad, 32-29.

Kegagalan tim UI 30+ putri, beruntung mampu dibayar lunas dengan kemenangan tiim UI putra di kategori KU 40+. Melalui pertandingan seru, UI melewati perlawanan ketat Universitas Diponegoro (Undip) dengan skor meyakinkan 46-32, sekaligus memastikan titel juara.

""Sungguh pertandingan yang keras dan melelahkan. Kami bersyukur bisa keluar dari ketertinggalan di dua kuarter awal sehingga bisa menjadi juara,"" ucap Firdaus, kapten tim UI KU 40+ putra.

""Saya berterima kasih kepada tim dan semua pemain yang telah bekerja keras sehingga kami bisa menjadi juara,"" kata Daus.

Sementara di KU 50+ putra, tim alumni Institut Teknologi Bandung (ITB) mengamankan mahkota juara setelah di partai puncak menumbangkan tim Universitas Padjadjaran (Unpad) dengan skor akhir 40-27."
Jonatan Christie Jadi Tunggal Putra Ranking 1 Dunia!,https://sport.detik.com/raket/d-8634345/jonatan-christie-jadi-tunggal-putra-ranking-1-dunia,"Selasa, 25 Agu 2026 23:20 WIB","Jonatan Christiemenduduki posisi pertama pada ranking tunggal putra Federasi Bulutangkis Dunia (BWF). Setelah 26 tahun akhirnya ada lagi tunggal putra Indonesia di ranking 1 dunia.

Jonatan Christie berada di posisi pertama ranking tunggal putra dunia dalam daftar peringkat yang baru diperbarui BWF, Selasa (25/8/2026). Ia di urutan teratas dengan raihan 87,631 poin.

Jonatan jadi tunggal putra Indonesia pertama yang berada di urutan teratas ranking BWF dalam 26 tahun terakhir. Tunggal putra Indonesia sebelum Jonatan yang pernah menempati ranking 1 BWF adalah Taufik Hidayat pada tahun 2000.

Jonatan naik dua peringkat dari daftar ranking sebelumnya. Tunggal putra 28 tahun ini mendapatkan peringkat,meski hanya mampu melangkah hingga 16 besar pada Kejuaraan Dunia Bulutangkis 2026.

Hal ini tak lepas dari torehan para pesaing Jonatan yang juga tak optimal di ajang tersebut. Jonatan unggul 629 poin dari Christo Popov . Pebulutangkis Prancis tersebut kini meraih 87.002 poin.

Posisi ketiga ditempati oleh tunggal Thailand, Kunlavit Vitidsarn dengan raihan 86,915 poin. Lima besar dilengkapi oleh Chou Tien Chen (Taiwan) dan Anders Antonsen (Denmark) di urutan keempat dan kelima.

Shi Yu Qi yang sebelumnya menduduki peringkat satu dunia merosot tajam ke urutan keenam. Ia turut lima peringkat akibat langsung tersingkir di babak pertama Kejuaraan Dunia Bulutangkis 2026.

Dua finalis Kejuaraan Dunia Bulutangkis 2026 Alex Lainer dan Kodai Naraoka di urutan ke-7 dan ke-8. Lainer yang jadi juara di ajang tersebut naik tiga peringkat. Begitu pula, Naraoka yang kalah dari Lainer di laga puncak.

Jonatan Christie (Indonesia) - 87.631 poinChristo Popov (Prancis) - 87.002 poinKunlavut Vitidsarn (Thailand) - 86.915 poinChou Tien Chen (Taiwan) - 86.580 poinAnders Antonsen (Denmark) - 85.405 poinShi Yu Qi (China) - 84.705 poinAlex Lanier (Prancis) - 78.715 poinKodai Naraoka (Jepang) - 76.530 poinVictor Lai (Kanada) - 76.465 poin"
"IHR Merdeka Cup 2026 Digelar, 18 Ribu Penonton Hadir di Payakumbuh",https://sport.detik.com/sport-lain/d-8634255/ihr-merdeka-cup-2026-digelar-18-ribu-penonton-hadir-di-payakumbuh,"Selasa, 25 Agu 2026 20:50 WIB","Indonesia's Horse Racing (IHR) Merdeka Cup 2026 rampung digelar di Lapangan Pacuan Kuda Kubu Gadang, Payakumbuh, Sumatera Barat, Minggu (23/8).

Ajang ini disaksikan hampir 18 ribu pengunjung dan disiarkan secara internasional, dengan 45 kuda pacu meraih podium dari 15 kelas serta memperebutkan total hadiah Rp 450 juta.

Pada Kelas Pacuan Kelompok Umur dan Kelompok Ketinggian, Padang Pariaman dan Payakumbuh menjadi daerah dengan raihan podium terbanyak, masing-masing enam podium, disusul Bukittinggi-Agam dengan empat podium. Meski meraih jumlah podium lebih sedikit, Bukittinggi-Agam berhasil menempatkan dua kudanya di podium pertama melalui Emperor Bukati dan Rajo Malindo, masing-masing pada Kelas A/B Terbuka 1.400 meter (M) dan Kelas D Terbuka 1.200M.

Padang Pariaman juga menempatkan Golden Sikumbang sebagai pemenang Kelas F 1.000M. Sementara di kelas bergengsi 3 Tahun Derby Div. I 1.400M, Zara Dinamite dari Padang keluar sebagai pemenang setelah bersaing ketat dengan Mutiara Kemilau dari Payakumbuh yang finis di posisi kedua.

Leomord CH dari Sumatera Utara tampil sebagai pemenang Kelas 3 Tahun Remaja Div. I 1.200M, sedangkan Pusako Nagura dari Padang Panjang memenangkan Kelas 3 Tahun Derby Div. II 1.400M. Daerah lain di luar Sumatera Barat, seperti DKI Jakarta, Jawa Barat, dan Aceh, juga berhasil menempatkan kuda mereka di podium IHR Merdeka Cup 2026.

DKI Jakarta meraih kemenangan di Kelas 3 Tahun Derby Div. II 1.200M melalui Golden Kalashnikov. Jawa Barat melalui Monica Dupont memenangkan Kelas C Terbuka 1.200M, sementara Aceh menempatkan Hennessy Angel di podium kedua Kelas 3 Tahun Derby Div. II.

Direktur KomersialSARGA.CODiana Airin mengapresiasi antusiasme masyarakat terhadap penyelenggaraan IHR Merdeka Cup 2026. Menurutnya, kembalinya IHR ke Payakumbuh menunjukkan kuatnya posisi pacuan kuda di tengah masyarakat, khususnya Sumatera Barat.

""Bagi kami, IHR Merdeka Cup bukan hanya mengenai siapa yang menjadi juara di lintasan, melainkan juga bagian dari perjalanan untuk membangun pacuan kuda Indonesia menjadi semakin profesional dan modern, sekaligus tetap menghargai tradisi dan kearifan lokal,"" ujar Diana dalam keterangan tertulis, Selasa (25/8/2026).

Sebelum hadir di Sumatera Barat melalui IHR Merdeka Cup 2026, SARGA.CO telah menggelar lima IHR di Jawa Tengah, DI Yogyakarta, dan Jawa Barat dalam kalender IHR 2026. Kehadiran IHR di berbagai daerah menjadi bagian dari upaya memperluas jangkauan olahraga pacuan kuda sekaligus membangun platform yang menghubungkan olahraga, hiburan, pariwisata, ekonomi kreatif, dan potensi daerah.

Perluasan jangkauan tersebut juga dilakukan SARGA.CO melalui siaran IHR Merdeka Cup dalam bahasa Inggris. VP Marketing & Operation SARGA.CO Kevin Jonathan mengatakan langkah tersebut menjadi salah satu implementasi tema IHR 2026, yakni Race to the World Stage.

""Memproduksi sebuah siaran berstandar internasional untuk menjangkau masyarakat global merupakan salah satu implementasi dari tema IHR 2026 yaitu Race to the World Stage. Kami berharap siaran IHR berbahasa Inggris ini dapat menjadi pintu masuk perhatian dan minat audiens dan komunitas dunia terhadap pacuan kuda di Indonesia,"" ujar Kevin.

Sherman Tan, Director of Sales NEP Middle East & Asia (Southeast Asia), menambahkan bahwa world feed yang diproduksi untuk pacuan kuda Indonesia menjadi tayangan pacuan kuda internasional pertama dari Asia Tenggara. Menurutnya, siaran tersebut tidak hanya menghadirkan pengalaman menyaksikan pacuan kuda ala Indonesia bagi penonton internasional, tetapi juga memperkenalkan Indonesia dan daerah setempat secara lebih luas.

Kelas Tradisional dan Pertunjukan Modern

Selain mempertandingkan kelas-kelas pacuan modern, IHR Merdeka Cup 2026 tetap mempertahankan unsur tradisional melalui tiga Kelas Draf Bogi dan dua Kelas Lokal Payakumbuh. Di Kelas Draf Bogi, Bukittinggi-Agam meraih jumlah podium terbanyak, sedangkan di Kelas Lokal Payakumbuh, PYK Stable meraih tiga podium dan Tabstar Stable meraih dua podium.

Ketua Komisi Pacu PP PORDASI Munawir mengatakan Payakumbuh merupakan salah satu sentra utama peternak kuda di Sumatera Barat dan memiliki banyak kuda hasil persilangan dengan kuda luar. Menurutnya, Kelas Lokal Payakumbuh memberikan kesempatan bagi kuda-kuda lokal untuk bertanding dengan standar nasional sekaligus mendorong peningkatan kualitas kuda dan joki daerah.

Sementara itu, Ketua Pengurus Provinsi PORDASI Sumatera Barat Dery Asta menilai penyelenggaraan IHR di Sumatera Barat menjadi langkah maju bagi tradisi pacuan kuda lokal. Ia melihat tradisi pacuan kuda yang telah berlangsung turun-temurun di Sumatera Barat kini dapat dikemas sebagai pertunjukan modern melalui perpaduan metode balap, teknologi, dan pengemasan yang tepat.

Menuju Seri IHR Berikutnya

IHR Merdeka Cup 2026 menjadi kejuaraan keenam dari delapan event yang masuk dalam kalender IHR 2026. Sebelumnya, SARGA.CO bersama PP PORDASI telah menyelenggarakan IHR Jateng Derby 2026, IHR Triple Crown Serie 1 & Pertiwi Cup, IHR Triple Crown Serie 2 & Piala Raja Mangkunegaran, IHR Piala Paku Alam, serta IHR Indonesia Derby 2026.

Setelah Merdeka Cup 2026, rangkaian IHR akan berlanjut menuju Kejurnas Seri II yang dijadwalkan berlangsung pada Oktober di Sulawesi Utara. Rangkaian tersebut kemudian ditutup dengan Piala Hamengku Buwono X di DI Yogyakarta pada November 2026.

Rangkaian IHR 2026 dengan tema Race to the World Stage menjadi bagian dari komitmenSARGA.COdan PP PORDASI untuk membangun ekosistem pacuan kuda Indonesia yang semakin profesional, kompetitif, dan memenuhi standar internasional.

IHR Merdeka Cup 2026 turut didukung oleh Arsari Tambang, JAPFA, Fortis, Blue Blood Stable, Coca Cola, dan Semen Padang."
FIP Silver & FIP Promises Bali: Cara PBPI Memajukan Padel Tanah Air,https://sport.detik.com/raket/d-8634091/fip-silver-fip-promises-bali-cara-pbpi-memajukan-padel-tanah-air,"Selasa, 25 Agu 2026 18:55 WIB","Perkumpulan Besar Padel Indonesia (PBPI)terus memperkuat komitmennya dalam mendorong pertumbuhan olahragapadeldi Indonesia. Salah satunya lewat turnamen ini.

PBPI baru saja menuntaskan perhelatan FIP Silver & FIP Promises Bali, 10-16 Agustus 2026 di Island Sports, Bali. Untuk pertama kalinya FIP SILVER diadakan di Indonesia.

Menghadirkan kompetisi berstandar internasional, ajang ini menjadi salah satu langkah penting dalam upaya PBPI membangun ekosistem padel Indonesia yang semakin kompetitif, sekaligus membuka lebih banyak kesempatan bagi atlet nasional untuk mendapatkan pengalaman bertanding melawan pemain dari berbagai negara.

Sebanyak 238 atlet dari 32 negara hadir seperti Spanyol, Italia, Argentina, Portugal, Singapura, Jepang, Jerman, Brasil, Inggris, Thailand, hingga negara-negara lainnya.

Bagi PBPI, kehadiran para atlet internasional di Indonesia memiliki arti penting dalam perkembangan padel nasional. Kompetisi internasional yang diselenggarakan di tanah air memberikan kesempatan bagi atlet Indonesia untuk menguji kemampuan secara langsung menghadapi pemain dengan pengalaman dan level permainan yang beragam.

Pada kategori putra, gelar juara diraih oleh Marcos Gonzalez Blanco dari Spanyol dan Martin Abud, sementara kategori putri dimenangkan oleh Carla Fernandez Gonzalez dan Nerea Guerra Santana, keduanya dari Spanyol.

Keikutsertaan atlet dari berbagai negara juga menunjukkan bahwa Indonesia semakin mampu menjadi bagian dari kalender kompetisi padel internasional sekaligus menjadi tuan rumah bagi pertandingan dengan standar global.

Investasi PBPI untuk Regenerasi Atlet

Selain kompetisi senior, FIP Promises Bali menjadi bagian yang tidak kalah penting dalam visi PBPI untuk membangun jalur pembinaan atlet sejak usia dini.

Sebanyak 276 atlet muda dari 10 negara mengikuti FIP Promises Bali, dengan peserta dari Amerika Serikat, Malaysia, Italia, Inggris, Kazakhstan, Prancis, Rusia, Singapura, Kuwait, dan Jerman.

Bagi PBPI, kompetisi kelompok usia bukan hanya mengenai hasil pertandingan, tetapi juga mengenai menciptakan jalur bagi generasi muda Indonesia untuk berkembang menjadi atlet berprestasi di masa depan.

Melalui kompetisi internasional seperti FIP Promises, para atlet muda Indonesia dapat memperoleh pengalaman bertanding di level yang lebih tinggi, menghadapi gaya permainan yang berbeda, serta memahami standar kompetisi internasional sejak usia dini.

PBPI melihat penyelenggaraan turnamen internasional sebagai bagian dari proses membangun ekosistem padel Indonesia secara menyeluruh.

Kehadiran kompetisi internasional di Indonesia memberikan manfaat yang lebih luas, mulai dari peningkatan pengalaman atlet, kesempatan bagi pelatih dan official untuk mendapatkan exposure internasional, hingga mendorong klub dan komunitas lokal untuk terus meningkatkan standar mereka.

Dengan semakin banyaknya turnamen internasional yang hadir di Indonesia, PBPI berharap atlet nasional dapat memiliki jalur kompetisi yang berkelanjutan, mulai dari kelompok usia hingga level senior.

Hal ini sejalan dengan visi PBPI untuk membawa padel Indonesia menuju level yang lebih tinggi dan menciptakan fondasi yang kuat bagi prestasi nasional di masa mendatang.

Hasil FIP Promises Bali

U-12 Putra: M. Rakha Rezqiano Simanjuntak & Oziel Kurnia AlfarizqiU-14 Putra: Gibra Hazell Alvaro & Oliver Nathan DarmawanU-14 Putri: Calia De Heyn & Namu SteenbakkersU-16 Putri: Johanna Nesya Rosejaya & Ratu Athena PutriU-18 Putra: Bagas Putrajati & Rafael Jose SoesiloU-18 Putri: Ratu Athena Putri & Kadek Nandini Oktavia Nandin"
MTCC 2026: Avila Bahar Juara Umum di Sepang,https://sport.detik.com/sport-lain/d-8634061/mtcc-2026-avila-bahar-juara-umum-di-sepang,"Selasa, 25 Agu 2026 17:55 WIB","Selesai sudah kiprahAvila BahardiMalaysia Touring Car Championship (MTCC) 2026. Bersama rekannya Aaron Lim, Avila berhasil jadi juara umum.

Keberhasilan itu didapat Avila pada seri keempat MTCC 2026 di Sirkuit Internasional Sepang, Minggu (23/8/2026). Avila bersama Aaron memperkuatHonda Malaysia Racing Team (HMRT). Sejak balapan Race pertama Sabtu, Avila dan Aaron sama-sama tampil menawan sepanjang 18 lap.

Avila dan Aaron finis meraih podium ketiga di Race pertama Sabtu, (22/8/2026). Finis ketiga tidak bikin Avila puas dan dia membayarnya di balapan kedua.

Avila dan Aaron pun begitu bersemangat memacu kendaraan Honda FE dengan livery putih merah nomor 27 ini.

Apalagi Avila memang tampil istimewa di Round 4 MTC ini sejak official practice, qualification session hingga race pertama, Avila-Aaron selalu jadi yang tercepat. Avila pun mencatat waktu tercepat di Race kedua, 2 menit 31,707 detik di lap kedua.

Seperti di Race 1, Avila yang start dari pole position langsung menggebrak. Sejak awal keduanya bisa menjaga irama laju kendaraan dengan baik hingga menyudahi 18 lap dengan waktu tercepat di posisi P1.

Sayangnya karena sempat terlalu cepat satu detik saat keluar dari pitstop, Avila pun harus kena penalti 60 detik sehingga posisinya bersama Aaron melorot ke tempat kedua. Namun, hasil itu tidak menahan laju Avila dan Aaron ke puncak klasemen sekaligus gelar juara MTCC 2026.

""Secara overall untuk Round 4 ini memang kami ada di 3 besar dan itu cukup untuk kami terus jadi pimpinan klasemen sehingga bisa juara Championship di MTC 2026,"" kata Avila dalam rilis kepadadetikSport.

Avila juga mengakui ada banyak drama di Putaran keempat ini. Dia pun bersyukur bisa melaluinya dengan baik sekaligus meraih gelar juara pertamanya sejak lima tahun l alu pindah ke HMRT.

""Sempat susul-susulan, strategi yang kami terapkan juga sempat terchallenge. Tapi, yang paling menyenangkan di putaran akhir ini adalah kami beberapa kali memimpin dan selalu menjadi yang tercepat. Mulai official practice, kualifikasi, hingga balapan pun akhirnya bisa kita kunci dengan finis P1 bahkan fastest lap semua,"" sambungnya.

""Bahagia sekali rasanya setelah 5 tahun bersama HMRT akhirnya bisa juara championship 2026. Kita juga masih punya satu kali balapan lagi tahun ini yaitu Sepang 1000 Km pada November 2026 nanti.""

""Untuk balapan panjang ini, kita berharap dengan pengalaman dan data yang kita punya di MTCC akan jadi modal yang cukup buat kita berlomba selama 8-9 jam di Sepang 1000 Km nanti,"" demikian Avila."
"Aragon Sulit, Bezzecchi Bisa Ulangi Hasil di Silverstone?",https://sport.detik.com/moto-gp/d-8633396/aragon-sulit-bezzecchi-bisa-ulangi-hasil-di-silverstone,"Selasa, 25 Agu 2026 07:05 WIB","Marco Bezzecchimasih belum fit jelangMotoGP Aragon 2026. Ditambah rekornya kurang meyakinkan di sana, bisakah Bezzecchi ulang sukses di Silverstone?

Pebalap Aprilia itu berhasil finis ketiga di MotoGP Inggris 2026 dari start di grid lima. Padahal, Bezzecchi masih dalam pemulihan cedera patah tulang selangka yang dideritanya di kualifikasi seri Jerman.

Tantangan ganda dihadapi Bezzecchi di Aragon, akhir pekan ini. Tak sekadar kondisi fisik yang belum memadai, Bezzecchi selama ini kesulitan menaklukkan Aragon.

Sejak debut di MotoGP pada 2022,Marco Bezzecchibelum sekalipun finis lima besar alih-alih naik podium. Dari tiga edisi, pencapaian terbaik Bezzechi hanyalah finis keenam di 2024.

Bezzecchi berharap kondisinya meningkat di balapanMotoGP Aragon 2026. Bagaimanapun, finis ketiga di Silverstone membuatnya menatap akhir pekan ini dengan lebih optimistis.

""Aku masih butuh memulihkan diri sedikit; bahuku bisa dikatakan terasa lebih baik, tapi lututku di sisi lain, memberiku kesulitan. Jadi aku masih merasa kurang nyaman,"" kata dia dilansirGPOne.

""Di balapan nanti persoalannya akan tentang tekad yang kuat. Sensasi yang kualami di Silverstone itu secara fisik sangat sulit. Kuharap akan membaik di Aragon. Bagaimanapun, aku senang karena itu adalah akhir pekan yang baik meski aku pulang dengan rasa letih, tapi aku senang,"" Marco Bezzecchi menambahkan.

Bezzecchi kini kembali ke dua besarklasemen MotoGP. Pebalap Italia itu mengumpulkan 209 poin, berjarak 31 poin dari rival setimnya, Jorge Martin, di puncak dan unggul sembilan poin dari juara dunia bertahan Mar Marquez (4)."
Agar Bulutangkis Menyatu dengan Gaya Hidup,https://sport.detik.com/raket/d-8633290/agar-bulutangkis-menyatu-dengan-gaya-hidup,"Senin, 24 Agu 2026 23:40 WIB","AQUA Cup Badminton Solo 2026 diikuti oleh 219 peserta. Pertandinganbulutangkiskelompok usia ini mempunyai atmosfer yang tak biasa.

Ajang tersebut berlangsung di Atrium The Park Mall Solo pada 22-26 Agustus 2026. Ini merupakan upaya penyelenggara dalam mendukung pembinaan atlet bulutangkis usia dini melalui kolaborasi olahraga, teknologi, dan gaya hidup.

""AQUA Cup Badminton Solo 2026 kami hadirkan bukan hanya sebagai turnamen, tetapi sebagai pengalaman yang mempertemukan olahraga, komunitas, dan gaya hidup,"" kata Head of Marketing AQUA Elektronik, Yazid, dalam keterangan persnya.

Berbeda dari turnamen pada umumnya, AQUA Cup Badminton Solo 2026 digelar di Atrium The Park Mall Solo. Konsep tersebut dipilih agar pertandingan dapat dinikmati lebih luas oleh masyarakat yang sedang berbelanja maupun menghabiskan waktu bersama keluarga.

""Kami ingin peserta maupun pengunjung dapat menikmati atmosfer kompetisi sekaligus mengenal lebih dekat inovasi AQUA Elektronik yang dirancang untuk memberikan kemudahan dan pengalaman yang lebih baik dalam kehidupan sehari-hari,"" sambungnya.

AQUA Cup Badminton Solo 2026 mempertandingkan tujuh nomor pertandingan, mulai dari kategori anak hingga ganda putra dewasa. Total terdapat 219 atlet yang ambil bagian dalam kompetisi tersebut.

Kategori yang dipertandingkan meliputi Tunggal Putri Anak (2014-2016), Tunggal Putra Anak Usia Utama (2014), Tunggal Putra Anak Usia Madya (2015), Tunggal Putra Anak Usia Dini Utama (2016), Tunggal Putra Anak Usia Dini Madya (2017), Tunggal Putra Pra Usia Dini, hingga Ganda Putra Dewasa.

""Kami percaya olahraga memiliki kekuatan untuk membentuk karakter sekaligus memberikan ruang bagi generasi muda untuk berkembang. Melalui AQUA Cup Badminton Solo 2026, kami ingin menghadirkan pengalaman kompetisi yang positif, sehingga para peserta dapat belajar menikmati proses, membangun kepercayaan diri, dan terus mengembangkan potensi mereka di dunia olahraga,"" ujar Yazid.

Penyelenggaraan AQUA Cup Badminton Solo 2026 juga mendapat dukungan dari sejumlah tokoh olahraga, di antaranya Ketua Pengprov PBSI Jawa Tengah Basri Yusuf, Ketua Pengkot PBSI Surakarta FX Hadi Rudyatmo, Ketua Umum PMS Sumartono Hadinoto, serta jajaran manajemen Haier dan AQUA Elektronik.

""Bulutangkis memiliki basis komunitas yang kuat di Solo dan sekitarnya, sehingga kegiatan ini menjadi momentum yang tepat untuk membangun interaksi positif dengan konsumen sekaligus memperkuat kehadiran AQUA Elektronik di tengah masyarakat Solo,"" kata Owner Candi Elektronik, Ardian Ayat Santiko."
Wow! Robot Humanoid Kalahkan Rekor Lari Usain Bolt,https://sport.detik.com/sport-lain/d-8633211/wow-robot-humanoid-kalahkan-rekor-lari-usain-bolt,"Senin, 24 Agu 2026 21:30 WIB","Sebuahrobot humanoidmenyelesaikan lari dalam waktu kurang dari 10 detik. Catatan waktunya mengalahkan rekor dunia manusia milikUsain Bolt!

World Humanoid Robot Games digelar di Beijing pada 22-26 Agustus 2026. Ajang ini menyerupai gelaran Olimpiade, tapi diikuti ribuan robot yang bertanding di 51 cabang olahraga.

Salah satu yang ditampilkan adalah kemampuan lari robot humanoid. MenukilThe Guardian, salah satu robot bernama Lightning berhasil menyelesaikan lari 100 meter hanya dalam tempo 9,32 detik

Catatan waktunya bisa dibilang luar biasa. Kecepatan lari Lightning mengalahkan rekor dunia milik Usain Bolt dalam Kejuaraan Atletik Dunia di Berlin pada 2009 (9,58 detik).

Robot Lightning dikembangkan oleh produsen ponsel pintar China Honor. Lightning memenangkan lomba lari setengah maraton Beijing (21 kilometer) pada April 2026.

Lightning mencatatkan waktu 50 menit dan 26 detik dalam lomba lari setengah maraton Beijing. Waktunya lebih cepat beberapa menit daripada pemegang rekor dunia manusia, Jacob Kiplimo (Uganda), yang menyelesaikan race 21 km di Lisbon selama 58 menit 20 detik pada Maret 2026.

ð¤FLASH INFO - UN ROBOT BAT LE CHRONO D'USAIN BOLT !BaptisÃ© Â« Lightning Â» et dÃ©veloppÃ© par le fabricant de smartphones Honor, le robot a parcouru 100 mÃ¨tres en 9,32 secondes, contre 9,58 secondes pour le record du monde Ã©tabli par Usain Bolt en 2009..pic.twitter.com/Cs9QXEf1iN

Robot Lightning memiliki tinggi 169 sentimeter dan panjang kaki 95 sentimeter saat lomba setengah maraton. Kehadirannya menunjukkan kemajuan besar di bidang kecerdasan buatan, mengingat robot humanoid terbaik kesulitan menyelesaikan perlombaan tahun lalu.

China telah mempromosikan robot humanoid sebagai industri yang berkembang pesat. Para pembuat kebijakan dan perusahaan memprediksi kemajuan AI (akal imitasi) dan perangkat keras akan mempercepat penerapan di bidang manufaktur, logistik, dan aplikasi konsumen."
Atlet Perbafi Raih 2 Emas di WFF Asia Pacific Championship 2026,https://sport.detik.com/sport-lain/d-8633121/atlet-perbafi-raih-2-emas-di-wff-asia-pacific-championship-2026,"Senin, 24 Agu 2026 20:50 WIB","Persatuan Binaraga dan Fisik Indonesia (Perbafi)kembali mengharumkan nama Indonesia. Dua emas dibawa pulang dariWFF Asia Pacific Championship 2026.

WFF Asia Pacific Championships dihelat di Shaoxing, China, akhir pekan kemarin. Kejuaraan tahunan yang masuk kalender WFF Internasional ini diikuti atlet dari lebih dari 250 atlet dari 20 negara.

Perbafi mengirim lima atlet, empat di antaranya berhasil medali. Rinciannya dua medali emas dan satu medali perunggu dari Divisi Profesional, serta satu medali perak dari Divisi Amatir.

Dua medali emas dipersembahkan oleh Imelda Takasowa dari nomor Women Sportsmodel Pro dan Reimun Sarumaha pada nomor Jeans Model.

Kemudian perak diraih oleh Denny Enjel dari Men Beach Model-Amateur Division. Plus medali perunggu direngkuh Muhammad Iksir dari kategori Men Sportsmodel-Pro Division.

Hanya Rosiana Tasya yang gagal mendapatkan medali di kategori Miss Glamour. Meski demikian, pencapaian para atlet Perbafi itu sudah bikin sang ketua Kemalsyah Nasution.

""Selamat kepada seluruh atlet dan keluarga besar PERBAFI, WFF Indonesia. Terima kasih atas perjuangan, disiplin dan pengorbanannya untuk Merah Putih,"" kata Kemalsyah dalam rilis kepadadetikSport.

""Dari Indonesia, untuk dunia. Mandiri dalam perjuangan. Merah Putih dalam tujuan. Yang membanggakan adalah medali emas ini diraih di bulan Kemerdekaan,"" tambah pria yang juga bertugas sebagai juri WFF Asia Pacific Championships 2026 itu.

Kabar membanggakan lainnya datang adalah Indonesia ditetapkan menjadi tuan rumah WFF Asia Pacific Championships 2027, yang rencananya digelar di Jakarta."
"Fils Bersinar, Gelar Masters 1000 Pertama Diraih",https://sport.detik.com/fotosport/d-8632494/fils-bersinar-gelar-masters-1000-pertama-diraih,"Senin, 24 Agu 2026 17:10 WIB","Ohio- Arthur Fils meraih gelar Masters 1000 pertamanya setelah mengalahkan Frances Tiafoe 6-3, 1-6, 6-0 pada final Cincinnati Open 2026 di Ohio, AS."
Resmi! Enea Bastianini Gabung Trackhouse Aprilia untuk MotoGP 2027,https://sport.detik.com/moto-gp/d-8632765/resmi-enea-bastianini-gabung-trackhouse-aprilia-untuk-motogp-2027,"Senin, 24 Agu 2026 16:50 WIB","Enea Bastianini resmi bergabung dengan Trackhouse Aprilia untuk MotoGP 2027. Pebalap Italia itu menandatangani kontrak dua tahun dan akan menjadi rekan setim Raul Fernandez.

Kepastian tersebut diumumkan Trackhouse menjelang MotoGP Aragon akhir pekan ini. Bastianini akan memperkuat tim satelit Aprilia mulai musim 2027, yang menjadi awal era baru MotoGP dengan motor, ban, dan regulasi baru.

Trackhouse sebelumnya harus mencari pebalap baru setelah Ai Ogura memilih bergabung dengan tim pabrikan Yamaha untuk musim 2027, menjadi rekan setim Jorge Martin. Nama Bastianini kemudian menguat dalam beberapa pekan terakhir. Pebalap 28 tahun itu akhirnya dipilih Trackhouse untuk mengisi kursi yang ditinggalkan Ogura.

""Saya sangat bersemangat untuk bergabung dengan SuperFile Trackhouse MotoGP Team untuk dua kejuaraan MotoGP berikutnya,"" kata Bastianini dalam pernyataan tim yang dilansirCrash.net.

""Mulai dari tes di Valencia tahun ini, ini akan menjadi tantangan baru yang nyata bagi saya karena kami memasuki era baru dengan motor baru, ban baru, dan regulasi baru. Untuk itu, saya senang membawa pengalaman dan semangat juang saya ke Trackhouse agar kami bisa mengembangkan Aprilia RS-GP baru bersama-sama.""

""Tim telah berkembang pesat selama 2026 dan telah menjadi penantang gelar juara. Tentu saja saya akan melakukan yang terbaik agar kami tetap berada di papan atas,"" ujarnya.

Kepindahan ke Trackhouse menjadi kesempatan Bastianini untuk bangkit setelah melewati dua musim sulit bersama Tech3 KTM. Sejauh ini, Bastianini baru mampu meraih satu podium selama periode tersebut. Padahal, ia sudah mengoleksi enam kemenangan di MotoGP sepanjang kariernya.

Kini, Bastianini akan memperkuat barisan Aprilia pada era baru MotoGP. Di tim pabrikan, Marco Bezzecchi dan Pecco Bagnaia akan menjadi bagian dari skuad Aprilia untuk musim 2027.

Bastianini pun akan berusaha membawa pengalaman yang dimilikinya untuk membantu Trackhouse mengembangkan RS-GP menghadapi perubahan besar pada 2027. Pemilik Trackhouse, Justin Marks, menyambut kedatangan Bastianini dengan antusias.

""Ini adalah momen yang sangat menarik bagi tim SuperFile Trackhouse untuk menyambut seseorang seperti Enea untuk membalap dengan Aprilia kami,"" ujar Marks.

""Rekam jejak balapnya, sejarah kemenangannya di MotoGP, dan pengalamannya di level tertinggi olahraga ini semuanya berkontribusi pada skenario yang sempurna bagi tim balap yang kami semua yakini berada di ambang kejayaan.""

Marks juga menilai karakter Bastianini menjadi salah satu alasan Trackhouse memilihnya.

""Kepribadian Enea yang menular, keinginannya untuk segera memulai, kerendahan hati, dan sikap positifnya adalah atribut yang selalu kami cari dalam misi kami menarik atlet yang memiliki paket lengkap,"" tuturnya.

""Kami akan bersenang-senang mengejar trofi dan menciptakan momen-momen berkesan dalam beberapa tahun ke depan bersama Enea, Raul, serta seluruh orang dan mitra luar biasa di Trackhouse."""
"Jumlah Kemenangan MotoGP: Marc Marquez 76, Pesaing Terdekatnya Baru 31",https://sport.detik.com/moto-gp/d-8632380/jumlah-kemenangan-motogp-marc-marquez-76-pesaing-terdekatnya-baru-31,"Senin, 24 Agu 2026 14:10 WIB","Jelang MotoGP Aragon 2026, Marc Marquez akan mengejar kemenangan ke-77 di kelas primer. Di antara para rider aktif di grid MotoGP saat ini, Marquez bahkan sudah mengungguli rival terdekatnya dua kali lipat lebih.

Koleksi rider Ducati Lenovo itu kini telah mencapai 76 kemenangan. Marc Marquez unggul jauh dari rekan setimnya, Francesco Bagnaia, yang mengoleksi 31 kemenangan sekaligus menjadi pesaing terdekat di grid saat ini.

Data tersebut menempatkan Marquez di posisi kedua daftar kemenangan terbanyak sepanjang sejarah kelas premier, hanya di belakang Valentino Rossi yang mengoleksi 89 kemenangan. Marquez berjarak 13 kemenangan dari rekor Rossi.

Di antara pebalap yang masih aktif, jarak Marquez dengan Bagnaia juga cukup mencolok. Ada selisih 45 kemenangan di antara keduanya.

Marquez meraih kemenangan pertamanya di kelas MotoGP pada GP Amerika 2013. Saat itu, ia mengalahkan Dani Pedrosa dan Jorge Lorenzo dalam balapan keduanya di kelas premier.

Sejak debut hingga sekarang, perjalanan Marquez di MotoGP diwarnai berbagai pencapaian besar. Ia telah mengoleksi tujuh gelar juara dunia, melewati masa sulit akibat cedera yang membuatnya harus menepi cukup lama, hingga berpindah dari Honda ke Ducati.

Kemenangan terakhirnya sejauh ini diraih pada MotoGP Jerman 2026 di Sachsenring. Itu menjadi kemenangan ke-76 Marquez di kelas premier.

Bagnaia menjadi pebalap aktif dengan jumlah kemenangan terbanyak kedua. Pecco sudah mengoleksi 31 kemenangan MotoGP, sama dengan legenda MotoGP Dani Pedrosa dan Eddie Lawson dalam daftar sepanjang masa.

Bagnaia meraih kemenangan MotoGP pertamanya pada 2021 bersama Ducati. Kemenangan itu didapat di Aragon, dalam duel melawan Marquez. Dalam daftar sepanjang masa, Bagnaia kini berada di posisi ke-8 bersama Pedrosa dan Lawson jika dihitung berdasarkan jumlah kemenangan kelas premier.

Berikut daftar pebalap aktif dengan kemenangan terbanyak di kelas premier berdasarkan data hingga GP Jerman 2026:"
Ibunda Marc Marquez Bantah Keluarga Pernah Tak Makan demi Beli Sepatu Balap,https://sport.detik.com/g-sport/d-8632225/ibunda-marc-marquez-bantah-keluarga-pernah-tak-makan-demi-beli-sepatu-balap,"Senin, 24 Agu 2026 12:50 WIB","Kisah perjuangan keluarga Marc Marquez dan Alex Marquez untuk mengantarkan keduanya menjadi pebalap profesional kembali menjadi sorotan. Roser Alenta, ibu Marc dan Alex, membantah keras satu klaim yang muncul.

Klaim tersebut menyebut keluarga Marquez pernah sampai tidak makan malam demi membeli sepatu balap untuk Marc dan Alex, saat di masa-awal keduanya masih merintis karier di dunia balap.

Roser memastikan cerita itu tidak benar. Menurutnya, ia dan suaminya, Julia Marquez, memang melakukan banyak pengorbanan finansial demi mendukung impian kedua putranya. Tapi kebutuhan dasar keluarga tidak pernah dikorbankan demi dunia balap.

""Itu benar-benar tidak benar,"" kata Roser, seperti dilansirMotosan.

""Kami selalu mengakui bahwa Julia dan saya berusaha membantu anak-anak kami mewujudkan impian mereka untuk balapan, melalui banyak usaha. Tetapi mengatakan bahwa kami tidak makan malam untuk membelikan mereka sepatu, itu bukan hanya tidak benar, tetapi juga gila,"" ujarnya.

Roser tidak menyangkal keluarga mereka harus berjuang keras pada masa awal karier Marc dan Alex. Hampir seluruh waktu luang keluarga digunakan untuk mendukung aktivitas balap kedua putranya.

Alih-alih pergi berlibur, Roser dan Julia memanfaatkan hari libur untuk memasukkan perlengkapan ke dalam karavan, lalu membawa Marc dan Alex menuju berbagai sirkuit tempat mereka berlatih dan bertanding. Vic, Manresa, Comarruga, dan El Pla de Sant Tirs menjadi beberapa tujuan yang rutin mereka datangi.

""Liburan kami adalah pergi berlatih bersama mereka,"" tutur Roser.

Meski membutuhkan tenaga dan biaya, Roser menyebut perjalanan tersebut tetap dinikmati keempat anggota keluarga. Tabungan keluarga juga digunakan, sementara mereka berusaha mencari pemasukan tambahan untuk membiayai kebutuhan balap kedua anaknya.

Dukungan kemudian mulai berdatangan melalui sejumlah sosok dan institusi, seperti Emilio Alzamora, Monlau School, RACC, Circuit de Barcelona-Catalunya, serta berbagai sponsor.

Karena itu, Roser ingin meluruskan gambaran mengenai perjuangan keluarganya. Pengorbanan finansial memang ada, tetapi bukan berarti Marc dan Alex harus mengorbankan kebutuhan dasar mereka. Perkembangan karier keduanya tidak mengorbankan pendidikan, makanan, dan tumbuh kembang.

""Marc maupun Alex tidak pernah kekurangan apa pun dalam hidup mereka, sama sekali tidak!"" tegas Roser.

""Karier mereka tidak pernah didahulukan daripada pendidikan mereka dan, terlebih lagi, makanan serta pertumbuhan mereka,"" ujarnya.

Roser bahkan memberikan gambaran sederhana untuk menegaskan kondisi keluarga mereka saat itu. ""Di rumah tidak pernah kekurangan makaroni,"" katanya."
"Pedro Acosta Tak Punya Teman di Paddock MotoGP, Biar Bebas Nyalip",https://sport.detik.com/moto-gp/d-8632125/pedro-acosta-tak-punya-teman-di-paddock-motogp-biar-bebas-nyalip,"Senin, 24 Agu 2026 11:50 WIB","Pedro Acosta mengaku tak memiliki teman di paddock MotoGP. Bagi rider KTM itu, kondisi tersebut justru menguntungkan karena membuatnya bisa membalap tanpa ragu saat harus bertarung dengan rival.

Acosta menilai para pebalap MotoGP pada dasarnya mudah diajak berbicara dan menjalin hubungan. Namun, situasinya berbeda ketika mereka berada di lintasan. Sebab, semua datang dengan mimpi yang sama: menjadi juara.

Menurut Acosta, sulit membangun hubungan yang benar-benar dekat dengan seseorang yang memiliki ambisi persis sama. Karena itu, dia memilih menjaga jarak.

""Syukurlah di MotoGP, dengan hampir semua pebalap cukup mudah untuk berbicara, mudah untuk menjalin hubungan,"" kata Acosta kepadaMotorsport.com.

""Tapi pada akhirnya, semua orang ada di sini untuk mendapatkan mimpi yang sama. Dan cukup sulit, menurut saya, untuk memiliki hubungan yang jujur dengan seseorang yang menginginkan hal yang sama persis dengan Anda.""

""Sejujurnya, mungkin saya lebih memilih untuk mundur selangkah dan tidak memiliki hubungan apa pun,"" tuturnya.

Acosta bahkan menyebut dirinya sudah tidak memiliki teman di paddock sejak hari pertama. Dia justru merasa nyaman dengan keadaan tersebut.

""Saya merasa sejak hari pertama, saya tidak punya teman di paddock,"" ujarnya.

""Tapi saya senang karena dengan begitu saya tidak punya perasaan dengan siapa pun. Saya benar-benar tidak peduli siapa yang saya coba salip atau dengan cara apa saya mencoba menyalip.""

Bagi Acosta, rivalitas yang lebih panas justru merupakan bagian menarik dari MotoGP. Dia mencontohkan persaingan sengit yang pernah melibatkan Valentino Rossi dan Sete Gibernau, serta Mick Doohan dan Alex Criville.

Menurutnya, hubungan yang tidak selalu akur antarpembalap seperti pada era tersebut merupakan bumbu yang kini mulai hilang dari MotoGP. ""Kalau Anda melihat masa lalu, kurang lebih semua hubungan seperti ini.""

""Ingat Sete dengan Valentino, atau Criville dengan Doohan, itu bukan hubungan yang mudah. Mungkin ini juga bagian bumbu yang sekarang hilang dari MotoGP,"" tutur Acosta."
Men's World Tennis Championship: Alexander Chang Juara UTR PTT,https://sport.detik.com/raket/d-8631648/mens-world-tennis-championship-alexander-chang-juara-utr-ptt,"Minggu, 23 Agu 2026 23:40 WIB","Selesai sudahUTR PTT Men's World Tennis Championship 2026. Tampil sebagai juara adalah petenis asal Amerika SerikatAlexander Chang.

Pada laga puncak di lapangan A Bali Beach Country Club, Nusa Dua, Minggu (23/8/2026), Chang menghadapi wakil Prancis Matthieu Perchicot. Chang menang rubber set 5-7, 6-4, 6-4.

Duel keduanya sudah berjalan ketat karena mereka saling mematahkan servis di set pertama. Kejar-kejaran skor terjadi hingga sama kuat 5-5 di gim 10.

Perchiot yang sudah berusia 33 tahun memanfaatkan mental dan kematangan bertanding untuk menangi set pertama 7-5 dalam tempo 75 menit.

Memasuki set kedua, Chang mencoba mengubah gaya dengan bermain lebih sabar di garis belakang, namun secara tiba-tiba menyerang ke depan net untuk meredam forehand top spin Perchiot yang bertinggi badan 183 centimeter tersebut.

Strategi tersebut membuah hasil, ketika petenis kidal itu meraih kemenangan 6-4 dalam waktu 57 menit, sehingga final harus berlanjut ke set penentuan.

Chang berada di atas angin pada set ketiga lewat servis keras dan cegatan voli yang jadi andalannya. Selain itu dia juga lebih sabar dalam meladeni reli-reli panjang lawan. Dalam durasi 2 jam 31 menit, Chang berhasil merebut gelar juara dengan kemenanngan 6-4.

Chang berhak atas hadiah juara tunggal putra senilai 3.600 dolar AS atau Rp 63,5 juta, sementara Perchicot sebagai runner-up mendapat 2.075 dolar AS atau sekitar Rp 36,6 juta.

""Saya cukup kecewa karena cuma jadi runner-up, tapi saya akui bahwa Alexander (Chang) bermain luar biasa dan pantas jadi juara,"" ujar Perchicot dalam keterangan kepada media.

Sedangkan Chang menyebut perubahan strategi permainan setelah kalah di set pertama jadi faktor kunci kemenangannya.

""Saya senang dengan kemenangan ini dan berharap bisa tampil lebih baik di M-15 pekan depan,"" papar Chang.

Seusai dengan gelaran Universal Tennis Rating atau UTR PTT yang merupakan rangkaian dari Amman Men's World Tennis Tour Championship 2026, ajang ini akan jeda selama sepekan sebelum dilanjutkan dua rangkaian seri M-15.

Untuk seri ke IV M-15 dimulai 31 Agustus hingga 6 September, lalu seri V mulai 7 sampai 13 September."
Kejurnas Hoki Indoor Diikuti 24 Tim,https://sport.detik.com/sport-lain/d-8631661/kejurnas-hoki-indoor-diikuti-24-tim,"Minggu, 23 Agu 2026 23:15 WIB","Kota Tangerang resmi menjadi tuan rumah Kejuaraan Nasional (Kejurnas) Hoki Indoor di GOR Nambo. Ajang ini diikuti 24 tim dari 12 provinsi di Indonesia.

Kejurnas Hoki Indoor dibuka oleh Gubernur Banten, H. Andra Soni, Minggu (23/8/2026). Perhelatan ini akan berlangsung selama tujuh hari.

Momen pembukaan juga dihadiri oleh Ketua Umum PP FHI Mayjen TNI (Purn) Budi Sulistijono, Ketua NOC Indonesia Raja Sapta Oktohari, Sekjen FHI Yasser Arafat Suaidy, Ketua Pengprov FHI Banten HM Ali Hanafiah, dan Wali Kota Tangerang H. Sachrudin.

""Kami berharap prestasi olahraga hockey di Indonesia, khususnya di Banten, terus berkembang. Hoki merupakan olahraga Olimpiade yang populer di dunia, dan tugas kita bersama untuk makin mempopulerkannya di Tanah Air,"" ujar Andra Soni dalam keterangan persnya.

Andra Soni, menyampaikan rasa hormatnya atas kepercayaan yang diberikan oleh Federasi Hockey Indonesia (FHI). Pihaknya berkomitmen penuh untuk menyelenggarakan kompetisi ini sesuai dengan standar terbaik.

""Hoki adalah olahraga global dengan lebih dari 3 miliar penggemar di seluruh dunia, berada di tingkat atas bersama sepakbola dan kriket. Kami berkomitmen penuh mendorong kemajuan prestasi hoki Indonesia melalui proses pembinaan yang berkelanjutan,"" tegasnya.

Andra Soni menyoroti catatan gemilang Timnas Hoki Indonesia yang sukses menyabet medali emas pada SEA Games di Bangkok 2025 dan Kamboja 2023, serta persiapan berlaga di Asian Games Nagoya mendatang. Guna menjaga tren positif ini, Pemerintah Provinsi Banten bersama Pemkot Tangerang telah menyiapkan langkah strategis terkait penyediaan fasilitas olahraga.

Selain pemanfaatan indoor venue yang ada saat ini, Wali Kota Tangerang menginisiasi pembangunan GOR khusus hoki indoor pada tahun 2027. Fasilitas ini ditujukan untuk pembinaan atlet muda sekaligus persiapan Banten sebagai tuan rumah PON XXXII.

Tak berhenti di situ, Pemprov Banten juga berencana melengkapi area Banten Sport Center dengan Stadion Hockey Field (Hoki Lapangan) berstandar internasional, bersanding dengan fasilitas akuatik, atletik, beladiri, dan futsal yang telah direncanakan dalam RPJMD.

""Kejurnas ini sangat strategis sebagai tolak ukur pembinaan prestasi di daerah-daerah. Kami berharap seluruh atlet tampil maksimal mengeluarkan performa terbaik dari hasil latihan selama ini,"" kata Budi Sulistijono."
Hasil F1 GP Belanda 2026: Lando Norris Juara,https://sport.detik.com/f1/d-8631659/hasil-f1-gp-belanda-2026-lando-norris-juara,"Minggu, 23 Agu 2026 22:51 WIB","Formula 1 GP Belanda 2026 telah tuntas.Lando Norrisberhasil menjadi pemenangnya.

Balapan berlangsung di Sirkuit Zandvoort, Minggu (22/8/2026) malam WIB. Balapan ini sempat dihentikan selama beberapa puluh menit akibat kecelakaan yang menimpa pembalap Red Bull Racing, Max Verstappen, di awal lomba.

Norris sangat mendominasi balapan. Dia selalu nyaman di depan sejak start dan para driver lain kesulitan untuk mendekatinya.

Pria asal Inggris itu akhirnya menjadi juara. Dia lebih cepat 11.536 detik dari Kimi Antonelli yang ada di posisi kedua dan 15.906 detik dari George Russell di urutan ketiga.

Antonelli masih berada di puncak klasemen F1 2026 dengan 242 poin. Russell dan Lewis Hamilton sama-sama tepat di belakang Antonelli dengan 183 poin.

Norris masih tertinggal jauh untuk menyamai poin Antonelli. Juara F1 tahun lalu itu ada di posisi keempat klasemen dengan 159 poin.

Hasil Balapan:

1 Lando NORRIS (McLaren)2 Kimi ANTONELLI (Mercedes) +11.5363 George RUSSELL (Mercedes) +15.9064 Lewis HAMILTON (Ferrari) +16.7555 Charles LECLERC (Ferrari) +17.2586 Oscar PIASTRI (McLaren) +32.3327 Liam LAWSON (Red Bull) +79.9158 Nico HULKENBERG (Audi) 1 L9 Fernando ALONSO (Aston M) 1 L10 Pierre GASLY (Alpine) 1 L11 Yuki TSUNODA (Racing Bulls) 1 L12 Arvid LINDBLAD (Racing Bulls) 1 L13 Gabriel BORTOLETO (Audi) 1 L14 Franco COLAPINTO (Alpine) 2 L15 Sergio PEREZ (Cadillac) 2 L16 Carlos SAINZ (Williams) 2 L"
Ini Dia Para Pemenang Maybank Marathon 2026,https://sport.detik.com/sportstyle/d-8631632/ini-dia-para-pemenang-maybank-marathon-2026,"Minggu, 23 Agu 2026 22:40 WIB","Selesai sudah event lari bergengsiMaybank Marathon 2026. Ada empat pemenang yang muncul, salah satunya jagoan IndonesiaRobi Syianturi.

Maybank Marathon yang merupakan lomba lari berstandar internasional dimulai di Bali United Training Center, Gianyar, Bali, Minggu (23/8/2026) pagi WIB. Ada empat kategori dipertandingkan, yakni Marathon, Half Marathon, 10K, serta kategori Wheelchair.

Sejak dini hari, ribuan pelari dari penjuru Indonesia dan luar negeri sudah memadati area start. Total ada 14.100 peserta dari 246 negara yang ikut.

Sebanyak 14.100 peserta dari 46 negara ambil bagian pada penyelenggaraan tahun ini. Flag-off dilakukan secara bertahap, dimulai dari kategori Marathon pada pukul 04.20 WITA, dilanjutkan Half Marathon pada pukul 05.30 WITA, 10K pada pukul 06.00 WITA, serta kategori Wheelchair.

President Director Maybank Indonesia Steffano Ridwan menuturkan event tahun ini menunjukkan bahwa Maybank Marathon tidak hanya menjadi ajang kompetisi, tetapi juga ruang bagi para pelari untuk menantang batas diri sekaligus merayakan sportivitas.

""Hari ini kami tidak hanya merayakan para pemenang, tetapi juga seluruh peserta yang telah berani berdiri di garis start, menantang dirinya sendiri, dan menyelesaikan perlombaan. Bagi kami, setiap peserta memiliki pencapaiannya masing-masing. Inilah semangat Pace You Forward, untuk terus bergerak maju dan menjadi lebih baik,"" ujar Steffano dalam keterangan kepadadetikSport.

Dengan total hadiah lebih dari Rp 3 miliar, panitia memberikan penghargaan kepada para juara dari berbagai kategori.

Michael Kimani Kamau dari Kenya keluar sebagai juara Marathon Open Male dengan waktu dua jam 16 menit 10 detik. Lalu, Veronicah Njeri Maina dari Kenya, berhasil memenangi kategori yang sama untuk sektor putri dengan waktu dua jam 37 menit 22 detik.

Sementara itu, pelari Indonesia Robi Syianturi berhasil menjuarai Marathon National Male dengan waktu dua jam 28 menit 30 detik. Untuk kategori Marathon National Female diraih oleh Ina Lydia dengan catatan waktu tiga jam sembilan menit 55 detik.

Pemenang Marathon Open masing-masing menerima hadiah Rp260 juta, sedangkan juara Marathon National memperoleh Rp100 juta. Menurut penyelenggara, leberhasilan race day merupakan hasil persiapan panjang dan kolaborasi berbagai pihak, termasuk pemerintah daerah, aparat keamanan, tenaga medis, marshal, pacers, pecalang, sponsor, mitra, masyarakat Bali, dan media.

Salah satu sponsor yang mendukung acara ini adalah Aqua yang kembali dipercaya Official Hydration Partner Maybank Marathon 2026. Ini merupakan tahun kedelapan kerjasama mereka.

Kolaborasi ini merupakan sebuah kebanggaan, mengingat Maybank Marathon merupakan salah satu ajang lari paling prestisius di Asia Tenggara yang telah mengantongi World Athletics Elite Label.

Predikat ini menandakan bahwa penyelenggaraan lomba telah memenuhi berbagai persyaratan ketat terkait kualitas kompetisi, keselamatan peserta, manajemen acara, hingga tata kelola yang diakui secara global.

Status tersebut sekaligus menempatkan Maybank Marathon sebagai salah satu event olahraga level dunia yang menjadi tujuan pelari dari berbagai negara.

Bagi Aqua menjadi sponsor untuk event lari kelas dunia adalah bukti kepedulian mereka terhadap kondisi para peserta selama event. Sebab, menjaga hidrasi adalah salah satu kunci untuk bisa menuntaskan lari jarak jauh seperti maraton.

Selain itu, Aqua juga juga mengajak para peserta untuk menjadi bagian dari Kaum Adem, yaitu individu yang mampu menjadi versi terbaik dirinya sekaligus membawa energi dan dampak positif bagi lingkungan serta masyarakat sekitar.

""Kami bangga kembali dipercaya sebagai Official Hydration Partner Maybank Marathon untuk ke delapan kalinya. Kemitraan ini menjadi bagian dari komitmen AQUA untuk terus mendukung masyarakat Indonesia menjalani gaya hidup sehat melalui hidrasi berkualitas, sekaligus mengajak lebih banyak orang menciptakan dampak positif bagi lingkungan,"" ujar Marketing Director Aqua, Adisti Nirmala, dalam keterangan kepada media.

""Maybank Marathon merupakan event dengan standar dunia yang menghadirkan tantangan fisik dan mental bagi setiap peserta, sehingga kebutuhan akan hidrasi berkualitas menjadi semakin penting untuk mendukung mereka menampilkan performa terbaik. Melalui semangat Kaum Adem, kami ingin menginspirasi masyarakat untuk menjadi versi terbaik dirinya dan membawa energi positif bagi sekitar,"" sambungnya."
"Atlet Cantik China Ini Kemarin Dikritik, Kini Dipuji",https://sport.detik.com/g-sport/d-8631388/atlet-cantik-china-ini-kemarin-dikritik-kini-dipuji,"Minggu, 23 Agu 2026 19:30 WIB","Wu Yanni,atlet lari gawang dariChinasempat dikritik karena dicap lebih fokus di luar lapangan. Wu tidak ambil pusing, tetap berprestasi dan kini dipuji-puji.

Setahun terakhir, Wu Yanni sempat dikritik masyarakat China karena dinilai tidak serius di dunia atletik. Punya paras cantik, Wu kerap jadi brand ambassador produk-produk dan punya kerja sampingan sebagai model.

Wu Yanni tidak ambil pusing dengan kritikan kepadanya. Wu tetap fokus di atletik, pun tetap bahagia jalani kehidupan di luar lapangan.

28 Juli kemarin, Wu berulang tahun ke-29. Wu tampil bak model dan kecantikannya dipuji.

Lebih dari itu, Wu Yanni sukses jadi juara di final lari gawang 100 meter pada kejuaraan nasional Juni kemarin. Wu mencatatkan waktu 12,99 detik dan memenangkan ajang tersebut untuk kelima kalinya secara berturut-turut, sekaligus mengukuhkan dominasinya di kancah atletik dalam negeri.

Kritikan berubah jadi pujian. Wu mampu buktikan keseriusannya di dunia olahraga!

""Daya tarik Wu tidak hanya berasal dari penampilannya yang memikat, tetapi juga dari keseimbangan sempurna antara kekuatan eksplosif seorang atlet dan sisi lembut serta fleksibel seorang wanita. Citranya turut mengubah stereotip usang yang memandang atlet wanita hanya berdasarkan prestasi kompetitif mereka,"" tulis media lokal,China Press.

Wu turut tidak terbuai dengan pujian yang datang. Dirinya fokus untuk bisa tembus ke tim atletik China pada Asian Games 2026 di Nagoya, Jepang.

""Saya sedang fokus mempersiapkan diri untuk Asian Games 2026, serta ada target-target pribadi yang mau saya capai,"" ujarnya kepadaRunYeah.

Mulai dari lintasan lari hingga di depan kamera, Wu membuktikan bahwa kecantikan dan kemampuan atletik bisa berjalan beriringan. Sosok yang dulunya kerap memicu perdebatan publik ini perlahan mendapatkan pengakuan positif.

Itu seiring masyarakat melihatnya bukan sekadar sebagai atlet yang tangguh dan cakap, melainkan juga sebagai perempuan yang benar-benar tahu cara menikmati hidup. Wu juga baru jadi sarjana dengan lulus di Beijing Sport University Gymnasium."
Prancis Sabet 2 Gelar Kejuaraan Dunia BWF 2026,https://sport.detik.com/raket/d-8631465/prancis-sabet-2-gelar-kejuaraan-dunia-bwf-2026,"Minggu, 23 Agu 2026 18:55 WIB","Badminton Prancisberjaya dalamKejuaraan Dunia BWF 2026. 2 Wakilnya berhasil menyabet medali emas. Selamat!

Prancis mengirim 2 wakilnya di finalKejuaraan Dunia. AdaThom Gicquel/Delphine Delruedi nomor ganda campuran, sertaAlex Lanierdi sektor tunggal putra.

Gicquel/Delphine menghadapi unggulan pertama asal China Feng Yan Zhe/Huang Dong Ping. Duel digelar di Court 1 Indira Gandhi Arena, Minggu (23/8/2026).

Duel ketat terjadi pada awal gim pertama. Gicquel/Delrue berhasil meraih kemenangan deuce 22-20 atas Zhe/Ping.

Ganda campuran China menyamakan kedudukan dengan merebut gim kedua 21-19. Gicquel/Delrue tampil gemilang pada gim ketiga dan menjadi juara dengan kemenangan 21-15.

Sejarah pun tercipta usai kemenangan Gicquel/Delrue. Keduanya menjadi wakil Prancis pertama dalam sejarah yang meraih medali emas Kejuaraan Dunia BWF.

Prestasi Gicquel/Delrue disusul Alex Lanier di nomor tunggal putra. Pebulutangkis berusia 21 tahun itu mengalahkan wakil Jepang Kodai Naraoka 2 gim langsung.

Take a bow, the first-ever world champions from France!! ð«ð·ð#BWFWorldChampionships#NewDelhi2026pic.twitter.com/Ix8SpktqbD

Lanier unggul dengan skor telak 21-11 atas Naraoka pada gim pertama. Jawara Singapore Open 2026 itu kembali mencapai poin identik 21-11 dalam gim kedua dan meraih titel juara.

Kesuksesan Thom Gicquel/Delphine Delrue dan Alex Lanier menunjukkan kekuatan Prancis yang bisa bersaing di pentas badminton dunia. Keberhasilan ini berbanding terbalik dengan Indonesia yang gagal mengirimkan wakil ke final Kejuaraan Dunia BWF 2026."
"Morbidelli Belum Dapat Tim, Pindah ke Superbike Musim Depan?",https://sport.detik.com/moto-gp/d-8631382/morbidelli-belum-dapat-tim-pindah-ke-superbike-musim-depan,"Minggu, 23 Agu 2026 17:50 WIB","Franco Morbidellibelum mendapatkan tim untukMotoGP 2027. Rider asal Italia itu kini dikabarkan mau pindah keSuperbike.

Kontrak Morbidelli bersama timPertamina Enduro VR46 Racing Teamberakhir selepas musim MotoGP 2026. Dia belum mendapat perpanjangan kontrak untuk bisa ikut balapan musim depan.

Alih-alih memperpanjang kontrak Morbidelli, VR46 Racing Team malah mendatangkan Fermin Aldeguer. Tim asal Italia itu kabarnya juga mau merekrut pebalap Superbike Nicolo Bulega untuk musim 2027.

Rekan Morbidelli di VR46 Racing Team Fabio Di Giannantonio sudah meneken kontrak bersama KTM. Diggia dikontrak jangka panjang mulai musim 2027 membela pabrikan asal Austria itu.

Masa depan Morbidelli untuk musim 2027 kini jadi spekulasi. MenukilMarca, rider berusia 31 tahun itu justru dikaitkan dengan kepindahan ke Superbike.

Morbidelli akan tetap menunggang Ducati, tapi untuk kompetisi Superbike. FM21 'ditukar' dengan Nicolo Bulega yang kemungkinan besar tampil di MotoGP musim depan.

Tim Ducati di Superbike awalnya berminat merekrut pebalap muda potensial Manu Gonzalez. Namun, Morbidelli diklaim lebih dipilih karena pengalaman dan jam terbangnya.

Morbidelli bukan satu-satunya rider MotoGP yang saat ini santer diisukan pindah ke Superbike tahun depan. Jack Miller, Alex Rins, dan Brad Binder juga kabarnya diincar tim-tim Superbike."
"Zarco Bidik Comeback di Aragon, Crutchlow Tetap Standby",https://sport.detik.com/moto-gp/d-8630782/zarco-bidik-comeback-di-aragon-crutchlow-tetap-standby,"Minggu, 23 Agu 2026 10:45 WIB","Cal Crutchlow masih berpeluang kembali tampil di MotoGP Aragon 2026. LCR Honda menyiagakan rider kawakan itu sebagai cadangan jika Johann Zarco belum bisa menjalanicomeback.

Zarco dijadwalkan mencoba kembali membalap pada MotoGP Aragon, 28-30 Agustus 2026. Tapi rider Prancis itu lebih dulu harus menjalani pemeriksaan medis wajib di sirkuit sebelum mendapat izin balapan.

LCR Honda memastikan Crutchlow tetap akan dibawa ke Aragon sebagai rencana cadangan. Jika kondisi Zarco belum memungkinkan untuk menyelesaikan akhir pekan balapan, Crutchlow bisa kembali dipercaya mengendarai Honda RC213V.

Crutchlow sebelumnya sudah menggantikan Zarco sejak MotoGP Italia di Mugello. Ia kemudian turun dalam enam seri selama Zarco menjalani pemulihan cedera. Dari penampilannya tersebut, hasil terbaik Crutchlow adalah finis ke-16.

Sebenarnya Crutchlow sudah pensiun dari balapan penuh MotoGP pada akhir 2020. Ia kemudian kembali ke lintasan pada 2026 setelah mendapat panggilan LCR Honda untuk menggantikan Zarco. Sebelumnya, ia juga sempat tampil sebagai pebalap wildcard Yamaha di MotoGP Jepang 2023.

Crutchlow punya ikatan kuat dengan LCR. Selama enam musim membela tim tersebut, 2015-2020, ia meraih tiga kemenangan MotoGP dan total 12 podium. Ketiga kemenangan di kelas premier itu juga diraihnya bersama LCR.

Zarco sebelumnya diperkirakan baru kembali pada September. Namun, proses pemulihan cedera ligamen lutut kirinya berjalan lebih baik dari perkiraan sehingga target comeback dimajukan ke Aragon.

Zarco memilih menjalani pemulihan tanpa operasi. Dalam beberapa pekan terakhir, ia meningkatkan beban latihan dengan mengendarai supermoto dan Honda CBR1000RR sebagai bagian dari rehabilitasi.

Meski sudah mendapat lampu hijau untuk berangkat ke Aragon, status Zarco belum sepenuhnya aman. Ia harus lolos pemeriksaan medis di sirkuit dan kemudian melihat respons fisiknya ketika kembali mengendarai RC213V."
"Eks Pelatih Panjat Tebing Jadi Tersangka, Menpora: Negara Ada untuk Atlet",https://sport.detik.com/sport-lain/d-8630677/eks-pelatih-panjat-tebing-jadi-tersangka-menpora-negara-ada-untuk-atlet,"Minggu, 23 Agu 2026 08:45 WIB","Eks pelatih kepala Pelatnas Federasi Panjat Tebing Indonesia (FPTI)Hendra Basirditetapkan tersangka kasus dugaan kekerasan seksual.Menteri Pemuda dan Olahraga Erick Thohirmenyambut positif keputusan itu.

Berdasarkan keterangan kepolisian, peristiwa tersebut diduga terjadi secara berulang dalam rentang 2022 hingga Desember 2025. Berkas perkara kini telah dinyatakan lengkap atau P-21 dan telah dilaksanakan penyerahan tersangka dan barang bukti atau Tahap 2 ke Kejari Kota Bekasi.

""Kami mendukung penuh langkah kepolisian dalam menegakkan hukum dan mengungkap perkara ini secara tuntas serta menetapkan pelaku sebagai tersangka. Proses ini juga merupakan bukti bahwa segala bentuk kekerasan dan pelecehan tidak mendapatkan tempat,"" ujar Erick dalam keterangan tertulisnya, Jumat (21/8/2026).

Erick menegaskan pelaku tidak boleh lagi berkecimpung di dunia olahraga. Yang paling penting adalah memastikan korban mendapatkan perlindungan, pendampingan, dan keadilan.

""Negara tidak boleh membiarkan atlet yang seharusnya berada di lingkungan yang aman justru mengalami kekerasan atau pelecehan. Saya ingin para korban tahu bahwa mereka tidak sendiri. Pemerintah hadir dan berpihak pada korban,"" sambungnya.

Pria 56 tahun ini menyebut kasus ini bukan hanya soal hukum terhadap satu orang, tetapi juga momentum pembenahan menyeluruh ekosistem olahraga nasional.

""Olahraga harus menjadi ruang yang aman bagi setiap atlet untuk tumbuh, berlatih, berprestasi, dan mengharumkan nama bangsa. Tidak boleh ada penyalahgunaan kekuasaan, relasi kuasa, kekerasan, apalagi kekerasan seksual. Prestasi tidak boleh dibangun dengan mengorbankan martabat dan keselamatan atlet,"" katanya.

Erick lantas meminta seluruh induk organisasi cabang olahraga, pelatih, dan ofisial menjadikan keselamatan dan perlindungan atlet sebagai prioritas utama. Ia juga berharap para korban mendapatkan ruang pemulihan tanpa tekanan dan stigma.

""Harapan saya kepada para korban, tetap kuat dan jangan merasa bersalah atas apa yang terjadi. Fokus pada pemulihan diri. Kami berharap mereka mendapatkan dukungan dari keluarga, federasi, pemerintah, dan seluruh masyarakat,"" ujarnya.

Kemenpora akan mendorong sistem perlindungan atlet yang lebih kuat di semua cabang olahraga, meliputi pencegahan, mekanisme pengaduan, pendampingan, dan penanganan yang berpihak kepada korban.

""Kami ingin membangun olahraga Indonesia yang bersih. Bersih bukan hanya dari doping atau pengaturan pertandingan, tetapi juga bersih dari kekerasan, pelecehan, intimidasi, dan penyalahgunaan kekuasaan. Integritas olahraga dimulai dari bagaimana kita memperlakukan manusia di dalamnya,"" ujar Erick.

""Kami juga ingin atlet Indonesia berprestasi setinggi-tingginya, tetapi mereka juga harus merasa aman dan dihargai. Medali itu penting, tetapi keselamatan, martabat, dan masa depan atlet jauh lebih penting. Jangan pernah ada lagi atlet yang merasa harus memilih antara mengejar prestasi dan melindungi dirinya sendiri,"" tutup eks Menteri BUMN tersebut."
Men's World Tennis Championship: Anthony Susanto Gagal ke Final UTR PTT,https://sport.detik.com/raket/d-8630676/mens-world-tennis-championship-anthony-susanto-gagal-ke-final-utr-ptt,"Minggu, 23 Agu 2026 07:45 WIB","Harapan Indonesia melihat petenisnya di finalUTR PTT Men's World Tennis Championship 2026pupus susah. Ini setelahAnthony Susantokalah di semifinal.

Pada pertandingan di lapangan A Bali Beach Country Club, Nusa Dua, Sabtu (22/8/2026), Anthony menghadapi petenis Amerika Serikat Alexander Chang.

Pada turnamen berhadiah total 20 ribu dolar AS ini, perjuangan pantang menyerah ditunjukkan Anthony selama 2 jam 20 menit. Namun, itu saja belum cukup karena Anthonya akhirnya keok.

Dua karakter permainan berbeda ditunjukkan kedua semifinalis ini. Pada set perdana Anthony, dia mengandalkan permainan rali-rali panjang dari garis belakang untuk meredam gempuran serangan servis voli Chang.

Dengan konsistensi serangan serta kondisi stamina yang prima, di set pertama petenis kidal dari Amerika Serikat ini langsung mematahkan servis dari Anthony , dan mempertahankan keunggulan 6-4 dalam tempo 50 menit.

Memasuki set kedua, Anthony lebih sabar dan dengan dengan bola rali-rali panjang, dia merepotkan Chang. Anthony yang merupakan adik kandung petenis nasional David Agung Susanto ini, berhasil merebut kemenangan 6-3, dan memaksakan pertarungan rubber set.

Namun kecerdikan serta konsistensi permainan menyerang yang juga merupakan juara UTR PTT tahun 2025 lalu, menjadi faktor penentukan kemenangan di set ketiga 6-3, sekaligus mengantarkannya maju ke final.

Menanggapi kegagalannya ke Final UTR PTT 2026 Bali, Anthony mengaku kecewa dan memberi selamat kepada Chang yang bermain lebih cerdik.

""Sayangnya saya gagal memanfaatkan poin-poin krusial terutama di set ketiga. Namun saya akui Alexander Chang bermain bagus hari ini, lebih cerdik,"" ujar Anthony dalam keterangan kepadadetikSport.

Selanjutnya di laga final yang akan digelar di lapangan A Bali Beach Country Club Nusa Dua, Minggu (238), Chang akan ditantang wakil dari Perancis Matthieu Perchicot, setelah di semifinal menghentikan perlawanan Azuma Visaya dari Amerika Serikat juga lewat pertarungan 3 set."
"Usai Dua Podium di Mandalika, Avila Bahar Incar Juara MTCC Malaysia",https://sport.detik.com/sport-lain/d-8630600/usai-dua-podium-di-mandalika-avila-bahar-incar-juara-mtcc-malaysia,"Minggu, 23 Agu 2026 00:50 WIB","Avila Bahardalam kepercayaan diri tinggi usai dua podium di Mandalika pekan lalu. Avila menargetkan kemenangan diMTCC Malaysia.

Avila yang merupakan andalan Honda Racing Indonesia sudah berada di Malaysia, tidak lama setelah merebut double podium di Round 3-4 kelas ISTCR 1200 MFoS di Mandalika International Circuit.

Avila kemudian terbang ke Malaysia pada Senin malam karena ingin beradaptasi lagi dengan suasana di Sepang International Circuit, sebelum tampil pada Round 4 bersama Honda Malaysia Racing Team (HMRT) di Sepang International Circuit, Sabtu-Minggu, 22-23 Agustus.

Race 2 Balapan Round 4 MTCC ini akan digelar, Minggu (23/6) mulai pukul 10.00 hingga 17.00 waktu Malaysia.

Avila kembali berpasangan dengan pebalap Malaysia Aaron Lim. Chemistry kedua pembalap beda negara ini sudah mantap sejak tahun lalu sehingga terbilang cepat untuk beradaptasi bagi Avila.

Apalagi semangat Avila jelas sedang membara usai meraih double podium di Mandalika pekan lalu. Di kelas ISTCR 1.200 itu, ketangguhan sasis dan efisiensi mesin Honda Brio RS yang dipacu Avila tampak teruji maksimal.

Avila yang kini juga menjabat sebagai Direktur HRI Team Management menyatakan kalau persaingan di MFoS saat ini makin ketat. Tapi, dia bersyukur karena posisinya masih aman di puncak klasemen, sehingga itu bisa menyemangatinya tampil di MTCC Round 4 nanti di Sepang International Circuit.

""Persiapan sudah mumpuni. Tinggal bagaimana kami bertarung Sabtu nanti. Mohon doakan agar saya dan Aaron Lim bisa kembali mengulang sukses Round 3 akhir Juli lalu. Semoga ini akan jadi akhir pekan manis buat tim HMRT meraih hasil terbaik di Race satu maupun dua pada Minggu,"" kata putra pembalap kawakan Alvin Bahar itu dalam rilis kepadadetikSport."
Kualifikasi F1 GP Belanda 2026: Norris Rebut Pole Position,https://sport.detik.com/f1/d-8630573/kualifikasi-f1-gp-belanda-2026-norris-rebut-pole-position,"Sabtu, 22 Agu 2026 22:48 WIB","Juara bertahanLando Norrismerebut pole position dalam kualifikasiFormula 1 GP Belanda 2026. Pebalap McLaren itu mengungguli pebalap Mercedes yang juga kompatriotnya,George Russell.

Dalam sesi yang berlangsung di Zandvoort, Sabtu (22/8), Norris menjadi yang tercepat dengan catatan waktu 1 menit 11,163 detik. Russell, yang sukses memenangkan sprint race beberapa jam sebelumnya, harus puas di grid kedua dengan catatan waktu 1 menit 11,265 detik.

""Jujur saja, saya agak terkejut. Itu putaran yang bagus; saya memacu mobil dengan maksimal karena Anda bisa melihat betapa ketat persaingannya-selisih 0,01-0,02 detik saja bisa membuat perbedaan besar pada akhirnya,"" ujar Norris, dikutipBBC.

""Ini adalah peningkatan performa yang baik dibanding tadi pagi, saat kami sempat agak kesulitan. Kami benar-benar merasa sangat kuat. Tim telah bekerja dengan baik, jadi apresiasi patut diberikan kepada mereka atas upaya memaksimalkan potensi mobil, dan hal itu sangat membantu saya hari ini.""

""Di sirkuit seperti Zandvoort, Anda butuh kepercayaan diri yang tinggi terhadap mobil dan keinginan untuk memacu mobil dengan agresif. Saya merasa bisa melakukan hal itu lebih baik hari ini dan hasilnya memuaskan. Saya menantikan balapan besok. Ini selalu menjadi salah satu ajang terbaik. Semoga kami bisa menyuguhkan tontonan yang menarik,"" tegas Norris.

Rekan setim Russell, yakni Kimi Antonelli berada di urutan ketiga dengan catatan waktu 1 menit 11,296 detik. Oscar Piastri dari McLaren menempati posisi empat dengan catatan waktu 1 menit 11,305 detik.

Duo Ferrari, yakni Lewis Hamilton dan Charles Leclerc secara berurutan mengisi grid lima dan enam. Hamilton membukukan waktu 1 menit 11,494 detik, sedangkan Leclerc lebih lambat 0,064 detik di belakang rekan setimnya.

Max Verstappen, Liam Lawson, Gabriel Bortoleto, dan Arvid Lindblad melengkapi 10 besar. Balapan utama GP Belanda akan digelar Minggu (23/8) pukul 20.00 WIB.

Hasil Kualifikasi F1 GP Belanda 2026"
Timnas Wushu Indonesia TC ke China Sampai Asian Games 2026,https://sport.detik.com/sport-lain/d-8630247/timnas-wushu-indonesia-tc-ke-china-sampai-asian-games-2026,"Sabtu, 22 Agu 2026 21:20 WIB","Timnas Wushu Indonesiaakhirnya menjalani Training Camp (TC) di China. Program ini akan berlangsung hingga menjelang keberangkatan keAsian Games 2026Aichi-Nagoya, 19 September-4 Oktober 2026.

Keberangkatan TC ini bisa terwujud setelah Kemenpora berhasil memperjuangkan tambahan dana Pelatnas sebesar Rp 95 miliar. Kini, anggaran Pelatnas Asian Games 2026 menjadi Rp222 miliar.

""Pengurus Besar Wushu Indonesia (PB WI) cukup memahami kondisi anggaran bantuan pemerintah terkait adanya kebijakan pemangkasan anggaran seluruh Kementerian sehingga program TC ke luar negeri belum bisa dipenuhi sesuai jadwal yang diinginkan. Makanya, kita memberikan apresiasi atas upaya Kemenpora,"" kata Manajer Timnas Wushu Indonesia Iwan Kwok, dalam keterangan tertulisnya, Sabtu (22/8/2026).

""Kamu bersyukur akhirnya keinginan memberangkatkan Timnas Wushu Indonesia menjalani TC di China dalam menghadapi Asian Games 2026 bisa terwujud,"" Sekjen PB WI Ngatino menambahkan.

Training camp di China dibagi dalam dua lokasi.Timnas Wushutaolu di Nanjing dan audah terbang pada Kamis (20/8), sementara sanda berlatih di Shaolin Taogu, Henan, dan berangkat pada keesokan harinya.

Iwan mengatakan TC ini menjadi kunci penting dalam mematangkan persiapan para atlet sebelum tampil di Asian Games.

""TC ke China itu sangat penting untuk memperkuat mental atlet dan pelatih bisa melakukan evaluasi agar bisa mempersiapkan atlet lebih baik lagi. Jadi, kami bisa memaksimalkan peluang wushu untuk bisa mempertahankan tradisi medali emas,"" ujar Iwan yang merupakan Wakil Ketua Umum I PB WI.

Seraf Naro Siregar, Terrence Tjahyadi, Ahmad Ghozali Fuaiz, Andrea Simon, Rainer Reinaldy Ferdiansyah

Patrice Geraldine, Eugenia Diva Widodo

Fereddy Sinaga 56kg, Bintang Reindra Nada Guitara 60kg, Samuel Marbun 65kg, Jumanta 70kg

Tharisa Dea Florentina 52kg, Thania Kusumaningtyas 60kg"
Tekad Pandu Wiguna Kembali Juara IBL usai Gabung Dewa United,https://sport.detik.com/basket/d-8630426/tekad-pandu-wiguna-kembali-juara-ibl-usai-gabung-dewa-united,"Sabtu, 22 Agu 2026 21:10 WIB","Pandu Wigunamemulai karier barunya bersamaDewa United Banten. Ia berambisi kembali merasakan gelar juaraIBLmusimdepan.

Nama pemain kelahiran Riau 30 tahun silam itu sebelumnya lekat dengan kota Bandung. Ia memulai kariernya bersama Garuda Bandung pada 2017, lalu berlanjut di sana saat tim berganti manajemen dan berubah menjadi Prawira Bandung pada 2018-2025.

Puncak karier Pandu yakni saat memenangi IBL pada 2023 silam. Center bertinggi 194 cm tersebut tetap dipertahankan ketika Prawira melakukan merger dengan Satria Muda pada 2025, namun ia hanya bertahan setahun dan memilih memulai petualangan baru.

""Pastinya ini pertama kali buat saya (bermain di klub luar kota Bandung). Hanya saja keputusan ini harus saya ambil. Karena saya butuh suasana baru dan tantangan baru,"" kata Pandu dalam perkenalan resmi di Carstensz Mall, Tangerang, Jumat (21/8/2026), dalam riliskepadadetikSport.

""Alasannya sebenarnya simple saja. Visi dari tim ini juara. Keseriusan dari manajemen dan ambisi tim untuk juara setiap tahun. Oleh karena itu saya mau bergabung dengan tim ini. Juara itu sudah menjadi tujuan utama sebagai pemain basket. Saya juga demikian,"" tegas pemain berjuluk Pan-Dunk itu.

Presiden Dewa United Michael Oliver Wellerz menyebut perekrutan Pandu merupakan bagian dari evaluasi tim setelah perjalanan musim sebelumnya. Setelah menjadi juara pada 2025, mereka kemudian kalah di semifinal pada musim 2026 yang baru usai Juni lalu.

""Kami membutuhkan pemain seperti Pandu. Di Indonesia, pemain dengan ukuran dan posisi seperti dia jumlahnya tidak banyak. Selain itu, kami juga harus memikirkan keberlanjutan tim karena ada pemain-pemain yang semakin senior,"" ujar Michael.

""Jadi kami harus mempersiapkan regenerasi dan komposisi tim untuk jangka panjang. Harapan terbesar saya semua pemain sehat. Semoga kami bisa sukses bersama dan kembali memperjuangkan gelar juara,"" tambahnya."
"Finis Ketiga di Kejuaraan Dunia, Amri/Nita Kian Pede",https://sport.detik.com/raket/d-8630241/finis-ketiga-di-kejuaraan-dunia-amri-nita-kian-pede,"Sabtu, 22 Agu 2026 20:40 WIB","Medali perunggu dariKejuaraan Dunia 2026menjadi catatan penting bagi ganda campuran IndonesiaAmri Syahnawi/Nita Violina Marwah.

Meski terhenti di semifinal, hasil ini justru menambah semangat mereka untuk naik ke podium yang lebih tinggi. Amri/Nita disingkirkan Feng Yan Zhe/Huang Dong Ping dalam laga ketat 22-20, 14-21, 20-22 pada Sabtu (22/8/2026).

Amri menyebut pencapaian di New Delhi ini menjadi suntikan kepercayaan diri besar bagi perjalanan kariernya bersama Nita.

""Saya rasa ini menambah kepercayaan diri buat kami berdua untuk bisa konsisten tampil seperti ini, untuk bisa tambah latihannya lagi supaya jadi lebih baik lagi. Podiumnya bisa lebih tinggi lagi,"" kataAmridalam keterangannya melalui federasi.

Ia juga berharap hasil ini bisa jadi penyemangat untuk sektor ganda campuran Indonesia yang sedang membangun ulang.

Ganda campuran Indonesia tengah disorot tajam bukan hanya karena prestasinya yang menurun akhir-akhir ini, tapi juga kabar dugaan adanya pelanggaran integritas.

""Semoga hasil ini memotivasi tim ganda campuran yang mulai dari nol lagi. Ayo bareng-bareng teman-teman, para pelatih, adik-adik, kita kerja keras lagi, kita coba lagi semaksimal mungkin,"" ujarnya.

Sementara itu,Nitamendedikasikan medali perunggu tersebut untuk seluruh pihak yang tidak pernah berhenti percaya pada mereka. Mereka menjadi satu-satunya wakil Indonesia yang naik podium di Kejuaraan Dunia 2026.

""Medali perunggu ini untuk Indonesia dan untuk semua yang sudah selalu percaya kalau kami masih bisa bersaing. Untuk keluarga dan pelatih juga,"" kata Nita."
"Persembahkan Perunggu Kejuaraan Dunia, Amri/Nita: Ini Hasil Terbaik",https://sport.detik.com/raket/d-8630237/persembahkan-perunggu-kejuaraan-dunia-amri-nita-ini-hasil-terbaik,"Sabtu, 22 Agu 2026 19:50 WIB","Ganda campuran IndonesiaAmri Syahnawi/Nita Violina Marwahharus puas meraih medali perunggu diKejuaraan Dunia 2026.

Bertanding di New Delhi, Jumat (22/8/2026), Amri/Nita takluk 22-20, 14-21, 20-22 dari unggulan 1 dunia asal China Feng Yan Zhe/Huang Dong Ping.

Amri bangga bisa mempersembahkan medali untuk Indonesia. Laga berjalan ketat, terutama di gim ketiga dengan tensi sangat tinggi.

""Alhamdulillah bisa bawa medali, ini hasil terbaik yang kami bisa berikan buat Indonesia. Untuk pertandingan hari ini berjalan cukup baik dari awal sampai akhir. Terutama di gim ketiga dengan tensi yang luar biasa, dengan fokus tingkat tinggi sayang memang kami tidak bisa convert,"" kata Amri dalam keterangannya melalui federasi.

""Tapi memang sama-sama tidak mau kalah, sama-sama pengen ke final dan juara dari sisi kami maupun pasangan China,"" lanjutnya.

Amrijuga menyoroti sportivitas lawan. Usai pertandingan, Feng/Huang memeluk mereka dan Feng bahkan meminta maaf karena sempat protes berlebihan.

""Kami menyampaikan respek dan good luck di final untuk Feng/Huang yang tadi dengan hangat memeluk kami usai pertandingan bahkan Feng meminta maaf karena sempat protes berlebihan. Kami sangat apresiasi hal itu,"" ujar Amri.

Nita kemudian menceritakan bagaimana mereka sempat bangkit di gim pertama saat tertinggal match point.

""Gim pertama kami saat mereka sudah tinggal satu poin lagi selesai, kami tidak berpikiran ini tapi coba fokus ke poin kami saja. Kami coba nyari poin sebanyak mungkin dan fokus ke permainan. Akhirnya bisa mengejar dan balik ambil keunggulan,"" kata Nita.

Hal serupa terjadi di gim ketiga. Namun di poin-poin kritis, Amri/Nita kalah berani dari pasangan China.

""Gim ketiga itu sama dengan halnya gim pertama. Kami terus komunikasi, belum selesai jadi masih ada kesempatan tapi mungkin saat setting kami kalah nekat sama mereka,"" kataNita."
Hasil Sprint Race F1 GP Belanda 2026: Russell Menang Ungguli Leclerc,https://sport.detik.com/f1/d-8630277/hasil-sprint-race-f1-gp-belanda-2026-russell-menang-ungguli-leclerc,"Sabtu, 22 Agu 2026 18:31 WIB","George Russellmemenangi Sprint RaceFormula 1 GP Belanda 2026. Russel mengungguliCharles LeclercdanLando Norris.

Sprint Race Formula 1 GP Belanda 2026 berlangsung di Sirkuit Zandvoort, Sabtu (22/8/2026). George Russel yang start terdepan mampu dengan baik mempertahankan posisinya.

Russell dengan nyaman memimpin sprint race. Pebalap Mercedes ini mampu meraih podium pertama Sprint race F1 GP Belanda 2026.

Charles Leclerc menempati peringkat kedua. Pebalap Ferrari ini mengamankan posisi kedua setelah mampu menyalip Lando Norris.

Norris harus puas finis di peringkat ketiga. Peringkat keempat ditempati oleh rekan satu tim Russell, Andrea Antonelli.

Antonelli gagal menyalip Norris meski beberapa kali memberikan tekanan. Lima besar dilengkapi oleh Oscar Piastri.

Max Verstappen mengakhiri sprint race di posisi keenam. Ia gagal naik podium pada sprint race yang berlangsung di negaranya sendiri. Lewis Hamilton tepat di belakang Verstappen pada urutan ketujuh.

Kemenangan di sprint race Belanda bikin Russell memangkas jarak dengan Hamilton di klasemen pebalap. Pria asal Inggris tersebut kini mengumpulkan 168 di posisi ketiga.

Russell hanya tertinggal tiga angka dari rekan senegaranya tersebut di urutan kedua. Puncak klasemen masih dikuasai oleh Antonelli dengan 224 poin."
"Hasil Kejuaraan Dunia 2026: Beri Perlawanan Alot, Amri/Nita Terhenti",https://sport.detik.com/raket/d-8629898/hasil-kejuaraan-dunia-2026-beri-perlawanan-alot-amri-nita-terhenti,"Sabtu, 22 Agu 2026 13:51 WIB","Pertandingan ketat dan alot tersaji kalaAmri Syahnawi/Nita Violina Marwahmenghadapi pasangan China. Perlawanan sengit ditunjukkan wakil Indonesia tersebut.

Pasangan Indonesia Amri Syahnawi/Nita Violina Marwah bertemu Feng Yan Zhe/Huang Dong Ping pada semifinal ganda campuranKejuaraan Dunia 2026, Sabtu (22/8/2026) siang WIB. Pertandingan di Indra Gandhi Indoor Stadium itu selesai 22-20, 14-21, dan 20-22 dalam waktu satu jam 37 menit.

Amri/Nita mencoba bermain agresif setelah laga dimulai dan sempat memimpin 5-2. Tapi lawan beradaptasi dan mulai bangkit hingga berbalik unggul 6-7.

Pertandingan berjalan alot dengan kedua kubu berupaya saling mematikan dengan sergapan di depan net. Sebuah pukulan memanjang dari Amri memberikan keunggulan untuk China 11-10 saat jeda interval.

Feng/Huang menaikkan intensitas serangan dan meraih lima poin beruntun untuk memimpin 16-13. Amri/Nita coba bertahan dan menjaga selisih satu poin di 15-16.

Ganda campuran China selangkah demi selangkah menuju game point. Dua kali Nita menyergap di depan net dan itu merapatkan selisih 18-19.

Feng/Huang lebih dulu menyentuh game point dan punya dua kesempatan, tapi Amri/Nita tampil tenang untuk menyamakan 20-20! Pukulan Feng yang melebar memberi angin buat Indonesia, lantas smes yang menyangkut dari pemain putra China itu memastikan Amri/Nita merebut gim pertama.

Amri/Nita coba memulai gim kedua dengan agresif. Perebutan poin berjalan ketat dan Feng/Huang unggul 11-10 saat jeda interval.

Setelah itu Amri/Nita mulai rentan melakukan kesalahan dan membuka jalan lapang untuk China mengamankan poin demi poin. Feng/Huang memenangi gim ini 21-14.

Indonesia memulai di bawah tekanan dan tertinggal di gim ketiga. Amri/Nita unjuk kegigihan dalam reli-reli yang dimainkan dan berhasil menyalip 10-9.

Saling kejar poin terjadi. Namun dua kesalahan dari Nita memberikan China keunggulan dua poin 19-17. China mencapai match point lebih dulu, tapi Amri/Nita menjaga asa dengan merebut dua poin untuk samakan skor!

China kembali memetik keunggulan lebih dulu hingga kemudian mengamankan kemenangan. Feng/Huang pun lolos ke final."
"Gugur di Kejuaraan Dunia 2026, Alwi Farhan Evaluasi Tatap ke Depan",https://sport.detik.com/raket/d-8629865/gugur-di-kejuaraan-dunia-2026-alwi-farhan-evaluasi-tatap-ke-depan,"Sabtu, 22 Agu 2026 13:23 WIB","Kalah di 8 besar tidak membuatAlwi Farhanlarut. Ia langsung mengalihkan fokus untuk evaluasi dan persiapan berikutnya.

Perjuangan Alwi di Kejuaraan Dunia dihentikan unggulan keenam Taiwan Chou Tien Chen. Juara Indonesia Masters 2026 itu tak mampu menaklukkan Chou setelah kalah dua gim 15-21, 15-21 di New Delhi, pada Kamis (21/8).

Bagi Alwi hasil tersebut tentu tak sesuai dengan harapannya. ia juga kecewa meski akhirnya menerima keunggulan lawan.

""Alhamdulillah tetap bersyukur bisa mencapai babak sejauh ini tapi ya sangat kecewa, tidak sesuai harapan. Saya terima sebagai kesempatan untuk belajar lebih baik,"" kata Alwi dalam keterangannya melalui federasi.

Ia mengakui Chou bermain sangat dominan sejak awal. Ditambah kondisi angin yang tidak menentu membuatAlwi Farhansulit mengembangkan permainan.

""Memang tidak gampang mengatasi lawan, dari awal Chou memang aktif banget untuk mencari serangan dan saya beberapa kali serba salah juga. Dengan kondisi lapangan yang menang kalah anginnya terasa dia yang punya tenaga besar benar-benar memegang kendali,"" ujarnya.

Alwi tak ingin larut dalam kekecewaannya usai tersingkir cepat. Dia akan mengalihkan fokus untuk evaluasi dan persiapan berikutnya. Menurut jadwal, Alwi akan tampil di China Masters, pada 1-6 September mendatang.

""Saya akan belajar mengatasi tekanan-tekanan besar seperti tadi,"" kataAlwi Farhan.

""Harus diterima pastinya hasil ini dan kita harus terus berpikir ke depan. Saya masih percaya rencana Tuhan dan saya bakal terus berusaha,"" tutupnya."
Jadwal Kejuaraan Dunia 2026 Hari Ini: Berharap ke Amri/Nita,https://sport.detik.com/raket/d-8629741/jadwal-kejuaraan-dunia-2026-hari-ini-berharap-ke-amri-nita,"Sabtu, 22 Agu 2026 11:22 WIB","Kejuaraan Dunia Bulutangkis 2026menginjak babak semifinal hari ini. Indonesia punya satu wakil di nomor ganda campuran:Amri Syahnawi/Nita Violina Marwah.

SemifinalKejuaraan Dunia 2026akan berlangsung di Indra Gandhi Indoor Stadium, Sabtu (22/8/2026) siang WIB. Rangkaian pertandingan dijadwalkan mulai pada pukul 12.00 WIB.

Tampil di pertandingan pertama adalah wakil Indonesia, Amri Syahnawi/Nita Violina Marwah. Amri/Nita menghadapi laga sulit melawan unggulan pertama sekaligus peringkat satu dunia Feng Yan Zhe/Huang Dong Ping.

Amri/Nita merupakan satu-satunya harapan Indonesia tersisa di turnamen ini. Pemenang laga ini akan menghadapi pemenang Thom Gicquel/Delphine Delrue vs Jiang Zhen Bang/Ya Xin Wei di final."
"Tersingkir di Perempatfinal, Fajar/Fikri Tak Bisa Keluar dari Tekanan",https://sport.detik.com/raket/d-8629578/tersingkir-di-perempatfinal-fajar-fikri-tak-bisa-keluar-dari-tekanan,"Sabtu, 22 Agu 2026 09:15 WIB","Fajar Alfian/Muhammad Shohibul Fikritersingkir di perempatfinalKejuaraan Dunia 2026. Mereka mengaku sulit keluar dari tekanan lawan.

Alih-alih menjadi andalan Indonesia untuk merebut gelar juara dunia, Fajar/Fikri justru terhenti di babak delapan besar.

Unggulan kedua itu takluk dari ganda putra Taiwan Lee Jhe-Huei/Yang Po-Hsuan dalam laga yang bergulir Jumat (21/8/2026). Fajar/Fikri menyerah dari Lee/Yang dengan skor 19-21, 16-21.

Fajar mengatakan permainan lawan yang bertumpu pada kecepatan dan power membuat ia dan Fikri kesulitan keluar dari tekanan.

""Hari ini kami tidak bisa keluar dari tekanan, mereka bermain sangat baik dengan speed dan power yang luar biasa. Kami sudah mencoba tapi mereka tampil lebih baik,"" kata Fajar dalam keterangannya melalui federasi.

Selain tekanan dari lawan, juara China Open 2026 ini juga mengaku terkejut dengan kondisi angin di lapangan.

""Gim pertama khususnya saya banyak ragu-ragu ya dengan permainan, sedikit kaget juga hembusan angin hari ini lumayan kencang ke pinggir jadi pengembalian bola saya banyak tidak pas,"" dia mengungkapkan.

Sementara itu, Fikri menilai, lawan bermain sangat rapat dan membuat ia dan Fajar tak bisa bergerak leluasa menyerang.

""Kami tidak merasa terlalu ada pressure, di lapangan memang lawan bermain baik. Permainan mereka cukup mengagetkan dan solid, seperti sempit dan tidak ada celah di lapangan mereka,"" kata Fikri.

Kekalahan ini menjadi evaluasinya untuk turnamen berikutnya. Terutama soal kecepatan menyesuaikan diri dengan kondisi di lapangan.

""Banyak pelajaran untuk saya pribadi di Kejuaraan Dunia ini. Mau lawan siapapun kami harus selalu siap dan harus cepat adaptasi,"" ujar Fikri."
Men's World Tennis Championship: Anthony Susanto Sempurna di Fase Grup,https://sport.detik.com/raket/d-8629433/mens-world-tennis-championship-anthony-susanto-sempurna-di-fase-grup,"Sabtu, 22 Agu 2026 00:45 WIB","Anthony Susantosudah menuntaskan kiprahnya di fase grupUTR PTT Men's World Tennis Championship 2026. Dia lolos ke semifinal dengan hasil sempurna.

Pada pertandingan keempat Grup A di Lapangan F Bali Beach Country Club Nusa Dua, Bali, Jumat (21/8/2026), Anthony menghadapi Aarjun Pandit. Petenis 29 tahun itu menang dua set langsung 6-2, 6-3.

Di set pertama, Anthony langsung tancap gas dan cuma kehilangan dua gim sebelum menang 6-2.

Memasuki set kedua, Pandit yang mencoba meningkatkan intensitas serangan yang membuat Anthony kerepotan. Anthony kemudian mematahkan servis lawannya digame ke 7 untuk unggul 5-3.

Tanpa menyia-nyiakan kesempatan, Anthony Susanto kembali berhasil mematahkan andit, dan menutup laga dengan skor akhir 6-3 dalam tempo 1 jam 29 menit.

""Persiapan saya sudah baik dan selalu fokus di setiap pertandingan baik dalam kondisi unggul maupun tertinggal. Menurut saya ini kunci sukses dalam memenangkan setiap pertarungan yang dijalani,"" ujar Anthony dalam rilis kepadadetikSport.

""Kelolosan ke semifinal jadi motivasi dan modal bagus bagi dirinya untuk berlaga lebih baik lagi pada seri M-15 mendatang,"" sambungnya.

Pada laga semifinal, Anthony bertemu juara grup C Alexander Chang. Sedangkan penguasa grup D, Azuma Visaya, menghadapi juara grup B Matthieu Perchicot untuk memperebutkan tiket ke final,

Sementara itu pada pertandingan terakhir penentuan peringkat di grup D, ambisi Renaldi Aquila Salim meraih kemenangan keduanya sirna setelah dipaksa menyerah oleh Maximus Zavier Wong.

Petenis berusia 21 tahun ini tak kuasa menahan gempuran serta pertahanan solid Wing, sehingga akhirnya takluk 2-6 dan 3-6 dalam durasi 1 jam 28 menit.

Dengan hasil tersebut Wong berhak menempati posisi ketiga di grup D, sedangkan Renaldi harus puas di peringkat 4, satu tingkat di atas Ethan David Zapp."
Kejuaraan Panahan Satria Legawa Diikuti Ribuan Peserta,https://sport.detik.com/sport-lain/d-8629408/kejuaraan-panahan-satria-legawa-diikuti-ribuan-peserta,"Jumat, 21 Agu 2026 23:40 WIB","Kejuaraan PanahanSatria Legawa Pro Championship 2026resmi dimulai di Jakarta International Equestrian Park Pulomas (JIEPP), Jakarta Timur, Jumat, 21 Agustus 2026. Ajang ini tak sekadar menjadi panggung adu ketepatan membidik sasaran.

Satria Legawa Pro Championship 2026 berlangsung hingga 25 Agustus 2026. Sebanyak 1.153 peserta ambil bagian, terdiri dari atlet, serta official dari dalam dan luar negeri.

Dari jumlah tersebut, 884 atlet Indonesia berasal dari 126 klub panahan yang tersebar di berbagai daerah. Sementara 78 atlet asing datang dari enam negara, yakni Malaysia, Singapura, Thailand, Kanada, Prancis, dan Hong Kong.

Adapun 191 official turut terlibat untuk mendukung jalannya kompetisi. Kehadiran atlet mancanegara membuat Satria Legawa Pro Championship 2026 memiliki atmosfer berbeda. Kompetisi ini sekaligus menjadi kesempatan bagi pemanah Indonesia untuk mengukur kemampuan menghadapi lawan dari berbagai negara.

Pembukaan Satria Legawa Pro Championship 2026 juga semakin istimewa dengan kehadiran sejumlah tokoh penting, di antaranya Wakil Kepala Staf Angkatan Laut (Wakasal) Laksamana Madya TNI Edwin serta Srikandi Panahan Indonesia, Nurfitriyana Saiman.

Nurfitriyana Saiman yang merupakan salah satu legenda panahan Indonesia juga menjadi sosok inspiratif bagi para atlet yang tampil dalam kejuaraan tersebut. Pengalamannya di panggung internasional diharapkan dapat memberikan motivasi kepada generasi muda Indonesia untuk terus berprestasi dan mengikuti jejak para seniornya hingga ke level Olimpiade.

Aster Kasau Marsda TNI Palito Sitorus, yang mewakili KSAU Marsekal TNI Mohamad Tonny Harjono, menegaskan ajang ini juga menjadi bukti komitmen TNI Angkatan Udara (TNI AU) dalam mendukung perkembangan olahraga nasional. Palito bahkan menyebut Satria Legawa Pro Championship akan diarahkan menjadi agenda tahunan.

""Pada hari ini pagi tadi kita sudah sama-sama menyaksikan pembukaan panahan dari Satria Legawa. Tadi sudah disampaikan Ketua Panitia bahwa ke depan kegiatan panahan ini akan kita jadikan kalender tahunan,"" kata Palito.

Menurutnya, pertandingan seperti ini memiliki peran penting dalam membangun fondasi prestasi atlet. Sebab, perjalanan menuju level internasional harus dimulai melalui kompetisi yang terencana dan berkelanjutan.

""Ini adalah suatu ajang yang bukan hanya sebatas pertandingan, tapi merupakan suatu tahapan bagaimana memulai kegiatan-kegiatan dalam pertandingan yang harus dipersiapkan sejak dini,"" ujarnya.

Palito berharap kompetisi tersebut mampu memacu semangat para atlet untuk terus berkembang hingga akhirnya menjadi andalan Indonesia di kancah dunia.

""Ini yang kita harapkan supaya atlet-atlet kita mempunyai semangat, mempunyai prestasi yang bisa kita andalkan nanti di dunia panahan,"" tuturnya.

Komitmen TNI AU terhadap olahraga ternyata tidak hanya berhenti pada panahan. Palito mengungkapkan, pihaknya juga telah menggelar sejumlah kejuaraan nasional seperti judo, pencak silat, dan taekwondo.

TNI AU juga memiliki perhatian khusus terhadap olahraga dirgantara dan rutin menggelar pertandingan berskala internasional di sejumlah daerah.

""Angkatan Udara juga konsen. Mungkin rekan-rekan dari Angkatan Darat dan Angkatan Laut juga mempunyai program yang sama. Bukan hanya panahan saja, tetapi ada beberapa cabang olahraga,"" kata Palito.

Khusus panahan, TNI AU ingin kembali memperkuat pembinaan karena menilai Indonesia memiliki potensi atlet yang besar. Sejumlah fasilitas yang dimiliki TNI AU juga dinilai bisa dimanfaatkan untuk mendukung pengembangan olahraga tersebut.

""Kita gali lagi bahwa panahan ini memang harus kita kembangkan lagi karena kita juga punya atlet-atlet dulu. Kelihatannya ini perlu kita-up lagi sehingga nanti ke depan bisa menjadi atlet-atlet yang bisa kita andalkan,"" jelas Palito.

Bahkan, kompetisi serupa terbuka kemungkinan digelar di berbagai daerah. TNI AU memiliki sejumlah pangkalan udara yang dapat menjadi lokasi pengembangan olahraga.

""Ke depan mungkin bukan hanya di sini saja. Kita juga banyak Lanud atau pangkalan-pangkalan. Mungkin kita bisa melihat bagaimana perkembangan olahraga di daerah-daerah yang kemudian kita kembangkan di sana juga,"" ujarnya."
Duet Pegolf Indonesia-Thailand Juara The Indonesia Pro-Am 2026,https://sport.detik.com/sport-lain/d-8629348/duet-pegolf-indonesia-thailand-juara-the-indonesia-pro-am-2026,"Jumat, 21 Agu 2026 22:15 WIB","AjangThe Indonesia Pro-Am 2026sudah selesai. Duet pegolf Indonesia dan Thailand merajai turnamen tersebut.

Mereka adalah pasangan Parathakorn Suyasri (Thailand) dan Luke Evan Moore (am.) yang menguasai puncak klasemen putaran akhir, Jumat (21/8), di Gunung Geulis Country Club (West Course), Bogor, Jawa Barat.

Mereka membukukan skor total 180, mengungguli duet Gabriele De Barba (ITA)/Andree Harahap (am.) yang berhasil menyodok ke posisi kedua dengan selisih satu pukulan. Alhasil Suyasri dan Luke berhasil mempertahankan gelar juara beregu Asian Development Tour untuk keempat kalinya ajang ini.

""Saya sangat senang. Luke adalah seorang pemain yang sangat menakjubkan. Dia sangat memahami kondisi lapangan Gunung Geulis ini. Kami menjadi tim yang sangat baik. Kami memiliki 3 hari yang sangat menyenangkan,"" jelas Suyasri dalam rilis kepadadetikSport.

Sementara itu, pegolf China Andi Xu jadi juara di kategori individual. Dia menjadi pegolf keempat yang mengukir juara dalam turnamen ADT Pro-Am pertama dan terbesar di Indonesia itu.

Setelah memimpin klasemen pada putaran kedua kemarin, Xu mengakhiri pertarungan di putaran final di posisi yang sama. Pegolf berusia 24 tahun mengumpulkan skor total 195 (18-di bawah-par), menyalip rekan bermain satu grupnya-Darcy Brereton yang sempat memimpin di papan atas leaderboard.

Setelah bogey di hole 14, Xu mampu mengembalikan kepercayaan dirinya setelah membuat birdie di hole 15. Ia pun makin percaya diri setelah membukukan 3 birdie di 3 hole akhir yang memastikan trofi internasional pertamanya.

""Saya tidak melihat papan skor sampai hole ke-15, saat ada papan leaderboard di samping green. Saat itu skor saya 14-di bawah-par dan saya rasa saya tertinggal satu pukulan dari Darcy,"" ujar Xu.

""Akhirnya saya berhasil memasukkan pukulan birdie dari pinggiran green di sana (15), lalu membuat beberapa birdie lagi di tiga hole terakhir untuk menutup putaran akhir dengan kemenangan, unggul satu pukulan,"" sambungnya.

""Di green-green seperti ini, Anda tidak benar-benar tahu apakah putt sejauh 20 kaki itu akan masuk. Saya hanya berkata pada diri sendiri sebelum setiap putt, 'Lakukan saja putt yang bagus. Ini sama seperti semua putt yang Anda latih. Jangan pikirkan skornya.' Dan kemudian bola-bola itu pun masuk.""

Kemenangan ini menjadi momen emosional bagi Xu, yang sedang menjalani musim pertamanya berkompetisi di Asian Tour dan ADT. Apalagi setelah menyelesaikan kuliahnya pada 2024, Xu belum bisa meraih gelar.

""Rasanya luar biasa. Sejujurnya, sudah lama sekali saya tidak merasakan hal seperti ini. Kemenangan turnamen terakhir saya terjadi saat kuliah, dan bisa menang di panggung profesional seperti ini sangat berarti bagi saya.""

kesuksesan perhelatan The Indonesia Pro-Am tentu saja memberikan kepuasan bagi para sponsor, yakni Combiphar dan Nomura. Mereka tetap berkomitmen menyelenggarakan turnamen untuk melahirkan para juara di level internasional.

""Setelah menyelenggarakan turnamen ADT sejak 2016 di Gunung Geulis, kami mengubah format menjadi pro-am melalui The Indonesia Pro-Am presented by Combiphar & Nomura pada 2023, tepatnya 4 tahun lalu. Jadi, selain menampilkan nomor individual, turnamen ini pun mengedepankan kategori beregu (pro-am), yang ternyata disukai para amatir kita,"" kata Michael Wanandi selaku Presiden Direktur Combiphar.

""Bersama Pak Agung (Budiman, President Director Gunung Geulis Country Club), kami ingin menawarkan suasana kompetisi berbeda melalui pro-am ini,"" sambungnya.

""The Indonesia Pro-Am presented by Combiphar & Nomura memberikan platform bagi para pegolf nasional kita untuk grow the game. Hasilnya, kami cukup senang 3 pegolf kita, Kevin C. Akbar, Peter Gunawan, dan Amadeus Susanto, bisa compete dengan para pegolf luar hingga putaran akhir. Kami berharap tahun depan akan banyak pegolf kita yang juga bisa bersaing dengan pegolf-pegolf ADT,"" timpal Presiden Direktur Gunung Geulis Country Club Agung Budiman.

Pegolf Indonesia Kevin C. Akbar berhasil finis di posisi T6 dengan total 11-di bawah-par. Ini menjadi prestasi terbaik Kevin setelah memenangi edisi perdana tiga tahun silam.

HASIL AKHIR HE INDONESIA PRO-AM PRESENTED BY COMBIPHAR & NOMURA 2026

Kategori IndividualPOS Nama R1 R2 R3 Total Ke Par1. Xu Andi (CHI) 66 64 65 195 -182. Darcy Brereton (AUS) 65 66 65 196 -173. Minhyeok Yang (KOR) 65 69 64 198 -154. Michele Ortolani (ITA) 65 68 66 199 -145. Khavish Varadan (MAS) 66 65 69 200 -13T6 Roberto Lebrija (MEX) 66 67 69 202 -11Kevin C. Akbar (INA) 65 67 70 202 -11

Kategori Beregu (PRO-AM)POS Nama R1 R2 R3 Total1. Parathakorn Suyasri (THA)/Luke Evan Moore (am.) 61 58 61 1802. Gabriele De Barba (ITA)/Andree Harahap (am.) 63 60 58 1813. Kosuke Hamamoto (THA)/Alwin Ciputra (am.) 62 62 58 1824. Jazz Janewattananond (THA)/Matthew Wanandi (am.) 58 62 62 1825. Michael Ortolani (ITA) /Maureen Shavelle Yose (am.) 61 59 63 183"
Kejuaraan Dunia 2026: Alwi Farhan Didepak Chou Tien Chen di Perempatfinal,https://sport.detik.com/raket/d-8629370/kejuaraan-dunia-2026-alwi-farhan-didepak-chou-tien-chen-di-perempatfinal,"Jumat, 21 Agu 2026 21:31 WIB","Alwi Farhantersingkir di perempatfinalKejuaraan Dunia 2026. Tunggal Indonesia itu dikalahkanChou Tien Chendengan skor 15-21, 15-21

Bermai di Court 2 Indira Gandhi Arena, New Delhi, Jumat (21/8), Alwi dipaksa bekerja keras melawan Chou. Sempat leading, Alwi malah tertinggal di interval dengan skor 10-11.

Chou bisa memegang kendali permainan setelahnya. Tunggal Taiwan itu bisa menjaga penampilannya di sisa gim pertama, dan akhirnya menang 21-15.

Di gim kedua, Alwi tak bisa membalas permainan Chou. Jagoan Indonesia langsung dibuat tertinggal 0-4 di awal permainan.

Meski sempat dikejar,Chou Tien Chenkembali bisa merebut interval dengan keunggulan 11-10 atasAlwi Farhan. Selepas istirahat, penampilan Chou melesat.

Chou bisa mendulang banyak poin, saat Alwi justru banyak bikin kesalahan. Beberapa pukulan keluar bikin lawan mendapat poin.

Alhasil, Chou bisa merebut kemenangan 21-15 di gim kedua. Alwi disingkirkan di perempatfinal.

Hasil ini membuat Indonesia cuma meloloskan satu wakil ke semifinalKejuaraan Dunia 2026.Wakil ganda campuran, Amri Syahnawi/Nita Violina Marwah, satu-satunya wakil Indonesia di empat besar, Sabtu (22/8)."
"Kejuaraan Dunia 2026: Keok, Fajar/Fikri Kandas di Perempatfinal",https://sport.detik.com/raket/d-8629321/kejuaraan-dunia-2026-keok-fajar-fikri-kandas-di-perempatfinal,"Jumat, 21 Agu 2026 20:39 WIB","Fajar Alfian/Muhammad Shohibul Fikri terhenti di perempatfinal Kejuaraan Dunia 2026. Ganda Indonesia dikalahkan pasangan Taiwan, Lee Jhe-huei/Yang Po-hsuan 21-19, 21-16.

Bermain di Court 2 Indira Gandhi, Arena, India, Jumat (21/8) waktu setempat, Fajar/Fikri sedianya bisa memberi perlawanan sejak awal. Namun Lee/Yang tampil solid di laga ini.

Kejar-kejaran poin sejak awal, pasangan Taiwan mulai leading pada skor 9-8. Mereka bisa merebut interval 11-8, dan akhirnya merebut game pertama dengan kemenangan 21-19.

Pada gim kedua, lagi-lagi Lee/Yang bermain disiplin dan konsisten. Hasilnya, Mereka bisa menjaga keunggulan atas Fajar/Fikri sejak awal.

hasilnya, Lee/Yang bisa mengalahkan unggulan kedua turnamen itu pada gim kedua. Kemenangan 21-16 memastikan mereka mendepak Fajar/Fikri dari Kejuaraan Dunia 2026.

Hasil ini membuat Indonesia baru meloloskan satu wakil ke semifinal Kejuaraan Dunia 2026, lewat Amri Syahnawi/Nita Violina Marwah di ganda campuran.

Indonesia masih punya satu laga lagi, yakni Alwi Farhan di nomor tunggal putra, Alwi akan melawan Chou Tien Chen, juga dari Taiwan."
"Lagi, Indonesia 'Kirim' Kabut Asap ke F1 Singapura",https://sport.detik.com/f1/d-8629044/lagi-indonesia-kirim-kabut-asap-ke-f1-singapura,"Jumat, 21 Agu 2026 20:30 WIB","AjangFormula 1 Singapuratengah disorot, akibat kebakaran hutan di Kalimantan. Asap dari Indonesia membuat kejuaraan dunia balap mobil itu dibahas nasibnya.

Balapan F1 Singapura sedianya baru akan digelar Oktober mendatang. Namun, Singapura saat ini sudah terdampak kabut asap dari kebakaran hutan di Kalimantan.

Asap kebakaran dari Indonesia itu memang sampai ke sejumlah negara tetangga. Selain Singapura, Malaysia juga menjadi negara yang terdampak.

Laporan terbaru dari Singapura, ada imbauan dari Dewan Agama Islam Singapura (MUIS) agar khotbah sholat Jumat hari ini (21/8) dipersingkat. Penyebabnya adalah kabut asap dan cuaca panas.

Dari sisi olahraga, Singapura juga mulai menyoroti gelaran Formula 1 yang akan digelar pada Oktober mendatang. Juru bicaranya mengaku sudah mulai membahas langkah-langkah andai kejuaraan memang terganggu.

""Rencana itu dirumuskan dan disempurnakan dengan para pemangku kepentingan dan lembaga pemerintah. Jika kabut asap menyebabkan visibilitas, masalah kesehatan masyarakat atau operasional, GP Singapura akan bekerja sama dengan lembaga terkait sebelum membuat keputusan kolektif mengenai acara tersebut,"" kata juru bicara GP Singapura.

Bukan cuma kali ini, kebakaran di Indonesia menggangguFormula 1 Singapurajuga pernah terjadi pada 2015 dan 2019. Saat itu, perhelatan tetap di tengah udara buruk, namun panitia sudah membuat langkah antisipasinya, termasuk menyiapkan masker bagi penonton."
"Kejuaraan Dunia 2026: Rachel/Febi Tak Bisa Imbangi Lawan, Gagal Raih Medali",https://sport.detik.com/raket/d-8629021/kejuaraan-dunia-2026-rachel-febi-tak-bisa-imbangi-lawan-gagal-raih-medali,"Jumat, 21 Agu 2026 19:30 WIB","Rachel Allesya Rose/Febi Setianingrum gagal meraih medali di Kejuaraan Dunia 2026. Langkah mereka terhenti di perempatfinal setelah dikalahkan wakil China, Li Yi Jing/Luo Xu Min.

Rachel/Febi menghadapi pasangan unggulan kedelapan tersebut pada Jumat (21/8/2026). Mereka kalah dua gim langsung 13-21, 14-21.

Rachel mengakui banyak melakukan kesalahan sendiri dalam pertandingan tersebut. Meski sudah berusaha menjalankan instruksi pelatih, permainan mereka tidak berjalan sesuai harapan.

""Kami sudah coba mengikuti semua instruksi pelatih tapi hari ini pukulan kami banyak tidak pas,"" kata Rachel dalam keterangannya melalui federasi.

Pertandingan ini menjadi pertemuan kedua bagi Rachel/Febi dengan Li/Luo. Sebelumnya, kedua pasangan bertemu di China Open pada Juli lalu. Rachel menilai tidak ada perubahan berarti dari permainan pasangan China tersebut. Namun, persiapan yang sudah dilakukan Rachel/Febi tidak berjalan maksimal di lapangan.

""Sepertinya tidak ada yang berubah dari pasangan China dibandingkan pertemuan terakhir dan kami sudah siapkan tapi tidak berjalan sesuai harapan,"" ujarnya.

Febi juga mengakui mereka kesulitan mengimbangi permainan Li/Luo yang tampil lebih dominan.

""Hari ini kami juga tidak keluarspeed-nya, kami tidak bisa mengimbangi mereka,"" tuturnya.

Kekalahan tersebut menjadi bahan evaluasi bagi Rachel/Febi. Febi berharap mereka bisa memperbaiki sejumlah kelemahan, terutama dalam menjaga konsistensi pukulan agar tidak banyak melakukan kesalahan sendiri.

""Ke depan harus bisa lebih konsisten pukulannya dan tidak banyak mati sendiri,"" kata Febi.

Kekalahan Rachel/Febi sekaligus memupus harapan Indonesia meraih medali dari sektor ganda putri Kejuaraan Dunia 2026. Sebelumnya, Febriana Dwipuji Kusuma/Meilysa Trias Puspitasari juga terhenti di perempatfinal setelah kalah dari pasangan Korea Selatan, Baek Ha Na/Lee So Hee."
"Terhenti di Perempatfinal, Ana/Trias Lihat Ada Progres di Kejuaraan Dunia",https://sport.detik.com/raket/d-8628888/terhenti-di-perempatfinal-ana-trias-lihat-ada-progres-di-kejuaraan-dunia,"Jumat, 21 Agu 2026 18:30 WIB","Langkah Febriana Dwipuji Kusuma/Meilysa Trias Puspitasari terhenti di perempatfinal Kejuaraan Dunia 2026. Meski gagal melaju lebih jauh, Ana/Trias tetap melihat adanya progres dari penampilan mereka.

Ana/Trias, sapaan karib keduanya, disingkirkan unggulan ketiga asal Korea Selatan, Baek Ha Na/Lee So Hee. Mereka kalah dua gim langsung 11-21, 11-21 pada Jumat (21/8/2026).

Ana mengakui pertandingan tersebut tidak berjalan mudah. Berbagai pola permainan sudah disiapkan, tetapi lawan mampu mengantisipasinya dengan baik.

""Hari ini memang tidak mudah, kami sudah menyiapkan beberapa pola dan sudah coba menerapkannya tadi,"" kata Ana dalam keterangannya melalui federasi.

""Tapi mereka sudah begitu siap dan alot sekali, ditambah kami pun kurang sabar dan akhirnya melakukan kesalahan.""

Secara hasil, Ana mengaku belum puas dengan pencapaian mereka di Kejuaraan Dunia kali ini. Namun, ia tetap melihat ada perkembangan positif yang bisa menjadi bekal untuk turnamen berikutnya.

""Pastinya kami belum puas tapi ada beberapa progress peningkatan yang kami rasakan dan itu ingin kami terus pertahankan,"" tuturnya.

Trias juga melihat masih ada sejumlah pekerjaan rumah yang harus mereka benahi setelah kembali ke Tanah Air. Salah satunya adalah bagaimana menjaga mental dan konsistensi ketika menghadapi pasangan papan atas.

""Kami harus bisa lebih tahan, lebih konsisten dan lebih sabar kalau bertemu dengan lawan dengan pola seperti mereka,"" kata Trias."
"Jadwal MotoGP 2026: Seri Berikutnya di Aragon, Balapan Kapan?",https://sport.detik.com/moto-gp/d-8628437/jadwal-motogp-2026-seri-berikutnya-di-aragon-balapan-kapan,"Jumat, 21 Agu 2026 17:30 WIB","Sudah 12 seri berlalu di MotoGP 2026. Simak jadwal seri berikutnya: MotoGP Aragon 2026.

Sejauh ini Jorge Martin masih memimpin klasemen MotoGP 2026 untuk sementara. Rider Aprilia itu memgoleksi 240 poin, unggul 31 poin atas rekan setimnya, Marco Bezzecchi, yang mengumpulkan 209 poin.

Menjelang seri ke-13, MotoGP Aragon 2026, persaingan juga berjalan amat ketat. Peringkat lima besar hanya dipisahkan oleh 41 poin!

Berikut klasemen setelah GP Inggris di Silverstone:

MotoGP Aragon dijadwalkan berlangsung pada 28-30 Agustus 2026. Berikut jadwal lengkapnya.

Setelah MotoGP Aragon, para rider langsung memasuki rangkaian jadwal yang cukup padat hingga akhir musim. Mulai dari balapan di San Marino hingga ke Valencia."
Tekad Amri/Nita Tak Mau Sekadar Raih Perunggu di Kejuaraan Dunia!,https://sport.detik.com/raket/d-8628854/tekad-amri-nita-tak-mau-sekadar-raih-perunggu-di-kejuaraan-dunia,"Jumat, 21 Agu 2026 16:30 WIB","Amri Syahnawi/Nita Violina Marwah tak mau berhenti di medali perunggu setelah memastikan tiket semifinal Kejuaraan Dunia 2026. Mereka membidik hasil yang lebih tinggi.

Amri/Nita melaju ke semifinal usai mengalahkan pasangan Taiwan, Yang Po-Hsuan/Hu Ling Fang, Jumat (21/8/2026). Pasangan peringkat 20 dunia itu menang dua gim langsung 21-18, 21-9 dalam waktu 35 menit. Hasil ini sekaligus memastikan medali bagi Indonesia karena Kejuaraan Dunia menerapkan sistem perunggu bersama tanpa perebutan tempat ketiga.

Amri mengaku lega karena target yang diberikan kepada mereka sudah berhasil dipenuhi. ""Lega, bersyukur, terus juga ya target yang diberikan kepada kami bisa diberikan,"" ucap Amri dikutip dari video resmi sosial media PBSI.

Meski target awal sudah tercapai, Amri menegaskan perjuangan mereka belum selesai. Masih ada semifinal yang harus dimainkan, dengan harapan bisa berlanjut hingga partai puncak.

Di semifinal, Amri/Nita akan menghadapi unggulan pertama Kejuaraan Dunia, Feng Yan Zhe/Huang Dong Ping. Pasangan China tersebut juga menempati peringkat tertinggi dalam ranking BWF saat ini.

Amri/Nita belum pernah mengalahkan Feng/Huang dalam empat pertemuan sebelumnya. Tapi mereka pernah mencuri satu gim saat bertemu di Malaysia Masters 2025. Ketika itu, Amri/Nita memenangi gim pertama 21-19. Namun, Feng/Huang bangkit dan merebut dua gim berikutnya 21-11, 21-11 dalam pertandingan yang berlangsung selama 55 menit.

Catatan tersebut tak membuat Amri/Nita gentar. Setelah memastikan medali, mereka justru ingin memberikan perlawanan lebih jauh dan mengubah warna medali yang sudah berada dalam genggaman.

""Ini (perjuangan) belum selesai. Kami masih belum puas, kami mesti kasih yang terbaik buat besok. Kalau bisa lebih lagi warna medalinya,"" tegas Amri."
"Amri/Nita Sudah Amankan Medali, Kini Tantang Ganda Campuran No. 1 Dunia",https://sport.detik.com/raket/d-8628714/amri-nita-sudah-amankan-medali-kini-tantang-ganda-campuran-no-1-dunia,"Jumat, 21 Agu 2026 15:30 WIB","Amri Syahnawi/Nita Violina Marwah sudah memastikan medali Kejuaraan Dunia 2026. Selanjutnya, mereka ditantang pasangan ganda campuran nomor satu dunia di semifinal.

Amri/Nita menjadi wakil Indonesia yang tersisa di sektor ganda campuran setelah Jafar Hidayatullah/Felisha Pasaribu dan Adnan Maulana/Indah Cahya Sari Jamil mundur dari Kejuaraan Dunia 2026.

Tampil sebagai andalan, Amri/Nita mampu menjawab kepercayaan tersebut. Mereka melaju ke semifinal setelah mengalahkan unggulan ke-11 asal Taiwan, Yang Po-Hsuan/Hu Ling Fang, pada perempatfinal, Jumat (21/8/2026). Amri/Nita menang dua gim langsung 21-18, 21-9. Hasil tersebut sekaligus memastikan medali untuk Indonesia.

Kejuaraan Dunia menerapkan sistem medali perunggu bersama sehingga tidak ada pertandingan perebutan tempat ketiga. Artinya, Amri/Nita minimal membawa pulang medali perunggu. Hasil ini juga sesuai dengan target yang dibawa Amri/Nita sejak awal.

""Kalau dari target, ya kami sudah ditargetkan untuk bisa bawa medali lah. Maksudnya di ganda campuran ini sepasang enggak ada Jafar mundur, ya kita coba kasih yang terbaik lah,"" kata Amri, sebelum terbang ke India.

Target tersebut ternyata tidak menjadi beban bagi Amri/Nita. Mereka memilih fokus menjalani pertandingan satu per satu dan berusaha memberikan kemampuan terbaik.

""Enggak sih kalau beban. Kami tidak membebani diri sendiri. Jadi ya jalanin hari per harinya, tapi kami mengusahakan apa yang bisa usahakan gitu,"" ujar Nita.

""Jadi itu lebih baik dibandingkan kami membebani diri, atau terlalu memikirkan. Dan kita lebih fokus ke gimana persiapan kita hari per harinya saja sih. Jadi kayak hal-hal yang lainnya kita enggak pikirin. Tapi kita selesaikan hari ini dengan semaksimal mungkin dan sebisa mungkin kita per harinya itu ada kemajuan,"" dia melanjutkan.

Langkah Amri/Nita belum berhenti. Tantangan yang jauh lebih berat sudah menanti di semifinal.

Mereka akan menghadapi unggulan pertama asal China, Feng Yan Zhe/Huang Dong Ping, yang juga merupakan pasangan ganda campuran nomor satu dunia. Pertandingan ini menjadi kesempatan Amri/Nita untuk memperbaiki rekor pertemuan. Dari empat pertemuan sebelumnya, mereka selalu kalah dari Feng/Huang.

Pertemuan terakhir kedua pasangan terjadi di Kejuaraan Asia 2026 pada April lalu. Saat itu, Amri/Nita kalah dua gim langsung 10-21, 15-21. Kini, Amri/Nita sudah memastikan satu medali. Tinggal satu langkah lagi untuk melaju ke final Kejuaraan Dunia 2026."
"SARGA.CO Gelar IHR Merdeka Cup 2026, Total Hadiah Rp 450 Juta",https://sport.detik.com/sport-lain/d-8628698/sarga-co-gelar-ihr-merdeka-cup-2026-total-hadiah-rp-450-juta,"Jumat, 21 Agu 2026 14:48 WIB","Semangat Kemerdekaan Republik Indonesia ke-81 dirayakan SARGA.CO melalui ajang olahraga dan hiburan bertajuk Indonesia's Horse Racing (IHR) Merdeka Cup 2026. Kejuaraan pacuan kuda ini akan digelar pada Minggu, 23 Agustus 2026 di Lapangan Pacuan Kuda Kubu Gadang, Payakumbuh, Sumatera Barat.

Sebagai perusahaan ekosistem olahraga dan hiburan sekaligus promotor pacuan kuda profesional pertama dan satu-satunya di Indonesia, SARGA.CO kembali menghadirkan pengalaman berbeda bagi masyarakat melalui perpaduan kompetisi olahraga, hiburan, dan budaya lokal. IHR Merdeka Cup 2026 menjadi bagian dari rangkaian kalender IHR 2026 yang bekerja sama dengan PP PORDASI.

Mengusung tema ""Race to the World Stage"", IHR Merdeka Cup 2026 menjadi bagian dari komitmen SARGA.CO dalam membawa ekosistem pacuan kuda Indonesia menuju standar internasional. Tidak hanya menghadirkan kompetisi, ajang ini juga menjadi ruang untuk memperkenalkan pacuan kuda sebagai olahraga sekaligus warisan budaya kepada masyarakat luas.

CEO SARGA.CO Nugdha Achadie mengatakan Sumatera Barat memiliki tradisi pacuan kuda yang kuat dan telah menjadi bagian dari budaya masyarakat. Kehadiran kembali IHR di Payakumbuh merupakan bagian dari komitmen untuk mengembangkan pacuan kuda sebagai olahraga kompetisi, warisan budaya, dan sportainment yang memberikan manfaat lebih luas bagi masyarakat dan daerah.

""Sumatera Barat memiliki tradisi pacuan kuda yang kuat dan telah menjadi bagian dari budaya masyarakat. Kehadiran kembali IHR di Payakumbuh merupakan bagian dari komitmen kami untuk mengembangkan pacuan kuda tidak hanya sebagai olahraga kompetisi, tetapi juga sebagai warisan budaya dan sportainment yang dapat memberikan manfaat lebih luas bagi masyarakat dan daerah,"" ujarnya dalam keterangan tertulis, Jumat (21/8/2026).

78 Kuda Bersaing di 15 Kelas dengan Total Hadiah Rp 450 Juta

IHR Merdeka Cup 2026 akan menghadirkan persaingan dari 78 kuda yang berasal dari berbagai daerah. Peserta datang dari Batusangkar, Bukittinggi-Agam, Padang, Padang Panjang, Padang Pariaman, Payakumbuh, Sawahlunto, Solok, Tanah Datar, Jawa Barat, hingga DKI Jakarta.

Para peserta akan berlaga dalam 15 kelas pertandingan yang mencakup kategori kelompok umur, kelompok tinggi, serta pacuan tradisional. Seluruh kelas tersebut memperebutkan total hadiah mencapai Rp 450 juta.

Tiga kelas bergengsi dari kategori kelompok umur yang menjadi perhatian antara lain Kelas 3 Tahun Derby Divisi I 1.400 meter dengan hadiah Rp 80 juta, Kelas 3 Tahun Derby Divisi II 1.400 meter dengan hadiah Rp 50 juta, serta Kelas 3 Tahun Remaja Divisi I 1.200 meter dengan hadiah Rp 60 juta.

Sementara itu, kategori pacuan kelompok tinggi akan mempertandingkan Kelas AB Terbuka, C Terbuka, D Terbuka, dan E Terbuka. Kompetisi tersebut akan mempertemukan kuda-kuda terbaik dalam ajang pacuan kuda profesional.

Menariknya, IHR Merdeka Cup 2026 tetap mempertahankan unsur pacuan tradisional sebagai identitas olahraga berkuda di Sumatera Barat. Beberapa kelas tradisional yang dipertandingkan meliputi Draf Bogi Baru 2.400 meter, Draf Bogi Usang Baru 3.200 meter, Draf Bogi Usang Lamo 3.200 meter, serta Kelas Lokal Payakumbuh 800 meter.

Perpaduan antara pacuan kuda modern dan tradisional menjadi daya tarik tersendiri dalam IHR Merdeka Cup 2026. Konsep tersebut menunjukkan upaya SARGA.CO menghadirkan perkembangan olahraga pacuan kuda tanpa meninggalkan nilai budaya lokal.

SARGA Festival Hadirkan Hiburan Bernuansa Cowboy

Tidak hanya menghadirkan kompetisi olahraga, SARGA.CO juga memadukan pacuan kuda dengan hiburan melalui SARGA Festival. Festival ini akan digelar sehari sebelum IHR Merdeka Cup, yaitu pada Sabtu, 22 Agustus 2026 di Lapangan Imam Bonjol, Kota Padang.

Mengusung nuansa desa cowboy, SARGA Festival akan menghadirkan sejumlah musisi seperti Tulus, Banda Neira, Fiersa Besari, Trio Imron, dan DJ Damonok. Acara ini menjadi bagian dari rangkaian akhir pekan Kemerdekaan yang menggabungkan musik, hiburan, dan pengalaman sportainment.

Penyelenggaraan SARGA Festival di Kota Padang dan IHR Merdeka Cup di Payakumbuh memberikan kesempatan bagi masyarakat untuk menikmati dua pengalaman berbeda dalam satu rangkaian acara. Mulai dari hiburan musik hingga menyaksikan langsung kompetisi pacuan kuda.

Tiket IHR Merdeka Cup Mulai Rp 25 Ribu

Masyarakat yang ingin menyaksikan langsung IHR Merdeka Cup 2026 dapat memilih berbagai kategori tiket sesuai kebutuhan. Tiket tersedia mulai dari kategori Regular hingga VIP dengan berbagai benefit menarik.

VP Marketing & Operation SARGA.CO Kevin Jonathan mengatakan, pilihan tiket tersebut disediakan agar masyarakat dapat menikmati pengalaman menonton sesuai preferensi masing-masing.

""Kami menyediakan berbagai pilihan tiket yang dapat disesuaikan dengan kebutuhan setiap penonton. Dengan benefit yang dapat diperoleh penonton dari setiap jenis tiket, kami yakin menonton IHR Merdeka Cup akan menjadi pengalaman yang menyenangkan,"" jelasnya.

Tiket Regular tersedia dengan harga Rp 25.000 dengan bonus topi payung bagi 5.000 pengunjung pertama. Sementara tiket Tribun dibanderol Rp 100.000 dengan benefit race book dan soft drink.

Untuk pengalaman lebih eksklusif, tersedia tiket VIP (Mounting View) dengan harga Rp 750.000 untuk pembelian online dan Rp 1 juta untuk pembelian langsung di lokasi. Tiket VIP memberikan fasilitas free flow food & beverage, race book berwarna, serta akses best view.

Selain itu, tiket SARGA Festival tersedia mulai harga Rp 155.000. Tiket IHR Merdeka Cup dan SARGA Festival dapat diperoleh melalui sargatiket.com maupun secara langsung di venue pada 22 dan 23 Agustus 2026.

Melalui IHR Merdeka Cup 2026 dan SARGA Festival, SARGA.CO mengajak masyarakat merayakan Kemerdekaan Indonesia melalui olahraga, hiburan, serta kebanggaan terhadap warisan pacuan kuda Indonesia.

IHR Merdeka Cup 2026 didukung oleh Arsari Tambang, JAPFA, Fortis, Blue Blood Stable, Coca Cola, dan Semen Padang."
Hasil Kejuaraan Dunia Bulutangkis 2026: Rachel/Febi Terhenti di 8 Besar,https://sport.detik.com/raket/d-8628659/hasil-kejuaraan-dunia-bulutangkis-2026-rachel-febi-terhenti-di-8-besar,"Jumat, 21 Agu 2026 14:28 WIB","Rachel Allessya Rose/Febi Setianingrumterhenti di perempatfinalKejuaraan Dunia Bulutangkis 2026. Rachel/Febi tersingkir usai dikalahkan Li Yi Jing/Lou Xu Min 21-13, 21-14.

Rachel Allessya Rose /Febi Setianingrum melawan Li Yi Jing/Lou Xu Min pada laga perempatfinal Kejuaraan Dunia Bulutangkis 2026. Duel ini berlangsung di Indhira Gandhi Arena, New Delhi, Jumat (21/8/206).

Li/Lou tak terbendung di gim pertama. Mereka mengawali gim ini dengan langsung memimpin 9-1 dari Rachel/Febi.

Rachel/Febi berusaha bangkit tapi jarak poin yang terlalu jauh menyulitkan mereka. Li/Lou memimpin 11-6 saat interval gim pertama.

Rachel/Febi bisa memberikan perlawanan selepas interval. Namun, Li/Lou selalu bisa menjaga jarak angka hingga memimpin 14-10.

Li/Lou bisa menjauh di poin-poin krusial. Unggulan ke-8 ini bisa memenangi gim pertama 21-13.

Laga berjalan ketat di awal gim kedua hingga skor 5-5. Rachel/Febi bisa unggul 7-5 setelah itu tapi Li/Lou bisa mengejar hingga 7-7.

Kedua ganda putri ini saling bertukar poin sampai skor 10-10. Li/Lou hanya unggul satu poin saat interval gim kedua 11-10.

Li/Lou bermain agresif selepas interval untuk bisa menjauh 14-10. Rachel/Febi kesulitan membendung pasangan China. Li/Lou unggul semakin jauh 18-12.

Rachel/Febi tak mampu menemukan solusi untuk pukulan-pukulan keras Li/Lou. Li/Lou melaju ke semifinal usai menang 21-14 di gim kedua. Rachel/Febi harus tersingkir.

Tersingkirnya Rachel/Febi bikin wakil Indonesia di ganda putri habis. Sebelumnya, Febriana Dwipuji Kusuma/Meilysa Trias Puspita Sari juga kalah di perempatfinal dari Baek Ha-na/Lee So-Hee (Korea Selatan)."
"Capek Rutinitas? Saatnya Ikut Yoga di Akhir Pekan, Cocok Untuk Pemula",https://sport.detik.com/sportstyle/d-8628648/capek-rutinitas-saatnya-ikut-yoga-di-akhir-pekan-cocok-untuk-pemula,"Jumat, 21 Agu 2026 14:10 WIB","Kerja terus tanpa jeda bikin tubuh gampang lelah dan fokus buyar. Padahal healing tidak harus jauh-jauh ke luar kota atau menghabiskan bujet liburan. Yoga akhir pekan buat pemula kini jadi salah satu cara singkat yang banyak dilirik anak muda untuk mengembalikan energi sebelum memulai minggu baru.

Tren self care singkat makin digemari belakangan ini, termasuk yoga yang digelar di ruang terbuka. Konsep ini dianggap lebih menyegarkan dibanding yoga dalam ruangan karena peserta bisa langsung merasakan udara pagi, suara alam, dan suasana yang jauh lebih rileks dibanding ruangan tertutup. Tidak sedikit juga yang merasa gerakan yoga jadi lebih bermakna ketika dilakukan sambil melihat langsung pepohonan dan langit pagi, bukan sekadar cermin studio.

Ground and Grow YOGA menjawab kebutuhan itu lewat sesi mindful outdoor yoga yang memadukan gerakan yoga dengan proses grounding dan self connection. Acara ini terbuka untuk semua level, termasuk kamu yang belum pernah sama sekali memegang matras yoga, karena instruktur akan memandu dari gerakan paling dasar.

Sesi ini digelar pada hariMinggu, tanggal6, bulanSeptember, tahun2026, pukul07.00 WIBsampai09.00 WIB, bertempat diRene Cafe, Cipayung, Jakarta Timur. Jangan lupa bawa yoga mat sendiri supaya latihan terasa lebih nyaman selama dua jam sesi berlangsung.

Daftarkan dirimu sekarang melaluidetikevent."
Hasil Kejuaraan Dunia Bulutangkis 2026: Ana/Trias Tersingkir,https://sport.detik.com/raket/d-8628577/hasil-kejuaraan-dunia-bulutangkis-2026-ana-trias-tersingkir,"Jumat, 21 Agu 2026 13:58 WIB","Febriana Dwipuji Kusuma/Meilysa Trias Puspitasaritersingkir dariKejuaraan Dunia Bulutangkis 2026.Ana /Trias kalah dari Baek Ha Na/Lee So Hee di perempatfinal 11-21,11-21.

Febriana Dwipuji Kusuma/Meilysa Trias Puspitsarimenghadapi Baek Ha Na/Lee So Hee (Korea Selatan) pada laga perempatfinal Kejuaraan Dunia Bulutangkis 2026. Duel ini berlangsung di Indhira Gandhi Arena, New Delhi, Jumat (21/8/206).

Ana/Trias tertinggal di awal gim pertama 1-3. Baek/Lee semakin menjauh dengan bisa mendulang tujuh angka beruntun. Ana/Trias tertinggal 2-10. Baek/Lee unggul 11-3 saat interval gim pertama.

Selepas interval, Ana/Trias masih kesulitan untuk bangkit. Mereka tertinggal 10 angka saat kedudukan 4-14.

Baek/Lee terus bisa menjaga jarak poin hingga 18-8. Unggulan ketiga ini memenangi gim pertama dengan meyakinkan usia menang 21-11.

Saling berbalas angka terjadi di awal gim kedua hingga skor 2-2. Baek/Lee lalu bisa unggul saat skor 4-2.

Ana/Trias bisa mengejar membuat kedudukan kembali sama kuat saat skor 5-5. Namun setelahnya, Ana/Trias banyak melakukan kesalahan sendiri.

Pukulan Trias yang menyangkut di net mengakhiri rally panjang hingga Baek/Lee unggul 10-16. Pasangan Korsel ini lalu memimpin 11-6 di interval gim pertama.

Ana/Trias belum juga memperbaiki kesalahannya selepas interval. Baek/Lee semakin jauh memimpin 14-7.

Baek/Lee terus memaksa Ana/Trias menjalani rally. Hal ini efektif menguras tenaga pasangan Indonesia. Ana/Trias masih sering melakukan kesalahan sendiri hingga Baek/Lee bisa mengakhiri gim kedua 21-11.

Ana/Trias tersingkir. Sementara, Baek/Lee melaju ke semifinal."
Hasil Kejuaraan Dunia Bulutangkis 2026: Amri/Nita Tembus Semifinal,https://sport.detik.com/raket/d-8628435/hasil-kejuaraan-dunia-bulutangkis-2026-amri-nita-tembus-semifinal,"Jumat, 21 Agu 2026 13:03 WIB","Amri Syahnawi/Nita Violina Marwahmelaju ke semifinalKejuaraan Dunia Bulutangkis 2026. Amri/Nita mengalahkan Yang Po-Hsuan/Hu Ling Fang di 8 besar 21-18, 21-9.

Amri Syahnawi/Nita Violina Marwah menghadapi Yang Po-Hsuan/Hu Ling Fang Taiwan pada perempatfinal Kejuaraan Dunia Bulutangkis 2026. Duel ini berlangsung di Indhira Gandhi Arena, New Delhi, Jumat (21/8/206).

Yang/Hu langsung mendulang tujuh angka beruntun di awal gim pertama. Unggulan ke-11 ini langsung memimpin 6-0.

Yang/Hu unggul 11-4 saat interval gim pertama. Selepas interval, Amri/Nita berusaha bangkit.

Momentum untuk mereka mengejar hadir saat bisa mendulang lima angka beruntun. Amri/Nita hanya tertinggal dua angka saat kedudukan 9-11.

Amri/Nita kemudian bisa menyetarakan angka dalam kedudukan 13-13. Kejar mengejar angka setelahnya terjadi hingga 15-15.

Amri/Nita bisa berbalik memimpin menjadi 18-15. Mereka menutup gim pertama dengan 21-18.

Tak mau mengulangi kesalahan di awal gim pertama, Amri/Nita langsung tancap gas dengan unggul 5-1.

Yang/Hu sempat mengejar dengan cuma tertinggal saat angka saat Amri/Nita unggul 7-6. Amri/Nita merespon situasi ini dengan baik.

Mereka mendapatkan empat angka untuk unggul 11-6 saat interval gim kedua. Selepas interval, Amri/Nita tak terbendung dengan 16-7.

Amri/Nita menutup laga dengan kemenangan 21-9 di gim kedua. Amri/Nita melaju ke semifinal. Mereka bakal berjumpa pemenang duel sesama pasangan China,Feng Yan Zhe/Huang Dong Ping melawan Cheng Xing/Zhang Chi."
Gigi Dall'Igna: Gaya Marc Marquez dan Pecco Bagnaia Mustahil Ditiru,https://sport.detik.com/moto-gp/d-8628073/gigi-dalligna-gaya-marc-marquez-dan-pecco-bagnaia-mustahil-ditiru,"Jumat, 21 Agu 2026 09:50 WIB","General Manager Ducati Corse Gigi Dall'Igna membahas gayaridingpara pebalap. Menurutnya ada hal-hal yang tidak bisa begitu saja ditiru rider lain.

Ducati punya banyak data untuk menganalisis performa para pebalapnya di MotoGP. Pengumpulan dan analisis data itu digadang-gadang sebagai salah satu bagian penting kesuksesan mereka di MotoGP. Keuntungan itu semakin besar karena Ducati menurunkan lebih banyak motor di grid dibandingkan pabrikan lain.

Meski begitu, Dall'Igna menegaskan setiap pebalap memiliki karakter dan keunggulan masing-masing. Karena itu, data tidak serta-merta bisa membuat seorang pebalap meniru gaya rider lainnya.

""Setiap pebalap memiliki gaya yang berbeda,"" kata Dall'Igna kepadaMCNews.com.au.

""Bahkan jika mereka mencoba meniru satu sama lain, itu tidak mungkin. Sebagai contoh, gaya balap Marc di tikungan kiri tidak mungkin ditiru.""

""Kadang-kadang, mustahil meniru Pecco saat melakukan pengereman. Ada fase-fase berbeda dalam balapan di mana pebalap tertentu tampil jauh lebih baik dibandingkan yang lain,"" tuturnya.

Dall'Igna secara khusus mencontohkan Marc Marquez dan Francesco Bagnaia. Menurutnya, kemampuan Marquez saat melibas tikungan kiri merupakan karakteristik yang sulit ditiru pebalap lain.

Begitu pula dengan Bagnaia ketika memasuki zona pengereman. Ada fase tertentu dalam balapan yang menjadi keunggulan masing-masing pebalap.

Selain itu, Dall'Igna juga menyoroti Fabio Di Giannantonio. Pebalap VR46 itu disebut memiliki keunggulan dalam menjaga kecepatan di tikungan. ""Dia adalah salah satu yang terbaik,"" ujar Dall'Igna."
Johann Zarco Bakal Comeback di MotoGP Aragon 2026,https://sport.detik.com/moto-gp/d-8628032/johann-zarco-bakal-comeback-di-motogp-aragon-2026,"Jumat, 21 Agu 2026 08:49 WIB","Johann Zarco selangkah lagi kembali ke lintasan MotoGP. Rider Prancis itu bersiap comeback pada MotoGP Aragon setelah absen dalam beberapa seri akibat cedera ligamen lutut kiri.

Castrol Honda LCR mengonfirmasi Zarco akan bertolak ke Aragon dengan rencana kembali menunggangi motornya. Tapi kepastian tampil masih bergantung pada satu syarat.

Zarco harus menjalani pemeriksaan medis wajib di sirkuit. Jika dinyatakan fit dan mendapat izin medis, barulah pebalap Prancis itu bisa kembali berkompetisi.

Zarco sebelumnya mengalami cedera saat balapan MotoGP Catalunya. Insiden tersebut membuatnya harus menepi sementara untuk menjalani proses pemulihan.

Cedera yang dialami Zarco berupa kerusakan ligamen pada lutut kirinya. Setelah berdiskusi dengan tim medis, Zarco memilih menjalani perawatan tanpa operasi.

Awalnya, September diproyeksikan menjadi waktu kembalinya Zarco ke lintasan. Tapi perkembangan kondisinya ternyata lebih positif dari perkiraan.

[Gambas:Twitter]

Dalam beberapa pekan terakhir, pemulihan Zarco berjalan baik. Ia pun mulai meningkatkan aktivitas secara bertahap untuk menguji respons lututnya.

Salah satunya dengan kembali mengendarai sejumlah motor, termasuk supermoto dan Honda CBR1000RR. Aktivitas tersebut menjadi bagian dari rehabilitasi sekaligus cara untuk meningkatkan beban secara perlahan.

Perkembangan itu membuat tim medis memberikan lampu hijau kepada Zarco untuk kembali berkompetisi. Meski demikian, izin tersebut belum otomatis memastikan dirinya bisa tampil di Aragon.

Zarco tetap harus melewati pemeriksaan medis di sirkuit sebelum mendapat izin final. Jika dinyatakan fit, MotoGP Aragon akan menjadi panggung comeback Zarco setelah beberapa seri harus dilewatkan akibat cedera lutut.

Castrol Honda LCR pun sudah bersiap menyambut kembalinya Zarco. Namun, keputusan akhir tetap berada di tangan tim medis setelah pemeriksaan di sirkuit."
Hari Ini! Batas Daftar Penghargaan Pelestari Olahraga-Budaya Tradisional,https://sport.detik.com/sport-lain/d-8625919/hari-ini-batas-daftar-penghargaan-pelestari-olahraga-budaya-tradisional,"Jumat, 21 Agu 2026 08:30 WIB","Punya sosok inspiratif di daerah yang konsisten menjaga eksistensi olahraga tradisional? Hari ini merupakan kesempatan terakhir untuk mendaftarkan pahlawan budaya dan olahraga daerah tersebut dalam ajang DPD RI Awards 2026 melalui laman resmiawards.dpd.go.id/nominasi. Pendaftaran dibuka hingga malam ini, 21 Agustus 2026, pukul 23.59 WIB.

Kehadiran olahraga tradisional dan permainan rakyat di berbagai penjuru Nusantara bukan sekadar sarana hiburan, melainkan aset budaya yang membentuk identitas bangsa. Di tengah gempuran olahraga modern dan gim digital, keberadaan tokoh-tokoh lokal yang mendedikasikan waktunya untuk menghidupkan kembali pencak silat tradisional, egrang, hingga festival olahraga daerah menjadi benteng penting pelestarian warisan leluhur.

Guna memberikan panggung penghormatan atas dedikasi tersebut, Dewan Perwakilan Daerah (DPD) RI mengajak seluruh masyarakat untuk merekomendasikan para penggerak daerah dalam ajang DPD RI Awards 2026.

Bagi masyarakat yang mengetahui sosok dengan kiprah tersebut, Dewan Perwakilan Daerah (DPD) RI mengajak publik untuk merekomendasikan pahlawan daerah dalam ajang DPD RI Awards 2026. Kehadiran ajang penghargaan ini menjadi harapan agar semakin banyak apresiasi yang diberikan kepada masyarakat dan menjadi sebuah inspirasi bagi daerah lainnya.

""Melalui DPD RI Awards 2026, DPD RI berharap semakin banyak sosok yang telah bekerja dan berkarya bagi masyarakat mendapatkan apresiasi sekaligus menjadi inspirasi bagi daerah lainnya,"" Ujar Sultan dalam DPD Awards 2025.

Ada 4 kategori penerima DPD RI Awards 2026. Berikut penjelasannya:

1. Inovator Pendidikan Non-Formal/Pendidikan Luar Sekolah

Kategori pertama adalah bidang pendidikan. Penghargaan ini diberikan kepada individu yang memiliki dedikasi dan berkontribusi dalam pendidikan nonformal.

""Penghargaan diberikan kepada Inovator Pendidikan Nonformal/Pendidikan Luar Sekolah yang berdedikasi dalam mengembangkan pendidikan nonformal dan memperluas kesempatan belajar bagi masyarakat,"" tulis DPD RI.

2. Inovator Teknologi Kesehatan

DPD RI Awards 2026 juga memberikan penghargaan kepada tokoh yang menghadirkan inovasi di bidang kesehatan. Penghargaan ini ditujukan kepada mereka yang menghasilkan inovasi teknologi kesehatan.

""Diberikan kepada individu, profesional atau akademisi yang menghasilkan inovasi di bidang kesehatan melalui riset klinis maupun laboratorium, termasuk penemuan obat, terapi, atau alat kesehatan yang memberikan manfaat bagi masyarakat,"" jelas DPD.

Kategori ini dapat menjadi ruang bagi para inovator yang mengembangkan teknologi kesehatan sekaligus memberikan dampak bagi masyarakat di daerah.

3. Penggerak Desa Mandiri Pangan

Selanjutnya adalah bidang ketahanan pangan. Penghargaan diberikan kepada tokoh yang menjadi penggerak dalam membangun desa mandiri pangan.

""Ditujukan kepada Penggerak Desa Mandiri Pangan yang mendorong kemandirian pangan melalui pemanfaatan potensi pangan lokal, pemberdayaan masyarakat, dan penguatan ketahanan pangan secara berkelanjutan,"" katanya.

4. Pelestari Budaya Daerah

Kategori terakhir adalah bidang seni dan budaya. Penghargaan diberikan kepada individu yang melestarikan hingga mempromosikan budaya daerah.

""Diberikan kepada individu yang memiliki inovasi dalam pengembangan dan pelestarian budaya daerah serta berperan aktif dalam mempromosikan budaya daerah di tingkat nasional maupun internasional,"" jelas DPD.

DPD RI juga akan menghadirkan Special Recognition Awards bagi tokoh, individu, maupun kelompok yang telah memberikan kontribusi secara konsisten dan berkelanjutan bagi daerah.

Angkat Kiprah Tokoh Daerah ke Nasional

Ketua DPD RI, Sultan B Najamudin mengatakan DPD Awards digelar untuk memberikan panggung penghormatan kepada figur-figur inspiratif dari berbagai daerah yang selama ini bekerja dan berkontribusi secara nyata tanpa sorotan publik nasional.

""Melalui ajang ini, DPD RI ingin mempertegas bahwa kekuatan pembangunan Indonesia bertumpu pada inisiatif dan kerja keras masyarakat di seluruh wilayah Nusantara, bukan hanya pada pusat pemerintahan dan kota-kota besar,"" ucap Sultan dalam DPD Awards tahun 2025 lalu.

Sultan juga menjelaskan bahwa penghargaan ini sekaligus mencerminkan aspirasi masyarakat yang diperjuangkan DPD RI di tingkat pusat. Ia mengingatkan bahwa anggota DPD RI merupakan representasi langsung dari kepentingan daerah yang membawa suara rakyat agar hadir dalam kebijakan nasional.

Menurutnya, masih banyak tokoh masyarakat yang sesungguhnya menjadi penggerak perubahan dan pendorong kemajuan daerah di berbagai sektor strategis, namun belum mendapat apresiasi yang memadai.

""Beberapa kategori pantas diberikan kepada orang daerah atau tokoh-tokoh daerah yang memang kontribusinya cukup signifikan,"" katanya.

Kontribusi para kandidat dan finalis, lanjut Sultan, mencakup sektor pendidikan, sosial, kesehatan, pariwisata, ekonomi kreatif, kebudayaan, hingga pelestarian lingkungan.

DPD Awards diharapkan dapat memperkuat semangat bagi para tokoh tersebut untuk terus menginspirasi dan memperluas dampak perjuangannya di masyarakat.

Bagi Anda yang memiliki rekomendasi tokoh penggerak di daerah, batas pendaftaran nominasi DPD RI Awards 2026 akan ditutup malam ini. Jangan lewatkan kesempatan mengusulkannya dalam DPD RI Awards 2026 melalui laman resmiawards.dpd.go.id/nominasibatas akhir pukul 23.59 WIB."
Jadwal Kejuaraan Dunia 2026 Hari Ini: 5 Wakil RI Tampil di Perempatfinal,https://sport.detik.com/raket/d-8627951/jadwal-kejuaraan-dunia-2026-hari-ini-5-wakil-ri-tampil-di-perempatfinal,"Jumat, 21 Agu 2026 07:00 WIB","Indonesia mengirim lima wakil di perempatfinalKejuaraan Dunia Bulutangkis 2026. Alwi Farhan dkk. akan berburu tiket semifinal sekaligus medali.

Ganda putri menempatkan dua wakilnya di babak perempatfinal Kejuaraan Dunia 2026. Mereka adalah Febriana Dwipuji Kusuma/Meilysa Trias Puspitasari dan Rachel Allessya Rose/Febi Setianingrum.

Ana/Trias akan menghadapi Baek Ha Na/Lee So Hee di perempatfinal. Menilik catatan head to head, Ana/Trias belum pernah menang dalam dua kali pertemuan melawan ganda putri Korea Selatan itu.

Sementara itu, Rachel/Febi akan menantang unggulan kedelapan Li Yi Jing/Luo Xu Min. Rachel/Febi kalah dari Li/Luo di perempatfinal China Open 2026 lalu.

Dari nomor ganda putra, Fajar Alfian/Muhammad Shohibul Fikri ditunggu pasangan Chinese Taipei, Lee Jhe-Huei/Yang Po-Hsuan. Amri Syahnawi/Nita Violina Marwah dari nomor ganda campuran juga menghadapi lawan dari Chinese Taipei yakni Yang Po-Hsuan/Hu Ling Fang.

Alwi Farhan jadi harapan Indonesia yang tersisa di nomor tunggal putra. Alwi akan melawan Chou Tien Chen di perempatfinal.

Melihat catatan pertemuan, Alwi tertinggal 1-2 dari Chou. Namun, ia memenangi duel terakhir melawan Chou di babak 16 besar All England 2026 lalu.

Babak perempatfinal Kejuaraan Dunia 2026 akan digelar di Indira Gandhi Indoor Stadium, New Delhi, India, Jumat (21/8/2026) mulai pukul 12.00 WIB. Lolos ke babak semifinal berarti minimal mengamankan medali perunggu.

Lapangan 1

Lapangan 2"
Alcaraz Pastikan Comeback di US Open 2026,https://sport.detik.com/raket/d-8627893/alcaraz-pastikan-comeback-di-us-open-2026,"Jumat, 21 Agu 2026 03:30 WIB","Juara Grand Slam tujuh kali,Carlos Alcaraz, memastikan akan kembali bertanding diUS Open 2026. Alcaraz akan berupaya mempertahankan titel juaranya di sana.

Seperti diketahui, Alcaraz sudah absen selama empat bulan karena menderita cedera pergelangan tangan. Cedera itu dideritanya di tengah turnaman Barcelona Open 2026, April silam.

Akibatnya, petenis Spanyol berusia 23 tahun itu mesti melewatkan sejumlah turnamen bergengsi termasuk Prancis Terbuka dan Wimbledon 2026. Namun, jelang dimulainya AS Terbuka pada akhir bulan ini Alcaraz sudah latihan serius lagi bersama Holger Rune.

Pada Sabtu (21/8) dinihari WIB, Alcaraz mengumumkan comeback di US Open 2026 lewat unggahan pakar transfer sepakbola ternama, Fabrizio Romano di media sosial.

""Here We Go!Carlos Alcarazakan kembali ke tur di US Open setelah menghabiskan empat musim di tepi lapangan dengan cedera pergelangan tangan kanan.""

[Gambas:Instagram]

Carlos Alcarazsaat ini menempati ranking kedua di bawah petenis Italia sekaligus rival beratnya,Jannik Sinner. AS Terbuka 2026 akan jadi kesempatan Alcaraz untuk memenangi titel ketiganya di Flushing Meadows sekaligus gelar Grand Slam kedelapan di dalam kariernya."
The Indonesia Pro-Am: Pegolf China Melesat ke Puncak,https://sport.detik.com/sport-lain/d-8627891/the-indonesia-pro-am-pegolf-china-melesat-ke-puncak,"Jumat, 21 Agu 2026 01:10 WIB","Terjadi pergantian di pucuk klasemen hari keduaThe Indonesia Pro-Am. Di nomor individual, pegolf China kini menguasai klasemen.

Pada hari kedua The Indonesia Pro-Am presented by Combiphar & Nomura di lapangan Gunung Geulis Country Club, Kamis (20/8), pemain China Andy Xu membukukan skor terendah.

Pegolf berusia 24 tahun tersebut membukukan skor 64 (7-di bawah-par). Hasil ini langsung mendongkrak alumnus University of San Diego, AS, tersebut ke puncak leaderboard. Xu yang mulai berstatus pegolf profesional pada 2024 ini memimpin dengan total 130 (12-di bawah-par).

""Saya bermain di West Course hari ini. Kondisinya (lapangan) memang tidak mudah. Tentu saja ada banyak kesempatan untuk birdie, tapi greennya cukup sulit. Saya melakukan 2-3 putt hari ini. Tapi saya tetap menjaga, memasukkan banyak putt, dan mendapatkan speed yang tepat. Hal utama adalah jangan terlalu agresif, dan tetap menjaga kecepatan. Itu sangat membantu saya hari ini,"" kata Xu dalam rilis kepadadetikSport.

Meski memimpin klasemen, posisi Xu memang belum aman. Ia hanya unggul satu pukulan dari dari dua pegolf, Khavish Varadan (Malaysia) dan Darcy Brereton (Aaustralia), yang sama-sama mengumpulkan total 11-di bawah-par.

Selain itu, Nitithorn Thippong (Thailand) dan pegolf tuan rumah Kevin C. Akbar yang berada di T4 pun bisa memberikan ancaman dengan total 10-di bawah-par.

Kevin bahkan mengincar gelar juara keduanya di The Indonesia Pro-Ama setelah di edisi perdana tahun 2023.

Selain Kevin, ada dua wakil Indonesia yang juga lolos di nomor profesional rookie, Amadeus Christian Sutanto dan Peter Gunawan, ketika batas cut ditetapkan pada total 139 (3-di bawah-par).

Amadeus membukukan skor total 136 (6-di bawah-par), sedangkan Peter mencetak 3-di bawah-par. Bagi Amadeus, ini merupakan pencapaian apik pada debutnya di Asian Development Tour Tour sebagai pemain profesional.

Sementara dari kategori tim, pasangan Parathakorn Suyasri (Indonesia) dan Luke Evan Moore (am) berbagi tempat dengan Waris Manthorn (Thailand)/Steven Dirga Setya (am.) setelah sama-sama membukukan skor total 119.

Namun, keduanya hanya unggul tipis satu pukulan dari pasangan Khavish Varadan (Malaysia)/Yosia Raja Simarmata (am.), Michele Ortolani (Italia)/Maureen Shavelle Yose (am.), serta Jazz Janewattananond (Thailand)/Matthew Wanandi (am.), yang telah mengumpulkan skor total 120.

Sebanyak 20 tim berhasil meloloskan diri ke putaran final, Jumat (21/8). Batas cut ditetapkan pada skor total 125."
"Sebelum ke F4, Qarrar Firhand Ingin Cari Pengalaman Dulu",https://sport.detik.com/sport-lain/d-8627859/sebelum-ke-f4-qarrar-firhand-ingin-cari-pengalaman-dulu,"Jumat, 21 Agu 2026 00:11 WIB","Qarrar Firhandtahu balapanBritish Formula 4tidaklah mudah. Oleh karenanya, pebalap muda Indonesia itu akan mencari pengalaman sebanyak-banyaknya dulu sebelum ke sana.

Qarrar akan tampil di ajang British F4 bersama Hitech yang merupakan balapan perdananya di sana. Tentu saja persiapan yang dilakukan tidak main-main karena persaingan makin ketat.

Salah satunya dengan lebih dulu memperkuat tim Argenti Motorsport pada putaran Thruxton, Inggris, 25-26 Juli lalu. Keikutsertaan itu menjadi bagian dari proses transisinya dari karting menuju balap mobil formula.

Qarrar sudah mempelajari karakter sirkuit, tingkat persaingan, serta cara bekerja bersama tim dalam setiap kesempatan turun ke lintasan. Oleh karenanya, hasil bukanlah prioritas utama Qarrar karena fokusnya adalah membiasakan diri dengan ajang tersebut.

""Tahun ini saya ingin belajar sebanyak mungkin dan mendapatkan pengalaman untuk musim depan. Kalau bisa berada di depan tentu menjadi bonus, tetapi yang terpenting adalah mendapat bekal sebanyak mungkin,"" kata Qarrar dalam jumpa pers, Kamis (20/8).

Menurut Qarrar, pengalaman mengikuti balapan F4 memberikan pelajaran berbeda dibandingkan sekadar menjalani sesi pengujian.

Dia mengaku sudah terbiasa dengan karakter mobil karena sebelumnya beberapa kali mengikuti tes, tetapi situasi perlombaan menuntut pemahaman lebih jauh mengenai racecraft.

""Tes dan balapan itu berbeda. Dalam balapan saya harus memahami racecraft, menghadapi pembalap lain, melakukan race start, dan banyak hal lain yang tidak sepenuhnya didapat saat tes,"" sambungnya,

""Setiap balapan selalu memberikan pelajaran. Saya bisa semakin mengenal trek, kompetisi, dan mobil. Tahun ini saya ingin memahami semuanya dengan lebih baik,"" kata dia.

Setelah melalui fase adaptasi tersebut, Qarrar berencana meningkatkan target pada musim penuh 2027.

""Tahun depan targetnya tentu mencoba memenangi balapan. Kalau ada kesempatan untuk memenangi kejuaraan, itu juga yang akan kami kejar,"" demikian dia."
Men's World Tennis Championship: Renaldi Aquila Gagal Runner-up Grup,https://sport.detik.com/raket/d-8627831/mens-world-tennis-championship-renaldi-aquila-gagal-runner-up-grup,"Kamis, 20 Agu 2026 23:17 WIB","Renaldi Aquila Salim gagal mengunci posisi runner-up Grup D UTR PTT Men's World Championship 2026. Dia kalah dari Thomas Patton.

Pada pertandingan ketiga Grup D di lapangan A Bali Beach Country Club Nusa Dua, Kamis (20/8/2026), Renaldi harus mengakui keunggulan Patton yang bermain agresif dengan servis keras nan akurat.

Di set pertama Patton yang sempat kalah dari Nathan Barki, langsung bermain agresif dengan terus menekan sisi backhand dari Renaldi, yang membuatnya hanya kehilangan satu game untuk menang 6-1.

Memasuki set kedua, Renaldi yang merupakan mahasiswa Perbanas Jakarta ini, tidak dapat keluar dari tekanan Patton dan akhirnya 2-6 dalam laga yang berdurasi 1 jam 14 menit.

Dengan kekalahan tersebut, Renaldi Aquila Salim gagal memperbaiki peringkatnya dan harus puas di posisi keempat Grup D. Patton tampil sebagai runner up grup dan berhak untuk memperebutkan posisi5 -8 di UTR PTT 2026 Bali.

""lawan bermain cerdik dan tampil sangat agresif sejak awal pertandingan, yang membuat saya mampu keluar dari tekanan. Saya sudah melakukan semaksimal mungkin untuk merubah pola maupun strategi permainan. Tapi memang ini bukan hari saya,"" ujar Renaldi dalam rilis kepada detikSport.

Masih dari Grup D, Azuma Visaya dari Amerika Serikat mengukuhkan diri di puncak klasemen usai menghentikan perlawanan petenis Singapura Maximus Zavier Wong 6-3, 6-0. Visaya meraih kemenangan ketiganya di fase grup.

Visaya bersama Alexander Chang dan Anthony Susanto jadi pemain dengan tiga kemenangan sekaligus lolos ke semifinal UTR PTT 2026 di Bali.

Pada laga lainnya di penyisihan grup C, pertandingan menarik tersaji dalam memperebutkan posisi puncak klasemen antara Matthieu Perchicot dari Perancis melawan Jack Bruce Smith dari Australia.

Perchiot menyudahi lawannya dua set langsung 6-4 dan 7-6 tiebreak 3, yang mengantarkannya sebagai juara grup C."
"Usai Dilantik KONI, PB ORADO Siap Hadirkan Kompetisi Berjenjang",https://sport.detik.com/sport-lain/d-8627609/usai-dilantik-koni-pb-orado-siap-hadirkan-kompetisi-berjenjang,"Kamis, 20 Agu 2026 21:35 WIB","Pengurus Besar Olahraga Domino Nasional (PB ORADO)telah resmi dilantik Komite Olahraga Nasional Indonesia (KONI) Pusat. PB ORADO kini bersiap untuk menghadirkan berbagai kompetisi.

PB ORADO dilantik KONI di Kantor KONI Pusat, Senayan, Jakarta Pusat, Kamis, 19 Agustus 2026. Pelantikan ini dilakukan oleh Ketua KONI, Marciano Norman.

Ketua Umum PB ORADO, Yooky Tjahrial mengatakan, pelantikan tersebut sekaligus menjawab pertanyaan masyarakat mengenai organisasi resmi yang menaungi olahraga domino di Indonesia.

""Hari ini juga menjawab satu hal yang selama ini mungkin masih sering ditanyakan oleh masyarakat: 'Sebenarnya, organisasi resmi olahraga domino di Indonesia itu siapa?' Jawabannya jelas. PB ORADO adalah induk organisasi olahraga domino yang telah diterima sebagai anggota KONI Pusat, dan hari ini kepengurusan PB ORADO secara resmi dilantik oleh KONI Pusat,"" kata Yooky kepada awal media.

""Tetapi saya ingin mengingatkan teman-teman semua, status resmi ini bukan untuk membuat kita merasa paling hebat atau lebih tinggi dari siapa pun. Justru ini adalah amanah,"" ujarnya menambahkan.

Menurut Yooky, amanah tersebut harus diwujudkan dengan menaungi, menata, membina, dan mengembangkan olahraga domino secara resmi dan berjenjang, mulai dari tingkat kabupaten/kota, provinsi, hingga nasional.

Saat ini, ORADO telah hadir di 38 provinsi dan 309 kabupaten/kota di seluruh Indonesia. Jaringan tersebut menjadi modal organisasi untuk merangkul komunitas dan pemain domino yang telah berkembang di berbagai daerah.

Yooky menegaskan, keberadaan PB ORADO bukan untuk mempertajam perbedaan dengan komunitas maupun kelompok domino yang telah lebih dulu ada.

""Kita hadir bukan untuk mempertajam perbedaan. Kita hadir untuk menyatukan seluruh insan domino Indonesia ke dalam satu wadah, satu sistem, dan satu tujuan yang sama,"" jelasnya.

Setelah pelantikan, PB ORADO akan memprioritaskan pembangunan sistem kompetisi yang jelas, pembinaan atlet secara berjenjang, peningkatan kualitas wasit, pembentukan klub, serta penyelenggaraan pertandingan yang profesional dan menarik.

Yooky mengatakan, ORADO juga akan dikembangkan sebagai bagian dari sport industry. Dengan konsep tersebut, olahraga domino diharapkan memiliki nilai prestasi, hiburan, sekaligus nilai ekonomi.

""Kita akan memanfaatkan teknologi agar pertandingan domino bisa ditonton dengan menarik. Kita akan membangun klub, turnamen, liga, merchandise, dan membuka ruang kerja sama dengan berbagai pihak,"" ungkapnya.

Namun, ia menegaskan bahwa atlet tetap harus menjadi pusat dari pengembangan olahraga domino.

""Yang harus menjadi bintang adalah para atlet. Mereka yang harus dikenal, mendapatkan prestasi, menjadi brand ambassador, dan menginspirasi generasi berikutnya,"" tuturnya.

PB ORADO juga menargetkan olahraga domino dapat dipertandingkan sebagai cabang olahraga eksibisi pada Pekan Olahraga Nasional (PON) 2028.

Untuk mencapai target tersebut, Yooky mengatakan ORADO harus membuktikan memiliki organisasi yang kuat, pembinaan yang berjalan, atlet berkualitas, regulasi yang jelas, serta kompetisi yang aktif dari tingkat daerah hingga nasional.

Ia juga mengajak generasi muda untuk mengenal olahraga domino dan menjadikannya sebagai aktivitas yang terbuka, tertib, sportif, serta profesional.

""Hari ini KONI telah memberikan kepercayaan kepada kita. Sekarang tugas kita adalah membuktikan bahwa kepercayaan tersebut diberikan kepada organisasi yang tepat,"" pungkasnya."
Verstappen Perpanjang Kontrak di Red Bull Hingga 2030,https://sport.detik.com/f1/d-8627702/verstappen-perpanjang-kontrak-di-red-bull-hingga-2030,"Kamis, 20 Agu 2026 21:20 WIB","Max Verstappenmengakhiri spekulasi masa depannya diFormula 1dengan memperpanjang kontrak bersamaRed Bull Racinghingga 2030.

Juara dunia empat kali itu sempat mempertimbangkan untuk mundur dari F1 di awal musim 2026 karena tak senang dengan teknologi dalam regulasi baru yang mengedepankan tenaga listrik. Tak cuma itu, ia juga dikaitkan dengan tim lain seperti McLaren.

Namun jelang digelarnya GP Belanda, yang merupakan balapan kandang Verstappen, akhir pekan ini, Red Bull mengumumkan kelanjutan kerja sama dengan pria 28 tahun tersebut. Kontrak awal yang tersisa sampai 2028 ditambah lagi selama dua tahun.

""Melanjutkan perjalanan ini dengan tim yang telah bersama saya sepanjang karier saya sungguh istimewa dan merupakan sesuatu yang selalu ingin saya lakukan,"" ujar Verstappen, Kamis (20/8).

Ia juga menegaskan bahwa tujuan utamanya adalah membawa Red Bull, yang sudah ia anggap sebagai keluarga kedua, kembali berjaya di F1. Musim ini, tim asal Austria itu sama sekali belum meraih kemenangan dari 11 balapan yang sudah dijalani.

""Saya sangat senang dengan perpanjangan kontrak ini. Kami memiliki orang-orang terbaik dan saya bersemangat untuk terus bekerja sama dengan semua orang untuk kembali ke puncak lagi.""

""Ini tetap menjadi tujuan utama yang telah kita semua upayakan dan akan terus kita kejar. Saya ingin berterima kasih kepada Red Bull, Laurent (Mekies, principal Red Bull), dan semua orang di Red Bull Racing atas kepercayaan yang mereka berikan kepada saya.""

Verstappen telah membalap untuk Red Bull sejak 2016 setelah memulai debut F1 bersama Toro Rosso setahun sebelumnya. Ia telah meraih 71 kemenangan dalam 244 balapan.

Selain meraih juara empat kali beruntun pada 2021-2024, ia juga sempat mengukir rekor kemenangan terbanyak dalam semusim, yakni 19 kali dari 22 balapan pada musim 2023."
Kejuaraan Dunia Bulutangkis 2026: Fajar/Fikri Lolos ke Perempat Final,https://sport.detik.com/raket/d-8627696/kejuaraan-dunia-bulutangkis-2026-fajar-fikri-lolos-ke-perempat-final,"Kamis, 20 Agu 2026 21:07 WIB","Fajar Alfian/Muhammad Shohibul Fikrimelangkah ke perempat finalKejuaraan Dunia Bulutangkis 2026usai menundukkan wakil Korea Selatan, Kang Min-hyuk/Ki Dong-ju dengan skor 21-15, 14-21, 21-12 dalam waktu 62 menit.

Bertanding di Indira Gandhi Indoor Stadium, New Delhi, Kamis (20/8), Fajar/Fikri tertinggal 6-9 lebih dulu di gim pertama, namun berbalik unggul 11-10 saat interval. Selepas jeda, Kang/Ki sempat mengejar hingga 15-16, namun Fajar/Fikri merebut lima poin beruntun untuk menang 21-15.

Pada gim kedua, gantian Kang/Ki yang mengambil dominasi. Ganda Korea Selatan itu unggul 6-0 di awal kemudian 11-5 saat interval. Usai rehat, Fajar/Fikri mencoba mendekat, namun hanya sampai 14-18.

Kang/Ki kemudian merebut tiga poin selanjutnya untuk mengambil kemenangan 21-14. Pada gim ketiga alias penentuan, Fajar/Fikri kembali mendominasi.

Mereka unggul 11-6 saat interval dan selanjutnya hanya memberikan Kang/Ki tambahan enam poin sebelum mengunci kemenangan 21-12. Di perempat final, Fajar/Fikri akan berhadapan dengan Lee Jhe-huei/Yang Po-Hsuan (Taiwan) yang lolos usai menyingkirkan Sabar Karyaman Gutama/Moh Reza Pahlevi Isfahani.

Pada laga lain di nomor tunggal putri,Putri Kusuma Wardanigagal melaju ke perempat final usai kalah dari wakil Denmark, Line Christophersen dengan skor 18-21, 17-21 dalam waktu 37 menit."
Kejuaraan Dunia Bulutangkis 2026: Alwi Farhan Tembus 8 Besar,https://sport.detik.com/raket/d-8627583/kejuaraan-dunia-bulutangkis-2026-alwi-farhan-tembus-8-besar,"Kamis, 20 Agu 2026 19:51 WIB","Alwi Farhanmelangkah ke perempat finalKejuaraan Dunia Bulutangkis 2026usai menyingkirkan Ayush Shetty (India) di babak 16 besar dengan skor 21-19, 21-11 dalam waktu 45 menit.

Berlaga di Indira Gandhi Indoor Stadium, New Delhi, Kamis (20/8), Alwi meraih kemenangan lewat duel sengit di gim pertama. Unggul 11-9 saat interval, ia menjauh 16-12 kemudian 18-14.

Shetty sempat berbalik unggul 19-18 usai meraih lima poin beruntun, namun Alwi berhasil merebut tiga poin berikutnya untuk menang tipis 21-19. Pada gim kedua, Alwi tak terbendung.

Setelah unggul 11-6 saat interval, Alwi semakin menjauh usai jeda, bahkan sempat unggul 16-7. Shetty kemudian hanya mampu menambah empat poin sebelum Alwi mengamankan kemenangan telak 21-11. Dengan hasil ini, Alwi akan berjumpa unggulan keenam asal Taiwan, Chou Tien-chen pada Jumat besok.

Namun keberhasilan Alwi gagal diikuti oleh Jonatan Christie yang kalah dari Rasmus Gemke. Menghadapi wakil Denmark tersebut di 16 besar, Jojo kalah 21-11, 13-21, 18-21 usai bertanding selama 70 menit.

Nasib serupa juga dialami Sabar Karyaman Gutama/Moh Reza Pahlevi Isfahani di nomor ganda putra. Melawan Lee Jhe-huei/Yang Po-Hsuan (Taiwan) di 16 besar, mereka takluk 11-21, 13-21 dalam waktu 26 menit."
Ganda Putri RI Selangkah Lagi Genggam Medali Kejuaraan Dunia,https://sport.detik.com/raket/d-8627567/ganda-putri-ri-selangkah-lagi-genggam-medali-kejuaraan-dunia,"Kamis, 20 Agu 2026 19:35 WIB","Dua pasang ganda putri Indonesia tampil apik diKejuaraan Dunia Bulutangkis 2026. Mereka selangkah lagi menggenggam medali dalam debut di major event.

Dari tiga wakil ganda putri di Kejuaraan Dunia BWF 2026, dua wakil sudah dipastikan melangkah ke perempat final. Mereka ialahRachel Allessya Rose/Febi SetianingrumdanFebriana Dwipuji Kusuma/Meilysa Trias Puspitasari.

Rachel/Febi lolos ke delapan besar setelah menang WO atas wakil Jepang Yuki Fukushima/Mayu Matsumoto pada laga Kamis (20/8/2026). Unggulan kedua itu memutuskanretireddi gim kedua saat kedudukan 21-9, 6-11.

Rachel tak menyangka bakal menang dengan cara seperti ini. Terlebih, ia juga tak tahu alasan di balik keputusan lawannya untuk mundur.

""Bukan cara menang yang kami inginkan, tapi kami juga sejujurnya tidak tahu apa yang terjadi. Tiba-tiba tadi mereka menyatakan mundur, tapi bila ada yang cedera, kami berharap tidak terlalu serius dan doa yang terbaik untuk Yuki/Mayu,"" kata Rachel dalam keterangan PBSI.

Berbeda dengan Rachel/Febi, Ana/Trias sukses menaklukkan unggulan kelima, Pearly Tan/Thinaah Muralitharan. Lewat duel tiga gim, mereka menang atas pasangan Malaysia itu dengan skor 20-22, 21-18, 21-12.

""Alhamdulillah, hari ini berjalan dengan baik. Apa yang sudah direncanakan bisa terlaksana,"" ucap Trias.

""Mereka memang rasanya belum kembali ke performa terbaik, tapi kualitas mereka yang Top 10 tidak bisa diragukan lagi. Tadi adalah laga yang tidak mudah bagi kami,"" tuturnya.

Setelah ini, dua pasang ganda putri Indonesia akan melanjutkan kiprahnya di babak perempat final. Rachel/Febi melawan Li Yi Jing/Luo Xu Min dari China, sedangkan Ana/Trias melawan wakil Korea Selatan, Baek Ha-na/Lee So-hee.

""Kami harus tetap fokus, menyiapkan lagi besok seperti apa, lawan bagaimana. Tapi tidak perlu berpikir itu perempat final, satu kemenangan lagi bisa mengamankan medali,"" kata Ana."
"Bakal Debut di UFC, Bilal Hasan Dapat Lawan 'Setara'",https://sport.detik.com/sport-lain/d-8627495/bakal-debut-di-ufc-bilal-hasan-dapat-lawan-setara,"Kamis, 20 Agu 2026 18:50 WIB","Bilal Hasanresmi mendapat kontrak duel diUFC. Lawan fighter asal Indonesia itu sudah diumumkan dan rekornya cukup seimbang.

Menilik situs resmi UFC, Bilal Hasan akan melawan Nilson Rojas. Keduanya akan berduel di Shanghai Oriental Sport Center, Shanghai, Minggu (29/8).

Rojas adalah figher asal Peru. Ia juga punya catatan 9 kemenangan (7 T/KO) tanpa terkalahkan, sama seperti Bilal.

Bilal vs Rojas akan tersaji di kelas terbang (flyweight). Keduanya masuk dalam duel main card di UFC Shanghai pekan depan, dengan tajuk utamanya pertarungan Umar Nurmagomedov vs Song Yadong di kelas bantam.

Bilal Hasanmendapat tiket keUFCusai mengalahkan Mridul Saikia dalam ajang Dana White's Contender Series (DWCS) di Meta Apex, 12 Agustus lalu.

Dalam duel tersebut, Bilal menang TKO di ronde pertama. Fighter Indonesia itu cuma butuh 45 detik untuk merobohkan lawannya.

Bilal menjadi orang Indonesia kedua yang tampil di UFC. Sebelumnya ada Jeka Saragih, yang mendapat kontrak lewat jalur Road to UFC tahun 2022.

Jeka sudah tampil tiga kali diUFC. Petarung asal Medan itu menang pada debutnya melawan Lucas Alexander, namun kalah saat melawan Westin Wilson dan Yoo Joo-sang."
"Grand Final IPL Season 2 Digelar di Mall, Ada Desta Vs Bedu Adu Pingpong!",https://sport.detik.com/sport-lain/d-8627433/grand-final-ipl-season-2-digelar-di-mall-ada-desta-vs-bedu-adu-pingpong,"Kamis, 20 Agu 2026 18:10 WIB","Grand Final Indonesia Pingpong League (IPL) Season 2 bukan cuma menyajikan persaingan klub-klub tenis meja. Ada pula duel ekshibisi Desta Mahendra vs Bedu yang akan meramaikan babak puncak kompetisi tersebut. Grand Final IPL Season 2 akan digelar pada 26-30 Agustus 2026 di Trans Studio Mall (TSM) Cibubur.

Desta dan Bedu akan bertanding dalam partai ekshibisi. Bedu menyebut duel tersebut menjadi bagian dari upaya memasyarakatkan kembali olahraga tenis meja.

""Saya akan melawan Desta. Kami ingin membantu memasyarakatkan kembali olahraga pingpong ini. Olahraga pingpong sangat bagus karena bisa dimainkan semua kalangan tak peduli usia. Dari anak-anak sampai orang tua juga bisa karena melatih motorik, olahraga yang menyehatkan,"" kata Bedu.

Di luar duel Desta vs Bedu, Grand Final IPL Season 2 juga menjadi bagian penting dalam persiapan tenis meja Indonesia menuju Asian Games 2026.

Sekretaris Jenderal IPL Yon Mardiyono mengatakan pemilihan pusat perbelanjaan sebagai lokasi pertandingan memang disengaja. IPL ingin membawa olahraga tenis meja lebih dekat dengan masyarakat.

""Kami adakan di tengah-tengah mall dengan tujuan memasyarakatkan olahraga tenis meja. Diharapkan bisa menarik perhatian pengunjung pusat perbelanjaan sehingga bisa mulai mencintai tenis meja,"" ujar Yon dalam jumpa pers di Trans Studio Mall Cibubur, Kamis (20/8/2026).

Grand Final IPL Season 2 akan mempertemukan delapan klub terbaik dari total 153 tim peserta. Pesertanya terdiri dari empat klub putra dan empat klub putri yang berasal dari ONIC Sport Jakarta, PTM Arwana Jaya, PTM Sukun Kudus, Zakhwan Sport, dan Jasa Raharja Putera.

Babak puncak ini sedianya digelar pada akhir 2025. Pelaksanaannya ditunda karena para atlet harus mengikuti SEA Games dan sejumlah kejuaraan internasional.

""Grand Final ini seharusnya dilakukan akhir tahun 2025 tapi tertunda karena ada SEA Games dan beberapa kejuaraan internasional yang diikuti para atlet. Jadi kita undur dan pilih di Agustus ini karena bertepatan dengan HUT RI ke-81 dan bisa jadi persiapan atlet menuju Asian Games 2026,"" Yon mengungkapkan.

Menariknya, seluruh atlet yang akan dikirim Indonesia ke Asian Games 2026 juga turun memperkuat klub-klub tersebut. Total ada 10 atlet inti, terdiri dari lima putra dan lima putri, serta dua atlet cadangan.

Dengan demikian, Grand Final IPL Season 2 tidak hanya menjadi perebutan gelar klub, tetapi juga kesempatan menguji kekuatan para atlet yang diproyeksikan tampil di Asian Games 2026. Atlet ONIC Sport Jakarta, Muhammad Naufal Junindra Irawan, menyebut persiapan menghadapi Grand Final dilakukan secara maksimal.

""Persiapan kami sangat keras jelang Grand Final. Lawan-lawan yang dihadapi bukan sembarangan jadi persiapan harus maksimal,"" kata Naufal."
Tenis Meja Targetkan Tembus 8 Besar di Asian Games 2026,https://sport.detik.com/sport-lain/d-8627387/tenis-meja-targetkan-tembus-8-besar-di-asian-games-2026,"Kamis, 20 Agu 2026 17:30 WIB","Tenis meja Indonesia memasang target realistis di Asian Games 2026. Tim Merah Putih membidik babak delapan besar di Aichi-Nagoya, Jepang.

Asian Games 2026 akan digelar pada 19 September hingga 4 Oktober mendatang. Tenis meja menjadi salah satu dari 35 cabang olahraga yang diikuti Indonesia.

Saat ini, Indonesia Pingpong League (IPL) telah menyiapkan 10 atlet yang terdiri dari lima putra dan lima putri, serta dua atlet sebagai cadangan. Sekretaris Jenderal IPL Yon Mardiyono menyebut lolos ke delapan besar sudah menjadi pencapaian yang berarti bagi tenis meja Indonesia.

""Jadi target realistis dengan masuk delapan besar itu sudah cukup menjadi sejarah tenis meja,"" kata Yon dalam jumpa pers Grand Final IPL Season 2 di Trans Studio, Cibubur, Kamis (20/8/2026).

Menuju Asian Games, IPL memanfaatkan Grand Final IPL Season 2 sebagai ajangtry inbagi atlet-atlet Pelatnas. Setelah itu, mereka akan tampil di World Tour di Filipina sebelum menghadapi Asian Games.

Yon menilai persiapan menuju ajang besar harus dilakukan melalui proses yang berkelanjutan. Kompetisi di liga menjadi salah satu sarana untuk menjaga atlet tetap berlatih dan bertanding. Menurut Yon, kompetisi juga menjadi ruang untuk melihat dan memilih atlet terbaik yang nantinya mewakili Indonesia.

""Jadi prestasi itu adalah sebuah proses. Kita tahu tahun depan akan ada SEA Games dan persiapannya tidak bisa satu-dua bulan. Jadi kami siapkan dari liga-liga pingpong ini supaya mereka berlatih dan bersiap terus, sehingga mereka tahu arahnya kemana,"" tuturnya.

""Dan sebagai pengurus kami menyiapkan ruang itu, atletnya pun harus diberitahu agar mereka tahu goalnya. Nah, dari Grand Final IPL Season 2 ini, atmosfer (kompetitif) ini yang ingin kami buat. Tinggal tugas kami cari best of the best untuk mewakili negara ini,"" tambah Yon.

Tenis meja Indonesia terakhir kali tampil di Asian Games pada 2018. Saat itu, hasil terbaik atlet Indonesia di nomor perorangan hanya sampai babak 32 besar. Ficky Supit Santoso mencapai babak tersebut di tunggal putra. Sementara di tunggal putri, Rina Sintya dan Kharisma Nur Hawwa juga terhenti di babak 32 besar.

Untuk nomor beregu, baik putra maupun putri belum mampu melaju ke babak knockout. Adapun medali terakhir tenis meja Indonesia di Asian Games diraih pada 1978 di Bangkok. Saat itu, Empie Wuisan/Sinyo Supit meraih medali perak ganda putra setelah kalah dari wakil China.

Dengan catatan tersebut, target menembus delapan besar di Asian Games 2026 menjadi sasaran yang ingin diwujudkan tenis meja Indonesia.

""Mudah-mudahan ya, kita juga enggak tahu kalau mixed double, double, bisa tembus semifinal itu juga sangat luar biasa. Makanya, kalau menembus perempatfinal menjadi hal yang perlu diapresiasi,"" kata Yon."
Hasil Kejuaraan Dunia Bulutangkis 2026: Ana/Trias Singkirkan Malaysia,https://sport.detik.com/raket/d-8627287/hasil-kejuaraan-dunia-bulutangkis-2026-ana-trias-singkirkan-malaysia,"Kamis, 20 Agu 2026 16:25 WIB","Febriana Dwipuji Kusuma/Meilysa Trias Puspitasarimelangkah ke perempat finalKejuaraan Dunia Bulutangkis 2026usai menekukPearly Tan/Thinaah Muralitharan(Malaysia) di babak 16 besar dalam duel tiga gim dengan skor 20-22, 21-18, 21-12.

Berlaga di Indira Gandhi Indoor Stadium, New Delhi, Kamis (20/8), Ana/Trias menunjukkan kegigihan di gim pertama, namun gagal mengunci kemenangan di momen krusial. Sempat tertinggal 8-11 saat interval set pertama, mereka menyamakan skor 13-13 usai jeda.

Tan/Thinaah lalu kembali memimpin 15-13, namun segera disamakan Ana/Trias 15-15. Begitu pula saat ganda negeri jiran itu unggul 20-18, Ana/Trias mampu memaksakan deuce lewat skor 20-20. Namun pada akhirnya Tan/Thinaah merebut kemenangan 22-20.

Pada gim kedua, momentum berbalik menjadi milik Ana/Trias. Setelah bersaing sengit hingga 10-10, ganda Indonesia lalu berhasil menjauh hingga 17-11. Meski Tan/Thinaah sempat menipiskan jarak hingga 17-18, namun Ana/Trias sukses mengunci kemenangan 21-18 untuk memaksakan rubber game.

Pada gim penentuan, Ana/Trias lebih dominan. Mereka unggul 11-5 saat interval dan terus memimpin usai rehat. Tan/Thinaah hanya mampu mengejar sampai 12-16 sebelum Ana/Trias merebut lima poin beruntun untuk menang 21-12, menyudahi laga dalam waktu 1 jam 14 menit.

Selanjutnya Ana/Trias akan menghadapi pemenang laga Rui Hirokami/Sayaka Hobara (Jepang) melawan Baek Ha-na/Lee So-hee (Korea Selatan).

Sebelumnya,Rachel Allessya Rose/Febi Setianingrumjuga melangkah ke perempat final usai lawan mereka, yakni Yuki Fukushima/Mayu Matsumoto (Jepang) harus mundur karena Fukushima cedera. Saat laga disetop, Rachel/Febi menang 21-9 di gim pertama, namun sedang tertinggal 6-11 di gim kedua.

Selanjutnya, Rachel/Febi akan berjumpa dengan unggulan kedelapan asal China, Li Yijing/Luo Xumin.

Sementara itu di ganda campuran,Amri Syahnawi/Nita ViolinaMarwahjugamelangkah ke delapan besar usai mendepak wakil Taiwan, Ye Hong Wei/Nicole Gonzales Chan dengan skor 21-5, 21-18 . Mereka akan bertemu Yang Po-Hsuan/Hu Ling-fang yang juga berasal dari Taiwan di laga berikutnya."
Fermin Aldeguer Bersiap Comeback di MotoGP Aragon!,https://sport.detik.com/moto-gp/d-8627233/fermin-aldeguer-bersiap-comeback-di-motogp-aragon,"Kamis, 20 Agu 2026 15:51 WIB","RiderGresini Racing,Fermin Aldeguer, bersiap comeback diMotoGP Aragon 2026. Dia terus berupaya pulih dari cedera tulang belakang.

Cedera tulang belakang dan leher didapat oleh Aldeguer pada Juni 2026. Dia terjatuh keras pada sesi latihan MotoGP Belanda di Sirkuit Assen.

Karena cedera itu, Aldeguer pun absen dalam tiga balapan. Selain MotoGP Belanda, rider berusia 21 tahun itu juga tak bisa balapan di MotoGP Jerman dan MotoGP Inggris.

Gresini Racing juga memilih rider pengganti, yakni Iker Lecuona, yang sementara menggantikan Aldeguer.

Jeda panjang MotoGP 2026 dimanfaatkanAldegueruntuk memulihkan diri. Menjelang MotoGP Aragon pada 31 Agustus 2026, Aldeguer mengunggah kabar bagus di akun Instagram pribadinya.

""Hampir kembali,"" kata Aldeguer sembari mengunggah foto dirinya mengenakan baju balap di depan motor Ducati dan aksi melibas trek balap untuk latihan di sirkuit privat.

[Gambas:Instagram]

Di MotoGP 2026, Aldeguer sudah balapan sebanyak delapan kali. Pebalap yang didukung oleh Bold Rider itu meraih pencapaian terbaik saat finis kedua di MotoGP Catalunya.

Saat ini,Aldeguerada di posisi ke-11 klasemen MotoGP 2026. Dia mengumpulkan sebanyak 76 poin."
Perbasi Panggil 8 Pemain Basket 3x3 untuk Seleksi Asian Games 2026,https://sport.detik.com/basket/d-8627075/perbasi-panggil-8-pemain-basket-3x3-untuk-seleksi-asian-games-2026,"Kamis, 20 Agu 2026 14:50 WIB","PP Perbasi memanggil delapan pemain basket 3x3 putra untuk dipersiapkan menuju Asian Games 2026. Kedelapan pemain tersebut sebelumnya juga masuk dalam tim yang dipersiapkan menghadapi FIBA 3x3 Challenger di Batam.

Pemanggilan itu tertuang dalam surat PP Perbasi bernomor 545/DPP/VIII/2026 tertanggal 19 Agustus 2026. Delapan pemain yang dipanggil adalah Erick Ibrahim Junior dari Dewa United, Mohammed Aymane Garudi Arip dan Justin Jaya Wiyanto dari Tangerang Hawks, Halmaheranno Aprianto Lolaru Hady dan Richard Cornellius dari Hangtuah Jakarta, Daffa Dhoifullah dari Pacific Caesar Surabaya, Almando Davin Nepa Bait dari Borneo Hornbills, serta Aven Ryan Pratama dari Kesatria Bengawan Solo.

Mereka bukan nama baru dalam persiapan Timnas Basket 3x3 Putra Indonesia. Sebelumnya, terdapat 11 pemain yang dipersiapkan untuk menghadapi FIBA 3x3 Challenger di Batam pada akhir Juli. Saat itu, para pemain dibagi ke dalam dua tim, yakni Waisai dan Balige.

Dari daftar tersebut, kini hanya delapan pemain yang kembali dipanggil. Empat pemain lainnya, yakni Aaron Nathanael, Hosea Kenneth, I Made Duta, dan Hakim Malano, telah dikembalikan ke klub masing-masing.

Manajer Timnas Basket 3x3 Putra Bastian Arief mengatakan delapan pemain tersebut masih harus bersaing untuk memperebutkan tempat di komposisi utama Asian Games 2026. Mereka masih berstatus pemain seleksi di bawah asuhan Nico Donnda Fitzgerald dan Bastian Arief sebagai manajer tim.

""Regulasi Asian Games 2026 yang mewajibkan pemain U23 untuk 3x3 menjadi tantangan tersendiri dalam membentuk tim. Kami memaksimalkan waktu dan pemain terpilih untuk membentuk tim terbaik,"" kata Bastian dalam keterangan tertulisnya, Kamis (20/8/2026).

Dari delapan pemain tersebut nantinya hanya empat yang akan dibawa ke Jepang untuk tampil di Asian Games 2026. Karena itu, periode persiapan menjadi kesempatan penting bagi para pemain untuk menunjukkan perkembangan dan merebut tempat di tim utama.

""Kami akan menempa pemain untuk lihat progres pemain selama latihan dengan ikuti dua Challenger terdekat sebelum ke Asian Games 2026,"" ujar Bastian.

Dua turnamen yang akan diikuti Timnas Basket 3x3 Putra Indonesia adalah FIBA 3x3 Kaohsiung Challengers 2026 pada 5-6 September 2026 dan FIBA 3x3 Aichi Challengers 2026 pada 10-11 Oktober 2026.

""Mohon doa dan dukungan masyarakat Indonesia agar Timnas Kita bisa menjalani persiapan dengan lancar dan pada Asian Games nanti memberikan permainan terbaik untuk kebanggaan Indonesia,"" ucap Bastian."
"AVC Continental: Ditunggu Lawan-lawan Berat, Ini Target Timnas Voli Putri RI!",https://sport.detik.com/sport-lain/d-8626901/avc-continental-ditunggu-lawan-lawan-berat-ini-target-timnas-voli-putri-ri,"Kamis, 20 Agu 2026 13:30 WIB","Timnas voli putri Indonesia menghadapi tantangan berat di AVC Women's Volleyball Continental Championship 2026. Indonesia tergabung di Pool B bersama Thailand, Kazakhstan, dan Australia, tetapi tetap memasang target menembus enam besar.

AVC Women's Volleyball Continental Championship 2026 akan berlangsung di Tianjin, China, 21-30 Agustus 2026. Turnamen ini diikuti 12 tim yang terbagi ke dalam tiga pool.

Indonesia berada satu grup dengan Thailand, Kazakhstan, dan Australia. Thailand datang sebagai juara bertahan, sementara Kazakhstan juga memiliki rekam jejak kuat di level Asia.

Meski persaingan tidak mudah, Ketua Umum Pengurus Pusat Persatuan Bola Voli Seluruh Indonesia (PP PBVSI) Imam Sudjarwo menilai target enam besar masih realistis.

""Target kita masuk enam besar. Lawan kuat, mudah-mudahan target bisa dicapai dan bisa lebih bagus lagi,"" ujar Imam dalam keterangan tertulisnya, dikutip Kamis (20/8/2026).

Indonesia harus menghadapi tiga lawan di Pool B. Laga pertama bahkan langsung mempertemukan Garuda Pertiwi dengan Kazakhstan pada 22 Agustus, sebelum menghadapi Thailand pada 24 Agustus dan Australia pada 26 Agustus.

Thailand menjadi salah satu ujian terberat. Mereka berstatus juara bertahan AVC Women's Volleyball Continental Championship dan baru saja menyapu bersih dua seri SEA V Cup 2026.

Namun, Imam meminta target enam besar tidak justru menjadi beban bagi para pemain. Menurutnya, aspek mental harus berjalan beriringan dengan kemampuan teknik dan kondisi fisik. Pemain, pelatih, dan ofisial juga diminta memiliki visi yang sama agar target yang dipasang dapat dikejar secara maksimal.

Selain mengejar prestasi, AVC Continental 2026 penting bagi Indonesia karena tiga tim teratas akan mendapatkan tiket ke FIVB Women's World Championship 2027. Sistem tersebut berlaku untuk tiga besar dari masing-masing kejuaraan kontinental.

Imam juga mengingatkan agar enam besar tidak dipandang sebagai batas akhir. Ia berkaca pada keberhasilan timnas voli putra Indonesia di AVC Cup 2026. Target awal yang diberikan saat itu hanya mencapai semifinal, tetapi performa tim kemudian membawa Indonesia melampaui sasaran tersebut hingga menjadi juara.

""Keberhasilan tersebut menunjukkan bahwa target dapat dilewati apabila seluruh anggota tim mampu menjaga kebugaran, kekuatan mental, kekompakan, dan rasa kebersamaan,"" ujarnya.

Karena itu, timnas voli putri Indonesia diharapkan tidak sekadar mengejar posisi enam besar, tetapi mampu melangkah sejauh mungkin setelah fase pool.

Dengan lawan-lawan tangguh di Pool B, pertandingan sejak awal akan menjadi ujian penting bagi skuad Indonesia. Jika mampu melewati fase tersebut dengan hasil positif, peluang untuk mengejar target yang lebih tinggi pun terbuka."
Misi Toprak: Finis 10 Besar di Sisa MotoGP 2026,https://sport.detik.com/moto-gp/d-8626502/misi-toprak-finis-10-besar-di-sisa-motogp-2026,"Kamis, 20 Agu 2026 08:45 WIB","Toprak Razgatlioglu memasang target menembus 10 besar pada sisa balapan musim MotoGP 2026. Sejauh ini, rookie sekaligus juara dunia WorldSBK itu belum mampu finis di rentang posisi tersebut.

Sebenarnya Toprak sudah mendekati target itu. Hasil terbaiknya sejauh ini adalah finis ke-11 di MotoGP Hungaria, serta posisi ke-11 pada Sprint Race MotoGP Ceko di Brno. Tapi dalam tiga seri terakhir, rider Yamaha tersebut belum mampu finis lebih tinggi dari posisi ke-14.

""Saya masih menargetkan finis di 10 besar tahun ini,"" kata Toprak seperti dilansirCrash.net.

Toprak menyadari target tersebut tidak mudah diwujudkan. Namun, ia bertekad memanfaatkan 10 balapan tersisa untuk terus meningkatkan performanya.

""Dalam 10 balapan terakhir, saya akan mencoba berkembang lebih jauh, dan mungkin kita bisa melihat beberapa finis 10 besar. Kalau kami bisa melakukannya, itu akan membuat saya senang,"" ujarnya.

""Tapi itu tidak mudah. Saya mencoba mendapatkan hasil terbaik.""

Performa Toprak juga tidak bisa dilepaskan dari kondisi Yamaha YZR-M1 dengan mesin V4 yang masih dalam tahap pengembangan.

Sejauh musim ini, Fabio Quartararo menjadi rider Yamaha dengan hasil finis terbaik, yakni posisi kelima. Alex Rins memiliki hasil terbaik di posisi kesembilan, sedangkan Jack Miller yang menjadi rekan setim Toprak di Pramac Yamaha pernah finis kedelapan.

Toprak sendiri kini masih mengejar kemenangan pertamanya di MotoGP. Setelah sukses menjadi juara dunia WorldSBK, musim 2026 menjadi tantangan baru bagi rider Turki tersebut di kelas utama.

Dengan 10 balapan tersisa, Toprak tidak memasang target muluk. Menembus 10 besar saja sudah cukup untuk membuatnya puas di musim debutnya."
"Ide Date Seru Ala Sportainment, Cek Harga Tiket Couple SKORZ FX Sudirman!",https://sport.detik.com/sportstyle/d-8625985/ide-date-seru-ala-sportainment-cek-harga-tiket-couple-skorz-fx-sudirman,"Kamis, 20 Agu 2026 07:15 WIB","Cek harga tiket couple SKORZ FX Sudirman untuk weekdays dan weekend, plus ide date seru main 15 wahana sportainment berdua di Jakarta Pusat, Sudirman.

Cari ide date malam mingguan yang beda dari nonton bioskop atau makan malam biasa? Coba ajak pasangan main bareng di SKORZ FX Sudirman, arena sportainment dengan tiket couple yang bikin kalian bisa main 15 wahana sekaligus tanpa antre beli tiket terpisah.

SKORZ menyediakan opsi Couple Ticket yang mencakup dua e-tiket sekaligus. Untuk kunjungan weekdays,harga couple ticket Rp273.600, sementara untukweekend Rp309.600.Harga tersebut belum termasuk biaya platform dan biaya lain saat checkout.

Dengan satu tiket, kalian berdua sudah bisa mencoba basketball, futsal, pickle ball, mini golf, laser tag, wall climbing, sampai billiards di area seluas lebih dari 2.000 meter persegi.

SKORZberlokasi diFX Sudirman level 3, Jalan Jenderal Sudirman, Senayan, Jakarta Pusat, dan bukasetiap harimulai pukul10.00sampai22.00 WIB. Lokasinya strategis dan gampang dijangkau dari area perkantoran Sudirman, cocok buat date sepulang kerja atau agenda akhir pekan.

Permainan yang variatif bikin obrolan nggak monoton. Main laser tag bareng, adu skor mini golf, atau lanjut karaoke room setelah capek olahraga, semua bisa dalam satu kunjungan tanpa harus pindah tempat.

Ada juga fasilitas ruang ganti baju, toilet, charging spot, dan cafe buat istirahat sejenak sebelum lanjut ke wahana berikutnya. Buat pasangan yang gampang bosan sama rutinitas date yang itu-itu saja, variasi 15 arena ini jadi jawaban biar setiap kunjungan terasa beda.

Sebelum booking, siapkan sepatu olahraga yang nyaman dan pastikan jadwal kalian cocok dengan slot yang tersedia didetikevent."
Sabar/Reza Bidik Medali di Kejuaraan Dunia 2026,https://sport.detik.com/raket/d-8626370/sabar-reza-bidik-medali-di-kejuaraan-dunia-2026,"Kamis, 20 Agu 2026 05:15 WIB","Sabar Karyaman Gutama/Moh. Reza Pahlevi Isfahanimembidik medali diKejuaraan Dunia 2026. Namun, mereka sadar tak ada lawan yang gampang di ajang ini.

Pernyataan itu disampaikan mereka setelah melewati ujian pertama Kejuaraan Dunia pada Rabu (19/8/2026). Mereka menaklukkan ganda putra Hong Kong Hung Kuei Chun/Lui Chun Wai dalam pertandingan ketat tiga gim 22-20, 14-21, 21-15.

Reza bersyukur akhirnya bisa memenangkan pertandingan babak 32 besar, meski di awal gim sempat mencari-cari pola permainan yang pas dengan lawan.

""Tadi dari saya banyak belum dapattouchnya, banyak mati sendiri karena masih agak mencari-cari ritme dan strategi yang pas dengan pola permainan mereka,"" kata Reza dalam keterangannya melalui federasi.

""Ini pertemuan pertama dan mereka langsung selalu menekan kami jadi agak kesusahan,"" lanjutnya.

Sabar juga merasakan hal sama. Menurutnya, ia dan Reza masih membutuhkan lebih banyak adaptasi karena baru pertandingan pertama. Tapi ia bersyukur akhirnya berhasil.

""Tekanan bermain di Kejuaraan Dunia kali ini nggak ada ya, tadi mungkin lebih belum adaptasi banyak saja, ini pertandingan pertama juga jadi belum menemukan sentuhan terbaik. Tadi kami terus berusaha dari gim pertama, kedua sampai ketiga. Alhamdulillah membawa hasil yang baik,"" ujar Sabar.

Kemenangan ini tentu menjadi bekal positif bagi Sabar/Reza dalam menatap babak berikutnya. Tapi mereka tak mau lengah dan tetap mempersiapkan diri sebaik mungkin.

Di 16 besar, mereka akan melawan Lee Jhe-Huei/Yang Po-Hsuan dari Taiwan.

""Harapannya ingin dapat medali tapi kami sadar lawan di sini enggak gampang juga. Besok kami harus lawan Lee/Yang dari Taipei, pernah menang-kalah juga jadi banyak yang perlu disiapkan untuk besok dan seterusnya,"" kata Reza."
Men's World Tennis Championship: Anthony Susanto Tembus Semifinal,https://sport.detik.com/raket/d-8626380/mens-world-tennis-championship-anthony-susanto-tembus-semifinal,"Kamis, 20 Agu 2026 02:25 WIB","Anthony Susantomemperbesar peluangnya meraih gelar diUTR PTT Men's World Tennis Championship 2026. Dia baru saja merebut tiket ke semifinal.

Pada pertandingan ketiga Grup A di Bali Beach Country Club, Nusa Dua, Bali, Rabu, Rabu (19/8/2026), Anthony menghadapi petenis Australia Jack Dembo.

Anthony sempat kesulitan meladeni permainan Dembo di awal pertandingan. Tapi, dia mampu bangkit dan menyamakan kedudukan 3-3 sebelum berbalik unggul dan menutup set pertama dengan skor 6-3.

Memasuki set kedua, permainan Anthony semakin dominan. Reli-reli panjang bikin Dembo kesulitan menjaga stamina hingga akhirnya menyerah 2-6.

Kemenangan itu membuat Anthony menjadi satu-satunya petenis di Grup A yang menyapu bersih tiga laga dengan kemenangan. Anthony tinggal menghadapi Aarjun Pandit untuk mengunci status juara Grup A.

Kekalahan Pandit dari Gautam S. Venkatraman-lah yang bikin Anthony bisa lolos lebih cepat ke semifinal.

Sementara itu, pada pertandingan Grup D, petenis Indonesia Renaldi Aquila Salim juga membuka peluang finis runner-up grup setelah menghentikan perlawanan Ethan David Zapp.

Ethan tampil menggantikan Nathan Barki yang mundur akibat cedera pergelangan tangan. Ia tampil solid pada set pertama dan mampu memaksa Renaldi bermain hingga tiebreak sebelum menang 7-6(5).

Renaldi kemudian bangkit pada set kedua dengan permainan yang lebih sabar untuk meredam agresivitas lawannya. Ia menang 6-3 dan memaksakan pertandingan berlanjut ke set penentuan.

Pada set ketiga, Ethan sempat mendapatkan perawatan medis karena mengalami gangguan pada bagian pinggang. Dia mundur dalam posisi tertinggal 1-5 sehingga Renaldi dinyatakan sebagai pemenang.

""Sempat terkejut dengan permainan Ethan David Zapp yang begitu meningkat drastis dibanding dulunya, sehingga membuat saya takluk di set pertama. Namun dengan upaya keras maupun strategi permainan yang tepat akhirnya saya berhasil keluar dari tekanan lawan dan akhirnya memenangi laga yang krusial ini,"" ujar Renaldi.

Di Grup B, petenis Amerika Serikat Alexander Chang melanjutkan tren positif setelah meraih kemenangan ketiganya pada babak penyisihan grup.

Menghadapi Arjun Mehrotra, Chang sempat mengalami kesulitan pada awal pertandingan. Namun, mengandalkan servis keras dan permainan voli, ia akhirnya menang dua set langsung 6-4, 6-3.

Hasil tersebut membuat Chang untuk sementara memuncaki Grup B dengan tiga kemenangan dan tinggal menyisakan satu pertandingan melawan petenis Jerman Igor Kolaric."
Alwi Farhan: Tidak Ada yang Mudah di Kejuaraan Dunia,https://sport.detik.com/raket/d-8626369/alwi-farhan-tidak-ada-yang-mudah-di-kejuaraan-dunia,"Kamis, 20 Agu 2026 02:05 WIB","Alwi Farhanmenegaskan tidak ada pertandingan yang mudah diKejuaraan Dunia 2026. Sekalipun melawan pemain non unggulan.

Hal itu disampaikan Alwi usai mengalahkan pebulutangkis Finlandia Joakin Oldorff dua gim langsung 21-12, 21-9

pada Rabu (19/8/2026). Kendati di atas kertas, Alwi jauh lebih diunggulkan, tapi dia tetap berhati-hati saat menghadapi Oldorff.

Sebelumnya, Alwi yang menempati seeded ke-11 juga menang atas atlet Korea Selatan Yoo Tae Bin, pebulutangkis dengan ranking jauh di bawahnya, 49 dunia, di babak 64.

""Saya tidak menganggap dua pertandingan ini sebagai pemanasan, bagi saya setiap pertandingan adalah ujian dan bagaimana saya meresponnya,"" ujar Alwi dalam keterangannya melalui federasi.

""Tidak ada yang gampang main di Kejuaraan Dunia apalagi semua orang ingin mencapai hasil yang terbaik. Saya pun melakukan yang terbaik lalu saya serahkan hasilnya kepada Tuhan.""

Tak hanya itu, juara Indonesia Masters 2026 ini juga memetik pelajaran saat melawan wakil dari Eropa.

""Tadi memang melawan pemain dari Eropa, polanya sedikit berbeda daripada pemain Asia yang seperti biasa. Cukup tricky tapi saya sudah mempersiapkan karena kemarin ada waktu istirahat sehari juga jadi badannya bisa recovery dengan baik,"" katanya.

Dengan kemenangan ini, Alwi menjaga asa untuk lanjut ke perempatfinal. Ia masih menunggu lawan antara wakil India atau Sri Lanka di babak 16 besar Kejuaraan Dunia, Kamis (20/8).

""Alhamdulillah bisa mengatasi semuanya dan bersiap maksimal untuk besok yang akan lebih ketat,"" ungkap Alwi."
Hasil Kejuaraan Dunia 2026: Putri KW Maju ke Babak Ketiga,https://sport.detik.com/raket/d-8626365/hasil-kejuaraan-dunia-2026-putri-kw-maju-ke-babak-ketiga,"Kamis, 20 Agu 2026 00:33 WIB","Putri Kusuma Wardanimaju ke babak ketigaKejuaraan Dunia Bulutangkis 2026. Unggulan keenam turnamen itu mengatasi atlet Republik Ceko Petra Maixnerova.

Putri KW menghadapi Petra Maixnerova pada babak kedua di Indra Gandhi Indoor Stadium, Rabu (19/8/2026) malam WIB. Kemenangan telak 21-9 dan 21-12 diraih dalam waktu 30 menit.

Gim pertama berjalan ringan untuk Putri, meski tertinggal di poin-poin pembuka. Ia melesat dan meraih 10 poin beruntun untuk unggul 12-4.

Tak tersentuh lagi, Putri tanpa kesulitan mengunci gim ini. Ia menutupnya dengan telak 21-9.

Putri juga tak melalui kesulitan berarti di gim kedua, meski jaraknya terbangun pelan-pelan. Ia memastikan kemenangan meyakinkan 21-12 dan mengunci jalan ke babak ketiga.

Selanjutnya di babak tersebut, pebulutangkis 24 tahun ini akan bertemu pemenang duel antara Line Christophersen vs Liang Ka Wing. Sebagai catatan, Putri adalah satu-satunya wakil Indonesia tersisa di tunggal putri."
Hasil Kejuaraan Dunia 2026: Raymond/Joaquin Terhenti,https://sport.detik.com/raket/d-8626346/hasil-kejuaraan-dunia-2026-raymond-joaquin-terhenti,"Rabu, 19 Agu 2026 23:30 WIB","Raymond Indra/Nikolaus Joaquingagal lanjut ke babak ketigaKejuaraan Dunia Bulutangkis 2026. Mereka kalah dua gim dari ganda Malaysia.

Raymond Indra/Nikolaus Joaquin bertemuJunaidi Arif/Yap Roy Kingpada babak kedua di Indra Gandhi Indoor Stadium, Rabu (19/8/2026) malam WIB. Ganda putra unggulan ke-12 itu kalah 16-21 dan 19-21 dari lawannya yang merupakan nonunggulan.

Gim pertama berjalan ketat setidaknya untuk separuh permainan. Raymond/Joaquin sempat unggul 10-8, tapi lawan berbalik unggul 13-10.

Duo Indonesia tersebut lantas merepons dengan enam poin beruntun yang membawa mereka memimpin 16-13. Tapi setelah itu mereka malah kehilangan kontrol permainan dan membiarkan Arif/Yap memetik delapan angka berturut-turut untuk mengunci gim 21-16.

Pasangan Malaysia membawa momentum ke gim kedua dan langsung membuka skor 4-0. Raymond/Joaquin praktis selalu dalam posisi tertekan dan hanya dua kali sempat menyamakan skor.

Setelah kedudukan 12-12, ganda Indonesia tak berhasil menyentuh perolehan poin lawannya lagi. Mereka pun harus merelakan diri kalah 19-21.

Ini berarti Indonesia menyisakan dua wakil di nomor ganda putra. Mereka adalah Sabar Karyaman Gutama/Muhammad Reza Pahlevi Isfahani dan Fajar Alfian/Muhammad Shohibul Fikri."
Indonesia Pro-Am: Dua Tim Puncaki Klasemen Putaran Pertama,https://sport.detik.com/sport-lain/d-8626332/indonesia-pro-am-dua-tim-puncaki-klasemen-putaran-pertama,"Rabu, 19 Agu 2026 23:05 WIB","Selesai sudah putaran pertama ajang golfThe Indonesia Pro-Am 2026. Dua tim bersaing sengit di puncak klasemen, siapa saja?

Putaran pertama turnamen yang bernama lengkap The Indonesia Pro-Am presented by Combiphar & Nomura itu digelar, Rabu (19/8) di Gunung Geulis Country Club. Ada 98 tim yang ikut (profesional dan amatir) untuk beradu skill di dua lapangan, West & East Course.

Pegolf profesional Jazz Janewattananond (Thailand) yang berpasangan dengan pemain amatir Indonesia Matthew Wanandi bersaing sengit dengan Waris Manthorn (Thailand) yang berduet dengan pegolf amatir Steven Dirga Setya. Mereka menduduki posisi teratas klasemen beregu (pro-am) dengan 13 di bawah par.

Dua tim tersebut mengungguli empat tim yaitu Ayoub Lguirati (Maroko)/Alvin Wahyudi, Nguyen Nhat Long (Vietnam)/Agus Budiman, Kelvin Si (Makau)/Gani Arieldi, dan Liu Yung Hua (Korea)/John Baey yang berada di posisi T3 dengan 11-di bawah par.

Ayoub Lguirati memimpin klasemen nomor individual. Pegolf berusia 32 tahun itu bahkan mencetak course record untuk satu putaran pergelaran Asian Development Tour (ADT) di East Course dengan skor 62 (9 di bawah par).

""Saya sangat senang dengan cara saya bermain, dan terutama dengan cara kami menangani course ini. Saya membukukan 9 birdie dan tanpa bogey. Ini adalah skor terbaik saya di pertandingan. Ini pun merupakan event pertama saya dengan kedi Mohsen. Ia melakukan pekerjaan yang luar biasa hari ini. Jadi, saya sangat senang,"" kata Lguirati dalam keterangan kepadadetikSport.

Dua wakil Amerika Serikat membuntuti Lguirati, yakni Tim Nielsen dengan skor 63 (8 di bawah par) dan Nathan Han dengan skor 64 (7 di bawah par).

Sementara itu, tujuh pegolf berada di T4 dengan skor 65 (6 di bawah par), salah satunya asal Indonesia Kevin Caesario Akbar.

Juara The Indonesia Pro-Am edisi 2023 tersebut membuka harapan untuk tuan rumah setelah berhasil menyodok ke Top 5. Titik balik Kevin terjadi di back nine (sembilan hole kedua) setelah membuat 3 birdie dan 1 eagle, melengkapi 1 birdie di front nine.

""Permainan hari ini alhamdulillah solid. Banyak sabar saja sih di West Course. Karena kalau salah sedikit kan bisa agak bahaya. Bisa meledak skornya. Jadi tadi sih lebih main sabar aja. Yang penting bisa on track terus bolanya, on the fairway, dan green,"" kata Kevin."
"Jelang Asian Games 2026, Pelatnas Taekwondo Jalani Tes Fisik",https://sport.detik.com/sport-lain/d-8626158/jelang-asian-games-2026-pelatnas-taekwondo-jalani-tes-fisik,"Rabu, 19 Agu 2026 20:23 WIB","Tes fisik tersebut menjadi bagian dari pemantauan kondisi atlet sebelum menghadapi berbagai agenda kompetisi, termasuk Asian Games 2026 yang menjadi salah satu sasaran utama.

Ketua Umum PBTI Letjen TNI Richard Tampubolon meninjau langsung pelaksanaan tes fisik di Stadion Atang Sutresna, Markas Kopassus, Cijantung, Jakarta Timur, Rabu (19/8/2026).

Dalam kunjungan tersebut, Richard didampingi Sekjen PBTI Rafael Siagian, Manajer Pelatnas Adhy, Pelatih Nasional Lia Karina Mansyur, Korsmin Kolonel Inf. Marlon, serta Kajas Kopassus Letkol Inf. Emrizal.

Tes dilakukan untuk memantau tingkat kebugaran dan kondisi fisik dasar atlet secara berkala. Pengukuran tersebut juga menjadi bagian dari evaluasi standar fisik yang dibutuhkan untuk menghadapi ajang multievent.

Sejumlah aspek yang diuji meliputi antropometri, keseimbangan, lari jarak pendek untuk mengukur kemampuan gerak cepat dan kelincahan, serta kelenturan otot kaki dan pinggul yang penting dalam menunjang teknik tendangan.

Pemantauan kondisi fisik menjadi bagian dari program persiapan Pelatnas Taekwondo Indonesia untuk meningkatkan kesiapan atlet menghadapi kompetisi.

Dengan Asian Games 2026 sebagai salah satu target utama, hasil tes fisik tersebut dapat menjadi bahan evaluasi untuk melihat perkembangan kondisi atlet sekaligus menentukan aspek yang masih perlu ditingkatkan sebelum bertanding. Asian Games ke-20 akan digelar di Aichi-Nagoya, Jepang, pada 19 September-4 Oktober 2026.(krs/aff)...Tautan telah disalin"
"Hasil Kejuaraan Dunia 2026: Ana/Trias Lolos, Faza/Aisyah Tersingkir",https://sport.detik.com/raket/d-8626101/hasil-kejuaraan-dunia-2026-ana-trias-lolos-faza-aisyah-tersingkir,"Rabu, 19 Agu 2026 19:42 WIB","Febriana Dwipuji Kusuma/Meilysa Trias Puspitamelaju ke babak ketigaKejuaraan Dunia Bulutangkis 2026. SementaraMarwan Faza/Aisyah Salsabila Putri Pranatadisingkirkan unggulan ketiga.

Febriana Dwipuji Kusuma/Meilysa Trias Puspita Sari menghadapi Yasemen Bektas/Sinem Yildiz (Turki) pada babak kedua Kejuaraan Dunia Bulutangkis 2026. Duel ini berlangsung di Indhira Gandhi Arena, New Delhi, Rabu (19/8/206).

Ana/Trias mengawali gim pertama dengan sangat baik. Unggulan ke-13 ini unggul 3-0.

Mereka sempat kehilangan dua poin tapi kemudian tak terbendung. Ana/Trias mengemar tujuh angka secara beruntun untuk unggul 11-2 saat interval gim pertama.

Selepas interval, Ana/Trias mendapatkan dua angka. Mereka memimpin 11 angka saat skor 13-2.

Bektas/Yildiz berusaha memberikan perlawan. Mereka bisa mendapatkan tiga angka setelahnya.

Namun jarak poin yang terlalu jauh bikin ganda putri Turki kesulitan untuk mengejar. Ana/Trias unggul 18-7. Mereka menutup gim pertama dengan 21-12.

Bektas/Yildiz memberikan perlawanan sengit di awal gim kedua. Kedudukan sama kuat 4-4.

Kejar mengejar angka kemudian terjadi 7-7. Ana/Trias mendapatkan momentum untuk menjauh.

Mereka mendulang empat angka untuk memimpin 11-7 saat interval. Ana/Trias bisa memperlebar jarak angka. Mereka memimpin 17-12. Ana/Trias memenangi laga usai menutup gim kedua dengan 21-14.

Ana/Trias melaju ke babak ketiga. Mereka bakal bersua unggulan kelima asal Malaysia Pearly Tan/Thiaah Muralitharan.

Wakil Indonesia lainnya, Marwan Faza/Aisyah Salsabila Putri Pranata punya nasib tak sebaik Ana/Trias. Faza/Aisyah tersingkir di babak kedua.

Ganda campuran Indonesia ini dikalahkan unggulan ketiga asal Denmark Mathias Christiansen/Alexandra BÃ¸je. Faza/Aisyah kalah usai melalui rubber game 21-19, 9-21, 10-21."
"Main di Kejuaraan Dunia, Fajar/Fikri Enggan Terbebani Target Tinggi",https://sport.detik.com/raket/d-8625966/main-di-kejuaraan-dunia-fajar-fikri-enggan-terbebani-target-tinggi,"Rabu, 19 Agu 2026 18:30 WIB","Fajar Alfian/Muhammad Shohibul Fikri tak ingin terbebani ekspektasi tinggi di Kejuaraan Dunia Bulutangkis 2026. Meski datang dengan modal dua gelar Super 1000 beruntun, mereka memilih fokus menjalani pertandingan satu demi satu.

Fajar/Fikri melaju ke babak 16 besar setelah mengalahkan pasangan Prancis Eloi Adam/Leo Rossi di New Delhi, India, Rabu (19/8/2026). Pasangan peringkat dua dunia itu menang dua gim langsung dengan skor 21-14, 21-13.

Fajar mengungkapkan dirinya dan Fikri sudah mempelajari karakter permainan lawan. Salah satunya berdasarkan pertemuan Adam/Rossi dengan Sabar Karyaman Gutama/Moh. Reza Pahlevi Isfahani di Thomas Cup.

""Kalau dari segi teknik mungkin sedikitnya kami sudah memahami karakter lawan. Mereka bertemu Sabar/Reza di Thomas Cup dan kami terus mempelajari itu,"" kata Fajar dalam keterangannya melalui federasi.

""Mereka juga pernah berlatih di Pelatnas selama dua minggu beberapa waktu lalu, jadi setidaknya kami sudah mengetahui gerakan, penempatan bola mereka dan kebiasaan lainnya. Kami selalu mewaspadai pada itu semua.""

Fajar menilai Adam/Rossi merupakan pasangan yang agresif. Karena itu, ia dan Fikri berusaha meredam permainan lawan sejak awal.

""Mereka juga pasangan yang sangat agresif di lapangan dan kami terus meredam pola permainan mereka. Secara keseluruhan dari pertandingan pertama kami tidak menemukan masalah apa-apa yang mungkin cuma arah angin dan lain-lain,"" lanjutnya.

Kemenangan tersebut menjadi awal positif bagi Fajar/Fikri di Kejuaraan Dunia. Namun, mereka tidak ingin hasil tersebut maupun dua gelar sebelumnya justru menambah tekanan.

Fajar/Fikri datang ke New Delhi dengan kepercayaan diri tinggi setelah menjuarai Japan Open dan China Open secara beruntun. Meski demikian, Fajar ingin menjadikan pencapaian tersebut sebagai modal, bukan beban.

""Semoga ekspektasi setelah menjuarai Jepang dan China Open itu tidak terlalu membebani buat kami. Kami mau memmbuatnya untuk tambahan semangat, tambahan percaya diri,"" kata Fajar.

Fikri juga memilih pendekatan yang sama. Ini merupakan Kejuaraan Dunia pertama yang dijalaninya bersama Fajar, sehingga mereka ingin menikmati setiap pertandingan tanpa memasang beban berlebihan.

""Pertama kali main di Kejuaraan Dunia sebagai pasangan, tidak ada yang diobrolkan secara lebih spesifik, hanya memang dari kemarin saat latihan, terutama saya mencoba lebih fokus. Karena ini adalah major event, semua apapun bisa terjadi. Kami mau menikmati setiap momennya,"" kata Fikri.

Dengan tiket babak 16 besar sudah diamankan, Fajar/Fikri kini tinggal menjaga fokus. Dua gelar Super 1000 menjadi modal, tetapi Kejuaraan Dunia menuntut mereka kembali memulai dari nol di setiap pertandingan."
"Hasil Kejuaraan Dunia 2026: Alwi Menang Dua Gim Langsung, Maju ke 16 Besar",https://sport.detik.com/raket/d-8625891/hasil-kejuaraan-dunia-2026-alwi-menang-dua-gim-langsung-maju-ke-16-besar,"Rabu, 19 Agu 2026 17:12 WIB","Alwi Farhanmelaju mulus ke babak 16 besarKejuaraan Dunia Bulutangkis 2026. Alwi menang telak atas wakil Finlandia Joakim Oldorff.

Alwi menghadapi Oldorff di babak 32 besar Kejuaraan Dunia 2026. Dalam pertandingan di Indira Gandhi Indoor Indoor Stadium, New Delhi, India, Rabu (19/8/2026) sore WIB, Alwi menang 21-12, 21-9.

Unggul sejak awal, Alwi memasuki interval gim pertama dengan keunggulan 11-5 atas lawannya itu. Ia sempat melebarkan jarak menjadi 18-10 sebelum mengamankan gim pertama 21-12.

Alwi langsung tancap gas pada awal gim kedua dengan merebut 10 poin pertama. Alwi terus menguasai permainan dan melebarkan keunggulannya menjadi 18-6.

Alwi pada akhirnya mengunci kemenangan 21-9 pada gim kedua. Ia menyudahi perlawanan Oldorff setelah bertanding selama 31 menit.

Lolos ke babak 16 besar Kejuaraan Dunia 2026, Alwi berikutnya akan menghadapi pemenang dari pertandingan antara Ayush Shetty (India) dan Dumindu Abeywickrama (Sri Lanka)."
Hasil Kejuaraan Dunia 2026: Sabar/Reza dan Rachel/Febi Lolos,https://sport.detik.com/raket/d-8625868/hasil-kejuaraan-dunia-2026-sabar-reza-dan-rachel-febi-lolos,"Rabu, 19 Agu 2026 16:58 WIB","Sabar Karyaman Gutama/Moh Reza Pahlevi Isfahanilolos ke 16 besarKejuaraan Dunia 2026. Rachel Allessya Rose/Febi Setianingrum juga meraih kemenangan.

Sabar/Reza menghadapi Hung Kuei Chun/Lui Chun Wai di babak 32 besar. Bertanding di Indira Gandhi Arena, New Delhi, India, Kamis (19/8/2026) sore WIB, Sabar/Reza harus bermain tiga gim sebelum akhirnya menang 22-20, 14-21, 21-15.

Sabar/Reza sempat kesulitan pada gim pertama. Namun, setelah selalu dalam posisi tertinggal, Sabar/Reza mampu menikung di poin-poin akhir untuk merebut gim pertama 22-20.

Pada gim kedua, Sabar/Reza sempat berada di atas angin saat unggul 11-8. Namun, Hung/Lui merebut sembilan poin beruntun untuk membalikkan keadaan. Sabar/Reza pada akhirnya kehilangan gim kedua.

Sabar/Reza merespons dengan bangkit pada gim ketiga. Memimpin sejak awal, Sabar/Reza akhirnya mengamankan kemenangan 21-15 usai bertanding selama 54 menit.

Lolos ke babak 16 besar, Sabar/Reza akan menghadapi pasangan Chinese Taipei, Lee Jhe-Huei/Yang Po-Hsuan.

Sementara itu dari nomor ganda putri,Rachel Allessya Rose/Febi Setianingrummemenangi 'perang saudara' untuk lolos ke babak 16 besar Kejuaraan Dunia 2026. Rachel/Febi mengalahkan Isyana Syahira Meida/Rinjani Kwinnara Nastine 21-11, 21-10.

Di babak 16 besar, Rachel/Febi sudah ditunggu ujian berat dari unggulan kedua asal Jepang, Yuki Fukushima/Mayu Matsumoto. Fukushima/Matsumoto lolos usai menang atas wakil Malaysia, Ong Xin Yee/Carmen Ting, 21-15, 21-15.

Sementara itu di tunggal putri, Thalita Ramadhani Wiryawan belum mampu membendung An Se Young. Thalita kalah 15-21, 11-21 dari pebulutangkis nomor satu dunia itu."
"Tersingkir di 32 Besar, Bimo/Arlya Ungkap PR dari Kejuaraan Dunia",https://sport.detik.com/raket/d-8625764/tersingkir-di-32-besar-bimo-arlya-ungkap-pr-dari-kejuaraan-dunia,"Rabu, 19 Agu 2026 16:30 WIB","Langkah pasangan mudaBimo Prasetyo/Arlya Nabila Thesya Munggaranterhenti di babak 32 besarKejuaraan Dunia 2026.Mereka angkat koper dengan membawa banyak pekerjaan rumah.

Tampil sebagai debutan, Bimo/Arlya harus mengakui keunggulan lawan dari Jepang Yuichi Shimogami/Sayaka Hobara. Mereka kalah dari unggulan ke-13 dalam pertandingan dua gim 13-21, 16-21, pada Rabu (19/8/2026).

Bimo mengatakan kekalahan ini terjadi karena masalah fokus. Pasangan Indonesia itu beberapa kali kehilangan momentum saat unggul.

""Dari gim pertama sampai kedua, kami fokus pikirannya selalu goyah, naik turun. Selalu dari sudah unggul atau poin yang mepet-pepet, fokusnya hilang,"" ujar Bimo dalam keterangannya melalui federasi.

Secara pola permainan, Bimo merasa mereka mampu mengimbangi lawan. Namun inkonsistensi mental membuat poin-poin penting lepas.

""Dari cara bermain, pola permainan kami merasa kami bisa mengimbangi tapi kami masih perlu konsisten di pikiran dan mentalnya,"" ujarnya.

Hal senada dikatakan Arlya. Dia mengakui banyak hal yang harus dievaluasi dari laga ini. Selain fokus, ia juga menyoroti kebutuhan menambah power.

""Banyak pelajaran yang bisa kami ambil hari ini. Dari cara mainnya, fokusnya, bagaimana mengatasi poin-poin kritis, bagaimana cara mempertahankan keunggulan. Kami juga harus menambah kekuatan tangan,"" kata Arlya.

Indonesia di sektor ganda campuran baru memastikan satu wakilnya lolos 16 besar melalui Amri Syahnawi/Nita Violina Marwah. Peluang untuk menambah satu wakil lagi masih terbuka.

Marwan Faza/Aisyah Salsabila Putri Pranata akan bertanding melawan Mathias Christiansen/Alexandra Boje dari Denmark."
"Jonatan Christie Sempat Tegang, Nyaris Tersusul, tapi Akhirnya Menang",https://sport.detik.com/raket/d-8625581/jonatan-christie-sempat-tegang-nyaris-tersusul-tapi-akhirnya-menang,"Rabu, 19 Agu 2026 15:15 WIB","Jonatan Christie sempat berada dalam tekanan saat menghadapi Jia Heng Jason Teh di Kejuaraan Dunia Bulutangkis 2026. Sempat tegang dan kehilangan gim pertama, Jonatan akhirnya mampu bangkit dan melaju ke babak 16 besar.

Jonatan menghadapi wakil Singapura itu pada babak 32 besar di New Delhi, India, Rabu (19/8/2026). Jojo harus melewati pertandingan tiga gim sebelum menang 19-21, 21-19, 21-11. Hasil tersebut melanjutkan dominasi Jonatan atas Jason Teh. Sebelumnya, keduanya sudah beberapa kali bertemu dan Jonatan selalu mampu meraih kemenangan.

Namun, pertandingan kali ini tidak berjalan mudah. Jonatan mengaku terlalu tegang sejak awal sehingga strategi yang sudah disiapkan tidak bisa langsung dijalankan. Jonatan kemudian mencoba keluar dari tekanan. Ia mulai bermain lebih berani dan mengurangi keraguan dalam mengambil keputusan.

""Tadi mainnya masih terlalu tegang, agak panik dan tidak percaya buat penggunaan strategi, pola yang sudah disiapkan jadi serba ragu sampai pertengahan gim pertama,"" ujar Jonatan dalam keterangannya melalui federasi.

""Setelah itu coba keluar dari tekanan, lebih berani lagi dan lebih tidak terlalu banyak pertimbangan mainnya. Cukup berhasil dan mengejar tapi sayang di poin akhir ada kurang tepat penggunaan pukulan.""

Upaya tersebut belum cukup untuk menyelamatkan gim pertama. Jonatan harus kehilangan gim pembuka dengan skor 19-21.

Memasuki gim kedua, Jonatan mulai menemukan permainan terbaiknya. Ia bahkan mampu unggul jauh hingga 20-14 dan hanya membutuhkan satu poin untuk memaksakan gim penentuan.

Namun, Jason Teh tidak menyerah. Wakil Singapura itu mengubah pola permainan dan mampu merebut lima poin beruntun hingga memperkecil ketertinggalan menjadi 19-20. Situasi tersebut sempat membuat Jonatan kembali panik. Beruntung, ia akhirnya mendapatkan poin yang dibutuhkan untuk menutup gim kedua 21-19.

""Di gim kedua, sudah unggul 14-20 dan saya merasa lawan akan melepas dan bersiap fokus ke gim ketiga. Tapi ternyata dia masih berusaha dengan mengganti pola permainan yang mungkin itu yang dia mau mainkan di gim ketiga,"" tuturnya.

""Itu membuat dia dapat banyak poin dan saya lumayan panik, beruntung bisa menyelesaikan. Di gim ketiga sudah lebih terbaca permainannya,"" ujar Jonatan.

Pada gim ketiga, Jonatan tampil lebih tenang. Permainan Jason Teh sudah lebih terbaca sehingga Jonatan mampu mengontrol pertandingan hingga akhirnya menang 21-11.

Kemenangan tersebut menjadi pelajaran penting bagi Jonatan, terutama soal mengelola tekanan dalam pertandingan. Juara All England 2024 itu menyadari setiap pertandingan bisa menghadirkan situasi berbeda. Karena itu, ia tidak ingin terlalu terpaku pada apa yang sudah dipelajari dari laga sebelumnya.

""Tidak hanya di Kejuaraan Dunia tapi di setiap turnamen, setiap pertandingan selalu dijadikan pelajaran karena pasti ada yang didapat,"" kata Jonatan.

""Agak susahnya hal ini bukan mutlak matematika jadi ketika yang dipelajari kemarin, bisa berbeda di hari ini atau next pertandingannya. Banyak situasi yang membuat beda, mungkin dari kondisinya, mood feelnya atau segala macam. Ini yang masih saya nikmati prosesnya setiap hari,"" dia mempertegas.

Jonatan kini melangkah ke babak 16 besar Kejuaraan Dunia 2026. Setelah melewati laga yang sempat membuatnya tegang, Jojo tentu berharap bisa tampil lebih tenang pada pertandingan berikutnya."
"Hasil Kejuaraan Dunia 2026: Fajar/Fikri ke 16 Besar, Rehan/Gloria Kalah",https://sport.detik.com/raket/d-8625563/hasil-kejuaraan-dunia-2026-fajar-fikri-ke-16-besar-rehan-gloria-kalah,"Rabu, 19 Agu 2026 14:44 WIB","Fajar Alfian/Muhammad Shohibul Fikrilolos ke babak 16 besarKejuaraan Dunia Bulutangkis 2026. Fajar/Fikri menang dua gim langsung atas wakil Prancis.

Fajar/Fikri menghadapi Eloi Adam/Leo Rossi di babak 32 besar yang digelar di Indira Gandhi Arena, New Delhi, India, Rabu (19/8/2026) siang WIB. Mereka menang 21-14, 21-13 untuk memastikan satu tempat di babak 16 besar.

Fajar/Fikri mampu mengatasi permainan Adam/Rossi meski sempat ditempet ketat di awal gim pertama. Usai unggul 11-7 saat interval, Fajar/Fikri terus melebarkan jarak dan mengamankan gim pertama 21-14.

Pada awal gim kedua, Fajar/Fikri sempat mendapat perlawanan ketat dari Adam/Rossi. Namun, Fajar/Fikri kemudian mendapat momentum dengan merebut tujuh poin beruntun untuk unggul 13-5 atas lawannya itu.

Sejak saat itu, Fajar/Fikri terus mempertahankan keunggulannya. Mereka akhirnya mengunci kemenangan 21-13 usai bertanding selama 32 menit.

Lolos ke babak 16 besar Kejuaraan Dunia 2026, Fajar/Fikri akan menghadapi pemenang dari pertandingan antara Hariharan Amsakarunan/M. R. Arjun (India) dan Kang Min Hyuk/Ki Dong Ju (Korea Selatan).

Sementara itu dari ganda campuran, Rehan Naufal Kusharjanto/Gloria Emanuelle Widjaja terhenti di babak 32 besar. Rehan Gloria kalah dari juara All England 2026, Ye Hong Wei/Nicole Gonzales Chan, lewat rubber game dengan skor 21-9, 18-21, 19-21."
"Beginner sampai Pro, Seberapa Cepat Kamu Bisa Taklukkan Barcode Gokart?",https://sport.detik.com/sportstyle/d-8625450/beginner-sampai-pro-seberapa-cepat-kamu-bisa-taklukkan-barcode-gokart,"Rabu, 19 Agu 2026 13:50 WIB","Bermain gokart di Barcode Gokart bukan sekadar mengelilingi lintasan dan adu cepat. Ada sistem level yang membuat pemain harus meningkatkan kemampuan dan mengejar best lap untuk bisa naik ke kelas berikutnya. Makin tinggi levelnya, makin kencang pula batas kecepatannya.

Semua pemain wajib memulai darikelas Beginnerdengan batas kecepatan hingga45 km/jam. Harga tiketnya Rp155.000 per sesi dengan durasi tujuh menit, sudah termasuk helm.

Setelah terbiasa dengan lintasan, kamu bisa mengejar best lap minimal 40 detik untuk naik ke kelas Advance. Jadi, bukan hanya soal menyelesaikan sesi, tapi juga seberapa cepat kamu mampu menaklukkan satu putaran.

Kelas Advance menawarkan batas kecepatan hingga 55 km/jam denganharga Rp230.000 per sesi.Tantangan berikutnya adalah kelas Pro, yang bisa mencapai kecepatan hingga 70 km/jam.

Untuk masuk ke Pro, pemain harus melewati kelas Advance dan mencatatkan best lap 28 detik. Harga tiket Pro sendiri adalah Rp330.000 per sesi. Buat anak-anak,tersedia Kids Track dengan tiket Rp55.000.Sementara Main Track memiliki batas minimal usia 8 tahun atau tinggi 140 cm.

Barcode Gokart berlokasi diMall Of Indonesia, Kelapa Gading, dan buka setiap hari pukul 10.00-22.00 WIB.

Siap menguji kemampuanmu? Booking tiket Barcode Gokart lewatdetikevent."
Hasil Kejuaraan Dunia 2026: Jonatan ke 16 Besar Usai Menang Rubber Game,https://sport.detik.com/raket/d-8625285/hasil-kejuaraan-dunia-2026-jonatan-ke-16-besar-usai-menang-rubber-game,"Rabu, 19 Agu 2026 13:08 WIB","Jonatan Christielolos ke babak 16 besarKejuaraan Dunia Bulutangkis 2026. Sempat kehilangan gim pertama, Jonatan lantas bangkit untuk mengalahkan wakil Singapura, Jia Heng Jason Teh.

Jonatan memainkan laga babak 32 besar di Indira Gandhi Arena, New Delhi, India, Rabu (19/8/2026) siang WIB. Kalah ketat pada gim pertama, Jonatan kemudian membalikkan keadaan untuk menang 19-21, 21-19, 21-11 usai bertarung selama satu jam.

Jonatan lebih banyak berada dalam posisi tertinggal pada gim pertama. Ia bahkan sempat tertinggal lima poin di kedudukan 11-16. Meski bisa mengejar dan menyamakan kedudukan menjadi 19-19, Jonatan harus mengakui keunggulan Teh di gim pertama.

Usai kehilangan gim pertama, Jonatan langsung ngebut di gim kedua. Ia unggul 8-1 dan terus memimin perolehan angka.

Namun, saat sudah mencapai game point di kedudukan 20-14, Jonatan justru kehilangan lima poin secara beruntun. Beruntung ia mampu merebut poin terakhir untuk memaksakan rubber game.

Pada gim penentuan, Jonatan mampu memegang kendali permainan. Unggul sejak awal, Jonatan mampu mengunci kemenangan dengan skor 21-11.

Lolos ke babak 16 besarKejuaraan Dunia 2026, Jonatan akan menghadapi pemenang dari pertandingan antara Rasmus Gemke (Denmark) dan Lin Chun-Yi (Chinese Taipei).

Dari nomor ganda campuran, Amri Syahnawi/Nita Violina Marwah memetik kemenangan atas wakil Turki, Emre Sonmez/Yasemen Bektas. Amri/Nita menang 21-14, 21-10 untuk lolos ke babak 16 besar.

Amri/Nita selanjutnya akan menghadapi pemenang dari pertandingan antara Rehan Naufal Kusharjanto/Gloria Emanuelle Widjaja dan Ye Hong Wei/Nicole Gonzales Chan (Chinese Taipei).

Sementara itu, Bimo Prasetyo/Arlya Nabila Thesya Munggaran tersingkir di babak 32 besar. Mereka dikalahkan wakil Jepang Yuichi Shimogami/Sayaka Hobara dengan skor 13-21, 16-21."
"Lolos 16 Besar Kejuaraan Dunia, Amri/Nita Bidik Medali",https://sport.detik.com/raket/d-8625246/lolos-16-besar-kejuaraan-dunia-amri-nita-bidik-medali,"Rabu, 19 Agu 2026 12:51 WIB","Amri Syahnawi/Nita Violina Marwahmulus ke 16 besarKejuaraan Dunia Bulutangkis 2026.Kemenangan ini membuat keduanya kian percaya diri membidik medali pada laga debut mayor event.

Amri/Nita baru saja menyelesaikan pertandingan babak 32 besar pada Selasa (19/8/2026). Mereka menundukkan Emre Sonmez/Yasemen Bektas dua gim langsung 21-14, 21-10.

Nita mengungkapkan kunci kemenangannya mengalahkan pasangan Turki. Salah satunya penerapan strategi yang tepat.

""Tadi sudah in dari awal mainnya, kami coba taktis karena mereka pasangan yang cukup bagus. Defense-nya kuat jadi kami perlu beberapa kali serangan untuk dapat poin,"" ujar Nita dalam keterangannya melalui federasi seusai bertanding.

Ia juga jeli melihat kondisi lapangan dan memanfaatkan faktor angin.

""Di gim pertama kondisinya kalah angin jadi tadi coba tahan dulu polanya sehingga mereka kebingungan sendiri. Di gim kedua kondisi sudah lebih enak karena kami menang angin,"" ujarnya.

Bagi Amri/Nita yant baru pertama kali main di Kejuaraan Dunia, lolos ke 16 besar merupakan langkah positif menatap laga berikutnya. Mereka bahkan percaya diri membidik medali.

""Ada sekitar 3 hari sebelum match pertama tadi, cukup bagi kami untuk menyiapkan semuanya. Dari recovery, penyesuaian hingga pengembalian fokusnya,"" kata Amri.

""Ini Kejuaraan Dunia pertama kami, tidak semua orang bisa dapat jadi kami bertekad untuk memaksimalkan. Mudah-mudahan hasilnya maksimal, mudah-mudahan bisa bawa medali. Itu target kami,"" dia mengharapkan."
Acosta Tak Rasakan Tekanan Jelang Gabung Ducati,https://sport.detik.com/moto-gp/d-8624912/acosta-tak-rasakan-tekanan-jelang-gabung-ducati,"Rabu, 19 Agu 2026 09:35 WIB","Tak hanya bersanding dengan Marc Marquez,Ducatiakan jadi pengalaman yang benar-benar baru bagiPedro Acosta. Selama ini Acosta terafiliasi dengan KTM.

Pebalap Spanyol itu jadi rider pertama sejak Jorge Lorenzo di 2017, yang langsung bergabung Ducati pabrikan tanpa bernaung dulu di tim satelitnya. Acosta sendiri selama ini menunggangi motor KTM sejak merintis karier di Moto3, lima tahun silam.

Sementara itu, rekan setim Acosta,Marc Marquezpunya reputasi sebagai rider tersukses di atas grid dengan memenangi tujuh titel juara MotoGP. Gelar terakhir Marquez dimenangi dengan performa sensasional sepanjang 2025 setelah menghabiskan musim sebelumnya di Gresini, tim satelit Ducati.

Bagaimanapun,Pedro Acostaberekspektasi, mendapatkan ritme akan jadi fokus utamanya di musim debut dengan Ducati. ""Aku enggak tahu apa yang akan kutemui di garasi, terus terang saja,"" kata pebalap berjulukEl Tiburon de Mazzaronitu.

""Namun, di sisi lain, aku juga tidak punya tekanan. Marc kan di akhir kariernya, sedangkan aku baru mulai di dalam karierku. Selain itu, dia mengenal semua orang di tim, dan aku akan butuh sedikit waktu untuk mendapatkan ritme di garasi Italia, aku akan mengatakannya, karena aku kan bersama KTM selama enam tahun. Aku sudah kenal orang-orang di sana sejak aku berusia 16 tahun,"" dia kepadaMotorsport.

""Sekarang, itu akan jadi sebuah bab yang benar-benar baru di dalam hidupku. Aku tidak merasakan tekanan, juga untungnya, [karena] aku akan di sana selama paling tidak dua musim. Untuk itu, aku akan punya waktu untuk yang pertama mendapatkan ritme dan kemudian kita lihat saja apa yang terjadi di musim kedua,""Pedro Acostamenambahkan."
Toprak: Di MotoGP Sulit Bersaing Tanpa Motor Bagus,https://sport.detik.com/moto-gp/d-8624748/toprak-di-motogp-sulit-bersaing-tanpa-motor-bagus,"Rabu, 19 Agu 2026 03:30 WIB","Toprak Razgatlioglumengaku pernah kehilangan motivasi di tengah musim debut yang berat. Toprak meyakini, akan mustahil bisa bersaing tanpa tunggangan mumpuni.

Berstatus sebagai juara dunia WSBK tiga kali, superstar balap motor Turki itu ambyar setelah naik kelas ke MotoGP. Memperkuat Pramac Yamaha, Toprak kesulitan bahkan untuk sekadar mendulang angka.

Dari 12 seriMotoGP 2026yang sudah terlewati, Toprak hanya bisa memperoleh 14 poin saja. Sebanyak lima kali Toprak finis di luar zona poin, dan sekali retired. Sedangkan finis terbaik Toprak sekali di posisi 11 di Balaton Park, Hungaria.

Alhasil,Toprak Razgatlioglumenempati peringkat 21 diklasemen MotoGP. Toprak terpaut sembilan poin dari rekan setimnya, Jack Miller, dan berjarak 226 poin dari Jorge Martin di puncak.

Di tengah hasil-hasil yang gagal memenuhi ekspektasi, Toprak membandingkan WSBK dengan MotoGP. Menurut Toprak, pebalap lebih menentukan di SBK sedangkan di MotoGP justru motor yang lebih menentukan.

""Ini adalah musim debutku, dan sejauh ini sangat sulit. Kami sedang mencoba belajar dan mendapatkan hasil yang bagus, tapi sepertinya kami butuh lebih banyak waktu. Aku butuh memahami banyak hal dan meningkatkan sejumlah aspek tertentu karena datang dari Superbike, MotoGP itu sangat berbeda,"" kata dia.

""Aku adalah seorang pebalap juara. Aku datang ke MotoGP, dan sekarang kami dalam situasi sebaliknya. Ketika aku menonton TV, aku melihat namaku di bagian bawah layar, dan rasanya sangat sulit,"" sambung Toprak kepadaAS.

""Saat aku kembali ke pit, aku mulai mencari namaku dari bawah ke atas. Sedangkan di Superbike, aku akan mencari namaku langsung di atas karena aku tahu aku selalu ada di sana. Sejauh ini ada beberapa akhir pekan yang sangat buruk, dan terkadang aku kehilangan motivasiku.""

""Aku toh tidak pernah belajar dari jalan yang mudah. Ketika aku bergabung dengan BMW, orang-orang bilang 'kariermu selesai', tapi aku percaya pada proyek itu. Di Superbike, para pebalap bisa membuat perbedaan besar, tapi di MotoGP jika Anda tidak memiliki motor yang bagus, sangat sulit bagi pebalap untuk membuat perbedaan. Jika motornya tidak memiliki level yang sama, mustahil bagi si pebalap untuk membuat perbedaan itu,"" lugasToprak."
"Tak Hanya Empuk, Adidas Hyperboost Edge Dirancang Punya Bobot Ringan",https://sport.detik.com/advertorial-news-block/d-8622858/tak-hanya-empuk-adidas-hyperboost-edge-dirancang-punya-bobot-ringan,"Rabu, 19 Agu 2026 00:00 WIB","adidas memperkenalkan Hyperboost Edge, sepatu lari terbaru yang dirancang untuk menghadirkan pengalaman berlari yang lebih nyaman, ringan, dan responsif. Sepatu ini pun dirancang dengan memiliki bobot yang ringan.

Hyperboost Edge pun menjadi sepatu lari berbobot ringan pertama dihadirkan tanpa menggunakan pelat (non-plated). Berbeda dengan sepatu lari berpelat yang biasanya menggunakan struktur lebih kaku untuk membantu memberikan dorongan tambahan, sepatu ini mengandalkan teknologi busa terbaru yang dapat mengikuti gerakan alami kaki saat berlari.

Dengan konsep tersebut, pelari tetap mendapatkan pijakan yang ringan sekaligus dorongan energi di setiap langkah. Memiliki bobot hanya 255 gram, Hyperboost Edge dirancang untuk memberikan kenyamanan maksimal tanpa mengurangi responsivitas saat digunakan.

Sepatu ini juga menggabungkan tiga teknologi utama yakni midsole Hyperboost Pro, upper PRIMEWEAVE, dan outsole LIGHTTRAXION. Dengan teknologi tersebut, sepatu ini pun menawarkan perpaduan antara bantalan empuk, dorongan energi, serta bobot ringan dalam satu perangkat lari.

GM Adidas Running, Patrick Nava mengatakan Hyperboost Edge menjadi wujud inovasi adidas dalam menghadirkan sepatu yang mampu menjawab kebutuhan pelari dengan menggabungkan tiga elemen utama, yakni bantalan, energi, dan bobot ringan.

Ia mengatakan adidas ingin menghadirkan sesuatu yang benar-benar transformatif bagi para pelari. Hyperboost Edge adalah wujud nyata dari Power of Three-bantalan, energi, dan bobot yang ringan berpadu secara sempurna dalam satu sepatu.

Dengan memadukan ketiga elemen tersebut tanpa kompromi, adidas berhasil menciptakan sebuah super-trainer yang terasa ringan saat dikenakan, responsif di setiap langkah, serta memberikan bantalan optimal ketika kaki menyentuh permukaan.

""Sepatu ini dirancang untuk mendukung pelari dalam berbagai jenis jarak tempuh. Ini baru permulaan dari berbagai potensi yang dapat dihadirkan Hyperboost Pro bagi portofolio produk performa kami,"" ujar Patrick Nava dalam keterangannya, Rabu (5/8/2026).

adidas memperkuat Hyperboost Edge melalui bagian atas sepatu (upper) dan sol luar (outsole). Upper PRIMEWEAVE menggunakan material yang lembut dan ringan sehingga kaki tetap terasa nyaman sekaligus mendapatkan dukungan yang pas saat bergerak.

Pada bagian tumit, adidas menambahkan heel pods terintegrasi yang berfungsi memberikan bantalan tambahan sekaligus menjaga stabilitas kaki. Fitur ini membantu memberikan rasa nyaman sejak pertama kali sepatu dikenakan hingga saat digunakan berlari.

Sementara itu, outsole LIGHTTRAXION menghadirkan daya cengkram yang terinspirasi dari teknologi sepatu balap adidas. Material ringan yang membentang dari bagian tumit hingga ujung kaki ini membantu menjaga pijakan tetap stabil di berbagai kondisi permukaan.

Dengan struktur yang lebih tipis dan ringan, outsole tersebut membawa karakter performa lini adidas Adizero ke dalam sepatu lari harian. Pelari tetap mendapatkan rasa percaya diri saat melangkah tanpa kehilangan traksi.

Di dalam adidas Hyperboost Edge juga terdapat pada Hyperboost Pro foam, material busa terbaru yang menjadi bagian penting dari sistem bantalan sepatu. Teknologi ini mengadopsi midsole balapan kelas elite dari adidas, namun disesuaikan agar dapat mendukung berbagai kebutuhan lari, mulai dari latihan rutin hingga sesi dengan jarak tempuh tinggi.

Bagian sol sepatu dibuat dengan ukuran 45 mm pada area tumit dengan perbedaan tinggi 6 mm antara bagian belakang dan depan kaki. Kombinasi tersebut membantu memberikan pijakan yang lebih empuk sekaligus menghadirkan sensasi dorongan energi saat pelari melangkah.

Teknologi Hyperboost Pro dikembangkan melalui pengujian laboratorium adidas serta riset konsumen bersama German Sport University Cologne. Dalam studi yang melibatkan 60 pelari, Hyperboost Edge menunjukkan performa yang lebih unggul dibandingkan sepatu yang biasa digunakan para peserta.

Hasil pengujian tersebut menunjukkan:

Hasil tersebut menunjukkan Hyperboost Pro mampu menghadirkan standar baru dalam teknologi sepatu lari.

Dari sisi desain, Hyperboost Edge juga membawa tampilan baru pada lini sepatu lari adidas. Desain midsole yang tebal dan mengembang mengambil inspirasi dari bentuk industrial dengan fokus utama pada teknologi Hyperboost Pro yang berada di bawah kaki.

Untuk pertama kalinya pada sepatu lari adidas, ikon Three Stripes ditempatkan secara bertumpuk pada bagian midsole. Penempatan tersebut menjadi penegasan terhadap teknologi utama yang menjadi sumber performa sepatu ini.

Bagian upper hadir dengan desain minimalis dan futuristis melalui detail yang lebih bersih, lubang tali tersembunyi, serta elemen ringan yang direkatkan langsung untuk memberikan tampilan modern.

Hyperboost Edge dibanderol US$200 sekitar Rp3,6 juta (kurs dollar saat ini) dan tersedia dalam pilihan warna merah sebagai rilisan perdana.

Para pelari yang ingin mencoba inovasi terbaru Adidas ini dapat memperolehnya melalui outlet resmi adidas maupun adidas.com. Ke depannya, adidas juga akan menghadirkan pilihan warna baru serta rangkaian peluncuran berikutnya untuk melengkapi lini sepatu lari ini."
Mandalika Festival of Speed: Alvin Bahar Dekati Gelar Juara Nasional,https://sport.detik.com/sport-lain/d-8624716/mandalika-festival-of-speed-alvin-bahar-dekati-gelar-juara-nasional,"Selasa, 18 Agu 2026 23:40 WIB","Alvin Baharselangkah lagi menuju gelar juara nasional. Sebab, pebalapHonda Racing Indonesiaitu baru saja merajai Mandalika Festival of Speed (MFos) akhir pekan kemarin.

Alvin turun di putaran ketiga dan keempat kelas Indonesia Touring Car Race (ITCR) 3600 Mandalika di Sirkuit Internasional Mandalika, Sabtu-Minggu (16-17 Agustus).

Menggunakan mobil Honda Civic Type R, Alvin berhasil menyapu bersih dua putaran itu dengan kemenangan. Alvin menyudahi total 12 lap balapan dengan catatan waktu 23 menit 01, 055 detik. Sekaligus juga ia mencatat fastest lap dengan catatan waktu impresif 1 menit 53,162 detik di putaran keempat.

Hasil sempurna ini membuat Alvin makin kukuh di puncak klasemen ITCR 3600 dan berpotensi meraih gelar juara nasional ke-15. Dua kemenangan ini makin menegaskan dominasi Alvin selama akhir pekan kemarin ketika dia menguasai sesi latihan sebelum merebut pole position.

Pembalap kelas ITCR 3600 non seeded, Apip Ginanjar ,tak berkutik dan cuma finis di belakang Alvin di Round 4. Di posisi ketiga ada Muhammad Yasin Kosasih.

""Alhamdulillah kemenangan di dua Round akhir pekan ini membuat persaingan meraih gelar juara nasional (ke-15) makin terbuka lebar. Tentu saya dan tim Honda Racing Indonesia jadi makin bersemangat,"" tutur Alvin dalam rilis kepadadetikSport.

Alvin berpotensi mengunci gelar juara itu pada putaran kelima dan keenam 17-18 Oktober. Dia akan mempersiapkan diri sebaik mungkin agar bisa mengunci gelar juara di sana.

""Jelas kepercayaan diri saya makin tinggi dan rasanya sudah tak sabar menanti Round berikut pada Oktober nanti,"" tutur Alvin."
Men's World Tennis Championship: Anthony Susanto Menang Lagi,https://sport.detik.com/raket/d-8624530/mens-world-tennis-championship-anthony-susanto-menang-lagi,"Selasa, 18 Agu 2026 21:40 WIB","Wakil Indonesia masih tampil meyakinkan diUTR PTT Men's World Tennis Championship 2026. Dia adalahAnthony Susanto.

Pada pertandingan kedua fase grup di Bali Beach Country Club, Nusa Dua, Selasa (18/8/20260, Anthony yang berada di lapangan F menghadapi Kareem Hakim.

Dia tampil dominan di set pertama dan cuma kehilangan satu gim sebelum menang 6-1. Di set kedua, Anthony kehilangan fokus dan sering melakukan kesalahan sehingga Kareem balik menekan untuk bikin skor 6-6.

Babak tie break harus dimainkan dan itu tidak disia-siakan Anthony yang menyudahi perlawanan Kareem dengan skor 7-6 tie break 2.

""Ini kerja keras yang membuahkan kemenangan, hasil yang patut disyukuri, meskipun ada hal-hal yang perlu dievaluasi terutama dalam hal konsistensi permainan,"" ujar Anthony dalam rilis kepadadetikSport.

""Dengan berbagai perbaikan maupun persiapan yang matang, saya bakal lebih siap tampil lebih bagus di seri-seri berikutnya,"" sambungnya.

Anthony sementara memuncaki klasemen grup A dengan dua kemenangan. Dia akan menghadapi Arjune Pandit dan Jake Dempo untuk menentukan juara pool.

Indonesia harus kehilangan Nathan Barki yang mengalami cedera pergelangan tangan, sehingga harus mundur dari laga kontra Maximus Zavier Wong asal Singapura.

Dengan mundurnya Nathan di Grup D, Azuma Visaya dari Amerika Serikat yang engalahkan petenis Indonesia Renaldi Aquila Salim kemarin, mengukuhkan diri di puncak klasemen. Dia hari kedua, Azuma menang 6-3 6-3 atas Thomas Patton dari Australia.

Sementara itu pada pertandingan lainnya di grup B, wakil Amerika Serikat Alexander Chang memuncaki sementara klasemen berkat dua kemenangan, atas Abhishek Batola dan Igor Kolaric dengan skor 6-1,6-2 hari ini."
Hangtuah Jakarta Punya Pelatih Interim Baru,https://sport.detik.com/basket/d-8624467/hangtuah-jakarta-punya-pelatih-interim-baru,"Selasa, 18 Agu 2026 20:40 WIB","Hangtuah Jakarta Basketballsudah punya pelatih interim baru untuk persiapan jelangIBL 2027. Dia adalahYohanes Kristian.

Kristian adalah bagian dari perombakan Hangtuah besar-besaran Hangtuah selepas IBL 2026. Tidak cuma pelatih, tapi sejumlah pemain juga dilepas.

Pria yang akrab disapa Coach Bombom itu bertugas mengawal persiapan tim jelang IBL All Indonesian 2026 yang dijadwalkan bergulir Oktober, serta membangun fondasi untuk musim kompetisi 2027.

Sebelum di Hangtuah, Kristian pernah jadi asisten pelatih di satu klub yang IBL sama selama tiga periode berbeda, yakni Louvre Surabaya (2020), Louvre Dewa United (2021), dan Dewa United Basketball Club (2022).

Kistian bukan sosok asing untuk FigHTers karena pernah menjadi asisten pelatih Hangtuah saat dinakhodai Andika Supriadi Saputra dalam kompetisi IBL 2024.

Bahkan, Coach Bombom sempat menjabat sebagai interim head coach untuk menggantikan posisi Coach Bedu yang diberhentikan pada pertengahan musim 2024.

Dua musim berselang, takdir mempertemukan Kristian dan Hangtuah lagi. Kristian akan dibantu Moosa Permadi Hantijono yang pernah bekerja untuk sejumlah tim basket Tanah Air serta Hendrikus Andi Anggriyanto yang memiliki pengalaman menangani pebasket di kelompok usia muda.

Pada kesempatan keduanya menangani Hangtuah, Kristian bertekad menjadikan mereka sebagai tim berprestasi di pentas IBL. Kristian siap maksimalkan potensi muda yang sudah dimiliki klub sembari mencari tenaga tambahan untuk memperkuat tim.

""Hal baru yang saya tawarkan adalah menaikkan jam terbang pemain-pemain muda yang sudah ada di dalam tim ini. Kami juga akan merekrut sejumlah pemain muda berpengalaman untuk menjadi fondasi utama tim Hangtuah,"" papar Krisian dalam rilis kepadadetikSport.

Ada dua agenda besar Hangtuah untuk menghadapi musim baru, yakni tim akan mengirim rombongan yang beranggotakan Kristian, Moosa, Hendrikus dan Direktur Operasional Danzel Hartono ke Australia untuk menjalani program pelatihan intensif bersama Perth Wildcats akhir Agustus nanti.

Selama sepekan, delegasi Hangtuah berkesempatan melihat dari dekat sistem operasional Perth Wildcats yang merupakan klub basket profesional tersukses di Australia dengan koleksi 10 gelar juara National Basketball League (NBL).

""Lawatan ke markas Perth Wildcats kali ini menjadi bagian dari proses benchmarking Hangtuah Basketball terhadap standar pengelolaan klub basket profesional di level elite, khususnya terkait metodologi latihan, sport science, player development, performance management, hingga operasional sehari-hari. Pengalaman yang didapat dari agenda tersebut diharapkan dapat menghadirkan perspektif dan standar baru yang kemudian bisa diadaptasi ke dalam iklim basket Indonesia,"" kata Managing Director Hangtuah Basketball Kurniawan Santoso.

Agenda besar kedua adalah tim akan dikumpulkan awal September untuk menjalani program training camp (TC) di Bandung.

Program TC juga menjadi momentum penting bagi Coach Bombom dan jajaran pelatih melakukan evaluasi sekaligus membentuk kerangka utama menghadapi IBL All Indonesian 2026 maupun musim kompetisi 2027.

""Kami sedang membangun kembali Hangtuah secara menyeluruh. Bukan hanya mengenai siapa pemain atau pelatihnya tetapi juga bagaimana kami membangun organisasi, kultur, serta fondasi bisnis klub yang lebih kuat dan sustainable untuk jangka panjang. Mohon kesabaran dan dukungan terus dari Fighters di seluruh Indonesia dalam proses ini,"" papar Santoso.

""Coach Bombom akan memimpin fase persiapan tim dari sisi teknis permainan. Kami ingin memanfaatkan periode menuju musim berikutnya untuk bekerja lebih intensif dengan belajar dari organisasi seperti Perth Wildcats lalu membawa pengalaman tersebut ke Training Camp di Bandung."""
Tekad Bimo/Arlya Maksimalkan Kesempatan Main di Kejuaraan Dunia,https://sport.detik.com/raket/d-8624512/tekad-bimo-arlya-maksimalkan-kesempatan-main-di-kejuaraan-dunia,"Selasa, 18 Agu 2026 20:20 WIB","Bimo Prasetyo/Arlya Nabila ThesyaMunggaranmengawalidebut manis diKejuaraan Dunia Bulutangkis 2026. Mereka bertekaduntuk melangkahlebih jauh.

Sukses mengalahkan Julien Maio/Lea Palermo dari Prancis, Bimo/Arlya melaju ke babak 32 besar Kejuaraan Dunia 2026. Mereka menang setelah bersaing ketat di babak 64 besar yang bergulir Selasa (18/8/2026) di New Delhi.

Duel mereka akhiri dengan skor 21-12, 13-21, 22-20 atas pasangan peringkat 32 dunia tersebut dalam tempo waktu 65 menit.

""Alhamdulillah masih diberikan kemenangan hari ini, tadi sudah tertinggal 16-20 di gim penentuan, tapi kami coba mainnothing to losesaja, yakin dengan apa yang kami punya, tidak usah memikirkan menang atau kalah,"" ujar Arlya dalam keterangan PBSI.

Bagi keduanya, tampil di Kejuaraan Dunia merupakan kali pertama. Atmosfer berbeda itu pun sempat membuat mereka gugup.

""Ini pertandingan pertama kami di Kejuaraan Dunia, pasti tegang tapi sangatexcited. Itu jadi sedikit berpengaruh ke lapangan tadi. Kami harus bisa lebih mengontrol emosi dan menjaga konsistensi di match selanjutnya,"" ujar Arlya.

Bimo juga merasakan hal yang sama. Setelah menang mudah di gim pertama, permainan mereka justru menurun di gim kedua dan ketiga.

""Setelah kami menang di gim pertama, lawan mainnya lebih jalan, lebih hidup, kami jadi yang kebingungan di gim kedua dan ketiga sampai poin 16-20 itu,"" dia mengungkapkan.

""Akhirnya kami berpikir untuk fokus satu poin ini tidak boleh mati sendiri, akhirnya pelan-pelan bisa mengejar.""

Bimo senang bisa merasakan bermain di Kejuaraan Dunia dan menang. Ia pun bertekad untuk memberikan yang terbaik karena kesempatan ini sulit datang dua kali bagi atlet pratama tersebut.

""Kami tidak tahu apakah akan punya kesempatan seperti ini lagi, jadi kami mau maksimalkan sekarang,"" kata Bimo."
Indonesia Kebut Persiapan Non Teknis Sebulan Jelang Asian Games,https://sport.detik.com/sport-lain/d-8624500/indonesia-kebut-persiapan-non-teknis-sebulan-jelang-asian-games,"Selasa, 18 Agu 2026 19:50 WIB","Kontingen Indonesia terus mematangkan kesiapan menujuAsian Games 2026. Aspek non-teknis menjadi fokus utama satu bulan menjelang dimulainya pertandingan multievent empat tahunan tersebut.

Demikian disampaikan Chef de Mission Tim Indonesia, Todotua Pasaribu, yang menyebut bakal meminimalkan sekecil mungkin kendala yang bisa mengganggu fokus atlet saat bertanding.

""Tugas kami adalah memaksimalkan seluruh persiapan non-teknis dan meminimalisir sekecil mungkin segala kendala yang bisa mengganggu fokus atlet saat bertanding,"" ujar Todotua dalam keterangan tertulisnya, Selasa (18/8/2026).

Saat ini, CdM bersama deputi, dan perwakilan cabang olahraga sedang merampungkan detail keberangkatan. Mulai dari akomodasi, transportasi, sampai kesiapan selama tim Indonesia berada di Aichi-Nagoya.

""Hari ini kami matangkan koordinasi sebelum keberangkatan bersama para perwakilan cabor dan tiap-tiap deputi. Kami terus pastikan kesiapan akomodasi hingga transportasi di Aichi-Nagoya berada dalam kondisi siap 100 persen,"" kata Todotua.

Selain urusan logistik, Tim CdM juga membangun komunikasi dengan komunitas Warga Negara Indonesia di Jepang. Dukungan langsung dari WNI diharapkan bisa menambah semangat atlet di arena.

""Selain itu, kita juga membangun kerja sama erat dengan rekan-rekan WNI yang ada di Jepang agar dukungan untuk kontingen Indonesia semakin maksimal,"" ujar Todotua.

Asian Games 2026 akan diselenggarakan mulai 19 September hingga 4 Oktober. Indonesia menurunkan 432 atlet dari 35 cabang olahraga, serta didukung 148 ofisial.

Tim Indonesia ditargetkan merebut empat medali emas di multiajang olahraga tertinggi di Asia tersebut. Adapun cabang olahraga yang menjadi tumpuan di antaranya bulu tangkis, angkat besi, dan panjat tebing."
Siapa Lawan Islam Makhachev Selanjutnya?,https://sport.detik.com/sport-lain/d-8624329/siapa-lawan-islam-makhachev-selanjutnya,"Selasa, 18 Agu 2026 19:30 WIB","Islam Makhachevbaru mempertahankan sabuk juara kelas welterUFC.Islam sudah 17 pertarungan menang terus, siapa lawan selanjutnya?

Islam Makhachev kalahkan Ian Garry pada UFC 330, Minggu (16/8). Islam pertahankan sabuk kelas welter dan bikin sejarah.

Petarung asal Dagestan itu jadi petarung UFC pertama yang capai 17 kemenangan beruntun. Islam lewati capaian Anderson Silva dengan 16 kali.

Islam Makhachevditanya siapa yang mau dirinya lawan selanjutnya? Carlos Prates dinilai layak.

""Shavkat tidak sedang bertarung. Prates masih bertarung, masih aktif. Morales juga bagus, tapi saya tidak ingat kapan terakhir kali dia bertarung. Jika Anda bertanya kepada saya siapa yang lebih layak, menurut saya Carlos Prates,"" jawabnya seperti dilansir dariMMA Junkie.

Di kelas welter UFC, Prates ada di nomor satu klasemen. Michael Morales di nomor tiga.

""Atau mereka berdua bertarung saja, yang menang lawan saya,"" tambah Islam.

Islam Makhachevsiap bertarung di octagon lagi secepatnya. Islam mau bertarung sebelum bulan Ramadan tiba di Februari 2027 mendatang.

""Saya siap 100 persen bertarung lagi, kalau bisa sebelum Ramadan tiba. Paling tidak di akhir tahun 2026 atau di Januari nanti,"" tutupnya."
Daniel Marthin Bidik Gelar Super 750 China Masters,https://sport.detik.com/raket/d-8624321/daniel-marthin-bidik-gelar-super-750-china-masters,"Selasa, 18 Agu 2026 18:35 WIB","Daniel Marthin langsung memasang target tinggi setelah kembali meraih gelar juara bersama Leo Rolly Carnando. Usai menjuarai Taipei Open 2026, Daniel membidik trofi di level yang lebih tinggi, China Masters 2026.

Daniel/Leo dijadwalkan tampil di turnamen BWF World Tour Super 750 tersebut. China Masters 2026 akan digelar di Shenzhen Arena, Shenzhen, pada 1-6 September.

Turnamen ini menjadi kesempatan penting bagi Daniel/Leo karena merupakan ajang dengan level tertinggi yang mereka ikuti sejak kembali berpasangan setelah Indonesia Open 2026.

""Target pribadi semifinal dulu, tapi kami berusaha juara,"" kata Daniel saat ditemui di Pelatnas PBSI, Cipayung, Jakarta Timur.

Daniel sendiri tidak tampil di Kejuaraan Dunia 2026. Poin ranking yang mereka miliki belum cukup untuk mengantarkan pasangan tersebut ke ajang yang berlangsung di New Delhi, India. Daniel/Leo kemudian fokus memburu hasil di turnamen lain. Mereka mengawali comeback dengan menjadi juara Thailand Open 2026 pada Mei.

Setelah itu, performa mereka sempat menurun. Daniel/Leo tersingkir di babak-babak awal dalam empat turnamen berikutnya sebelum kembali menemukan momentum di Taipei Open. Gelar tersebut menjadi suntikan motivasi bagi Daniel untuk kembali mengejar pasangan-pasangan ganda putra Indonesia lainnya yang lebih dulu konsisten di level atas.

Di Pelatnas PBSI, Daniel/Leo kini harus mengejar pasangan seperti Fajar Alfian/Muhammad Shohibul Fikri dan Raymond Indra/Nikolaus Joaquin yang belakangan menunjukkan performa positif.

""Tentu jadi motivasi kami karena ingin mengejar ketertinggalan dengan pasangan lain. Kami ada target pribadi sih, jadi kami ingin setiap pertandingan ada target,"" ujar juara Thailand Open 2026 ini.

Daniel/Leo juga menjadikan hasil buruk di sejumlah turnamen sebelumnya sebagai bahan evaluasi. ""Kami juga belajar dari kekalahan di Indonesia dan Macau Open, serta berkomunikasi bagaimana melawan musuh beda-beda.""

Menurut Daniel, masih ada sejumlah aspek yang perlu dibenahi sebelum mereka benar-benar bisa bersaing konsisten di level atas. Mereka masih harus meningkatkan permainan dan komunikasi di lapangan, sekaligus menjaga pola permainan agar tetap efektif saat menghadapi pasangan-pasangan papan atas.

China Masters 2026 pun menjadi ujian berikutnya. Daniel sudah menetapkan semifinal sebagai target awal, tetapi ambisinya jelas: membawa pulang gelar Super 750 bersama Leo."
Bos Ducati: MotoGP 2027 Layaknya Lembaran Kertas Kosong,https://sport.detik.com/moto-gp/d-8624042/bos-ducati-motogp-2027-layaknya-lembaran-kertas-kosong,"Selasa, 18 Agu 2026 17:30 WIB","Regulasi baru dipakai padaMotoGP 2027. BosDucati, Gigi Dall'Igna, menyebutnya layaknya kertas putih.

MotoGP 2027 akan menggunakan mesin motor lebih kecil, 850cc. Oleh karena itu, pengembangan motor setiap pabrikan masih baru.

Ducati mendominasi MotoGP dalam beberapa musim terakhir. Tapi, di MotoGP 2026, Aprilia mulai menunjukkan perbaikan.

Dalam 12 balapan yang sudah dijalani, Aprilia memenangi tujuh balapan. Sejauh ini,Ducatisudah memenangi lima balapan utama.

Dall'Igna masih enggan banyak bercerita mengenai motor baru Ducati. Dia menegaskan bahwa semua informasi pengembangan motor Ducati akan berguna untuk musim dengan aturan baru.

""Hal terpenting adalah pengetahuan teknis yang telah Anda peroleh. Anda pasti akan membawa hal itu ke masa depan. Namun, tidak banyak hal lain yang dapat ditransfer secara langsung, karena dengan adanya larangan perangkat pengatur ketinggian pengendaraan, kapasitas mesin yang berbeda, dan ban yang berbeda, Anda pada akhirnya harus membangun sepeda motor yang sepenuhnya baru,"" kata Dall'Igna seperti dikabarkan oleh GP One.

""Tentu saja, itu membuat saya antusias. Ketika Anda bisa mulai dari lembar putih kosong, bagi seorang insinyur, itu adalah mainan terbaik yang ada,"" kata dia menambahkan."
"Menuju Asian Games, Timnas Basket Putri Uji Coba di Korea Selatan",https://sport.detik.com/sport-lain/d-8624039/menuju-asian-games-timnas-basket-putri-uji-coba-di-korea-selatan,"Selasa, 18 Agu 2026 15:50 WIB","Persiapan Timnas basket putri menujuAsian Games 2026memasuki pra kompetisi. Mereka dipersiapkan mengikuti uji coba di Korea Selatan.

Program tersebut merupakan rangkaian persiapan menghadapi Asian Games di Aichi-Nagoya, 19 September hingga 4 Oktober mendatang.

Pertandingan dimulai dengan melawan Cheongju KB Stars Basketball pada 18 Agustus 2026. Usai rehat sehari, Timnas Basket Putri akan menghadapi Incheon Shinhan Bank S-Birds pada dua hari berikutnya.

Agustin Gredita Retong dkk kemudian menjajal kekuatan melawan Yongin Samsung Life Blueminx pada 21/8, dan berjumpa Dankook University Basketball pada keesokan harinya.

""Tujuan try out tentu mempertajam strategi pelatih dan mempersolid tim menuju Asian Games 2026,"" kata Manajer Timnas Basket Putri Handoyo, dalam keterangan tertulis Selasa (18/8/2026).

Sebelum bertolak ke Korea Selatan, Timnas basket putri Indonesia telah melakoni latihan di GOR CLS Kertajaya sejak awal Mei 2026.Para pemain merupakan kombinasi pemain potensial dan pengalaman. Di antaranya Agustin Gredita Retong, Ayu Sriartha, Kimberley Pierre-Louis, Nathania Oville, dan Priscilla Karen yang pernah antarkan Timnas Basket Putri juara di SEA Games 2023 Kamboja.

Lalu ada Angelique Aritonang dan Faizzatus Shoimah yang pernah antarkan Indonesia promosi ke Divisi A dalam FIBA Women's Asia Cup 2023.

Lainnya merupakan pemain masa depan Timnas Basket Putri, di antaranya ada Valencia Callistan, Kezia Setiawan, Erinindita Madafa, Kartika Hatta dan Anggita Yuliani Putri.

Campuran pemain muda dan berpengalaman diharapkan memberikan hasil yang bagus di multievent tingkat Asia itu. Timnas Basket Putri berada di Pool A bersaing dengan Thailand dan China.

""Ya hasil drawing Asian Games menurut kami menarik. Di mana kita satu grup dengan tim kuat China dan negara tetangga Thailand. Kita persiapkan semaksimal mungkin untuk bisa lolos dari grup,"" ujarnya.

""Kekuatan China layak menjadi perhatian serius. Ini karena China salah satu tim terkuat di Asia dengan materi pemainnya. Sementara Thailand kita terakhir bertemu di SEA Games jadi kita sudah tahu sama tahu,"" kata Handoyo.

Agustin Gredita RetongAngelique AritonangValencia CallistanKezia SetiawanErinindita MadafaFaizzatus ShoimahLea KaholKezia SupitKartika HattaAnggita PutriAyu SriarthaKimberley Pierre-LouisNathania OvillePriscilla KarenYualita Rency."
Kejuaraan Dunia Bulutangkis: Rehan/Gloria Bungkam Pasangan Malaysia,https://sport.detik.com/raket/d-8623810/kejuaraan-dunia-bulutangkis-rehan-gloria-bungkam-pasangan-malaysia,"Selasa, 18 Agu 2026 13:55 WIB","Rehan/Gloria tampil di New Delhi, India, Selasa (18/8/2026). Mereka mengalahkan wakil Malaysia, Wong Tien Ci/Lim Chiew Sien, dengan skor 21-16, 21-3 pada babak 64 besar.

Pertandingan tersebut hanya berlangsung sekitar setengah jam. Kemenangan ini terasa spesial karena Rehan/Gloria sebelumnya nyaris tidak masuk dalam daftar peserta Kejuaraan Dunia 2026.

Pasangan non-Pelatnas itu baru mendapat kepastian tampil pada Jumat (14/8) pagi. Mereka pun harus mempersiapkan diri dalam waktu singkat sebelum berangkat ke India. Rehan bahkan mengaku tidak sempat melakukan uji coba lapangan lebih dulu.

""Kami tidak tempat tes arena pertandingan karena baru sampai hari Senin dini hari dan tadi memang di gim pertama masih meraba-raba kondisi lapangan,"" kata Rehan dalam keterangan tertulis melalui federasi.

Catatan: kutipan langsung di atas saya pertahankan persis sesuai materi Anda, meski frasa ""tidak tempat tes"" tampaknya merupakan typo/transkripsi dari sumber. Seharusnya kemungkinan ""tidak sempat tes arena pertandingan"", tetapi karena Anda menetapkan kutipan tidak boleh diubah, bagian tersebut tidak saya koreksi di dalam kutipan.

Rehan menyebut kesempatan tampil di Kejuaraan Dunia kali ini sebagai rezeki yang tidak terduga. Mereka bahkan sudah sempat tidak berharap bisa tampil.

Rehan/Gloria kemudian kembali fokus menjalani latihan sembari menunggu kepastian.

""Main di Kejuaraan Dunia memang tidak bisa diduga, kalau rezekinya masuk pasti masuk. Kami menjadi bukti ketika sudah dibilang berat tapi last minutes bisa main,"" ujarnya.

""Kami sebenarnya sudah tidak berharap tapi bukan berarti tidak mau main jadi kami balik fokus latihan intens dan ketika dapat kepastian hari Jumat pagi, kami langsung mempersiapkan semua. Agak terburu-buru memang tapi kami siap.""

Gloria pun menggambarkan perjalanan mereka menuju Kejuaraan Dunia 2026 seperti naik-turun.

""Seperti roller coaster ketika kami pertama dapat kabar bisa main tapi ternyata berat dan akhirnya di terakhir beneran bisa main. Jadi kami akan ambil hikmah baiknya dan semoga semua berjalan lancar,"" Gloria mengharapkan.

Kesempatan yang nyaris terlepas itu akhirnya dibayar dengan kemenangan telak atas pasangan Malaysia. Rehan/Gloria bahkan mampu mengunci gim kedua dengan skor 21-3.

Dengan kemenangan tersebut, Rehan/Gloria melaju ke babak 32 besar Kejuaraan Dunia 2026. Di babak berikutnya, mereka akan menghadapi pasangan Taiwan, Ye Hong Wei/Nicole Gonzalez Chan, yang berstatus unggulan kesembilan.

Menariknya, Ye/Nicole bukan pasangan yang asing bagi pemain Indonesia. Keduanya juga tercatat sebagai salah satu pasangan kuat di sektor ganda campuran dan pernah menjadi lawan wakil Merah Putih di sejumlah turnamen.

Kejuaraan Dunia 2026 berlangsung di New Delhi, India, 17-23 Agustus. Rehan/Gloria menjadi salah satu wakil non-Pelatnas Indonesia yang mendapat kesempatan tampil di ajang tersebut.(mcy/krs)...Tautan telah disalin"
"Kejuaraan Dunia 2026: Jonatan Awali dengan Mulus, Singgung soal Venue",https://sport.detik.com/raket/d-8623634/kejuaraan-dunia-2026-jonatan-awali-dengan-mulus-singgung-soal-venue,"Selasa, 18 Agu 2026 12:15 WIB","Jonatan Christiemengawali langkah diKejuaraan Dunia Bulutangkis 2026dengan mulus. Walau sempat butuh adaptasi, tapi secara keseluruhan sudah sesuai dengan harapannya.

Jojo, sapaan karibnya, baru saja mengalahkan Matthias Kicklitz di babak 64 besar, di New Delhi, India, pada Selasa (18/8/2026).Dia memenangkan laga dua gim atas wakil Jerman dengan skor 21-15, 21-14, sekaligus membawanya ke babak 32 besar.

""Puji Tuhan, bersyukur bisa lolos dan bermain baik hari ini,"" kata Jonatan seusai laga dalam keterangannya melalui federasi.

Dalam pertandingan tersebut, juara All England 2026 ini mengaku sempat butuh waktu beradaptasi di pertandingan pertama. Terutama shuttlecock, lapangan, dan arah angin.

""Overall sesuai dengan tujuan, pengen cari ritmenya, pengen lebih banyak tahu untuk kondisi stadion itu seperti apa,"" ujarnya.

Dibandingkan saat dirinya tampil di India Open, Januari lalu, venue Kejuaraan Dunia kali ini cukup berbeda.

""Di Kejuaraan Dunia ini lebih clear dalam pandangannya karena waktu India Open kan agak sedikit berkabut entah karena dingin atau hal lain. Lalu bukan hanya di dalam lapangan tapi di luar lapangan pun terasa sangat berbeda, saya rasa India sangat improve, mereka sangat mempersiapkan ini dengan baik,"" Jonatan mengungkapkan.

Pebulutangkis peringkat ketiga dunia ini juga menyoroti ketatnya persaingan tunggal putra saat ini. Menurutnya, tidak ada lagi kejutan besar karena pemain muda sekarang memang sudah layak bersaing di level atas.

""Saya rasa bukan di turnamen ini saja, sekarang tunggal putra sudah semakin rata dalam arti pemain muda sekarang juga bagus-bagus. Banyak yang bukan buat kejutan lagi tapi memang sudah layak mereka untuk berada di top level. Tidak terlalu kaget,"" tutur Jonatan.

""Sekarang untuk saya bagaimana persiapan di hari H-nya itu, eksekusi di dalam lapangan, kondisi perubahannya, adjust-nya, mainnya tuh di situ sih. Karena kalau kita bicara di atas kertas, ya cuma di atas kertas saja. Tapi di dalam lapangan 50-50 semuanya,"" juara Asia 2024 ini mempertegas."
Aragon Bakal Ungkap Kandidat Juara MotoGP 2026?,https://sport.detik.com/moto-gp/d-8623377/aragon-bakal-ungkap-kandidat-juara-motogp-2026,"Selasa, 18 Agu 2026 11:30 WIB","Persaingan gelar juara dunia MotoGP 2026 masih terbuka lebar. Tapi CEO Aprilia Racing Massimo Rivola menilai MotoGP Aragon bisa menjadi titik penting untuk melihat siapa saja yang benar-benar layak disebut kandidat juara.

Saat ini, Jorge Martin memimpin klasemen. Di belakangnya ada Ai Ogura, Marc Marquez, Marco Bezzecchi, dan Fabio Di Giannantonio.

Kelima driver terpaut 41 poin. Dengan 10 seri masih tersisa, persaingan menuju gelar juara dunia masih sangat terbuka. Rivola melihat seri berikutnya di Aragon bisa menjadi salah satu pembeda.

MotoGP Aragon akan digelar di MotorLand Aragon pada 28-30 Agustus 2026. Sirkuit tersebut punya rekam jejak istimewa bagi Marc Marquez.

Marquez merupakan pebalap tersukses di Aragon dengan delapan kemenangan, termasuk tujuh kemenangan di kelas MotoGP. Ia juga memenangi balapan di sana pada 2024 dan 2025 bersama Ducati.

Karakter Aragon juga dianggap cocok dengan Marquez. Sirkuit tersebut termasuk trek yang mayoritas berkarakter berlawanan arah jarum jam, sesuatu yang selama ini menjadi salah satu kekuatan pebalap Ducati tersebut. Rivola pun tidak menampik keunggulan Marquez di Aragon.

""Kami tahu bahwa Aragon adalah trek Marc,"" kata Rivola seperti dilansirCrash.net.

Meski begitu, bos Aprilia tersebut melihat seri ini bukan hanya soal peluang Marquez. Menurutnya, Aragon bisa memberikan gambaran lebih jelas mengenai siapa yang mampu bertahan dalam persaingan gelar hingga akhir musim.

""Masih ada 370 poin yang tersedia, tetapi Aragon bisa memberi kami gambaran tentang siapa yang akan menjadi kandidat juara sebenarnya,"" ucapnya."
4 Rider Ini Masih Tunggu Kemenangan Perdana MotoGP,https://sport.detik.com/moto-gp/d-8623375/4-rider-ini-masih-tunggu-kemenangan-perdana-motogp,"Selasa, 18 Agu 2026 10:30 WIB","Sebelumnya, jumlah rider tanpa kemenangan MotoGP pada musim ini lebih banyak. Namun, Ai Ogura berhasil menghapus namanya dari daftar setelah meraih kemenangan perdana di kelas utama pada MotoGP Belanda 2026.

Setelah Ogura meraih kemenangan pertamanya di Assen, kini tersisa Pedro Acosta, Luca Marini, Diogo Moreira, dan Toprak Razgatlioglu yang belum pernah memenangi balapan utama MotoGP di antara rider penuh waktu musim 2026.

Yang dimaksud kemenangan dalam daftar ini adalah balapan utama Grand Prix pada hari Minggu, bukan Sprint Race. Sebab, Acosta sebenarnya sudah pernah memenangi Sprint MotoGP, tetapi belum meraih kemenangan di balapan utama. Berikut seperti dirangkumAutosport.

Pedro Acosta menjadi nama paling mencolok dalam daftar ini. Pebalap KTM tersebut sudah memasuki musim ketiganya di MotoGP. Sejak naik ke kelas utama, Acosta beberapa kali menunjukkan kecepatan untuk bersaing di barisan depan, tetapi kemenangan Grand Prix masih belum berhasil diraih.

Acosta bahkan sudah memiliki kemenangan Sprint. Ia menjadi pemenang Sprint MotoGP Thailand 2026. Tapi kemenangan tersebut tidak dihitung sebagai kemenangan Grand Prix sehingga Acosta masih menunggu kemenangan pertamanya pada balapan utama hari Minggu.

Peluang itu sebenarnya beberapa kali terbuka. Ia sudah mampu mengoleksi podium dan menunjukkan performa yang membuatnya dipandang sebagai salah satu calon bintang besar MotoGP. Mulai musim 2027, Acosta juga akan memperkuat Ducati. Kepindahan tersebut bisa menjadi kesempatan baru baginya untuk mengejar kemenangan perdana di kelas premier.

Luca Marini menjadi rider paling berpengalaman dalam daftar ini. Adik Valentino Rossi tersebut sudah cukup lama berkarier di MotoGP meski sampai sekarang ia belum pernah berdiri di podium tertinggi balapan utama.

Marini masih memperkuat Honda pada musim 2026. Setelah itu, ia akan pindah ke Tech3 KTM untuk menghadapi musim 2027. Kepindahan tersebut menjadi kesempatan baru bagi Marini untuk memburu kemenangan pertamanya di MotoGP.

Diogo Moreira berada dalam situasi berbeda. Pebalap Brasil itu merupakan salah satu rookie di grid MotoGP 2026.

Artinya, Moreira masih berada dalam tahap awal kariernya di kelas premier. Kemenangan tentu bukan target mudah bagi seorang debutan, apalagi harus berhadapan dengan para juara dunia dan pemenang Grand Prix.

Namun, status rookie juga membuat Moreira memiliki waktu untuk berkembang dan membangun pengalaman. Untuk saat ini, satu hal yang masih dikejarnya adalah kemenangan pertama di balapan utama MotoGP.

Toprak Razgatlioglu menjadi nama dengan latar belakang paling menarik. Sebelum masuk MotoGP, Toprak merupakan salah satu jawara World Superbike. Ia bahkan sudah mengoleksi tiga gelar juara dunia WSBK.

Namun, kesuksesan tersebut belum berlanjut menjadi kemenangan di kelas premier MotoGP. Toprak masih beradaptasi dengan MotoGP bersama Pramac Yamaha. Karakter motor yang berbeda dari yang biasa dikendarainya di WSBK menjadi tantangan tersendiri.

(krs/krs)...Tautan telah disalin"
Aprilia Mau Lihat Rival Sesungguhnya di MotoGP Aragon,https://sport.detik.com/moto-gp/d-8623364/aprilia-mau-lihat-rival-sesungguhnya-di-motogp-aragon,"Selasa, 18 Agu 2026 09:11 WIB","Apriliapunya tiga pebalap memimpin persaingan juaraMotoGP 2026.MotoGP Aragonbakal bantu mereka melihat peta persaingan lebih dalam.

Jorge Martin saat ini memimpin persaingan juara duniaMotoGPdengan 240 poin. Marco Bezzecchi dan Ai Ogura mengikuti di posisi 2-3 dengan selisih cuma 37 poin.

Ketiganya merupakan penunggang Aprilia. Ducati punya Marc Marquez dan Fabio Di Giannantonio sebagai pembesut di posisi empat dan lima, keduanya berada di dalam jarak 41 poin.

Masih ada 10 seri tersisa dan CEO Aprilia Massimo Rivola percaya gambaran persaingan lebih jelas akan terlihat di MotoGP Aragon. Ia secara khusus menyebut Marc Marquez sebagai potesi ancaman terbesar.

""Kami tahu bahwa Aragon itu lintasannya Marc,"" ungkap Rivola.

""Masih ada 370 poin yang diperebutkan, tapi Aragon bisa memberi kami sebuah gambaran siapa yang akan jadi pesaing juara sesungguhnya ke depannya,"" imbuhnya.

Marc Marquez merupakan penguasa Aragon dengan catatan delapan kemenangan, termasuk di 2024 dan 2025. Di kelas MotoGP, pebalap dengan kemenangan terbanyak berikutnya adalah Case Stoner dan Jorge Lorenzo dengan masing-masing meraih dua kemenangan."
"Gabungkan 3 Teknologi, Adidas Hyperboost Edge Bikin Lari Makin Nyaman",https://sport.detik.com/advertorial-news-block/d-8622847/gabungkan-3-teknologi-adidas-hyperboost-edge-bikin-lari-makin-nyaman,"Selasa, 18 Agu 2026 00:00 WIB","adidas memperkenalkan Hyperboost Edge, sepatu lari terbaru yang dirancang untuk menghadirkan pengalaman berlari yang lebih nyaman, ringan, dan responsif. Sepatu ini menggabungkan tiga teknologi utama.

Adapun 3 teknologi itu yakni midsole Hyperboost Pro, upper PRIMEWEAVE, dan outsole LIGHTTRAXION. Sepatu ini pun menawarkan perpaduan antara bantalan empuk, dorongan energi, serta bobot ringan dalam satu perangkat lari.

GM Adidas Running, Patrick Nava mengatakan Hyperboost Edge menjadi wujud inovasi adidas dalam menghadirkan sepatu yang mampu menjawab kebutuhan pelari dengan menggabungkan tiga elemen utama, yakni bantalan, energi, dan bobot ringan.

Ia mengatakan adidas ingin menghadirkan sesuatu yang benar-benar transformatif bagi para pelari. Hyperboost Edge adalah wujud nyata dari Power of Three-bantalan, energi, dan bobot yang ringan berpadu secara sempurna dalam satu sepatu.

Dengan memadukan ketiga elemen tersebut tanpa kompromi, adidas berhasil menciptakan sebuah super-trainer yang terasa ringan saat dikenakan, responsif di setiap langkah, serta memberikan bantalan optimal ketika kaki menyentuh permukaan.

""Sepatu ini dirancang untuk mendukung pelari dalam berbagai jenis jarak tempuh. Ini baru permulaan dari berbagai potensi yang dapat dihadirkan Hyperboost Pro bagi portofolio produk performa kami,"" ujar Patrick Nava dalam keterangannya, Rabu (5/8/2026)

Salah satu teknologi utama dalam Hyperboost Edge terdapat pada Hyperboost Pro foam, material busa terbaru yang menjadi bagian penting dari sistem bantalan sepatu.

Teknologi ini mengadopsi midsole balapan kelas elite dari adidas, namun disesuaikan agar dapat mendukung berbagai kebutuhan lari, mulai dari latihan rutin hingga sesi dengan jarak tempuh tinggi.

Bagian sol sepatu dibuat dengan ukuran 45 mm pada area tumit dengan perbedaan tinggi 6 mm antara bagian belakang dan depan kaki. Kombinasi tersebut membantu memberikan pijakan yang lebih empuk sekaligus menghadirkan sensasi dorongan energi saat pelari melangkah.

Teknologi Hyperboost Pro dikembangkan melalui pengujian laboratorium adidas serta riset konsumen bersama German Sport University Cologne. Dalam studi yang melibatkan 60 pelari, Hyperboost Edge menunjukkan performa yang lebih unggul dibandingkan sepatu yang biasa digunakan para peserta.

Hasil pengujian tersebut menunjukkan:

Hasil tersebut menunjukkan Hyperboost Pro mampu menghadirkan standar baru dalam teknologi sepatu lari.

Selain teknologi bantalan, adidas juga memperkuat Hyperboost Edge melalui bagian atas sepatu (upper) dan sol luar (outsole). Upper PRIMEWEAVE menggunakan material yang lembut dan ringan sehingga kaki tetap terasa nyaman sekaligus mendapatkan dukungan yang pas saat bergerak.

Pada bagian tumit, adidas menambahkan heel pods terintegrasi yang berfungsi memberikan bantalan tambahan sekaligus menjaga stabilitas kaki. Fitur ini membantu memberikan rasa nyaman sejak pertama kali sepatu dikenakan hingga saat digunakan berlari.

Sementara itu, outsole LIGHTTRAXION menghadirkan daya cengkram yang terinspirasi dari teknologi sepatu balap adidas. Material ringan yang membentang dari bagian tumit hingga ujung kaki ini membantu menjaga pijakan tetap stabil di berbagai kondisi permukaan.

Dengan struktur yang lebih tipis dan ringan, outsole tersebut membawa karakter performa lini adidas Adizero ke dalam sepatu lari harian. Pelari tetap mendapatkan rasa percaya diri saat melangkah tanpa kehilangan traksi.

Dari sisi desain, Hyperboost Edge juga membawa tampilan baru pada lini sepatu lari adidas. Desain midsole yang tebal dan mengembang mengambil inspirasi dari bentuk industrial dengan fokus utama pada teknologi Hyperboost Pro yang berada di bawah kaki.

Untuk pertama kalinya pada sepatu lari adidas, ikon Three Stripes ditempatkan secara bertumpuk pada bagian midsole. Penempatan tersebut menjadi penegasan terhadap teknologi utama yang menjadi sumber performa sepatu ini.

Bagian upper hadir dengan desain minimalis dan futuristis melalui detail yang lebih bersih, lubang tali tersembunyi, serta elemen ringan yang direkatkan langsung untuk memberikan tampilan modern.

Hyperboost Edge pun menjadi sepatu lari berbobot ringan pertama dihadirkan tanpa menggunakan pelat (non-plated). Berbeda dengan sepatu lari berpelat yang biasanya menggunakan struktur lebih kaku untuk membantu memberikan dorongan tambahan, sepatu ini mengandalkan teknologi busa terbaru yang dapat mengikuti gerakan alami kaki saat berlari.

Dengan konsep tersebut, pelari tetap mendapatkan pijakan yang ringan sekaligus dorongan energi di setiap langkah. Memiliki bobot hanya 255 gram, Hyperboost Edge dirancang untuk memberikan kenyamanan maksimal tanpa mengurangi responsivitas saat digunakan.

Hyperboost Edge dibanderol US$200 sekitar Rp3,6 juta (kurs dollar saat ini) dan tersedia dalam pilihan warna merah sebagai rilisan perdana.

Para pelari yang ingin mencoba inovasi terbaru Adidas ini dapat memperolehnya melalui outlet resmi adidas maupun adidas.com. Ke depannya, adidas juga akan menghadirkan pilihan warna baru serta rangkaian peluncuran berikutnya untuk melengkapi lini sepatu lari ini."
PB ORADO Dapat Dukungan Gelar Kejuaraan Piala Panglima TNI,https://sport.detik.com/sport-lain/d-8623069/pb-orado-dapat-dukungan-gelar-kejuaraan-piala-panglima-tni,"Senin, 17 Agu 2026 23:45 WIB","Setelah resmi menjadi anggota Komite Olahraga Nasional Indonesia (KONI) Pusat,Pengurus Besar Olahraga Domino Nasional (PB ORADO)makin memasifkan kejuaraan Domino. Kini menjalankan ajang Piala Panglima TNI.

PB ORADO merencanakan perhelatan tersebut digelar pada akhir September 2026. Dukungan Piala Panglima TNI juga datang dari Pemilik sekaligus pendiri PS Store, Putra Siregar, dengan menggelontorkan uang Rp 1 miliar.

Putra Siregar menyerahkannya kepada Ketua Bidang Humas PB ORADO, Henry Kurnia Adhi atau Jhon LBF, di salah satu gerai PS Store di kawasan Condet, Jakarta Timur. Turut serta yang menyaksikan penyerahan itu adalah Duta ORADO, Willie Salim dan Anji Manji.

""Saya melihat domino memiliki basis masyarakat yang sangat besar. Ketika sekarang dikelola sebagai olahraga prestasi, memiliki organisasi, pembinaan atlet, dan kompetisi yang jelas, tentu ini perkembangan yang positif. Karena itu, kami ingin ikut memberikan dukungan agar Piala Panglima TNI ini sukses dan bisa melahirkan atlet-atlet berprestasi,"" kata Putra dalam keterangan persnya.

Putra bukan sosok baru dalam dunia olahraga. Selain dikenal sebagai pengusaha, ia juga merupakan pemilik klub sepakbola profesional FC Bekasi City. Pengalamannya berkecimpung di olahraga membuatnya menilai pembinaan dan kompetisi menjadi dua elemen penting untuk membangun prestasi secara berkelanjutan.

PB ORADO juga terus memperkuat organisasi di 38 Provinsi Indonesia. ORADO punya 309 pengurus cabang kabupaten dan kota di Indonesia.

""Kami mengucapkan terima kasih kepada Bang Putra Siregar atas support yang luar biasa sebesar Rp1 miliar untuk menyukseskan Open Turnamen Domino Piala Panglima TNI. Ini bukan hanya tentang nilai supportnya, tetapi juga bentuk kepercayaan terhadap ORADO dan perkembangan domino sebagai olahraga prestasi,"" ujar Jhon.

Open Turnamen Domino Piala Panglima TNI juga akan dimeriahkan sejumlah selebritas Indonesia, kreator konten, dan selebgram yang ikut bertanding. Kehadiran publik figur diharapkan membuat olahraga domino semakin dikenal lintas generasi tanpa menghilangkan karakter kompetitif dan sportivitas dalam pertandingan.

PB ORADO membuka kesempatan untuk bergabung dan mengikuti sistem pembinaan serta kompetisi. Masyarakat bisa mendaftar lewat situs resmi PB ORADO."
Hasil Kejuaraan Dunia 2026: Thalita ke 32 Besar Jumpa An Se-young,https://sport.detik.com/raket/d-8623184/hasil-kejuaraan-dunia-2026-thalita-ke-32-besar-jumpa-an-se-young,"Senin, 17 Agu 2026 23:36 WIB","Thalita Ramadhani Wiryawanke 32 besarKejuaraan Dunia Bulutangkis 2026untuk bertemuAn Se-young. Ia ke 32 besar usai kalahkan Ines Lucia Castillo Salazar 22-20, 21-7.

Thalita Ramadhani Wiryawan menghadapi Ines Lucia Castillo Salazar (Peru) pada babak pertama Kejuaran Dunia 2026. Duel ini berlangsung di Indira Gandhi Arena, New Delhi, India, Senin (17/8/2026).

Thalita mengawali gim pertama dengan baik. Ia mampu unggul 5-2.

Salazar kemudian mampu mengejar. Ia bikin kedudukan sama kuat 6-6.

Saling berbalas angka kemudian terjadi hingga 8-8. Salazar bisa menjauh dua angka. Namun, Thalita mendulang tiga angka untuk unggul 11-10 saat interval gim pertama.

Selepas interval, Thalita bisa menjaga jarak angka saat skor 15-13. Salazar bisa mengejar hingga kedudukan 16-16.

Thalita merespon kondisi ini dengan baik. Ia mendapatkan game point saat skor 20-17. Tinggal butuh satu angka untuk menutup gim pertama, Thalita justru kehilangan tiga angka.

Salazar memaksakan deuce usai kedudukan 20-20. Thalita tak lagi mengulangi kesalahan hingga bisa memenangi gim pertama 22-20.

Thalita unggul 3-1 di awal gim kedua. Ia lalu tak terbendung dengan mendulang enam poin beruntun untuk unggul 9-1.

Thalita nyaman memimpin saat interval gim kedua 11-2. Tertinggal jauh bikin Salazar sulit bangkit.

Ia juga tak banyak memberikan perlawanan selepas interval. Thalita tak kesulitan mengamankan gim kedua dengan 21-7.

Thalita melaju ke babak kedua atau 32 besar. Ia sudah ditunggu lawan berat di 32 besar yaitu unggulan utama yang juga pemilik ranking satu dunia An Se-young (Korea Selatan)."
"Bersinar di Mandalika, Zayn Neymar Bidik Target Juara Nasional",https://sport.detik.com/sport-lain/d-8623143/bersinar-di-mandalika-zayn-neymar-bidik-target-juara-nasional,"Senin, 17 Agu 2026 23:15 WIB","Persaingan ITCR 1500 Non-Seeded 2026 makin menarik.Zayn Neymarjadi salah satu kandidat juara tampil apik di Ronde 3 & 4 Mandalika Festival of Speed 2026.

Di Sirkuit Mandalika, Lombok, akhir pekan lalu, Zayn mampu tampil konsisten. Driver Honda Racing Indonesia (HRI) Management itu bisa mengimbangi persaingan ketat kelas ITCR 1500 Non-Seeded.

Zayn, yang masih berusia 14 tahun, mampu membawa Honda City Hatchback yang dikendarainya merebut podium tertinggi di ITCR 1500 Non-Seeded. Capaian apik pada dua round terakhir di Mandalika itu menjadi tambahan penting dalam perjalanannya musim ini.

""Saya bersyukur bisa mendapatkan hasil yang baik di Round 3 dan Round 4. Terima kasih untuk Honda Racing Indonesia, tim, keluarga, dan semua yang selalu mendukung saya. Semoga saya bisa terus konsisten sampai akhir musim dan mewujudkan target menjadi Juara Nasional,"" kata Zayn dalam keterangannya

KiniZayn Neymarmemiliki modal untuk menghadapi seri-seri berikutnya. Namun, masih ada poin yang harus diperjuangkan dan persaingan yang harus dihadapi hingga putaran terakhir.

Kini Zayn harus mampu mempertahankan performanya, menghindari kesalahan, dan terus mengumpulkan poin di setiap kesempatan. Didukung Honda Racing Indonesia, Zayn mendapat modal berharga dalam menjalani proses tersebut.

""Masukan dari Avila (Bahar) yang menjadi lead di HRI Management, turut memberikan pengembangan diri saya, semoga saya bisa meraih gelar Juara Nasional Non-Seeded ITCR 1500 tahun ini,"" tambah Zayn

Jika mampu mempertahankan konsistensi yang sudah ditunjukkan di Mandalika, peluang Zayn Neymar untuk mengakhiri musim sebagai Juara Nasional ITCR 1500 Non-Seeded 2026 semakin terbuka. Hal itu juga membuktikanZayn Neymartidak datang hanya untuk meramaikan persaingan, namun memancang target juara."
UTR PTT Men's World Tennis Championship 2026 Dimulai,https://sport.detik.com/raket/d-8623079/utr-ptt-mens-world-tennis-championship-2026-dimulai,"Senin, 17 Agu 2026 22:45 WIB","Men's World Tennis Championship 2026kembali bergulir setelah dua pekan rehat. Kali ini mempertandingkan seri Universal Tennis Rating Pro Tennis Tour (UTR PTT).

UTR PTT merupakan rangkaian dari Amman Men's World Championship 2026 yang dimulai, Senin (17/8) di lapangan tenis Bali Beach Country Club, Nusa Dua, Bali. Dua petenis tuan rumah Anthony Susanto dan Nathan Barki langsung tancap gas di hari pertama.

Anthony Susanto mengalahkan Gautam S. Venkatraman, sedangkan Nathan Barki menundukkan Thomas Patton, semuanya straight set.

Event yang diikuti 20 pemain dari sembilan negara ini menggunakan format round robin. Nathan yang gabung di Grup D sukses menundukkan petenis Australia Thomas Patton 6-4 dan 7-5 dalam tempo 1 jam 25 menit.

Nathan mengaku senang atas hasil kemenangan yang diraihnya hari ini setelah sempat vakum cukup lama akibat cedera pergelangan tangan.

""Saya berharap permainan bisa lebih baik mengingat lawan-lawan yang bakal di hadapi ke depannya diprediksi juga lebih bagus,"" ujar Nathan dalam rilis kepadadetiksport.

Dari Grup A, Anthony Susanto tampil begitu meyakinkan saat bertemu wakil dari India Gautam S. Venkatraman.

Meski sempat bermain cukup alot di set pertama, namun pola permainan rali-rali panjang yang diterapkan oleh petenis tuan rumah berusia 29 membuatnya menang 6-3 dan 6-2 dalam waktu 1 jam 18 menit.

Sayangnya langkah kedua petenis Indonesia tersebut gagal di ikuti Renaldi Aquila Salim yang tergabung di Grup D. Dia harus mengakui ketangguhan Azuma Visaya dari Amerika Serikat dengan 1-6 dan 5-7.

Nathan sementara memuncaki klasemen Grup D diikuti Azuma Visaya dengan sama-sama mengoleksi satu kemenangan. Di Grup A, Susanto dan Aarjun Pandit di dua posisi teratas."
INKAI DKI Juara Umum Seri 1 Liga Pelajar Karate 2026,https://sport.detik.com/sport-lain/d-8623047/inkai-dki-juara-umum-seri-1-liga-pelajar-karate-2026,"Senin, 17 Agu 2026 21:45 WIB","Baru saja selesai digelar seri pertamaLiga Pelajar Karate 2026.INKAI DKI Jakartatampil sebagai juara umum.

Liga Pelajar Karate 2026 digelar Pengurus Provinsi Federasi Olahraga Karate-Do Indonesia (FORKI) DKI Jakarta yang memperebutkan Piala Kadispora DKI Jakarta, 15-16 Agustus, di GOR PKP Jakarta Islamic School.

Ada total 520 atlet dari 37 kontingen yang bertanding di 82 kelas yang meliputi kategori Kumite, Kata, dan Kata Beregu.

INKAI DKI Jakarta keluar sebagai juara umum setelah mendominasi perolehan medali dengan raihan 24 emas, 15 perak, dan 7 perunggu. Posisi kedua ditempati Dojo Halim Karate Champion dengan koleksi 10 emas, 11 perak, dan 9 perunggu.

Sementara Inkanas Jakarta Selatan berada di peringkat ketiga dengan perolehan 5 emas, 4 perak, dan 4 perunggu.

Adapun FORKI Jakarta Pusat menempati peringkat keempat dengan 3 emas, 6 perak, dan 15 perunggu, disusul LEMKARI DKI di posisi kelima dengan 3 emas, 5 perak, dan 9 perunggu.

Kejuaraan tersebut dibuka secara resmi oleh Kepala Dinas Pemuda dan Olahraga (Kadispora) Provinsi DKI Jakarta, Andri Yansyah, melalui prosesi pemukulan gong. Kehadiran ratusan atlet pelajar menjadikan ajang ini sebagai salah satu wadah penting dalam pengembangan prestasi karate di Ibu Kota.

Ketua Umum FORKI DKI Jakarta, Herianto Syahputra, mengatakan Liga Pelajar Karate merupakan bagian dari ekosistem pembinaan atlet yang terstruktur dan terukur.

Menurutnya, kompetisi tersebut tidak hanya menjadi ajang perebutan prestasi, tetapi juga menjadi sarana untuk menjaring serta memantau bibit-bibit atlet potensial yang diproyeksikan mewakili DKI Jakarta pada berbagai ajang tingkat nasional hingga internasional.

""Setelah suksesnya pelaksanaan Seri 1 ini, FORKI DKI Jakarta direncanakan akan melanjutkan rangkaian Liga Pelajar Karate untuk Seri 2 pada bulan Oktober dan Seri 3 pada bulan Desember 2026,"" ujar Herianto dalam rilis kepadadetikSport.

Pelaksanaan seri lanjutan tersebut menjadi bagian dari sistem evaluasi pembinaan atlet secara berkesinambungan. Jadwal dan lokasi pelaksanaan Seri 2 dan Seri 3 akan diinformasikan lebih lanjut melalui kanal informasi resmi Pengprov FORKI DKI Jakarta.

Dengan terselenggaranya Seri 1, Liga Pelajar Karate DKI Jakarta 2026 diharapkan makin memperkuat sistem pembinaan atlet usia pelajar sekaligus membuka peluang lahirnya karateka-karateka muda potensial yang mampu mengharumkan nama Jakarta di tingkat nasional dan internasional."
Hasil Kejuaraan Dunia 2026: Isyana/Rinjani Kalahkan Wakil Skotlandia,https://sport.detik.com/raket/d-8623008/hasil-kejuaraan-dunia-2026-isyana-rinjani-kalahkan-wakil-skotlandia,"Senin, 17 Agu 2026 20:41 WIB","Isyana Syahira Meida/Rinjani Kwinnara Nastineberhasil mengalahkan Julie Macpherson/Ciara Torrance di Kejuaraan Dunia 2026. Ganda putri Indonesia itu pun melaju ke 32 besar.

Isyana/Rinjani vs Julie/Ciara berlangsung di Indira Gandhi Arena, New Delhi, India, Senin (17/8/2026) malam WIB. Isyana/Rinjani menng dua gim langsung, 21-12 dan 21-18.

Isyana/Rinjani tampil dominan di gim pertama dengan keunggulan 11-6 hingga interval. Jarak yang jauh itu membuta permainan lebih mudah untuk Isyana/Rinjani dan menutup gim pertama dengan kemenangan 21-12.

Gim kedua berjalan lebih ketat. Kedua pasangan sempat saling bergantian memimpin, sebelum akhirnya Isyana/Rinjani memimpin 11-7 di interval.

Isyana/Rinjani sedikit kehilangan kontrol selepas jeda. Pasangan Julie/Ciara, yang berasal dari Skotlandia, berhasil menyamakan skor menjadi 16-16.

Isyana/Rinjani berhasil menjaga posisinya agar tak disusul oleh lawan. Alhasil, Isyana/Rinjani menang di gim kedua dengan skor 21-18."
"Adidas Hyperboost Edge Hadir, Bawa Sensasi Baru untuk Pelari Jalanan",https://sport.detik.com/advertorial-news-block/d-8622837/adidas-hyperboost-edge-hadir-bawa-sensasi-baru-untuk-pelari-jalanan,"Senin, 17 Agu 2026 20:01 WIB","adidas memperkenalkan Hyperboost Edge, sepatu lari terbaru yang dirancang untuk menghadirkan pengalaman berlari yang lebih nyaman, ringan, dan responsif.

Menggabungkan tiga teknologi utama, yakni midsole Hyperboost Pro, upper PRIMEWEAVE, dan outsole LIGHTTRAXION, sepatu ini menawarkan perpaduan antara bantalan empuk, dorongan energi, serta bobot ringan dalam satu perangkat lari.

Hyperboost Edge menjadi sepatu lari berbobot ringan pertama dihadirkan tanpa menggunakan pelat (non-plated). Berbeda dengan sepatu lari berpelat yang biasanya menggunakan struktur lebih kaku untuk membantu memberikan dorongan tambahan, sepatu ini mengandalkan teknologi busa terbaru yang dapat mengikuti gerakan alami kaki saat berlari.

Dengan konsep tersebut, pelari tetap mendapatkan pijakan yang ringan sekaligus dorongan energi di setiap langkah. Memiliki bobot hanya 255 gram, Hyperboost Edge dirancang untuk memberikan kenyamanan maksimal tanpa mengurangi responsivitas saat digunakan.

GM Adidas Running, Patrick Nava mengatakan Hyperboost Edge menjadi wujud inovasi adidas dalam menghadirkan sepatu yang mampu menjawab kebutuhan pelari dengan menggabungkan tiga elemen utama, yakni bantalan, energi, dan bobot ringan.

""Kami ingin menghadirkan sesuatu yang benar-benar transformatif bagi para pelari. Hyperboost Edge adalah wujud nyata dari Power of Three-bantalan, energi, dan bobot yang ringan berpadu secara sempurna dalam satu sepatu. Dengan memadukan ketiga elemen tersebut tanpa kompromi, kami berhasil menciptakan sebuah super-trainer yang terasa ringan saat dikenakan, responsif di setiap langkah, serta memberikan bantalan optimal ketika kaki menyentuh permukaan,"" ujar Patrick Nava dalam keterangannya, Rabu (5/8/2026).

""Sepatu ini dirancang untuk mendukung pelari dalam berbagai jenis jarak tempuh. Ini baru permulaan dari berbagai potensi yang dapat dihadirkan Hyperboost Pro bagi portofolio produk performa kami,"" imbuhnya.

Teknologi Hyperboost Pro Jadi Andalan untuk Performa Lari Lebih Optimal

Salah satu teknologi utama dalam Hyperboost Edge terdapat pada Hyperboost Pro foam, material busa terbaru yang menjadi bagian penting dari sistem bantalan sepatu. Teknologi ini mengadopsi midsole balapan kelas elite dari adidas, namun disesuaikan agar dapat mendukung berbagai kebutuhan lari, mulai dari latihan rutin hingga sesi dengan jarak tempuh tinggi.

Bagian sol sepatu dibuat dengan ukuran 45 mm pada area tumit dengan perbedaan tinggi 6 mm antara bagian belakang dan depan kaki. Kombinasi tersebut membantu memberikan pijakan yang lebih empuk sekaligus menghadirkan sensasi dorongan energi saat pelari melangkah.

Teknologi Hyperboost Pro dikembangkan melalui pengujian laboratorium adidas serta riset konsumen bersama German Sport University Cologne. Dalam studi yang melibatkan 60 pelari, Hyperboost Edge menunjukkan performa yang lebih unggul dibandingkan sepatu yang biasa digunakan para peserta.

Hasil pengujian tersebut menunjukkan:

Hasil tersebut menunjukkan bahwa Hyperboost Pro mampu menghadirkan standar baru dalam teknologi sepatu lari.

PRIMEWEAVE dan LIGHTTRAXION Lengkapi Kenyamanan Saat Berlari

Selain teknologi bantalan, adidas juga memperkuat Hyperboost Edge melalui bagian atas sepatu (upper) dan sol luar (outsole). Upper PRIMEWEAVE menggunakan material yang lembut dan ringan sehingga kaki tetap terasa nyaman sekaligus mendapatkan dukungan yang pas saat bergerak.

Pada bagian tumit, adidas menambahkan heel pods terintegrasi yang berfungsi memberikan bantalan tambahan sekaligus menjaga stabilitas kaki. Fitur ini membantu memberikan rasa nyaman sejak pertama kali sepatu dikenakan hingga saat digunakan berlari.

Sementara itu, outsole LIGHTTRAXION menghadirkan daya cengkeram yang terinspirasi dari teknologi sepatu balap adidas. Material ringan yang membentang dari bagian tumit hingga ujung kaki ini membantu menjaga pijakan tetap stabil di berbagai kondisi permukaan.

Dengan struktur yang lebih tipis dan ringan, outsole tersebut membawa karakter performa lini adidas Adizero ke dalam sepatu lari harian. Pelari tetap mendapatkan rasa percaya diri saat melangkah tanpa kehilangan traksi.

Dari sisi desain, Hyperboost Edge juga membawa tampilan baru pada lini sepatu lari adidas. Desain midsole yang tebal dan mengembang mengambil inspirasi dari bentuk industrial dengan fokus utama pada teknologi Hyperboost Pro yang berada di bawah kaki.

Untuk pertama kalinya pada sepatu lari adidas, ikon Three Stripes ditempatkan secara bertumpuk pada bagian midsole. Penempatan tersebut menjadi penegasan terhadap teknologi utama yang menjadi sumber performa sepatu ini.

Bagian upper hadir dengan desain minimalis dan futuristis melalui detail yang lebih bersih, lubang tali tersembunyi, serta elemen ringan yang direkatkan langsung untuk memberikan tampilan modern.

Hyperboost Edge dibanderol US$200 sekitar Rp3,6 juta (kurs dollar saat ini) dan tersedia dalam pilihan warna merah sebagai rilisan perdana.

Para pelari yang ingin mencoba inovasi terbaru Adidas ini dapat memperolehnya melalui outlet resmi adidas maupun adidas.com. Ke depannya, adidas juga akan menghadirkan pilihan warna baru serta rangkaian peluncuran berikutnya untuk melengkapi lini sepatu lari ini."
"Pejuang Olahraga Tradisional Daerah Layak Bersinar, Usul di Sini!",https://sport.detik.com/sport-lain/d-8622172/pejuang-olahraga-tradisional-daerah-layak-bersinar-usul-di-sini,"Senin, 17 Agu 2026 19:30 WIB","Bagi kamu yang mengenal sosok yang berjuang melestarikan olahraga tradisional dan budaya daerah, ajukan sekarang di DPD RI Awards 2026 melaluiawards.dpd.go.id/nominasi. Pendaftaran dibuka hingga 21 Agustus 2026 pukul 23.59 WIB.

Di balik seni bela diri dan olahraga tradisional yang terus bertahan di tengah perubahan zaman, ada sosok-sosok yang tak kenal lelah menjaga warisan daerah. Mereka tidak hanya mengajarkan teknik, tetapi juga merawat nilai, tradisi, dan identitas yang diwariskan dari generasi ke generasi.

Salah satunya pencak silat. Seni bela diri asal Indonesia tersebut telah ditetapkan UNESCO sebagai Warisan Budaya Takbenda (WBTb) pada sidang ke-14 Intergovernmental Committee for the Safeguarding of the Intangible Cultural Heritage di Bogota, Kolombia, pada 9-14 Desember 2019.

Namun, upaya menjaga seni bela diri tradisional tidak berhenti pada pencak silat. Berbagai olahraga tradisional dan budaya daerah juga membutuhkan sosok yang konsisten merawat sekaligus mengenalkannya kepada generasi berikutnya.

Para penggerak di balik pelestarian tersebut dapat diusulkan dalam DPD RI Awards 2026. Tahun ini, terdapat empat kategori penghargaan yang dapat menjadi ruang apresiasi bagi sosok-sosok inspiratif dari berbagai daerah.

1. Inovator Pendidikan Non-Formal/Pendidikan Luar Sekolah

Kategori pertama ditujukan bagi individu yang berdedikasi dalam mengembangkan pendidikan nonformal dan memperluas kesempatan belajar bagi masyarakat.

""Penghargaan diberikan kepada Inovator Pendidikan Nonformal/Pendidikan Luar Sekolah yang berdedikasi dalam mengembangkan pendidikan nonformal dan memperluas kesempatan belajar bagi masyarakat,"" tulis DPD RI.

Sosok yang selama ini bergerak memberikan pendidikan kepada masyarakat, termasuk melalui pendekatan dan metode pembelajaran yang inovatif, dapat diusulkan dalam kategori ini.

2. Inovator Teknologi Kesehatan

Kategori kedua diberikan kepada individu, profesional, atau akademisi yang menghadirkan inovasi di bidang teknologi kesehatan.

""Diberikan kepada individu, profesional atau akademisi yang menghasilkan inovasi di bidang kesehatan melalui riset klinis maupun laboratorium, termasuk penemuan obat, terapi, atau alat kesehatan yang memberikan manfaat bagi masyarakat,"" jelas DPD.

Kategori ini menjadi bentuk apresiasi bagi sosok yang menghadirkan solusi di bidang kesehatan melalui inovasi dan pengembangan teknologi.

3. Penggerak Desa Mandiri Pangan

Berikutnya ada kategori Penggerak Desa Mandiri Pangan yang ditujukan bagi sosok yang mendorong kemandirian pangan di tingkat desa.

""Ditujukan kepada Penggerak Desa Mandiri Pangan yang mendorong kemandirian pangan melalui pemanfaatan potensi pangan lokal, pemberdayaan masyarakat, dan penguatan ketahanan pangan secara berkelanjutan,"" katanya.

Upaya membangun desa yang mampu mengelola dan mengembangkan potensi pangan lokal menjadi bagian penting dalam mendorong kemandirian masyarakat di daerah.

4. Pelestari Budaya Daerah

Kategori keempat menjadi salah satu yang relevan bagi para pejuang seni bela diri dan olahraga tradisional daerah. Pelestari Budaya Daerah diberikan kepada individu yang memiliki inovasi dalam mengembangkan dan melestarikan budaya daerah.

""Diberikan kepada individu yang memiliki inovasi dalam pengembangan dan pelestarian budaya daerah serta berperan aktif dalam mempromosikan budaya daerah di tingkat nasional maupun internasional,"" jelasnya.

Karena itu, sosok yang selama ini konsisten menjaga seni bela diri, olahraga tradisional, kesenian, maupun tradisi khas daerah dapat menjadi bagian dari apresiasi tersebut.

Selain empat kategori tersebut, DPD RI juga menghadirkan Special Recognition Awards. Penghargaan khusus ini ditujukan bagi tokoh, individu, maupun kelompok yang telah memberikan kontribusi secara konsisten dan berkelanjutan bagi daerah.

Angkat Kiprah Tokoh Daerah ke Nasional

Ketua DPD RI Sultan B Najamudin mengatakan DPD Awards menjadi ruang penghormatan bagi figur inspiratif dari berbagai daerah yang selama ini bekerja dan memberikan kontribusi nyata tanpa banyak mendapat sorotan di tingkat nasional.

""Melalui ajang ini, DPD RI ingin mempertegas bahwa kekuatan pembangunan Indonesia bertumpu pada inisiatif dan kerja keras masyarakat di seluruh wilayah Nusantara, bukan hanya pada pusat pemerintahan dan kota-kota besar,"" kata Sultan dalam DPD Awards tahun 2025 lalu.

Penghargaan tersebut sekaligus mencerminkan aspirasi masyarakat yang diperjuangkan DPD RI di tingkat pusat. Anggota DPD RI merupakan representasi kepentingan daerah yang membawa suara rakyat agar dapat hadir dalam kebijakan nasional.

Sultan menilai masih banyak tokoh masyarakat yang menjadi penggerak perubahan dan kemajuan daerah di berbagai sektor strategis, tetapi belum memperoleh apresiasi yang memadai.

Kontribusi para kandidat dan finalis DPD Awards mencakup berbagai sektor, mulai dari pendidikan, sosial, kesehatan, pariwisata, ekonomi kreatif, kebudayaan, hingga pelestarian lingkungan.

Melalui DPD RI Awards 2026, sosok-sosok tersebut diharapkan mendapatkan apresiasi sekaligus menjadi inspirasi bagi masyarakat dan daerah lainnya.

Kenal pejuang olahraga tradisional, pelestari budaya, atau sosok inspiratif lain yang terus berkontribusi untuk daerah? Jangan lewatkan kesempatan untuk mengusulkannya di DPD RI Awards 2026 melaluiawards.dpd.go.id/nominasi. Pendaftaran dibuka hingga 21 Agustus 2026 pukul 23.59 WIB."
Hasil Kejuaraan Dunia 2026: Alwi Farhan Lewati Ujian Pertama,https://sport.detik.com/raket/d-8622188/hasil-kejuaraan-dunia-2026-alwi-farhan-lewati-ujian-pertama,"Senin, 17 Agu 2026 12:45 WIB","Alwi Farhanmelewati babak pertamaKejuaraan Dunia Bulutangkis 2026dengan kemenangan straight game. Alwi menyingkirkan wakil Korea Selatan, Yoo Tae Bin.

Alwi menghadapi Yoo di babak 64 besar yang digelar di Indira Gandhi Arena, New Delhi, India, Senin (17/8/2026) siang WIB. Sempat kesulitan pada gim pertama, Alwi akhirnya menang 21-17, 21-12 usai bertarung selama 42 menit.

Alwi sempat memimpin pada awal gim pertama di kedudukan 6-3. Namun, saat unggul 9-6, Alwi justru disalip oleh Yoo yang merebut tujuh poin beruntun.

Beruntung Alwi bisa kembali menguasai permainan setelah interval. Setelah imbang 14-14, Alwi mulai melebarkan jarak dengan merebut lima angka beruntun.

Setelah mengamankan gim pertama dengan skor 21-17, Alwi kembali mendapat perlawanan ketat dari Yoo di awal gim kedua. Namun, mendekati interval, Alwi kehilangan keunggulan setelah dikejar oleh Yoo yang bisa menyamakan kedudukan menjadi 10-10.

Selepas interval, Alwi kembali melebarkan jarak dan unggul 17-11 atas Yoo. Alwi lantas mengunci kemenangan 21-12 usai smes menyilang Yoo keluar lapangan.

Lolos ke babak kedua Kejuaraan Dunia 2026, Alwi akan menghadapi pemenang dari pertandingan antara Joakim Oldorff (Finlandia) dan Le Duc Phat (Vietnam)."
Hasil Kejuaraan Dunia 2026: Putri KW Menang Dua Gim Langsung,https://sport.detik.com/raket/d-8622142/hasil-kejuaraan-dunia-2026-putri-kw-menang-dua-gim-langsung,"Senin, 17 Agu 2026 11:55 WIB","Putri Kusuma WardanimengawaliKejuaraan Dunia Bulutangkis 2026dengan mulus. Putri menang telak atas wakil Filipina di babak pertama.

Putri menghadapi De Guzman Mikaela Joy di babak 64 besar Kejuaraan Dunia 2026. Bertanding di Indira Gandhi Arena, New Delhi, India, Senin (17/8/2026) siang WIB, Putri hanya butuh waktu 31 menit untuk menang 21-12, 21-6.

Unggul sejak awal, Putri jauh meninggalkan De Guzman 15-8 usai merebut lima poin beruntun. Ia mengamankan gim pertama dengan skor 21-12.

Putri semakin dominan pada gim kedua. Putri bahkan menutup gim kedua dengan merebut delapan poin beruntun untuk mengunci kemenangan.

Lolos ke babak kedua, Putri akan menghadapi pemenang dari pertandingan antara Yasmine Hamza (Italia) dan Petra Maixnerova (Republik Ceko).

Masih ada tiga wakil Indonesia lagi yang akan bertanding di Kejuaraan Dunia Bulutangkis 2026 pada hari ini, Senin (17/8). Salah satunya Alwi Farhan yang akan menghadapi Yoo Tae Bin (Korea Selatan) usai pertandingan Putri."
Jadwal Kejuaraan Dunia Bulutangkis 2026 Hari Ini: 4 Wakil RI Bertanding,https://sport.detik.com/raket/d-8621936/jadwal-kejuaraan-dunia-bulutangkis-2026-hari-ini-4-wakil-ri-bertanding,"Senin, 17 Agu 2026 09:57 WIB","Para pebulutangkis Indonesia akan memulai perjuangannya diKejuaraan Dunia 2026pada hari ini, Senin (17/8/2026). Ada empat wakil yang bertanding hari ini.

Kejuaraan Dunia Bulutangkis 2026digelar di Indira Gandhi Arena, New Delhi, India, pada 17-23 Agustus. Indonesia mengirim total 14 wakil.

Empat wakil Indonesia akan turun bertanding pada hari ini di babak 64 besar. Dua dari tunggal putri, satu dari tunggal putra, dan satu dari ganda putri.

Dari nomor tunggal putri,Putri Kusuma Wardaniakan menghadapi akan menghadapi De Guzman Mikaela Joy. Sedangkan Thalita Ramadhani Wiryawan akan ditantang Ines Lucia Castillo (Peru).

Sementara itu,Alwi Farhanakan melawan tunggal putra Korea Selatan, Yoo Tae Bin. Alwi belum pernah bertanding menghadapi Yoo sebelumnya.

Sedangkan dari nomor ganda putri, Isyana Syahira Meida/Rinjani Kwinnara Nastine akan melawan wakil Skotlandia, Julie Macpherson/Ciara Torrance. Ini akan jadi debut Hira/Jani di Kejuaraan Dunia Bulutangkis.

Lapangan 2

Lapangan 4"
Tim Horseback Archery Blue Blood Bawa 2 Medali dari Ajang Ini,https://sport.detik.com/sport-lain/d-8621729/tim-horseback-archery-blue-blood-bawa-2-medali-dari-ajang-ini,"Senin, 17 Agu 2026 06:40 WIB","TimHorseback Archery (HBA)Blue Blood Stablebaru saja tampil di Liga Memanah Berkuda Indonesia (LMBI) Series 3 Tahun 2026. Berikut hasilnya.

Kejuaraan ini digelar venue HBA Al Kahfi Stable, Tajur Halang, Bogor, Jawa Barat (16/8) yang juga menjadi rangkaian penutup seri kejuaraan HBA itu.

Ada total 90 entri peserta yang mengikuti nomor-nomor di lintasan berputar dan lintasan lurus dengan memperebutkan trofi-trofi bergengsi seperti Piala Ketua Harian PP PORDASI dan Piala Blue Blood Stable sebagai pendukung pelaksanaan kejuaraan.

Di kejuaraan itu, Tim HBA Blue Blood Stablediperkuat Sultan Shadiq, Omar El Farooq Putra Alleut, Kenzie Alkautsar, dan Kaisar Akhtar. Mereka turun di dua kelas pertandingan bergengsi, yakni Professional Class yang mempertandingkan nomor Tower 90 dan Open Class dengan nomor pertandingan Skirmish.

Dari kelas pertandingan Professional Class, Omar berhasil mempersembahkan medali perunggu, sementara Kaisar, Sultan, dan Kenzie masing-masing menempati peringkat 4,5, dan 10.

Sedangkan dari nomor pertandingan Open Class, Sultan berhasil meraih medali perak disusul oleh Omar, Kenzie, dan Kaisar yang menduduki peringkat 4, 5, dan 6.

Terkait hasil kejuaraan itu, Omar mengungkapkan persaingan terbilang ketat, karena tidak cuma harus menghadapi sesama atlet Indonesia, tapi juga atlet Malaysia.

Sementara itu, Sultan lebih menyoroti persiapan tim dalam menghadapi kejuaraan-kejuaraan selanjutnya. Sultan berjanji akan lebih fokus dalam mempersiapkan kuda-kuda tunggangannya demi mendukung performa saat pertandingan.

""Dalam kesempatan ini, Kami mengucapkan terima kasih yang sebesar-besarnya atas dukungan penuh dari Blue Blood Stable, dan mudah-mudahan kedepannya kami berempat akan lebih maksimal lagi dalam memberikan prestasi di kejuaraan-kejuaraan HBA selanjutnya,"" papar Sultan dalam keterangan kepada media.

Sebagai bentuk kepedulian dalam upaya mengembangkan olahraga HBA di Indonesia, Blue Blood Stable mengambil langkah strategis dengan membangun tim HBA sekaligus mendukung pelaksanaan kejuaraan HBA di dalam negeri agar dapat terselenggara dengan lebih profesional."
"Rayakan HUT ke-81 RI, Federasi Selam Indonesia Lakukan Ini",https://sport.detik.com/g-sport/d-8621728/rayakan-hut-ke-81-ri-federasi-selam-indonesia-lakukan-ini,"Senin, 17 Agu 2026 05:40 WIB","Ada banyak cara merayakan HUT ke-81 Republik Indonesia. Salah satunya dilakukanPengurus Besar Olahraga Selam Seluruh Indonesia (PB POSSI)yang melaksanakan upacara di bawah laut.

PB POSSI melakukan seremoni itu di Pemuteran Bay, Desa Pemuteran, Kecamatan Gerokgak, Buleleng, Bali, Minggu (16/8). Upacara Pengibaran Bendera Merah Putih ini diikuti oleh pengurus PB POSSI, Karang Divers, Indonesia Reef Warriors, dan dihadiri juga oleh perwakilan Polsek Gerokgak.

Pengibaran Bendera Merah Putih yang dilakukan PB POSSI sebagai induk olahraga selam resmi di Indonesia, adalah bentuk penghormatan terhadap perjuangan para pahlawan dan ungkapan rasa syukur atas kemerdekaan Indonesia.

Kegiatan ini juga sekaligus menjadi langkah awal pelaksanaan kejuaraan dunia foto dan video bawah laut garapan PB POSSI, yakni 2026 CMAS World Championship Underwater Photo and Video

Pengibaran bendera di bawah laut dapat menjadi simbol bahwa kedaulatan dan identitas Indonesia juga hadir di wilayah lautnya. Kegiatan ini menunjukkan bahwa olahraga selam tidak hanya berkaitan dengan prestasi olahraga, tetapi juga dapat menjadi sarana menanamkan kecintaan terhadap Tanah Air kepada para penyelam dan masyarakat.

Melalui kegiatan ini PB POSSI ingin mengajak seluruh insan selam tanah air ikut menumbuhkan semangat nasionalisme melalui olahraga selam.

Pengibaran bendera Merah Putih di bawah laut ini juga memberikan pesan bahwa Indonesia memiliki kekayaan laut yang luar biasa, mulai dari terumbu karang, ikan, hingga ekosistem pesisir yang harus dikenal dan dijaga.

PB POSSI juga bekerja sama dengan Karang Divers, sebuah Dive Centre di kawasan Desa Pemuteran, melakukan penanaman 81 bibit Coral di kawasan Agung Prana Reef yang berlokasi tidak jauh dari Biorock Pemuteran.

Kegiatan ini dapat menjadi bagian dari kampanye untuk memperkuat identitas Indonesia sebagai negara kepulauan dan maritim, sekaligus menunjukkan bahwa olahraga selam Indonesia juga ikut berkontribusi menjaga lingkungan laut yang mampu mengangkat nilai budaya, nasionalisme, dan konservasi.

""Saya mengingatkan kepada seluruh pengurus baik di tingkat pusat maupun daerah, untuk ikut serta dalam membangun kesadaran akan kecintaannya terhadap Tanah Air melalui pengibaran bendera Merah Putih. Peringatan kemerdekaan Indonesia harus dijadikan momentum untuk menegaskan peran PB POSSI yang selalu menjunjung tinggi kedaulatan bangsa dan senantiasa berkontribusi terhadap pelestarian lingkungan Dan biota laut,"" ujar Ketua Umum PB POSSI Makhruzi Rahman dalam keterangan kepadadetikSport."
Delta Garage Racing Team Kuasai Round 4 Mandalika Festival of Speed,https://sport.detik.com/sport-lain/d-8621710/delta-garage-racing-team-kuasai-round-4-mandalika-festival-of-speed,"Senin, 17 Agu 2026 03:50 WIB","Selesai sudah putaran keempatMandalika Festival of Speed 2026.Delta Garage Racing Teamberhasil membawa pulang tiga trofi juara. Top!

Pada ajang yang digelar di Sirkuit Internasional Mandalika, Lombok Tengah, Nusa Tenggara Barat, Sabtu (15/8/2026), Delta Racing menurunkan sembilan pebalap yakniUmar Abdullah,Dypo Fitra, Muhammad Detik, Avan Abdullah, Rafa Dypo, Rafin Dypo, Zharfan Rahmadi, Prima, dan Putera Adam.

Uma dan Dypo Fitra sebagai pebalap senior di tim itu tampil cemerlang. Umar menjadi juara di kelas Overall dan kelas GT3 Superstars Sportscar Series (SSS).

Sementara Dypo Fitra naik dua podium runner-up di kelas GT3 dan overall. Mereka berdua sama-sama menggunakan Porsche 911 GT3 R, yang khusus dibawa untuk ajang MFoS 2026.

Lalu, ada Avan Abdullah yang merajai kelas ITCR 1500 Seeded A. Putera Adam jadi juara di kelas ITCR 1200 Seeded A usai menaklukkan sirkuit sepanjang 4,31 km tersebut.

Tidak hanya itu, Delta Garage Racing Team juga mengantarkan Muhammad Detik Javasdad sebagai peringkat ketiga kelas GTC SSS dengan mobil Lamborghini.

""Alhamdulillah, kita berhasil mencetak hattrick di kelas-kelas utama. Dan, kita senang bisa membawa mobil-mobil Sportcar dan GT3 ke event Superstars Sportscar Series di Mandalika, berharap teman teman komunitas dan penggemar balap Supercar bisa joint ke Mandalika,"" ujar Umar yang belum lama menyabet juara 1 Lamborghini Super Trofeo Europe di Spa, Belgia, dalam rilis kepadadetikSport."
Akhir Perjalanan Dua Srikandi RI di AXCR 2026,https://sport.detik.com/sport-lain/d-8621702/akhir-perjalanan-dua-srikandi-ri-di-axcr-2026,"Senin, 17 Agu 2026 02:41 WIB","Selesai sudah petualangan dua pereli wanita IndonesiaLody NatashadanSasty LaksamanadiAsia Cross Country Rally (AXCR) 2026. Bagaimana hasilnya?

Lody sebagai florist dan Sasty selaku dokter gigi turun di ajang rally raid paling menantang di Asia sedari 9-15 Agustus di Thailand. Meski demikian, latar belakang profesi itu tidak menyurutkan semangat keduanya menaklukkan kerasnya medan AXCR 2026.

Setelah melewati rangkaian perlombaan selama tujuh hari dan menempuh jarak 2.000 KM, Lody dan Sasty akhirnya menyelesaikan AXCR 2026 di P2 kategori Ladies, P12 dari 26 peserta di kelas T1D (Modified Diesel), dan P21 dari 42 peserta overall.

Bagi Lody, AXCR 2026 merupakan keikutsertaan ketujuh, sementara bagi Sasty menjadi keikutsertaan keempat. Keduanya kembali berlaga sebagai privateer Indonesia menggunakan Toyota Hilux 2020 di kelas T1D, kelas yang diisi berbagai pebalap profesional serta tim dengan dukungan pabrikan besar seperti Toyota, Ford, Isuzu, dan Mitsubishi.

Hasil tahun ini memang belum menyamai pencapaian mereka pada AXCR sebelumnya. Pada tahun 2025, Lody dan Sasty berhasil meraih posisi pertama kategori Ladies dan P19 overall. Namun AXCR kembali membuktikan bahwa hasil akhir tidak pernah bisa diprediksi hingga kendaraan benar-benar melewati garis finis.

Dengan total jarak perlombaan sekitar 2.000 kilometer, setiap stage membawa tantangan yang berbeda. Berbeda dengan reli konvensional yang memungkinkan pembalap melakukan survey lintasan sebelumnya, AXCR menuntut pembalap membaca road book bergaya tulip dan langsung beradaptasi dengan kondisi lintasan saat perlombaan berlangsung.

Posisi dapat berubah drastis dari satu hari ke hari berikutnya. Kesalahan navigasi, speed-limit zone, penalty, kondisi kendaraan, hingga keputusan dalam hitungan detik dapat mempengaruhi hasil secara signifikan.

""AXCR itu benar-benar tidak bisa ditebak. Hari ini kita bisa berada di posisi yang bagus, besok bisa berubah jauh. Jaraknya sangat panjang dan kita harus menjaga mobil sekaligus menjaga pace. Jadi bukan hanya soal siapa yang paling cepat,"" papar Lody dalam rilis kepadadetikSport.

Menurut Lody, kemampuan mengemudi hanyalah satu bagian dari tantangan AXCR. Pebalap juga dituntut mampu membaca navigasi dengan cepat, mengambil keputusan di lintasan, menjaga kendaraan selama ribuan kilometer, serta bekerja sama dengan tim mekanik agar mobil tetap mampu menyelesaikan setiap stage.

Meski gagal mempertahankan gelar juara di kelas Ladies, Lody dan Sasty tetap bangga dengan pencapaian mereka. Apalagi tantangan yang harus dihadapi tidak mudah.

""Buat kami, hasil ini memang belum seperti yang kami harapkan. Tapi AXCR mengajarkan bahwa kita tidak pernah tahu apa yang akan terjadi sampai benar-benar melewati finish line. Dan akhirnya kami tetap sampai di sana,"" sambung Lody.

Bagi Lody, pengalaman di AXCR justru semakin menguatkan dirinya mewujudkan satu mimpi, yakni membawa Merah Putih berlaga di kejuaraan dunia rally raid, termasuk Rally Raid Portugal dan Dakar Rally.

""Saya tidak tahu kapan mimpi itu bisa terwujud. Tapi saya ingin terus mencoba. Semoga Tuhan merestui dan suatu hari nanti saya bisa membawa nama Indonesia lebih jauh lagi,"" tutup Lody."
Memen Harianto Minta Maaf Gagal Pertahankan Gelar AXCR 2026,https://sport.detik.com/sport-lain/d-8621659/memen-harianto-minta-maaf-gagal-pertahankan-gelar-axcr-2026,"Minggu, 16 Agu 2026 23:45 WIB","Memen Hariantogagal mempertahankan gelar juaraAsia Cross Country Rally (AXCR) 2026. Memen pun meminta maaf kepada semua pihak atas hasil itu.

Memen yang Mengendarai Toyota Hilux Revo bersama Indonesia Cross Country Rally Team tampil konsisten dan sempat memimpin kelas T1G sebelum akhirnya finis di posisi keempat setelah mengalami masalah overheating pada SS6, Sabtu (15/8).

Hasil yang terbilang mengecewakan karena Memen sejatinya menargetkan gelar juara tahun ini. Namun, Memen tetap bersyukur karena masih bisa menuntaskan balapan.

""Yang paling penting, kami bisa menyelesaikan seluruh leg dari Leg 1 sampai Leg 6. Di SS6 memang kami mengalami overheating dan harus melakukan perbaikan terlebih dahulu di dalam SS. Itu membuat waktu kami terbuang cukup banyak,"" ujar Memen dalam rilis kepadadetikSport.

""Kalau tidak ada masalah tersebut, tentunya kami masih memiliki peluang untuk mempertahankan posisi pertama T1G sampai akhir. Tetapi inilah rally. Yang paling penting buat saya, kami tidak menyerah dan tetap menyelesaikan SS6 sampai finish,"" sambungnya.

""Target kami tentu saja juara. Jadi saya pasti kecewa karena kesempatan itu akhirnya hilang akibat masalah overheating dan waktu yang terbuang. Tetapi saya juga bersyukur karena kami tetap bisa menyelesaikan seluruh rangkaian AXCR 2026,"" katanya.

Di balik perjuangan Memen di AXCR 2026, terdapat dukungan dari para sponsor, partner, tim, mekanik, keluarga, komunitas, media, dan masyarakat Indonesia. Memen menyampaikan apresiasi kepada seluruh pihak yang telah memberikan kepercayaan dan dukungan sejak masa persiapan hingga kompetisi berlangsung.

""Saya ingin mengucapkan terima kasih yang sebesar-besarnya kepada seluruh sponsor dan partner yang sudah percaya dan mendukung saya di AXCR 2026. Perjuangan ini bukan hanya perjuangan saya, tetapi perjuangan kita bersama,"" ujar Memen.

Selain itu, Memen juga menyampaikan permohonan maaf karena belum mampu mewujudkan target juara T1G.

""Saya mohon maaf karena tahun ini kami belum bisa memberikan gelar juara seperti yang kita harapkan. Saya tahu banyak sekali yang sudah memberikan support dan berharap kami bisa kembali membawa hasil terbaik untuk Indonesia.""

""Tapi saya berharap semua bisa melihat perjuangan kami secara keseluruhan. Dari Leg 1 sampai Leg 6 kami tetap berjuang dan berhasil menjadi finisher. Hanya saja, masalah overheating di SS6 membuat kami kehilangan waktu yang sangat berharga dan akhirnya peluang juara ikut hilang.""

Menurut Memen, masalah pada SS6 akan menjadi bahan evaluasi penting, terutama dalam meningkatkan reliability kendaraan dan kesiapan tim menghadapi reli jarak panjang dengan kondisi ekstrem.

""Kami akan evaluasi semuanya. Masalah di SS6 ini menjadi pelajaran yang sangat berharga. Kami akan kembali dengan persiapan yang lebih baik."""
AXCR 2026: Overheating Gagalkan Misi Juara Memen Harianto,https://sport.detik.com/sport-lain/d-8621643/axcr-2026-overheating-gagalkan-misi-juara-memen-harianto,"Minggu, 16 Agu 2026 22:47 WIB","Memen Hariantoharus gigit jari diAsia Cross Country Rally (AXCR) 2026. Dia gagal juara setelah mesinnya mengalami overheating.

Pereli Indonesia yang membawa nama Indonesia Cross Country Rally Team tersebut terpaksa kehilangan peluang untuk merebut gelar juara setelah mobil Toyota Hilux Revo miliknya mengalami overheating pada Leg 6, sekitar 25 kilometer sebelum mencapai flying finis, Jumat (14/8).

Padahal, hingga menyelesaikan Leg 5, Memen berada di posisi 11 overall dan menjadi pemimpin klasemen kelas T1G. Posisi teratas di kelasnya bahkan sudah berhasil dipertahankan sejak Leg 3.

Dengan performa yang terus konsisten sejak awal reli, Memen sebenarnya datang ke Leg 6 dengan peluang besar untuk mempertahankan posisi teratas hingga akhir AXCR 2026.

Namun, reli lintas alam kembali menunjukkan bahwa kemenangan tidak hanya ditentukan oleh kecepatan, melainkan juga ketahanan mesin, kondisi kendaraan, navigasi, cuaca, medan, dan keberuntungan.

Masalah overheating yang terjadi di penghujung Leg 6 membuat Memen harus menghadapi kenyataan pahit. Ketika garis finis sudah semakin dekat, perjuangan yang telah dibangun selama berhari-hari akhirnya harus terhenti.

""Jujur, ini sangat berat buat saya. Sampai Leg 5 kami masih berada di posisi 11 overall dan nomor satu di T1G. Posisi pertama di kelas juga sudah kami pegang sejak Leg 3. Jadi tentu kami sangat yakin bisa mempertahankannya sampai akhir,"" ujar Memen dalam rilis kepada detikSport.

""Sayangnya, pada Leg 6 mobil mengalami overheating, sekitar 25 kilometer sebelum flying finish. Kami sudah berusaha semaksimal mungkin, tetapi kondisi mobil tidak memungkinkan untuk melanjutkan perjuangan seperti yang kami harapkan,"" sambungnya.

Memen mengakui bahwa hasil tersebut menjadi pukulan berat, bukan hanya bagi dirinya dan tim, tetapi juga bagi seluruh pihak yang telah memberikan dukungan selama persiapan hingga pelaksanaan AXCR 2026.

Apalagi, target yang dibawa ke Thailand tahun ini terbilang tinggi setelah sukses di ajang yang sama tahun lalu.

""Saya ingin menyampaikan permohonan maaf yang sebesar-besarnya kepada seluruh keluarga, tim, mekanik, partner, sponsor, komunitas, teman-teman media, dan seluruh masyarakat Indonesia yang sudah memberikan doa dan dukungan kepada saya,"" kata Memen.

""Saya tahu banyak yang berharap kami bisa kembali membawa hasil terbaik dan mengibarkan Merah Putih di podium. Saya juga sangat berharap hal yang sama.""

Menurut Memen, dunia reli memang selalu memberikan pelajaran bahwa sebuah perlombaan baru benar-benar selesai ketika kendaraan melewati garis finis.

""Ini bagian dari motorsport. Kita bisa menyiapkan semuanya sebaik mungkin, tetapi di lintasan selalu ada hal-hal yang berada di luar kendali kita. Kali ini kami harus menerima kenyataan bahwa masalah teknis menghentikan perjuangan kami ketika finis sudah begitu dekat.""

Meski gagal mempertahankan peluang menjadi juara AXCR 2026, Memen menegaskan bahwa pengalaman tersebut tidak akan membuatnya berhenti dan akan jadi bahan evaluasi untuk menghadapi kompetisi berikutnya.

""Saya sangat kecewa, tentu. Tetapi saya tidak mau berhenti di sini. Saya akan evaluasi semuanya, terutama masalah teknis yang terjadi. Kami akan kembali lebih kuat.""

Memen juga menyampaikan terima kasih secara khusus kepada seluruh sponsor dan partner yang telah memberikan kepercayaan serta dukungan untuk tampil di AXCR 2026.

""Terima kasih yang sebesar-besarnya kepada seluruh sponsor dan partner yang sudah percaya dan mendukung saya. Dukungan kalian sangat berarti, bukan hanya dalam bentuk materi, tetapi juga menjadi energi bagi saya selama menjalani reli ini.""

""Sekali lagi saya mohon maaf karena tahun ini belum bisa memberikan hasil yang kita semua harapkan. Saya tahu perjuangan ini bukan hanya milik saya. Ada banyak orang di belakang saya yang ikut berjuang.""

""Terima kasih sudah tetap percaya. Saya akan belajar dari kegagalan ini dan kembali berjuang untuk Indonesia,"" tutup Memen."
Saat Islam Makhachev Vs Ian Garry Bikin Presiden UFC Geregetan,https://sport.detik.com/sport-lain/d-8621412/saat-islam-makhachev-vs-ian-garry-bikin-presiden-ufc-geregetan,"Minggu, 16 Agu 2026 18:50 WIB","Islam Makhachevmenang atasIan Garrydi UFC 330 dalam laga lima ronde. Presiden UFCDana Whitegeregetan pada pertarungan itu.

UFC 330digelari di Xfinity Mobile Arena, Philadelphia, Minggu (16/8) pagi WIB. Duel utama adalahIslam Makhachev vs Ian Garry.Islam sebagai pemegang sabuk juara kelas welter, sementara Ian sebagai penantang.

Islam menang via unanimous decision, 49-46, 49-46, dan 48-47. Islam pertahankan sabuk juara kelas welter!

Presiden UFCDana Whitegeregatan lihat pertarungan tersebut. Dana memuji ketangguhanIslam Makhachev,tapi menurutnyaIan Garrykurang galak!

""Menurut saya, ini pendapat jujur, saya merasa malam ini memang berpotensi memunculkan kejutan besar,"" bukanya selepas pertarungan seperti dilansir dariESPN.

""Ian adalah petarung berbakat, tapi seandainya saja dia punya sedikit saja naluri untuk menghabisi lawan di ronde kelima itu, yang mana dia sudah terus-menerus menghajar bagian tubuh sisi kanan, bertahan dari serangan takedown, dan wajah Islam sudah babak belur,"" paparnya.

Dana White menilai tidak seharusnyaIan Garryterus tos dan berpelukan di tiap ronde. Sikap respeknya dinilai berlebihan.

""Anda tidak seharusnya berpelukan dan bersalaman terus. Hal semacam itu benar-benar membuat saya kesal setengah mati saat ada begitu banyak hal yang dipertaruhkan. Ada banyak permainan mental dalam olahraga ini,"" ungkapnya.

""Anda seharusnya keluar di ronde kelima itu dengan serangan lutut terbang atau sesuatu yang gila, lalu mencoba mengakhiri pertarungan. Ini adalah salah satu pertarungan yang nantinya akan membuat Ian berkata, 'sial, seandainya saja aku bisa mengulanginya lagi,"" paparnya.

""Jika saja dia keluar dari sudut ring seperti banteng yang sedang mengamuk, mungkin pembicaraan kita saat ini akan berbeda,"" tambahnya.

""Islam adalah petarung hebat, sudah layak disebut sebagai GOAT (petarung terbaik sepanjang masa). Dia melakukan segalanya untuk menang hari ini,"" tutupnya."
Sejarah! Islam Jadi Petarung UFC dengan Kemenangan Beruntun Terbanyak,https://sport.detik.com/sport-lain/d-8620878/sejarah-islam-jadi-petarung-ufc-dengan-kemenangan-beruntun-terbanyak,"Minggu, 16 Agu 2026 12:10 WIB","Islam Makhachevmenang atas Ian Garry diUFC 330.Islam tak cuma pertahankan sabuk juara kelas welter, turut jadi petarung UFC dengan kemenangan beruntun terbanyak. Sejarah!

UFC 330 digelari di Xfinity Mobile Arena, Philadelphia, Minggu (16/8) pagi WIB. Duel utama adalahIslam Makhachev vs Ian Garry.Islam sebagai pemegang sabuk juara kelas welter, sementara Ian sebagai penantang.

Islam menang via unanimous decision, 49-46, 49-46, dan 48-47. Islam pertahankan sabuk juara kelas welter!

Tak cuma itu. Dilansir dariESPN,Islam Makhachevcatatan rekor baru diUFC!

Islam jadi petarung dengan kemenangan beruntun terbanyak sebanyak 17 kali. Lewati pencapaian Anderson Silva dengan 16 kali.

Islam tidak terkalahkan sejak tahun 2016. Sepanjang 17 laga menang terus itu, Islam kawinkan sabuk juara kelas ringan dan welter UFC.

Tujuh kemenangan didapat via unanimous decision, tujuh kali via submission, dan sisanya lewat TKO.

Islam Makhachevtotal punya rekor di MMA 29-1.Di usia 34 tahun, Islam belum memikirkan pensiun.

""Kalau saya sudah mencapai 20 kemenangan beruntun, mungkin akan sulit terkejar,"" ujarnya."
Hasil UFC 330: Islam Makhachev Pertahankan Sabuk Juara!,https://sport.detik.com/sport-lain/d-8620857/hasil-ufc-330-islam-makhachev-pertahankan-sabuk-juara,"Minggu, 16 Agu 2026 11:23 WIB","Islam Makhachev vs Ian Garrytersaji pada duel utamaUFC 330.Islam menang unanimous decision dan pertahankan sabuk kelas welter!

UFC 330digelari di Xfinity Mobile Arena, Philadelphia, Minggu (16/8) pagi WIB. Duel utama adalah Islam Makhachev vs Ian Garry.

Islam sebagai pemegang sabuk juara kelas welter, sementara Ian sebagai penantang. Laga dimulai!

Di ronde pertama, Islam lepas dua leg kick dan sekali head kick, Ian lancarkan kombinasi satu-dua. Islam lakukan double leg takedown, Ian bisa bertahan. Lanjut di jaring, Islam terus coba jatuhan Ian tapi Ian bertahan dengan baik.

Ian agresif duluan di ronde kedua. Namun momen besar buat Islam, head kick-nya masuk!

Ian terjatuh lalu kena takedown oleh Islam. Islam kembali coba lakukan kuncian, tapi lagi-lagi Ian bertahan dengan apik.

Islam lancarkan takedown lagi di ronde ketiga. Namun tiga menit setelahnya, Ian bangkit. Tendangan kombinasi ke badan dan kepala yang dilepasnya merepotkan Islam. Oblique kick alias tendangan ke lutut dari Ian juga buat Islam kesulitan.

Islam dua kali lakukan take down di ronde keempat. Dalam situasi clinch, Ian lebih mendominasi dengan pukulan-pukulan jarak dekatnya yang bikin wajah Islam berdarah.

Ronde kelima, Ian ambil kendali dulu. Islam bisa rapatkan jarak, lakukan takedown. Islam coba lakukan kuncian, tapi lagi dan lagi Ian bertahan dengan baik.

Islam menang lewat unanimous decision, 49-46, 49-46, dan 48-47. Islam pertahankan sabuknya!"
Titan Run 2026 Raih Rekor MURI,https://sport.detik.com/sport-lain/d-8620390/titan-run-2026-raih-rekor-muri,"Sabtu, 15 Agu 2026 23:45 WIB","Titan Runkembali mencatatkan prestasi dalam penyelenggaraan edisi 2026. Setelah tahun lalu meraih rekor Museum Rekor Dunia Indonesia (MURI) sebagai acara lari pertama yang menyajikan durian, tahun ini ajang tersebut kembali memperoleh penghargaan.

Rekor kali ini diberikan kepada Titan Run sebagai penyelenggara lomba lari dengan jarak tempuh 17,8 kilometer. Rekor tersebut menjadi bagian spesial dalam perayaan satu dekade penyelenggaraan Titan Run yang berlangsung di ICE BSD, Tangerang Selatan, Sabtu (15/8/2026).

Project Director Titan Run 2026, Ailiy, mengatakan pencapaian tersebut membuat penyelenggaraan tahun ini terasa semakin istimewa. Menurutnya, para peserta memiliki peran besar dalam lahirnya rekor MURI tersebut.

""Tahun ini sangat spesial karena kita merayakan 10 tahun Titan Run dan tahun lebih spesial lagi karena Titan Run mendapatkan rekor MURI sebagai penyelenggara lomba lari dengan jarak tempuh 17,8 kilometer. Jadi hari ini sangat spesial. Terima kasih para runners, hari ini bersama-sama membuat histori"" ujar Ailiy dalam rilis yang diterima detikSport.

Berkat pencapaian tersebut, Titan Run kini memiliki dua catatan MURI yang berkaitan dengan karakter khas acara tersebut.

Direktur Titan Group, Victor B. Tanuadji, menyebut keberhasilan Titan Run bertahan selama satu dekade menjadi hal yang patut dibanggakan. Ia menilai konsistensi menjadi salah satu kunci sehingga acara tersebut dapat terus berjalan, termasuk melewati masa sulit ketika pandemi Covid-19.

""Luar biasa, Titan Run sudah 10 tahun, lewat susah dan senangnya. Dari Covid kita bisa bangkit lagi pelan-pelan. Yang saya banggakan kepada tim panitia Titan Run adalah selalu konsisten dalam 10 tahun ini,"" kata Victor.

Pada penyelenggaraan tahun ini, jumlah peserta juga mengalami peningkatan. Setelah sekitar 5.000 peserta ambil bagian pada tahun lalu, Titan Run 2026 diikuti 6.000 pelari.

Menurut Victor, peningkatan jumlah peserta menjadi sinyal positif bagi keberlangsungan acara ini. Namun, pihak penyelenggara tetap mempertimbangkan kenyamanan pelari ketika menentukan kapasitas peserta.

""Yang bisa saya banggakan adalah konsistensi tim panitia yang sudah sepuluh tahun edisi Titan Run digelar. Semua peserta selalu senang dalam mengikuti acara ini,"" ucap Victor.

Selain mempertahankan jarak 17,8 kilometer, Titan Run juga mempertahankan sejumlah karakteristik yang telah melekat selain ini. Salah satunya adalah penyediaan makanan dan minuman bagi peserta secara gratis setelah menyelesaikan lomba.

Project Lead Titan Run 2026, Vickers Gunawan menjelaskan makanan yang disediakan mengusung konsep kuliner Nusantara. Sajian tersebut menjadi bagian dari upaya Titan Run menghadirkan nuansa perayaan kemerdekaan Indonesia yang bertepatan dengan momentum 17 Agustus.

""Kita menyiapkan makanan dan minuman untuk seluruh peserta free, tapi untuk makan di tempat dan tidak dibawa pulang. Kita sajikan berupa makanan Nusantara,"" tutur Vickers.

Khusus peserta kategori 17,8 kilometer, panitia juga menyiapkan area atau tenda khusus untuk memastikan mereka tetap memperoleh makanan setelah menyelesaikan lari.

Dari sisi fasilitas, Vickers menyebut penyelenggara juga mempertahankan sejumlah standar pendukung, seperti medical station dan water station. Penempatan titik air minum disebut telah diperhitungkan berdasarkan jarak agar kebutuhan pelari tetap terpenuhi.

Untuk penyelenggaraan berikutnya, Titan Run membuka kemungkinan melakukan penyesuaian pada rute agar pengalaman berlari menjadi lebih nyaman. Namun, penyelenggara tetap ingin mempertahankan konsep utama acara tersebut.

Titan Run juga berkomitmen mempertahankan tradisi menggelar lomba lari sebagai bagian dari perayaan Hari Kemerdekaan Indonesia. Konsistensi itu menjadi salah satu identitas acara yang telah berjalan selama 10 tahun.

Dengan kembali mencatatkan rekor MURI, Titan Run 2026 bukan hanya menandai satu dekade perjalanan penyelenggaraan. Ajang tersebut juga menunjukkan upaya mempertahankan identitas melalui jarak 17,8 kilometer yang kini menjadi bagian penting dari karakter Titan Run.

Berikut daftar pemenang Titan Run 2026:

Kategori 17,8 kilometer

Pria1. Robi Syianturi2. Immanuel Hutasoit3. Argo Katiga

Wanita1. Isania Tarigan2. Ina Lydia3. Marhaendrassiwi Dyahprasetyo

Kategori 10 kilometer

Pria1. Pandu Sukarya2. Julkipri Hutapea3. Hendrik Nainggolan

Wanita1. Aprilia Kartina2. Anjellika BR Ginting3. Inge Prasetyo

Kategori 5 kilometer

Pria1. Jupianto Sembiring2. Danu Maarif3. Akbar Maulana

Wanita1. Desi Kristiani2. Dwi Sagita3. Maria Suparno"
3.000 Pelari Ramaikan Merdeka Night Run di IKN,https://sport.detik.com/fotosport/d-8620467/3-000-pelari-ramaikan-merdeka-night-run-di-ikn,"Sabtu, 15 Agu 2026 22:31 WIB","Penajam Paser Utara- Sekitar 3.000 peserta mengikuti Merdeka Night Run di IKN, Kalimantan Timur, sebagai rangkaian perayaan HUT ke-81 Kemerdekaan RI."
"Debut di Kejuaraan Dunia, Raymond/Joaquin: Lawan Terberat Diri Sendiri",https://sport.detik.com/raket/d-8620251/debut-di-kejuaraan-dunia-raymond-joaquin-lawan-terberat-diri-sendiri,"Sabtu, 15 Agu 2026 21:15 WIB","Raymond Indra/Nikolaus Joaquin siap menjalani debut di Kejuaraan Dunia Bulutangkis 2026 di New Delhi, India. Meski berstatus debutan, keduanya tidak ingin terlalu memikirkan nama besar lawan. Joaquin justru menyebut diri sendiri sebagai lawan terberat yang harus ditaklukkan.

Raymond/Joaquin untuk pertama kalinya tampil di Kejuaraan Dunia level senior. Kesempatan tersebut mereka dapatkan setelah mencatat sejumlah hasil positif, termasuk menjadi juara Australia Open 2025. Di turnamen tersebut, mereka mengalahkan Fajar Alfian/Muhammad Shohibul Fikri di final.

Teranyar, Raymond/Joaquin juga menunjukkan performa impresif di Indonesia Open 2026. Mereka melaju hingga final turnamen BWF World Tour Super 1000 sebelum akhirnya menjadi runner-up setelah kalah dari Goh Sze Fei/Nur Izzuddin.

Dengan pengalaman tersebut, Joaquin menilai lawan di Kejuaraan Dunia tidak jauh berbeda dengan turnamen BWF lainnya. Karena itu, fokus utama justru menjaga diri sendiri.

""Enggak ada (lawan terberat). Musuh terberat diri sendiri,"" kata Joaquin saat ditemui di Pelatnas PBSI, Cipayung, Jakarta Timur.

Joaquin juga melihat persaingan di sektor ganda putra Indonesia sebagai sesuatu yang positif. Menurutnya, keberhasilan satu pasangan bisa menjadi pemicu motivasi bagi pasangan lainnya.

""Bagus sih menurut saya, jadi misalnya ada yang juara memotivasi kita juga biar bisa sama kayak mereka, kalau bisa lebih dari mereka. Jadi kayak ganti-gantian juaranya kan. Itu benar-benar sehat sih buat di ganda putra. Positif,"" ujarnya.

Raymond/Joaquin pun tidak ingin status sebagai pasangan muda membuat mereka memasang target terlalu rendah di Kejuaraan Dunia. Joaquin bahkan berpandangan kesempatan untuk menjadi juara harus dikejar sejak sekarang, tanpa harus menunggu mereka lebih senior.

""Kalau dari saya bukan karena mudanya. Misalkan bisa (juara) sekarang kenapa enggak? Kenapa harus tunggu pas sudah agak berumur? Tapi kalau misalkan dari muda saja bisa kenapa enggak? Jadi kami juga ingin menunjukkan kalau kita itu bisa,"" kata Joaquin.

Bagi Joaquin, Kejuaraan Dunia juga memiliki arti khusus. Ia pernah merasakan kekalahan saat tampil di level junior dan kini ingin mencoba meraih prestasi lebih baik di level senior. Meski begitu, Joaquin tidak ingin membebani diri dengan hasil akhir. Persiapan maksimal menjadi pegangan sebelum berangkat ke New Delhi.

""Kejuaraan Dunia kalau menurut saya salah satu turnamen yang bergengsi, dan juga kalau menurut saya dia medalinya beda sendiri. Saya pengen punya juga. Dulu junior kan saya individualnya kalah, jadi saya pengen coba ambil di yang senior.""

""Apa pun hasilnya di Kejuaraan Dunia nanti, yang pasti kita sudah lakukan yang terbaik di latihan dan itu hasilnya nanti,"" tegas runner up Indonesia Open 2026.

Kejuaraan Dunia Bulutangkis 2026 akan berlangsung di Indira Gandhi Stadium, New Delhi, India, 17-23 Agustus. Raymond/Joaquin menjadi salah satu dari tiga wakil ganda putra Indonesia di ajang tersebut."
"Marini Keluhkan Kalender MotoGP: Balapan Terlalu Padat, Minim Waktu Istirahat",https://sport.detik.com/moto-gp/d-8619953/marini-keluhkan-kalender-motogp-balapan-terlalu-padat-minim-waktu-istirahat,"Sabtu, 15 Agu 2026 18:45 WIB","Secara resmi, kalender MotoGP 2026 dirancang terdiri dari 22 seri. Namun, jumlah tersebut masih terancam berkurang menjadi 21 jika Grand Prix Qatar kembali gagal digelar.

MotoGP Qatar 2026 sebelumnya dijadwalkan berlangsung pada April, tetapi ditunda ke November akibat situasi konflik di Timur Tengah. Balapan di Lusail kini dijadwalkan pada 8 November. Terlepas dari ketidakpastian Qatar, Marini menilai kepadatan kalender memang sudah menjadi persoalan tersendiri bagi para pebalap.

""Menurut saya, jadwal sepanjang tahun ini tidak ideal. Saya pikir kita seharusnya menjadwalkan balapan lebih berdekatan dan sebagai gantinya mencoba membuat jeda yang lebih panjang pada musim dingin,"" kata Marini kepadaSPEEDWEEK.com.

MotoGP 2026 sendiri akan berakhir di Valencia pada 29 November. Hanya dua hari kemudian, para pebalap sudah dijadwalkan kembali ke lintasan untuk tes Valencia sebagai persiapan menghadapi musim 2027. Setelah itu memang ada jeda musim dingin. Namun, waktu tersebut tidak sepenuhnya menjadi masa istirahat.

Pada akhir Januari, tim-tim akan kembali menjalani tes di Malaysia. Tes tersebut menjadi bagian dari persiapan motor 2027 sebelum rangkaian pengujian dilanjutkan di Thailand. Bagi Marini, situasi tersebut membuat pebalap nyaris tidak memiliki waktu untuk benar-benar memulihkan kondisi tubuh.

""Di satu sisi, saya menikmati waktu di paddock; selama musim balapan, semuanya sempurna karena selalu berada di sana. Saya ingin menghabiskan lebih banyak waktu di sini jika itu berarti kami memiliki jeda musim dingin yang benar-benar cukup,"" ujarnya.

""Faktanya, saat ini kami sama sekali tidak punya waktu. Tidak ada waktu untuk benar-benar memulihkan diri, dan yang lebih penting, tidak ada waktu untuk mempersiapkan diri secara khusus menghadapi musim berikutnya; tidak ada waktu untuk terus berkembang.""

Marini menilai waktu istirahat yang lebih panjang juga penting untuk persiapan fisik. Dengan kalender yang ada sekarang, ia merasa tidak mungkin berhenti berlatih untuk waktu yang cukup lama. Padahal, jeda tersebut dibutuhkan untuk memperbaiki kondisi tubuh dan menangani cedera lama secara lebih menyeluruh.

""Dengan kalender saat ini, tidak ada jeda sama sekali. Saya berlatih sepanjang tahun. Dengan jadwal saat ini, tidak mungkin untuk tidak melakukan apa pun bahkan untuk sesaat,"" kata Marini.

""Saya membutuhkan seluruh energi saya untuk siap bertanding, tetapi saya ingin memiliki lebih banyak waktu untuk menangani cedera lama dengan lebih menyeluruh, misalnya. Saya juga ingin meningkatkan kondisi fisik dari musim ke musim, tetapi itu membutuhkan waktu untuk program fisioterapi khusus.""

(krs/ran)...Tautan telah disalin"
MotoGP 2027: Selangkah Mundur untuk Maju Dua Langkah?,https://sport.detik.com/moto-gp/d-8620093/motogp-2027-selangkah-mundur-untuk-maju-dua-langkah,"Sabtu, 15 Agu 2026 17:45 WIB","MotoGP akan memasuki era baru pada 2027 dengan perubahan regulasi besar. Kapasitas mesin bakal turun dari 1.000 cc menjadi 850 cc, sementara penggunaan aerodinamika juga dibatasi.

Perubahan tersebut diharapkan membuat persaingan di lintasan semakin rapat. Namun, merangkum ucapannya diCrash.netdanVisordown, Guenther Steiner menilai hasilnya mungkin tidak langsung terlihat pada awal era baru.

Steiner, yang kini menjabat CEO Tech3 KTM dan pernah menjadi bos tim Haas di Formula 1, ikut angkat bicara. Menurut Steiner, balapan MotoGP saat ini sebenarnya sudah cukup menarik. Karena itu, perubahan regulasi 2027 bukan berarti kualitas balapan sekarang buruk, melainkan upaya untuk membuatnya lebih baik dalam jangka panjang.

""Saya pikir balapan saat ini cukup menarik, hampir sepanjang waktu. Ada beberapa balapan yang mungkin bisa sedikit lebih baik, tetapi menurut saya secara keseluruhan cukup menarik. Saya pikir yang akan diberikan motor 850 cc adalah kita sedikit mundur selangkah untuk kemudian maju dua langkah dalam hal balapan,"" ucapnya.

""Tenaga sedikit lebih kecil, aerodinamika sedikit lebih sedikit, dan saya pikir itu akan terjadi. Para pebalap mengatakan kepada saya bahwa motor ini mudah dikendalikan, mereka memiliki kendali atas motor tersebut, dan itu yang paling penting.""

Regulasi 2027 memang membawa perubahan besar. Selain kapasitas mesin yang dipangkas menjadi 850 cc, aerodinamika akan dikurangi dan perangkat ride-height juga dihapus. Perubahan itu diharapkan membuat pebalap memiliki kontrol lebih besar terhadap motor dan mengurangi pengaruh perangkat aerodinamika dalam pertarungan.

Namun, masa adaptasi tetap menjadi tantangan. Setiap pabrikan harus mengembangkan motor baru dengan karakter yang berbeda dari mesin 1.000 cc yang digunakan saat ini. Jika salah satu pabrikan mampu mengembangkan motor jauh lebih cepat daripada rivalnya, persaingan justru berpotensi timpang pada awal musim 2027.

Steiner pun mengingatkan agar hasil tes motor 850 cc saat ini tidak terlalu cepat dijadikan patokan. ""Saat ini terdengar seolah-olah tahun depan akan ada lima juara dunia karena semua pengujian berjalan fantastis untuk semua orang,"" ujar Steiner.

""Namun, itu normal. Saya sudah cukup lama berada di duniamotorsport. Hal yang sama terjadi pada awal musim: 'Kami berada di jalur yang bagus, kami sangat bagus.' Anda benar-benar bagus sampai ada seseorang yang lebih baik dari Anda.""

Hingga kini belum ada gambaran pasti mengenai pabrikan mana yang akan menjadi kekuatan utama pada era 850 cc. Pengujian memang sudah dilakukan, tetapi Steiner menilai hasil tes belum cukup untuk menentukan hierarki musim depan.

""Menurut saya, pengujian secara umum berjalan baik untuk semua orang. Terkadang Anda mendengar atau orang berpikir bahwa mereka tahu sesuatu, tetapi saya sudah cukup lama melakukan ini sehingga saya menerimanya dengan sedikit skeptis.""

""Selama motor mendapatkan lap yang cukup, mereka melakukan pengujian, belajar dari hasilnya, mempelajari ban dan semua hal lainnya, serta mendapatkan data, saya senang. Seberapa kompetitif masing-masing pabrikan nantinya, satu-satunya cara untuk mengetahuinya adalah menunggu sampai tahun depan."""
Klasemen dan Jadwal MotoGP 2026: Race Berikutnya di Aragon!,https://sport.detik.com/moto-gp/d-8620052/klasemen-dan-jadwal-motogp-2026-race-berikutnya-di-aragon,"Sabtu, 15 Agu 2026 16:45 WIB","MotoGP 2026 memasuki paruh kedua musim. Setelah 12 seri berlalu, Jorge Martin masih memimpin klasemen sementara dan akan menghadapi persaingan berikutnya di MotoGP Aragon.

MotoGP Aragon menjadi seri ke-13 MotoGP 2026 dan akan digelar di MotorLand Aragon, 28-30 Agustus 2026. Setelah jeda selama dua pekan usai GP Inggris di Silverstone, para rider kembali bertarung di Spanyol.

Martin datang sebagai pemuncak klasemen setelah mengoleksi 240 poin. Rider Aprilia itu unggul 31 poin atas rekan setimnya, Marco Bezzecchi, yang mengumpulkan 209 poin.

Persaingan papan atas juga cukup ketat. Ai Ogura berada di posisi ketiga dengan 203 poin, diikuti Marc Marquez dengan 200 poin dan Fabio Di Giannantonio dengan 199 poin. Menariknya, lima besar hanya berjarak 41 poin. Artinya, perebutan gelar masih sangat terbuka memasuki GP Aragon.

Berikut klasemen setelah GP Inggris di Silverstone:

MotoGP Aragon dijadwalkan berlangsung pada 28-30 Agustus 2026. Berikut jadwal lengkapnya.

Setelah MotoGP Aragon, para rider langsung memasuki rangkaian jadwal yang cukup padat hingga akhir musim. Mulai dari balapan di San Marino hingga ke Valencia."
"Jelang HUT RI, Ini Pesan Menpora di Peringatan Hari Pramuka",https://sport.detik.com/sport-lain/d-8620017/jelang-hut-ri-ini-pesan-menpora-di-peringatan-hari-pramuka,"Sabtu, 15 Agu 2026 15:45 WIB","Pesan tersebut disampaikan Erick saat membacakan amanat Presiden Prabowo Subianto dalam Upacara Peringatan Hari Pramuka ke-65 dan Jambore Nasional XII.

Momentum Hari Pramuka tahun ini berdekatan dengan peringatan HUT ke-81 Kemerdekaan RI yang jatuh pada 17 Agustus. Karena itu, Pramuka diharapkan tidak hanya menjadi kegiatan ekstrakurikuler, tetapi turut berperan dalam membentuk karakter generasi muda.

""Indonesia Emas 2045 adalah masa depan kalian. Bapak Presiden berpesan agar adik-adik Pramuka terus belajar, berlatih, berkarya, dan menjaga persatuan bangsa,"" kata Erick dalam keterangan tertulisnya, Sabtu (15/8/2026).

Menurut Erick, ada tiga karakter penting yang perlu dimiliki pemuda untuk menyongsong Indonesia Emas 2045, yakni patriotik, gigih, dan berempati. Ketiga nilai tersebut telah masuk dalam Desain Besar Karakter Pemuda Indonesia yang disusun Kemenpora.

Pembentukan karakter, kata Erick, tidak cukup hanya melalui pendidikan di dalam kelas. Pengalaman, latihan, keteladanan, serta lingkungan yang baik juga dibutuhkan sejak bangku sekolah hingga perguruan tinggi.

""Karakter tidak terbentuk dalam satu hari dan tidak cukup hanya melalui pelajaran di dalam kelas. Pembentukan karakter terjadi melalui latihan, pengalaman, keteladanan, dan lingkungan yang baik sejak bangku sekolah hingga perguruan tinggi,"" ujar Erick.

Tantangan pembentukan karakter pemuda semakin besar di tengah perkembangan teknologi dan derasnya arus informasi. Karena itu, Gerakan Pramuka didorong mampu beradaptasi dengan perkembangan zaman tanpa meninggalkan nilai-nilai dasarnya. Disiplin, gotong royong, dan kepedulian sosial tetap menjadi bagian penting dalam pembinaan generasi muda.

Upaya tersebut juga membutuhkan sinergi lintas kementerian, khususnya Kemenpora, Kementerian Pendidikan Dasar dan Menengah, serta Kementerian Pendidikan Tinggi, Sains, dan Teknologi.

Dengan demikian, Pramuka diharapkan tidak berhenti sebagai kegiatan kepanduan, tetapi menjadi salah satu ruang bagi generasi muda untuk membangun karakter dan kemampuan menghadapi tantangan masa depan.

Pesan tersebut disampaikan menjelang HUT ke-81 RI, dengan generasi muda ditempatkan sebagai bagian penting dalam upaya mewujudkan Indonesia Emas 2045.

(mcy/krs)...Tautan telah disalin"
Fajar/Fikri Bidik Kado HUT RI di Kejuaraan Dunia 2026,https://sport.detik.com/raket/d-8619846/fajar-fikri-bidik-kado-hut-ri-di-kejuaraan-dunia-2026,"Sabtu, 15 Agu 2026 13:15 WIB","Fajar Alfian/Muhammad Shohibul Fikri membidik kado spesial untuk Indonesia di Kejuaraan Dunia Bulutangkis 2026. Keduanya ingin mempersembahkan gelar juara dunia bertepatan dengan HUT ke-81 Republik Indonesia.

Kejuaraan Dunia 2026 digelar di Indira Gandhi Stadium, New Delhi, India, 17-23 Agustus. Menariknya, turnamen tersebut dimulai tepat pada 17 Agustus, hari ketika Indonesia merayakan Hari Kemerdekaan.

Fajar/Fikri pun menjadikan momentum tersebut sebagai motivasi tambahan. Mereka bertekad memberikan prestasi terbaik sekaligus mengharumkan nama Indonesia di panggung dunia.

""Ya, pasti ingin (beri kado buat Indonesia). Kalau bisa ya dapat hasil terbaik juara, ya mungkin itu bisa jadi hadiah buat Indonesia ya,"" ujar Fikri saat ditemui di Pelatnas PBSI, Cipayung, Jakarta Timur.

Kejuaraan Dunia 2026 menjadi penampilan perdana Fajar/Fikri sejak resmi berpasangan. Dalam perjalanan sekitar setahun terakhir, pasangan yang kini menempati peringkat dua dunia itu menunjukkan performa konsisten.

Terbaru, Fajar/Fikri meraih dua gelar secara beruntun di Japan Open dan China Open 2026. Di Japan Open, mereka mengalahkan Kim Won Ho/Seo Seung Jae dalam dua gim. Sepekan kemudian, mereka kembali menaklukkan pasangan Korea Selatan tersebut pada final China Open melalui rubber game.

Modal tersebut membuat Fajar/Fikri datang ke New Delhi dengan kepercayaan diri tinggi. Namun, Fikri enggan memasang target secara berlebihan.

""Peluang pasti ada ya, untuk siapa pun peluang itu pasti terbuka lebar. Cuma balik lagi ke masing-masing individu ya, karena World Championships itu ya pertandingan yang cukup sangat ingin diraih,"" kata Fikri.

""Jadi kadang kalau kita terlalu menggebu-gebu juga itu tidak baik. Jadi ya kita harus lebih fokus saja, step by step saja sih.""

Fikri menyadari persaingan Kejuaraan Dunia berbeda dibandingkan turnamen BWF World Tour biasa. Statusnya sebagai salah satu major event membuat setiap pertandingan memiliki tekanan lebih besar.

Karena itu, Fajar/Fikri tidak hanya mewaspadai pasangan-pasangan yang berada di jajaran elite dunia. Pemain di luar kelompok unggulan juga dianggap bisa menjadi ancaman.

""Ya, yang pasti berbeda. World Championships karena itu salah satu major event, jadi pasti berbeda ya. Karena persaingannya jadi lebih ketat lagi, dan kita enggak boleh lengah mau lawan siapa pun,"" tutur Fikri.

""Kita enggak hanya melihat pemain-pemain top saja, mungkin yang di bawah pemain-pemain top juga pasti mereka juga akan menjadi kuda hitam untuk meraih kemenangan. Dan itu sangat berbahaya sih,"" katanya.

Fajar/Fikri juga membawa misi mengakhiri puasa gelar ganda putra Indonesia di Kejuaraan Dunia. Kali terakhir ganda putra Indonesia menjadi juara dunia adalah pada tahun 2019, ketika Hendra Setiawan/Mohammad Ahsan meraih gelar di Basel, Swiss.

Setelah itu, Indonesia gagal merebut emas ganda putra dalam empat edisi berikutnya, yakni 2021, 2022, 2023, dan 2025. Kini giliran Fajar/Fikri yang mencoba memutus penantian tersebut.

Dengan modal dua gelar beruntun di Japan Open dan China Open, Fajar/Fikri berangkat ke India bukan sekadar mengejar prestasi pribadi. Mereka punya kesempatan mengirim kado HUT RI ke-81 dari New Delhi."
Daftar Terkini Wakil Indonesia di Kejuaraan Dunia Bulutangkis 2026,https://sport.detik.com/raket/d-8619808/daftar-terkini-wakil-indonesia-di-kejuaraan-dunia-bulutangkis-2026,"Sabtu, 15 Agu 2026 12:15 WIB","Indonesia mengirimkan 14 wakil ke Kejuaraan Dunia Bulutangkis 2026. Tiga di antaranya berasal dari sektor non-Pelatnas.

Kejuaraan Dunia atau BWF World Championships 2026 berlangsung di Indira Gandhi Stadium, New Delhi, India, pada 17-23 Agustus 2026. Dari 14 wakil Merah Putih, ada kombinasi pemain Pelatnas dan non-Pelatnas.

Tiga wakil non-Pelatnas yang akan memperkuat Indonesia adalah Jonatan Christie, Sabar Karyaman Gutama/Moh. Reza Pahlevi Isfahani, serta Rehan Naufal Kusharjanto/Gloria Emanuelle Widjaja. Jonatan akan tampil di tunggal putra. Sabar/Reza turun di ganda putra, sedangkan Rehan/Gloria menjadi wakil ganda campuran.

Indonesia membawa misi meraih gelar juara dunia tahun ini. Salah satu sektor yang menjadi tumpuan adalah ganda putra.

Harapan itu semakin besar setelah Fajar Alfian/Muhammad Shohibul Fikri tampil impresif dalam dua turnamen terakhir. Mereka sukses menjadi juara Japan Open 2026, lalu mempertahankan gelar China Open 2026.

Fajar/Fikri mengalahkan Kim Won Ho/Seo Seung Jae pada dua final tersebut. Di China Open, mereka menang melalui pertarungan tiga gim dengan skor 16-21, 21-19, 21-19.

Momentum tersebut membuat Fikri semakin percaya diri menatap Kejuaraan Dunia. Tapi ia mengakui target juara tetap membawa beban tersendiri.

""Iya (target juara). Beban pasti ada. Cuma dari kemarin-kemarin kan juga sudah ditarget-target harus ada yang juara, juara ya, sudah terbiasa sih jadi ya sudahlah,"" kata Fikri saat ditemui di Pelatnas PBSI, Cipayung, Jakarta Timur.

Tim bulutangkis Indonesia dijadwalkan terbang ke India pada Sabtu (15/8/2026). Mereka akan berjuang selama sepekan untuk memperebutkan gelar juara dunia."
Indonesia Dapat Tambahan 3 Wakil di Kejuaraan Dunia Bulutangkis 2026,https://sport.detik.com/raket/d-8619740/indonesia-dapat-tambahan-3-wakil-di-kejuaraan-dunia-bulutangkis-2026,"Sabtu, 15 Agu 2026 11:15 WIB","Kejuaraan Dunia Bulutangkis 2026 digelar di Indira Gandhi Stadium, New Delhi, India, pada 17-23 Agustus. Sebelumnya, Indonesia memiliki 11 wakil yang mendapat kesempatan tampil di ajang tersebut.

Jumlah itu kemudian bertambah setelah BWF memberikan undangan kepada Isyana Syahira Meida/Rinjani Kwinnara Nastine di ganda putri, serta Bimo Prasetyo/Arlya Nabila Thesya Munggaran dan Rehan Naufal Kusharjanto/Gloria Emanuelle Widjaja di ganda campuran. Dengan tambahan tersebut, Indonesia kini memiliki 14 wakil di Kejuaraan Dunia 2026.

Bagi pemain muda seperti Bimo/Thesya dan Isyana/Rinjani, kesempatan tersebut menjadi kabar menggembirakan. Mereka antusias mendapat kesempatan tampil di panggung Kejuaraan Dunia.

""Alhamdulilah rasanya senang banget bisa dapat kesempatan bisa main di Kejuaraan Dunia,"" ungkap Thesya dalam keterangan tertulis federasi, Sabtu (15/8/2026).

""Kaget banget pastinya, tidak menyangka bisa main di Kejuaraan Dunia tahun ini. Kami tidak sabar untuk merasakan atmosfernya,"" Isyana menimpali.

Tambahan kesempatan tampil di Kejuaraan Dunia tidak membuat persiapan para pemain menjadi berantakan. Baik Bimo/Thesya maupun Isyana/Rinjani menyebut latihan intensif di Pelatnas tetap berjalan.

Bimo/Thesya sebelumnya memang dipersiapkan untuk tampil di dua turnamen di Pontianak pada akhir Agustus hingga awal September. Namun, kesempatan tampil di New Delhi membuat mereka harus mengubah fokus lebih cepat.

""Kami sedang persiapan ke dua turnamen di Pontianak pada akhir Agustus sampai awal September. Lalu tiba-tiba harus main di Kejuaraan Dunia pastinya kami siap. Paling lebih disiapkan mental, kerja keras dan yakinnya,"" kata Thesya.

Sementara itu, Isyana/Rinjani ingin memanfaatkan kesempatan tersebut untuk menambah pengalaman di level tertinggi. ""Kami mau ambil pelajaran dan pengalaman yang banyak di Kejuaraan Dunia ini. Harapannya bisa memberikan permainan terbaik dan hasil terbaik juga,"" ujar Isyana.

Isyana/Rinjani sendiri bukan pasangan baru di level internasional. Mereka sudah menunjukkan performa positif sepanjang musim, termasuk menembus perempatfinal Thailand Open 2026 yang berlevel Super 500.

Dengan tambahan tiga wakil tersebut, kekuatan Indonesia di Kejuaraan Dunia 2026 pun bertambah. Bukan hanya jumlah pemain yang meningkat, tetapi juga muncul kesempatan bagi para pemain untuk merasakan langsung atmosfer salah satu panggung terbesar dalam bulutangkis dunia.

(mcy/krs)...Tautan telah disalin"
"Tanda Tanya soal MotoGP Qatar 2026, Terkait Situasi di Timur Tengah",https://sport.detik.com/moto-gp/d-8619635/tanda-tanya-soal-motogp-qatar-2026-terkait-situasi-di-timur-tengah,"Sabtu, 15 Agu 2026 10:15 WIB","Muncul kabar soal kemungkinan memindahkan seri MotoGP Qatar 2026. Situasi geopolitik di Timur Tengah membuat balapan di Sirkuit Lusail kembali berada dalam tanda tanya.

Seri MotoGP Qatar saat ini masih tercantum dalam kalender MotoGP 2026. Balapan dijadwalkan berlangsung pada 6-8 November, dengan Lusail International Circuit tetap menjadi venue resmi. Tapi MotoGP disebut tengah menyiapkan opsi lain jika situasi di kawasan tersebut tidak memungkinkan balapan digelar di Qatar.

Sebelumnya, MotoGP Qatar 2026 seharusnya menjadi seri keempat MotoGP 2026 pada 10-12 April. Tapi balapan tersebut kemudian ditunda akibat situasi geopolitik di Timur Tengah dan dipindahkan ke November.

Keputusan tersebut juga membuat jadwal dua seri terakhir musim ini berubah. MotoGP Portugal di Portimao digeser ke 20-22 November, sedangkan seri penutup di Valencia berlangsung pada 27-29 November. Kini, persoalannya kembali muncul menjelang pelaksanaan MotoGP Qatar.

Jika MotoGP akhirnya memindahkan MotoGP Qatar, persoalannya bukan sekadar mencari sirkuit yang memenuhi standar. Sirkuit pengganti harus tersedia pada waktu yang sesuai, mampu menggelar satu pekan penuh MotoGP, serta memberi waktu yang cukup bagi tim untuk memindahkan motor dan seluruh perlengkapan mereka.

Merujuk informasi dariVisordown, jadwal November juga sudah sangat padat. Setelah Qatar pada 8 November, MotoGP dijadwalkan menuju Portimao pada 22 November, sebelum menutup musim di Valencia pada 29 November.

Carmelo Ezpeleta selaku CEO MotoGP menyebut situasi tersebut menjadi persoalan tersendiri karena sebagian besar sirkuit Eropa sudah memiliki agenda pada periode tersebut. ""Kami berada di titik tahun ketika sebagian besar sirkuit Eropa sudah terisi,"" ujar Ezpeleta, seperti dikutip dari laporan tersebut.

Selain persoalan ketersediaan sirkuit, jarak antarlokasi juga menjadi tantangan logistik. Peralatan MotoGP harus sudah siap dikirim ke Portugal hanya sekitar dua pekan setelah jadwal Qatar.

Meski opsi pemindahan sedang dipertimbangkan, MotoGP Qatar 2026 sejauh ini masih dijadwalkan berlangsung 6-8 November di Lusail. Venue lain baru menjadi opsi cadangan jika kondisi tidak memungkinkan.

Ezpeleta juga disebut masih lebih memilih MotoGP tetap datang ke Qatar ketimbang menghapus balapan tersebut dari kalender 2026. Keputusan mengenai lokasi GP Qatar disebut diharapkan bisa ditentukan paling lambat akhir Agustus. Artinya, waktu bagi MotoGP dan tim untuk melakukan persiapan semakin terbatas.

Jika Qatar akhirnya dipindahkan, perubahan tersebut juga berpotensi berdampak pada kalender MotoGP 2027. Qatar saat ini dijadwalkan menjadi seri kedua musim 2027, setelah Thailand. Karena itu, keberlanjutan Qatar sebagai tuan rumah MotoGP bisa kembali menjadi pertanyaan jika situasi geopolitik di kawasan tersebut belum membaik."
Fearless Padel Festival 2026: Karena Padel Tak Lagi Sekadar Olahraga,https://sport.detik.com/sportstyle/d-8619577/fearless-padel-festival-2026-karena-padel-tak-lagi-sekadar-olahraga,"Sabtu, 15 Agu 2026 09:05 WIB","Padel bukan lagi sekadar olahraga masyarakat urban Tanah Air. Tapi, padel sudah menjadi gaya hidup.

Hal itu yang mendasari diadakannya Fearless Padel Festival 2026, 14-16 Agustus, di Athletiqs Airdome, Jakarta. Mengusung konsep festival olahraga, ajang ini tidak sekadar menghadirkan pertandingan, tetapi juga hiburan dan ruang berkumpul bagi pemain, komunitas, hingga masyarakat umum.

Menyediakan hadiah total Rp 600 juta, kompetisi ini dibuat dengan berbagai kategori agar pemain dari beragam level dapat merasakan atmosfer pertandingan.

Untuk kategori putra terdapat Open, Silver, dan Bronze. Sementara kategori putri meliputi Open, Bronze, Lower Bronze, dan Celebrity. Ada pula Mixed Upper Beginner serta kategori youth U14 dan U16 boys.

Khusus pemain pemula, Fearless menghadirkan women's beginner, men's upper beginner, dan fixed mixed upper beginner yang bersifat invitation only. Konsep tersebut dirancang agar pemain yang baru mengenal turnamen dapat memperoleh pengalaman kompetitif dalam suasana yang lebih nyaman.

Direktur Utama PT Elang Kreasi Indonesia, Lita Novita, mengatakan pihaknya bersyukur penyelenggaraan Fearless Padel Festival dapat dimulai dengan baik.

""Kami berharap kegiatan sampai hari Minggu nanti bisa memfasilitasi semua atlet dan pemain, mulai dari beginner sampai open tournament, bisa menjadi lebih baik dan memberikan inspirasi untuk banyak orang,"" ujar Lita dalam keterangan kepadadetikSport.

Menurut Lita, pesatnya pertumbuhan padel menjadi salah satu alasan utama digelarnya Fearless. Ia melihat semakin banyak masyarakat yang mengambil bagian dalam olahraga tersebut.

Menariknya, padel dinilai bukan sekadar aktivitas fisik. Olahraga yang dimainkan secara berpasangan ini juga membuka ruang interaksi sosial, memperluas relasi, sekaligus mempererat silaturahmi.

Pandangan tersebut sejalan dengan Deputi Bidang Peningkatan Prestasi Olahraga Kemenpora, Surono, yang mengapresiasi penyelenggaraan kompetisi padel yang dinilai penting untuk membangun ekosistem olahraga.

Menurutnya, kompetisi bukan hanya menjadi arena untuk menentukan pemenang dan pecundang. Lebih dari itu, kompetisi dapat menjadi instrumen untuk mengidentifikasi talenta, mengukur perkembangan kemampuan atlet, sekaligus memetakan potensi prestasi secara berkelanjutan.

Surono juga menyoroti pentingnya pendataan atlet secara terintegrasi, mulai dari tempat latihan, pelatih, perkembangan prestasi hingga rekam jejak pertandingan.

Pertumbuhan padel, lanjutnya, juga membuka peluang besar di sektor sport tourism dan sport industry. Semakin besar komunitas, semakin tinggi pula kebutuhan terhadap fasilitas, perlengkapan, pelatih, penyelenggara event, sponsorship, media, hingga berbagai jasa pendukung olahraga.

Sementara itu, Wakil Ketua Umum I Perkumpulan Besar Padel Indonesia (PBPI), Mochtar Sarman, menegaskan bahwa padel memiliki peluang besar untuk berkembang sebagai olahraga prestasi.

PBPI bahkan telah mencatat prestasi dengan meraih peringkat ketiga untuk tim putri pada tahun sebelumnya. Dalam waktu dekat, tim Indonesia juga akan menghadapi Asian Games, yang menjadi momentum penting bagi perkembangan padel nasional.

Persiapan pun dilakukan secara serius. Para atlet dikirim berlatih ke Spanyol dan PBPI menghadirkan pelatih kepala asal Spanyol untuk meningkatkan kualitas tim.

Di luar pertandingan, Fearless Padel Festival juga menawarkan pengalaman festival. Pengunjung dapat menyaksikan pertandingan berbagai level sekaligus menikmati hiburan. Puncaknya, Mollucan akan tampil di acara penutup Minggu (16/8) pukul 19.30 WIB.

Dengan konsep yang memadukan kompetisi, komunitas, hiburan, dan gaya hidup, Fearless Padel Festival 2026 berambisi menjadi lebih dari sekadar turnamen.

""Bertandinglah penuh dengan sportivitas, dengan fair play, tapi yang paling penting harus have fun,"" kata Mochtar."
Prediksi Pol Espargaro: Para Jagoan MotoGP Bisa Keteteran di Era Baru 2027,https://sport.detik.com/moto-gp/d-8618856/prediksi-pol-espargaro-para-jagoan-motogp-bisa-keteteran-di-era-baru-2027,"Jumat, 14 Agu 2026 21:50 WIB","MotoGP memasuki era baru pada 2027. Perubahan regulasi yang besar diyakini bisa mengacak-acak peta persaingan, bahkan membuat para jagoan saat ini kesulitan beradaptasi.

Prediksi tersebut disampaikan test rider KTM, Pol Espargaro. Menurutnya, pembalap yang saat ini tampil cepat belum tentu kembali menjadi yang terdepan ketika regulasi baru berlaku. Sebaliknya, pembalap yang naik dari Moto2 justru berpotensi memiliki keuntungan pada awal musim 2027.

Pol menjadi salah satu test rider yang sudah menjalani cukup banyak pengujian motor 850 cc dan ban Pirelli untuk MotoGP 2027. Ia juga merasakan kembali motor MotoGP 1.000 cc saat tampil sebagai pengganti Maverick Vinales di Silverstone. Pengalaman tersebut membuat Pol melihat perbedaan karakter motor 2026 dan 2027 sangat besar.

""Ini dunia yang berbeda. Tahun depan bisa saja terjadi bahwa pembalap yang tidak tampil bagus tahun ini justru akan sangat cepat tahun depan,"" kata Pol seperti diprediksiCrash.net.

""Dan sebaliknya. Pembalap yang sangat cepat tahun ini, belum tentu akan tampil bagus tahun depan. Motornya berubah sangat besar, tenaganya jauh berkurang, ban memaksa Anda berkendara dengan cara yang sangat berbeda,"" ujarnya.

Mulai 2027, MotoGP menggunakan mesin 850 cc, turun dari 1.000 cc saat ini. Pemasok ban juga berubah dari Michelin menjadi Pirelli. Regulasi aerodinamika diperketat dan perangkatride-heightdilarang.

Perubahan tersebut membuat cara mengendarai motor ikut berubah. Pol menilai pembalap MotoGP yang sudah bertahun-tahun terbiasa dengan motor 1.000 cc dan ban Michelin akan membutuhkan waktu untuk beradaptasi.

""Akan sulit bagi para pembalap yang saat ini berada di kategori MotoGP untuk beradaptasi setelah bertahun-tahun menggunakan Michelin,"" ucap Espargaro.

""Pembalap yang akan naik dari Moto2 akan memiliki keuntungan besar pada awalnya, karena cara berkendaranya. Saya merasa motor ini lebih mendekati Moto2 dibandingkan MotoGP saat ini,"" ujarnya.

Pirelli sendiri sudah menjadi pemasok ban Moto2 dan Moto3. Karena itu, para pembalap yang naik dari Moto2 akan datang ke MotoGP dengan pengalaman menggunakan ban yang sama.

Namun, keuntungan tersebut menurut Pol lebih mungkin terasa pada fase awal. Setelah para pembalap dan tim semakin memahami karakter motor baru, persaingan diperkirakan kembali semakin ketat.

Dengan demikian, MotoGP 2027 berpotensi menjadi titik balik besar. Nama besar dan performa musim ini belum tentu menjadi jaminan untuk kembali berjaya di era 850 cc. Bahkan, para rookie Moto2 bisa saja langsung mencuri perhatian."
Quartararo Mantap Tinggalkan Yamaha di Tes Valencia,https://sport.detik.com/moto-gp/d-8618784/quartararo-mantap-tinggalkan-yamaha-di-tes-valencia,"Jumat, 14 Agu 2026 20:50 WIB","Fabio Quartararobelum lama ini diumumkan sebagai pebalap baru Honda pabrikan. Quartararo membuat keputusan meninggalkanYamahadi Valencia tahun lalu.

Bintang balap motor Prancis itu akan bernaung di Honda usai menyepakai kontrak dua tahun selama 2027-2028. Kepergian Quartararo dilatarbelakangi performa Yamaha yang tidak kunjung membaik. Quartararo terus merosot usai juara dunia MotoGP 2021 dan finis runner-up semusim berikutnya.

Quartararo sudah 84 seri berturut-turut gagal memenangi balapan atau sekitar empat tahun lamanya. Terakhir kali, Quartararo naik podium tertinggi ketika menaklukkan Sachsenring di 2022.

Naamun, kepindahanFabio Quartararodari Yamaha ke Honda dipertanyakan banyak pihak. Apalagi, Honda juga terpuruk sampai-sampai membuat pebalap ikoniknya, Marc Marquez, terpaksa hengkang pada tiga tahun lalu.

Di tes Valencia pada November 2025 kesabaran Quartararo akhirnya habis.El Diabloyakin untuk angkat kaki karena peningkatan motor yang tidak signifikan.

""Di tes Valencia tahun lalu, aku merasa aku membutuhkan sesuatu yang baru. Saat itulah aku memutuskan untuk berpisah dengan Yamaha,"" ungkap Quartararo kepadaCrash.""Ketikaitu, aku tidak tahu persis ke tim mana aku akan bergabung, tapi aku tahu bahwa aku ingin ganti tim, dan kupikir itu adalah momen yang tepat.""

""Terus terang, aku tidak banyak bersenang-senang. Terutama karena aku adalah orang yang sangat kompetitif, dan bahkan ketika aku memaksa sekeras mungkin, aku melihat pebalap lain menyalipku padahal aku bisa saja lebih kencang.""

""Pada tahun lalu, kami tidak banyak membuat manuver overtaking juga, tapi musim ini kurasa aku belum menyalip siapapun -- maksudku sebuah manuver menyalip yang nyata, dan kemudian menjaga posisiku. Aku menikmati ketika aku tahu aku bisa bersaing untuk sesuatu, itulah mengala aku tidak bersenang-senang sekarang,"" sungut Quartararo.

Hasil menyakitkan dideritaFabio QuartararodiMotoGP2026. Dalam 12 seri pertama, Quartararo mentok finis kelima yang dicapai sekali pada seri Catalunya. Quartararo tiga kali gagal finis di luar zona poin dan dua kaliretired,sehingga kini menempati posisi 14 di klasemen."
Bagaimana Kiprah Pereli Indonesia di AXCR 2026?,https://sport.detik.com/sport-lain/d-8619150/bagaimana-kiprah-pereli-indonesia-di-axcr-2026,"Jumat, 14 Agu 2026 20:15 WIB","Asia Cross Country Rally (AXCR) 2026sudah menjalankan paruh pertama kompetisi. Bagaimana kiprah pereli IndonesiaMemen Harianto?

Mewakili Indonesia di ajang AXCR 2026, Memen yang mengendarai Toyota Hilux Revo mampu mempertahankan laju kompetitif sedari awal balapan, Minggu (9/8) sekaligus memperlebar keunggulannya di kelas T1G FFA bensin.

Memasuki Leg 4 yang berlangsung Kamis (13/8), Memen kembali mencatat hasil positif dengan menjadi pemenang di kelas T1G FFA bensin. Dia mengawali etape dari posisi start overall ke-11 dan menyelesaikan etape di posisi ke-13 overall pada klasemen gabungan kendaraan diesel dan bensin.

Hasil tersebut menjadi puncak dari performa yang terus meningkat sejak awal reli. Pada hari pertama, Memen masih tertinggal sekitar tiga menit dari rival terdekat. Namun, situasi berubah pada hari kedua ketika ia mampu mengambil alih keunggulan sekitar satu menit.

Tekanan terus diberikan pada hari berikutnya. Keunggulannya bertambah menjadi delapan menit pada hari ketiga dan kembali melebar hingga 14 menit setelah menyelesaikan Leg 4.

""Persaingannya sangat rapat banget. Antar peserta waktunya mepet-mepet,"" ujar Memen dalam rilis kepadadetikSport.

Menariknya, pencapaian tersebut diraih bukan tanpa hambatan. Pada Leg 1, Memen sempat kehilangan waktu setelah wiper Toyota Hilux tidak mampu membersihkan kaca depan yang dipenuhi lumpur. Setelah menghentikan mobil, ia baru menyadari plastik pelindung pada wiper ternyata belum dilepas.

Akibat insiden tersebut, posisinya sempat dilewati 4-5 peserta.

Persoalan teknis kembali muncul pada hari kedua. CV joint kiri pada as roda depan mengalami kerusakan ketika mobil melaju di lintasan licin dan berlumpur. Kondisi tersebut bahkan membuat Hilux sempat tersangkut di area sawah selama kurang lebih 10 menit karena tidak menemukan titik winching.

Alih-alih mengendur, Memen justru mampu bangkit pada Leg 3. Berangkat dari posisi ke-23, ia berhasil memperbaiki posisi hingga finis di urutan ke-11 overall.

Karakter lintasan yang menyerupai trek sprint rally di Indonesia turut membantu gaya balap Memen. Namun, tantangan belum selesai. Pada SS3, gearbox sempat terkunci di gigi empat ketika jarak menuju finis masih sekitar 40-50 kilometer.

Memen pun harus menyelesaikan sisa etape tanpa menggunakan gigi empat hingga mencapai garis finis.

""Kalau tidak ada issue, harusnya aman. Catatan waktunya rapat banget,"" katanya.

Selain masalah gearbox, sistem AC Toyota Hilux juga mengalami kendala sejak Leg 3 dan masih dalam proses perbaikan.

Di tengah berbagai persoalan tersebut, Memen memilih pendekatan yang lebih terukur. Ia menyadari karakter kendaraan lawan, termasuk Suzuki Jimny, memiliki keunggulan tersendiri dalam menghadapi sejumlah kondisi lintasan.

Karena itu, strategi Memen bukan hanya mengejar waktu tercepat, tetapi juga menjaga mobil tetap berada dalam kondisi yang memungkinkan untuk menyelesaikan setiap etape.

Dengan separuh perjalanan AXCR 2026 telah dilewati, Memen kini memiliki modal penting berupa keunggulan 14 menit di kelasnya. Tantangan berikutnya adalah mempertahankan konsistensi Toyota Hilux Revo agar bisa mencapai garis finis."
5 Rider Ini Belum Dapat Kursi MotoGP 2027,https://sport.detik.com/moto-gp/d-8618916/5-rider-ini-belum-dapat-kursi-motogp-2027,"Jumat, 14 Agu 2026 19:50 WIB","Sampai pertengahan MotoGP 2026, masa depan kelima rider ini masih jadi tanda tanya. Mereka belum dapat kursi di MotoGP 2027.

Mereka adalah Brad Binder, Franco Morbidelli, Jack Miller, Ãlex Rins, dan Maverick ViÃ±ales. Grid MotoGP 2027 memang belum diumumkan secara lengkap resmi, tapi mayoritas kursi sudah mulai terisi dan peta persaingan semakin jelas.

Sehubungan dengan itu, ada pula yang terindikasi tidak kebagian kursi lagi di MotoGP. Di antaranya, ada yang sudah condong terjun ke ajang lain jika tidak lagi di MotoGP meski ada pula yang masih tanda tanya.

Berikut para sosok tersebut, merangkum informasi dariMotosan, situs resmi WSBK, danSky Sports.

Brad Binder menjadi salah satu nama yang disebut bakal meninggalkan MotoGP. Pembalap KTM itu dikabarkan telah mencapai kesepakatan dengan BMW untuk pindah ke WorldSBK. Binder disebut akan menggantikan Danilo Petrucci.

Franco Morbidelli juga masuk dalam daftar pembalap yang berpotensi pindah ke WorldSBK. Rider Italia itu dikaitkan dengan Aruba.it Racing Ducati untuk menggantikan NicolÃ² Bulega.

Bulega sendiri justru menjadi salah satu nama yang berpeluang muncul di grid MotoGP 2027.

Jack Miller menjadi nama yang statusnya paling jelas. Rider asal Australia tersebut telah mengumumkan akan meninggalkan MotoGP setelah musim 2026. Tujuannya diyakini mengarah ke WorldSBK, meski kesepakatan final belum diumumkan.

Miller disebut mendapat tawaran dari Yamaha untuk bergabung dengan tim Crescent bersama Andrea Locatelli. Jika terwujud, posisi Xavi Vierge di tim tersebut terancam.

Namun, pembicaraan Miller dengan Yamaha masih berkaitan dengan detail finansial. Miller sendiri menegaskan belum ingin meninggalkan dunia balap.

""Selama bertahun-tahun berkompetisi, cara berkendara, balapan, dan levelnya telah berubah. Anda selalu berusaha untuk terus beradaptasi dan mempelajari keterampilan baru.

""Mungkin waktu saya di MotoGP sudah berakhir, tetapi saya masih merasa memiliki lebih banyak hal untuk diberikan kepada olahraga ini. Saya masih memiliki beberapa hal yang ingin saya lakukan secara pribadi dalam hal balapan, sebelum saya bisa menggunakan pengetahuan dan pengalaman yang saya miliki untuk mencoba membantu mengembangkannya.""

Ãlex Rins juga menghadapi situasi sulit. Kariernya di MotoGP beberapa musim terakhir terganggu cedera kaki serius. Di saat bersamaan, Yamaha juga belum mampu memberikan motor yang kompetitif secara konsisten.

Rins sebelumnya sudah mengonfirmasi tidak akan bertahan bersama Yamaha di MotoGP. Ia pun mulai mencari peluang di WorldSBK. Rins dikaitkan dengan tim Go Eleven yang menggunakan Ducati. Namun, belum ada kesepakatan resmi yang diumumkan.

Jika benar pindah, Rins akan meninggalkan MotoGP setelah menjalani karier panjang di kelas utama.

Maverick ViÃ±ales menjadi kasus paling rumit. Pembalap Tech3 KTM itu awalnya diproyeksikan tetap bersama KTM untuk era baru 2027. Namun, rencana tersebut berubah setelah KTM memilih menyusun komposisi pembalap lain untuk proyek mereka.

ViÃ±ales pun kini berada dalam posisi tanpa kursi untuk MotoGP 2027. Ia bahkan sempat mengaku kelelahan dengan situasi yang terjadi.

""Saya merasa lelah dan saya tidak yakin akan melanjutkan,"" ujar ViÃ±ales dalam wawancara dengan Sky Sport pada Juli lalu.

Meski demikian, masa depan ViÃ±ales belum sepenuhnya berakhir. Ia juga tidak disebut akan pindah ke WorldSBK, sehingga pilihannya menjadi semakin terbatas. Dengan situasi tersebut, MotoGP 2027 berpotensi menghadirkan perubahan besar di grid.

Binder, Morbidelli, Miller, Rins, dan ViÃ±ales merupakan lima nama yang terancam kehilangan kursi. Sebagian bisa berlanjut ke WorldSBK. Sebagian lainnya masih mencari jalan keluar."
Jonatan Christie: Persaingan di Tunggal Putra Semakin Terbuka,https://sport.detik.com/raket/d-8618770/jonatan-christie-persaingan-di-tunggal-putra-semakin-terbuka,"Jumat, 14 Agu 2026 18:50 WIB","Jonatan Christie menilai persaingan tunggal putra dunia saat ini semakin terbuka. Kondisi tersebut membuat pemain non-unggulan pun memiliki peluang yang sama untuk menjadi juara.

Pandangan itu disampaikan Jonatan di tengah persiapannya menuju Kejuaraan Dunia 2026 di New Delhi, India, yang berlangsung 17-23 Agustus. Dalam beberapa tahun sebelumnya, persaingan tunggal putra sempat didominasi sejumlah nama besar.

Kento Momota dan Viktor Axelsen menjadi dua pemain yang cukup konsisten berada di papan atas dan meraih gelar di berbagai turnamen BWF World Tour. Tapi kini peta persaingan berubah. Jonatan melihat semakin banyak pemain dari berbagai negara yang mampu bersaing di level atas.

""Di satu sisi, ini bagus. Karena seharusnya ada lebih banyak kejutan. Terutama tunggal putra, di mana ada banyak pemain yang tidak hanya unggulan yang juara, yang bukan unggulan pun memiliki kesempatan yang sama,"" ujar Jonatan saat ditemui di kawasan Kelapa Gading, Jakarta Utara.

Bagi Jonatan, persaingan yang lebih merata justru membuat pertandingan semakin menarik sejak babak awal. Tidak adanya satu pemain yang terlalu dominan membuat setiap pertandingan sulit diprediksi.

""Jadi, menurut saya ini adalah salah satu hal baik untuk bulutangkis. Dan semakin seru lagi karena di babak-babak awal bisa ketemu dengan level yang sama,"" kata Jonatan yang menempati seeded ketiga di World Championships 2026.

Situasi tersebut juga menjadi motivasi tambahan bagi Jonatan. Menurutnya, ketika persaingan semakin terbuka, konsistensi dan kesiapan dalam setiap pertandingan menjadi sangat penting.

Jonatan sendiri akan kembali tampil di Kejuaraan Dunia setelah pada edisi 2025 berhasil mencapai perempatfinal. Saat itu langkahnya terhenti setelah kalah dari Kunlavut Vitidsarn dalam pertarungan tiga gim.

Kejuaraan Dunia 2026 menjadi penampilan keenam Jonatan di ajang tersebut. Sebelumnya, ia tampil pada 2018, 2019, 2022, 2023, dan 2025.

Dari lima penampilan sebelumnya, tiga kali Jonatan terhenti di perempatfinal, yakni pada 2019, 2022, dan 2025. Sementara pada 2018 dan 2023, langkahnya terhenti di babak pertama.

Kini, Jonatan kembali ke panggung Kejuaraan Dunia dengan melihat persaingan yang semakin terbuka. Bukan hanya para unggulan yang berpeluang menjadi juara. Pemain nonunggulan pun bisa membuat kejutan."
Jonatan dan Tantangan Berat Kejuaraan Dunia 2026,https://sport.detik.com/raket/d-8618256/jonatan-dan-tantangan-berat-kejuaraan-dunia-2026,"Jumat, 14 Agu 2026 15:15 WIB","Jonatan Christie mendapat tantangan berat di Kejuaraan Dunia 2026. Jika jalur undian berjalan sesuai skenario, tunggal putra Indonesia itu berpotensi bertemu Lin Chun-Yi di babak 16 besar dan Victor Lai pada perempatfinal.

Kedua pebulutangkis tersebut menjadi ganjalan Jonatan dalam beberapa turnamen terakhir. Lin Chun-Yi menjadi lawan yang belum berhasil ditaklukkan Jonatan dalam tiga pertemuan terakhir. Mereka bertemu di China Masters 2025, India Open 2026, dan All England 2026.

Sementara itu, Victor Lai juga dua kali mengalahkan Jonatan pada 2026. Pertemuan pertama terjadi di final Indonesia Open pada 7 Juni. Jonatan gagal meraih gelar setelah takluk dari wakil Kanada itu dengan skor 19-21, 8-21.

Keduanya kembali berhadapan di China Open pada Juli. Kali ini, Jonatan kembali gagal menang setelah disingkirkan Lai di perempatfinal dengan skor 14-21, 17-21. Hasil tersebut juga dikonfirmasi PBSI. Catatan tersebut membuat Lin Chun-Yi dan Victor Lai menjadi dua nama yang patut diwaspadai Jonatan jika kembali bertemu di Kejuaraan Dunia.

""Tentu ini (Lin Chun Yi dan Victor Lai) jadi tantangan bagi saya,"" kata Jonatan saat ditemui di kawasan Kelapa Gading, Jakarta Utara.

Meski demikian, Jonatan tidak ingin terlalu jauh memikirkan potensi pertemuan tersebut. Fokusnya tetap melewati pertandingan-pertandingan awal terlebih dahulu.

Namun, Jojo mengaku sudah menyiapkan strategi jika akhirnya kembali berhadapan dengan Lin atau Victor. ""Ya, sudah. Rencana A, Rencana B. Karena lawan yang awal kalah tiga kali, menghadapi Victor juga kalah dua kali. Secara otomatis, saya belajar dari kekalahan-kekalahan itu. Saya juga berdiskusi dengan tim segala macam,"" tuturnya.

Pengalaman dari kekalahan sebelumnya menjadi bahan Jonatan bersama tim untuk memetakan permainan kedua lawannya. ""Seperti apa kebiasaannya? Bagaimana cara bermainnya? Dan kondisi di India, lapangan yang terakhir yang kami gunakan, seperti apa kondisinya? Jadi, mungkin gambaran keseluruhannya sudah ada. Mungkin cara pelaksanaannya saja,"" ujar juara Asia 2024 ini.

Persiapan tersebut mencakup kebiasaan dan gaya bermain lawan, termasuk kondisi lapangan yang akan digunakan di India. Dengan persiapan itu, Jonatan berharap strategi yang sudah disusun bersama tim bisa diterapkan dengan baik jika harus kembali menghadapi salah satu dari kedua pemain tersebut.

""Jadi mungkin berharapnya bisa sesuai dengan apa yang sudah disiapkan,"" Jonatan mempertegas.

Kejuaraan Dunia 2026 pun menjadi kesempatan Jonatan untuk memutus tren kurang baik saat menghadapi dua lawan tersebut. Namun sebelum memikirkan Lin Chun-Yi atau Victor Lai, Jonatan harus lebih dulu melewati setiap pertandingan di depannya."
"Penjaga Seni Beladiri Layak Bersinar, Ajukan di DPD RI Awards 2026",https://sport.detik.com/sportstyle/d-8618480/penjaga-seni-beladiri-layak-bersinar-ajukan-di-dpd-ri-awards-2026,"Jumat, 14 Agu 2026 14:42 WIB","Di balik gerakan silat yang diwariskan dari satu generasi ke generasi berikutnya, ada sosok-sosok yang tak kenal lelah menjaga agar seni bela diri tradisional tetap hidup di tengah perubahan zaman.

Pencak silat sendiri merupakan seni bela diri berasal dari Indonesia yang ditetapkan UNESCO sebagai warisan budaya tak benda (WBTb). Penetapan itu dilakukan pada sidang ke-14 Intergovernmental Committee for the Safeguarding of the Intangible Cultural Heritage, yang berlangsung di Bogota, Kolombia, 9-14 Desember 2019.

Selain pencak silat, seni beladiri dan olahraga tradisional juga perlu dijaga. Sosok-sosok di baliknya bukan sekadar mengajarkan teknik bertarung, tetapi juga merawat nilai, tradisi, dan identitas. Sosok seperti inilah yang layak mendapat panggung lebih luas melalui DPD RI Awards 2026.

Pendaftaran DPD RI Awards 2026 masih dibuka hingga 21 Agustus mendatang. Ada 4 kategori penghargaan pada DPD RI Awards 2026. Apa saja?

Publik dapat mengusulkan sosok-sosok yang menjadi penggerak di daerah untuk DPD RI Awards 2026 melalui formulir pada laman resmihttp://awards.dpd.go.id. Pendaftaran dibuka hingga 21 Agustus pukul 23.59 WIB.

""Melalui DPD RI Awards 2026, DPD RI berharap semakin banyak sosok yang telah bekerja dan berkarya bagi masyarakat mendapatkan apresiasi sekaligus menjadi inspirasi bagi daerah lainnya,"" tulis DPD dalam keterangan tertulis, Jumat (14/8/2026).

Ada 4 kategori penerima DPD RI Awards 2026. Berikut penjelasannya:

1. Inovator Pendidikan Non-Formal/Pendidikan Luar Sekolah

Kategori pertama adalah bidang pendidikan. Penghargaan ini akan diberikan kepada individu yang memiliki dedikasi dan berkontribusi dalam pendidikan nonformal.

""Penghargaan diberikan kepada Inovator Pendidikan Nonformal/Pendidikan Luar Sekolah yang berdedikasi dalam mengembangkan pendidikan nonformal dan memperluas kesempatan belajar bagi masyarakat,"" tulis DPD RI.

2. Inovator Teknologi Kesehatan

DPD RI Awards 2026 juga diberikan kepada tokoh yang menghadirkan di bidang kesehatan. Penghargaan akan diberikan kepada mereka yang menjadi inovator teknologi kesehatan.

""Diberikan kepada individu, profesional atau akademisi yang menghasilkan inovasi di bidang kesehatan melalui riset klinis maupun laboratorium, termasuk penemuan obat, terapi, atau alat kesehatan yang memberikan manfaat bagi masyarakat,"" jelas DPD.

3. Penggerak Desa Mandiri Pangan

Selanjutnya adalah bidang ketahanan pangan. Penghargaan akan diberikan kepada tokoh yang menjadi penggerak dalam membangun desa mandiri pangan.

""Ditujukan kepada Penggerak Desa Mandiri Pangan yang mendorong kemandirian pangan melalui pemanfaatan potensi pangan lokal, pemberdayaan masyarakat, dan penguatan ketahanan pangan secara berkelanjutan,"" katanya.

4. Pelestari Budaya Daerah

Kategori terakhir adalah bidang seni dan budaya. Penghargaan ini akan diberikan kepada individu yang melestarikan hingga mempromosikan budaya daerah.

""Diberikan kepada individu yang memiliki inovasi dalam pengembangan dan pelestarian budaya daerah serta berperan aktif dalam mempromosikan budaya daerah di tingkat nasional maupun internasional,"" jelas DPD.

DPD RI juga akan menghadirkan Special Recognition Awards bagi tokoh, individu, maupun kelompok yang telah memberikan kontribusi secara konsisten dan berkelanjutan bagi daerah.

Angkat Kiprah Tokoh Daerah ke Nasional

Ketua DPD RI Sultan B Najamudin mengatakan, DPD Awards digelar untuk memberikan panggung penghormatan kepada figur-figur inspiratif dari berbagai daerah yang selama ini bekerja dan berkontribusi secara nyata tanpa sorotan publik nasional.

""Melalui ajang ini, DPD RI ingin mempertegas bahwa kekuatan pembangunan Indonesia bertumpu pada inisiatif dan kerja keras masyarakat di seluruh wilayah Nusantara, bukan hanya pada pusat pemerintahan dan kota-kota besar,"" ucap Sultan dalam DPD Awards tahun 2025 lalu.

Sultan juga menjelaskan bahwa penghargaan ini sekaligus mencerminkan aspirasi masyarakat yang diperjuangkan DPD RI di tingkat pusat. Ia mengingatkan bahwa anggota DPD RI adalah representasi langsung dari kepentingan daerah yang membawa suara rakyat agar hadir dalam kebijakan nasional.

Menurutnya, masih banyak tokoh masyarakat yang sesungguhnya menjadi penggerak perubahan dan pendorong kemajuan daerah di berbagai sektor strategis namun belum mendapat apresiasi yang memadai.

""Beberapa kategori pantas diberikan kepada orang daerah atau tokoh-tokoh daerah yang memang kontribusinya cukup signifikan,"" katanya.

Kontribusi para kandidat dan finalis, lanjut Sultan, mencakup sektor pendidikan, sosial, kesehatan, pariwisata, ekonomi kreatif, kebudayaan, hingga pelestarian lingkungan. DPD Awards diharapkan dapat memperkuat semangat bagi para tokoh ini untuk terus menginspirasi dan memperluas dampak perjuangannya di masyarakat.

Jika mengenal sosok inspiratif yang terus melestarikan budaya di daerah, segera ajukan untuk mengikuti DPD RI Awards 2026. Pendaftaran masih dibuka hingga 21 Agustus 2026 pukul 23.59 WIB melaluiawards.dpd.go.id/nominasi."
Petinju Prichard Colon Meninggal di Usia 33 usai 11 Tahun Alami Cedera Otak,https://sport.detik.com/g-sport/d-8618284/petinju-prichard-colon-meninggal-di-usia-33-usai-11-tahun-alami-cedera-otak,"Jumat, 14 Agu 2026 14:15 WIB","Kabar duka datang dari dunia tinju. Petinju Puerto Rico, Prichard ColÃ³n, meninggal dunia pada usia 33 tahun, hampir 11 tahun setelah mengalami cedera otak parah dalam sebuah pertarungan.

Kabar tersebut disampaikan ayahnya, Richard ColÃ³n, melalui Facebook pada Kamis (13/8/2026). Merangkum sejumlah informasi antara lain dariESPNdantalkSPORT, penyebab spesifik kematian ColÃ³n belum diumumkan.

""Selamat pagi, sahabat semua. Dengan berat hati saya memberitahukan kepergian putra saya, Prichard, dari dunia ini. Sekarang dia berada di dunia yang lebih baik. Saya sudah melakukan segala yang mungkin untuk memenuhi keinginannya, mimpinya untuk membawanya berlibur ke Puerto Rico seperti yang sangat dia inginkan, tetapi hal itu tidak dapat dilakukan. Terima kasih atas begitu banyak tahun cinta dan doa. Sebisa mungkin, tolong tetap doakan kami,"" tulis Richard.

ColÃ³n merupakan petinju muda yang sempat digadang-gadang memiliki masa depan cerah. Ia memasuki pertarungan terakhirnya dengan rekor sempurna 16 kemenangan tanpa kalah, termasuk 13 kemenangan KO. Tapi pertarungan melawan Terrel Williams di Fairfax, Virginia, pada Oktober tahun 2015, mengubah hidupnya selamanya.

Dalam pertarungan tersebut, ColÃ³n beberapa kali terkena pukulan di bagian belakang kepala. Williams mendapat pengurangan satu poin pada ronde ketujuh karenarabbit punch.

ColÃ³n kemudian terjatuh pada ronde kesembilan dan akhirnya dinyatakan kalah melalui diskualifikasi setelah terjadi kesalahpahaman di sudutnya. Sesaat setelah meninggalkan ring, kondisi ColÃ³n memburuk. Ia muntah dan kemudian ambruk di ruang ganti sebelum dilarikan ke rumah sakit.

Dokter menemukan hematoma subdural, yakni pendarahan di sekitar otak. ColÃ³n menjalani operasi darurat untuk mengurangi tekanan pada otaknya dan kemudian berada dalam koma selama 221 hari. Kekalahan dari Williams menjadi yang pertama dalam karier profesionalnya. Rekornya berubah menjadi 16-1, tetapi karier tinjunya berakhir malam itu.

Setelah terbangun dari koma, ColÃ³n mengalami kerusakan neurologis berat. Ia tidak dapat kembali berjalan dan berbicara seperti sebelumnya serta membutuhkan perawatan selama 24 jam.

Keluarganya terus mendampinginya selama bertahun-tahun. Pada 2023, hampir delapan tahun setelah cedera tersebut, ColÃ³n masih menjalani pemulihan dengan dukungan penuh dari keluarganya. Kini, perjuangan panjang tersebut berakhir.

ColÃ³n meninggal dunia pada usia 33 tahun setelah hampir 11 tahun hidup dengan dampak cedera yang mengubah seluruh kehidupannya.

Kepergian ColÃ³n mendapat penghormatan dari organisasi-organisasi tinju dunia. Presiden WBO Gustavo Olivieri mengenang ColÃ³n sebagai sosok dengan keberanian dan semangat juang luar biasa.

""Kehidupan Prichard ditandai oleh keberanian, ketekunan, dan semangat juang yang luar biasa,"" kata Olivieri.

""Kisahnya melampaui ring dan menyentuh komunitas tinju secara mendalam, yang selama bertahun-tahun mendampinginya dengan rasa hormat, kekaguman, dan harapan.""

WBC juga memberikan penghormatan kepada ColÃ³n.

""Seorang pejuang sejati yang kekuatan, keberanian, dan semangat juangnya menginspirasi orang-orang di seluruh dunia,"" tulis WBC.

Sementara itu, WBA menyebut ColÃ³n sebagai ""pejuang sejati dalam segala arti"".

""Prichard meninggalkan pelajaran mendalam tentang kehidupan, ketangguhan, dan olahraga kami. Seluruh komunitas tinju berduka atas kehilangan yang memilukan dan begitu berarti ini,"" tulis WBA.

Prichard ColÃ³n pergi pada usia 33 tahun. Ia meninggalkan kisah tentang karier yang terhenti di usia muda dan perjuangan panjang hampir 11 tahun setelah tragedi di atas ring."
"Padel Series 2026 Digelar di 4 Kota, 2.048 Peserta Siap Tanding",https://sport.detik.com/sportstyle/d-8618245/padel-series-2026-digelar-di-4-kota-2-048-peserta-siap-tanding,"Jumat, 14 Agu 2026 12:50 WIB","Olahraga padel semakin berkembang di Indonesia. Tak hanya menjadi bagian dari gaya hidup urban, padel juga mulai menjadi ruang untuk membangun komunitas dan jejaring profesional.

Perkembangan tersebut turut mendorong semakin banyak turnamen padel digelar di Tanah Air. Salah satunya NAVEN Padel Series 2026 yang mulai bergulir Jumat (14/8/2026).

Ajang ini digelar di empat kota besar, yakni Jakarta, Yogyakarta, Bandung, dan Bali. Berdasarkan keterangan penyelenggara, total 1.024 pasangan atau sekitar 2.048 peserta akan ambil bagian dalam rangkaian turnamen tersebut. Jakarta menjadi kota pembuka. Seri pertama berlangsung pada 14-16 Agustus 2026 di kawasan Jakarta Selatan.

Setelah Jakarta, rangkaian Padel Series 2026 berlanjut ke Yogyakarta pada 28-30 Agustus. Berikutnya, Bandung menjadi tuan rumah pada 11-13 September, sebelum seri terakhir digelar di Bali pada 25-27 September 2026. Jadwal tersebut juga telah dipublikasikan penyelenggara.

Berbeda dengan turnamen yang menyasar level tertentu, Padel Series 2026 membuka kesempatan bagi pemain padel dari berbagai level. Empat kota tersebut dipilih karena dinilai memiliki perkembangan komunitas padel yang pesat.

""Sebenernya gini, kami ingin penetrasi dulu ke kota-kota besar sebelum masuk ke dalam kota-kota secondary city. Jadi memang ingin memperkenalkan event Padel Series ini jauh lebih luas lagi, jauh lebih besar,"" kata Founder NAVEN Taufik Andre Kusumo dalam jumpa pers di kawasan Jakarta Selatan, Jumat (14/8/2026).

Bagi Taufik, perkembangan padel di Indonesia membuka peluang bagi penyelenggaraan kompetisi yang tidak hanya berorientasi pada pertandingan, tetapi juga mempertemukan komunitas dan kalangan profesional.

""Padel memiliki karakter yang sangat kuat untuk membangun interaksi dan hubungan, dan kami ingin menghadirkan pengalaman itu secara premium, terukur dan berkelanjutan,"" ujar Taufik.

NAVEN Padel Series 2026 nantinya tidak berhenti pada empat seri di empat kota. Penyelenggara menyiapkan grand final yang akan mempertemukan para juara dari masing-masing kota. Namun, lokasi dan waktu pelaksanaannya belum diumumkan.

""Juara-juara satu dari setiap kota, kita akan tandingkan. Tapi mungkin kotanya belum bisa kita infokan. Antara di Jakarta atau di Bali mungkin,"" imbuh Taufik.

Dengan format tersebut, para juara dari Jakarta, Yogyakarta, Bandung, dan Bali akan mendapat kesempatan untuk kembali bertanding dalam satu panggung.

Dengan cakupan empat kota, ajang ini diharapkan bisa menjadi salah satu bagian dari perkembangan kompetisi padel di Indonesia. Taufik juga berharap turnamen tersebut dapat digelar secara rutin setiap tahun dan menjangkau lebih banyak kota ke depannya.

""Harapannya dengan nanti dibuat rutin akan ada atlet-atlet profesionalnya,"" kata Taufik."
"Siman Sudartawa Urung Pensiun, Masih Diandalkan Indonesia di Asian Games 2026",https://sport.detik.com/sport-lain/d-8617923/siman-sudartawa-urung-pensiun-masih-diandalkan-indonesia-di-asian-games-2026,"Jumat, 14 Agu 2026 10:30 WIB","I Gede Siman Sudartawa belum menutup kariernya di kolam renang. Perenang senior itu masih mendapat kesempatan memperkuat Indonesia di Asian Games 2026 Aichi-Nagoya, Jepang.

Kepastian tersebut disampaikan Wakil Ketua Umum I Bidang Pembinaan Prestasi dan Sport Science PB Akuatik Indonesia, Wisnu Wardhana. Siman masuk proyeksi tim renang Indonesia untuk Asian Games setelah memenuhi kriteria yang ditetapkan, salah satunya berkat medali yang diraihnya pada SEA Games 2025.

Pada SEA Games 2025 Thailand, Siman meraih medali perunggu nomor 50 meter gaya punggung putra dengan catatan waktu 25,49 detik. Medali emas menjadi milik juniornya, Jason Donovan Yusuf, yang mencatatkan waktu 25,36 detik.

Hasil tersebut turut membuat Siman memenuhi kriteria yang digunakan dalam penentuan atlet proyeksi Asian Games 2026, sesuai hasil Tim Review Peningkatan Prestasi Olahraga Nasional (PPON) Kementerian Pemuda dan Olahraga (Kemenpora).

""Memang (Siman Sudartawa) sempat berniat pensiun. Tapi setahu saya belum ada statment resmi,"" kata Wisnu kepada detikSport, dalam sambungan telepon.

Namun, peluang tampil di Asian Games membuat Siman masih memiliki satu target yang ingin dituntaskan.

""Tapi pada perkembangannya memang masih ada hal yang masih bisa dituntaskan, yaitu mencoba mendapat medali di Asian Games. Karena waktu 2018, dia nyaris, dan secara kriteria Siman pun masuk proyeksi Asian Games karena dapat medali SEA Games kemarin.""

""Jadi dia masuk kriteria PPON dan memang masih diberi kesempatan, karena secara kriteria juga layak masuk skuad Asian Games,"" ujarnya.

Asian Games bukan panggung baru bagi Siman. Ia sudah tampil di ajang tersebut sejak 2010 dan pernah nyaris meraih medali pada edisi 2014 di Incheon.

Pada Asian Games 2014, Siman finis keempat nomor 50 meter gaya punggung. Empat tahun kemudian, saat Indonesia menjadi tuan rumah Asian Games 2018, ia kembali gagal naik podium dan finis kelima dengan waktu 25,29 detik.

Padahal, Siman sempat tampil menjanjikan pada babak penyisihan 50 meter gaya punggung Asian Games 2018. Ia mencatatkan waktu 25,01 detik, sekaligus memecahkan rekor nasional yang saat itu juga menjadi catatan terbaiknya.

Karena itu, kesempatan tampil di Aichi-Nagoya 2026 bisa menjadi peluang bagi Siman untuk kembali memburu medali Asian Games. Kini, perannya juga tidak sebatas mengejar prestasi pribadi.

PB Akuatik Indonesia melihat keberadaan Siman sebagai bagian dari proses regenerasi renang nasional. Siman diharapkan bisa menjadi mentor bagi para perenang muda, termasuk Jason Donovan Yusuf dan Farrel Armandio Tangkas.

Pengalaman Siman tampil di berbagai ajang internasional dinilai dapat membantu para junior, terutama dalam menghadapi tekanan dan membangun kepercayaan diri di level multievent.

""Kami melihat regenerasi sudah ada dan dia sudah paham dan tahu ada juniornya ada Farrel (Armandio Tangkas) dan Jason. Cuma kita harus melakukan peralihan ini dengan baik,"" ujarnya.

Peran tersebut bahkan sudah terlihat ketika Indonesia tampil di SEA Games 2025. Siman disebut aktif memberikan masukan kepada para perenang muda.

""Di SEA Games, dia banyak kasih masukan ke juniornya, tak hanya Jason tapi yang lain. Keberadaan dia sebagai perenang dan mentor.""

Pengalaman tersebut akan semakin penting di Asian Games 2026. Jason, yang menjadi salah satu harapan baru renang Indonesia, akan menghadapi multiajang level Asia untuk pertama kalinya.

""Itu juga yang kami perlukan karena Jason baru pertama kali tampil di Asian Games. Selain, tentu kami juga berharap Siman bisa beri terbaik untuk Indonesia karena waktu terbaik dia tak terlalu jauh dengan waktu terbaiknya.""

Asian Games Aichi-Nagoya dijadwalkan berlangsung pada 19 September hingga 4 Oktober 2026. PB Akuatik Indonesia tidak hanya membawa misi regenerasi. Target medali tetap menjadi sasaran tim renang Indonesia. Wisnu menyebut capaian waktu para atlet juga penting karena akan menjadi bagian dari pemetaan menuju kualifikasi Olimpiade.

""Targetnya tetap berusaha dapat medali. Jadi yang kami harapkan capai target waktu masing-masing karena dari sini kami bisa memetakan meloloskan atlet ke Olimpiade. Karena tim relay estafet itu yang bisa dapat kesempatan lebih di perorangan untuk lolos limit,"" tegas Wisnu.

Dengan demikian, keberadaan Siman di Asian Games 2026 memiliki dua misi sekaligus. Ia masih diharapkan memberikan kontribusi prestasi, tetapi pada saat yang sama juga menjadi jembatan antara generasi senior dan para perenang muda Indonesia.

Bagi Siman, kesempatan itu sekaligus membuka kembali peluang untuk mengejar medali Asian Games yang belum pernah diraihnya."
"Jorge Martin Balas Kritik karena Gabung Yamaha, Sebut Laju Bagus di Aprilia",https://sport.detik.com/moto-gp/d-8617871/jorge-martin-balas-kritik-karena-gabung-yamaha-sebut-laju-bagus-di-aprilia,"Jumat, 14 Agu 2026 09:30 WIB","Jorge Martinmenanggapi dingin kritik yang mempertanyakan keputusannya bergabungYamaha. Martin merespons dengan menyinggung laju bagusnya dengan Aprilia.

Pebalap Spanyol itu dipastikan akan meninggalkanApriliadi akhirMotoGP 2026. Martin telah setuju memperkuat Yamaha pada musim 2027 dan 2028, di mana dia akan bertandem dengan Ai Ogura.

Tidak sedikit yang mengkritik Martin karena memilih Yamaha menyusul performa mengecewakan dalam lima tahun terakhir. Sejak Fabio Quartararo memenangi grand prix di Sachsenring pada 2022, pabrikan Jepang itu belum juara lagi di manapun. Itu berarti, Yamaha sudah lebih dari tiga tahun puasa kemenangan.

Jorge Martinmembela keputusannya tersebut. Kritik serupa pernah dialamatkan kepadaMartinatorketika menyeberang ke Aprilia, setelah sukses menyabet titel juara dunia 2024 bersama Pramac. Namun, sejauh ini Martin mampu membungkam kritik setelah memuncakiklasemen MotoGP 2026sekaligus jadi favorit dalam persaingan titel juara dunia.

Martin pun akan mencoba melakukan hal serupa bersama Yamaha mulai musim depan. ""Aku percaya ada keputusan-keputusan di dalam hidup yang sekadar harus dibuat,"" sebutrider berusia 28 tahun ini.

""Aku selalu membuat keputusan dengan mempertimbangkan yang terbaik untukku dan keluargaku, dan aku percaya ini adalah pilihan terbaik,"" lanjut dia.

""Saat aku bergabung dengan Aprilia, rasanya seperti bencana: 'Kemana kamu akan pergi dengan Aprilia, sebuah tim yang tidak pernah menang?' Tapi, sekarang aku memimpin kejuaraan ini. Musim depan, atau dalam dua tahun, dunia dan semua orang lain bisa megnatakan apa yang mereka mau,"" ceplosJorge MartindiGPOne."
Indonesia Pro-Am: Arena Pegolf Amatir Asah Mental,https://sport.detik.com/sport-lain/d-8617678/indonesia-pro-am-arena-pegolf-amatir-asah-mental,"Jumat, 14 Agu 2026 03:05 WIB","AjangThe Indonesia Pro-Amtidak cuma wadah untuk para pegolf profesional beradu kemampuan. Tapi juga bisa mengasah mental para pemain amatir.

The Indonesia Pro-Am presented by Combiphar & Nomura merupakan kompetisi golf profesional-amatir yang rutin digelar sejak 2023. Untuk tahun ini, Gunung Geulis Country Club, Bogor, ditunjuk lagi jadi venue ajang yang dimulai 19-21 Agustus itu.

Turnamen yang menjadi bagian dari kalender Asian Development Tour (ADT) ini diikuti 100 pegolf profesional dan 100 pegolf amatir dalam kompetisi yang tidak hanya menguji kemampuan, tetapi juga membangun pengalaman dan mentalitas kompetitif.

The Indonesia Pro-Am mempertandingkan kategori individual dan pro-am team, dengan total hadiah buat profesional sebesar 150 ribu dolar AS (Rp 2,67 miliar), yang terdiri dari 125 ribu dolar AS untuk kategori individual dan 25 ribu dolar AS untuk kategori pro-am.

Pada dua putaran pertama, peserta akan bermain di East dan West Course Gunung Geulis sebelum memasuki babak final.

The Indonesia Pro-Am menjadi kesempatan bagi pegolf amatir Indonesia untuk merasakan atmosfer pertandingan bersama para profesional. Dalam tiga edisi sebelumnya, kolaborasi profesional dan amatir juga telah menghasilkan pasangan juara dari Thailand, Malaysia, Australia, dan Indonesia.

Penyelenggaraan tahun ini menjadi semakin istimewa bagi Combiphar, yang pada 2026 merayakan 55 tahun perjalanan sebagai perusahaan yang terus berkomitmen untuk mendorong kehidupan yang lebih sehat melalui semangat ""Championing A Healthy Tomorrow.""

Sebagai salah satu presenting sponsor, keterlibatan Combiphar dalam The Indonesia Pro-Am merupakan bagian dari komitmen jangka panjang perusahaan dalam mendukung perkembangan golf Indonesia. Combiphar sendiri telah mendukung penyelenggaraan event Asian Development Tour di Indonesia sejak 2016.

""Tahun ini sangat spesial bagi Combiphar karena kami merayakan 55 tahun perjalanan. Semangat Championing A Healthy Tomorrow tidak hanya berbicara tentang kesehatan, tetapi juga bagaimana kami dapat menginspirasi masyarakat untuk menjalani gaya hidup yang sehat dan aktif. Melalui The Indonesia Pro-Am, kami ingin memberikan pengalaman kompetitif yang berharga bagi pegolf amatir Indonesia sekaligus terus mendukung para pegolf profesional untuk berprestasi di tingkat internasional,"" ujar Michael Wanandi selaku President Director Combiphar dalam keterangan kepadadetikSport.

Pada edisi perdana 2023, pegolf tuan rumah Kevin Caesario Akbar berhasil menjadi juara meraih prestasi. Belajar dari edisi perdana, Combiphar selaku sponsor selalu antusias memberikan kesempatan yang lebih luas bagi pegolf Indonesia untuk belajar, berkompetisi, dan membangun pengalaman bertanding.

Selain Kevin, pegolf tuan rumah yang patut ditunggu aksinay adalah Naraajie Emerald Ramadhan Putra. Naraajie yang telah mengoleksi tiga gelar ADT sebelumnya berhasil finis T3 dengan skor 14-under pada edisi 2025, hanya terpaut satu pukulan dari juara saat itu, Nopparat Panichphol dari Thailand.

Dengan mempertemukan pemain profesional dan amatir dalam satu kompetisi, The Indonesia Pro-Am diharapkan kembali menjadi panggung penting bagi perkembangan golf Indonesia sekaligus menghadirkan pengalaman kompetitif yang dapat membangun mentalitas juara."
"Kemenpora Raih WTP, Erick Thohir: Bukti Tranformasi Birokrasi Berhasil",https://sport.detik.com/sport-lain/d-8617545/kemenpora-raih-wtp-erick-thohir-bukti-tranformasi-birokrasi-berhasil,"Kamis, 13 Agu 2026 22:05 WIB","Kemenporakembali memperoleh opini Wajar Tanpa Pengecualian (WTP) dariBadan Pemeriksa Keuangan(BPK).Menpora Erick Thohirmenilai capaian tersebut menjadi bukti lain bahwa pembenahan di internal Kemenpora memberikan hasil positif.

""Alhamdulillah kita bertemu BPK, kita dapatkan WTP kembali, dan ini hal yang positif,"" kata Erick dalam keterangan tertulisnya, Kamis (13/8/2026).

Bagi Menpora berusia 56 tahun ini, peningkatan kinerja dan capaian WTP menjadi dua indikator yang menunjukkan berbagai perbaikan terus dilakukan di Kemenpora. Bukti ini sekaligus mengapresiasi kepercayaan Presiden Prabowo Subianto, yang memberikan keleluasaan kepada pihaknya untuk melakukan transformasi birokrasi.

Transformasi birokrasi merupakan salah satu arahan yang diterapkan ke seluruh kementerian dan lembaga. Erick pun bertekad untuk terus menjalankan arahan tersebut dengan melakukan berbagai pembenahan dalam tata kelola pemerintahan.

""Presiden mendorong yang namanya transformasi birokrasi di semua kementerian/lembaga. Alhamdulillah kami juga di Kemenpora melaksanakan arahan dari Presiden dan beliau memberikan keleluasaan untuk kami bertransformasi,"" lanjutnya.

Tak hanya WTP, transformasi yang dilakukan Kemenpora juga terlihat dari peningkatan kinerja yang kini mencapai 83 persen berdasarkan penilaian dari Kemenpan-RB.

""Seperti diinformasikan sebelumnya, contoh kita terjadi peningkatan sekarang mencapai 83 persen. Terima kasih MenPAN-RB yang telah mendampingi kami. Kita akan dorong terus meskipun sudah jauh meningkat,"" pungkas Erick."
"Joan Mir Merasa Kurang Dihargai, meski Pernah Juara Dunia MotoGP",https://sport.detik.com/moto-gp/d-8617375/joan-mir-merasa-kurang-dihargai-meski-pernah-juara-dunia-motogp,"Kamis, 13 Agu 2026 21:20 WIB","Pebalap HondaJoan Mirberstatus sebagai mantan juara duniaMotoGP.Meski demikian, Mir merasa suksesnya itu kurang dihargai.

Mir yang ketika itu menunggangi Suzuki berhasil jadi kampiun MotoGP pada 2020, di tengah pandemi COVID-19. Imbasnya, kejuaraan dipangkas jadi 14 putaran saja.

Pebalap berusia 28 tahun itu memenangi satu balapan, grand prix Eropa, yang digelar di Sirkuit Ricardo Tormo. Sebagai tambahan, Mir naik podium di enam balapan lain termasuk tiga kali finis runner-up.

Mir menyudahi kejuaraan dengan perolehan 171 poin, mengalahkan perlawanan Franco Morbidelli (SRT Yamaha) dengan selisih 13 poin dan rekan setimnya, Alex Rins, yang finis ketiga setelah mengoleksi 139 poin. Musim 2020 juga menandai absen panjang juara bertahan Marc Marquez, karena patah tulang di balapan pertama.

Dengan sukses itu,Joan Mirmasih jadi satu-satunya juara dunia di luar Honda, Yamaha, dan Ducati. Torehan yang berpotensi disamai duo Aprilia Jorge Martin dan Marco Bezzecchi usai menempati posisi dua besar klasemen MotoGP 2026 sementara.

""Aku tidak tahu apakah orang-orang berpikir bahwa aku balapan sendirian di tahun itu, atau apakah jika Anda tidak juara dengan motor Honda, Yamaha, atau Ducati, maka Anda tidak dianggap penting,"" sungut dia kepadaMoto.it.

""Saat aku bergabung dengan Suzuki, aku menyukai tantangan juara dengan Suzuki, yang tidak memenangi titel juara dunia selama lebih dari 20 tahun. Aku ingin melakukan sesuatu yang belum pernah dilakukan siapapun: dan orang-orang, rupanya, tidak terlalu menghargai kemenangan itu, padahal itu mengesankan,"" sengatJoan Mir.

Peruntungan Mir setelah juara MotoGP 2020 terus menurun. Mir menandai dua musim terakhirnya di Suzuki dengan finis ketiga (2021) dan kelima belas (2022). Usai gabung Honda, Mir semakin kesulitan setelah menunaskan kejuaraan di posisi 22 (2023), lalu ke-21 (2024), dan ke-15 pada musim lalu. Sedangkan musim ini, Mir nangkring di urutan 18 klasemen."
Ducati Usai Gagal Total di Inggris: Yang Penting Responsnya!,https://sport.detik.com/moto-gp/d-8617374/ducati-usai-gagal-total-di-inggris-yang-penting-responsnya,"Kamis, 13 Agu 2026 20:20 WIB","CEO DucatiGigi Dall'Ignamengaku tak khawatir dengan kegagalan diMotoGP Inggris 2026.Ducatisiap bangkit di balapan-balapan selanjutnya, mulai dari Aragon.

DuetMarc MarquezdanFrancesco Bagnaiamelempem pada balapan di Silverstone, akhir pekan lalu. Marquez start dari grid enam lalu finis P7 baik di sprint maupun balapan utama, sedangkan nasib lebih apes dialami Bagnaia.

Pebalap Italia itu start ke-16, kemudian jatuh di kedua balapan. Bagnaia terpaksa retired, yang mana gagal mendulang angka untuk kelima kalinya di balapan utama sepanjangMotoGP 2026.

Seri Aragon jadi kesempatan bagus bagiDucatiuntuk bangkit. Pabrikan Italia itu memenangi masing-masing dari empat edisi terakhir, tiga di antaranya dimenangi Marc Marquez (2) dan Bagnaia.

""Silverstone sekali lagi terbukti tidak bisa diprediksi, dengan 12 pemenang dari 12 balapan terakhir,"" tulis Dall'Igna dikutipMarca.""Hal ini menegaskan bahwa itu adalah sirkuit yang sangat sulit dan menantang buat kami: kami mendapatkan akhir pekan yang mengecewakan, yang harus segera dilupakan.""

""Singkatnya, tidak banyak yang bisa dikatakan: kami tidak pernah benar-benar bisa bersaing. Dari kualifikasi sampai balapan grand prix, kami tidak pernah mendapatkan kecepatan yang kompetitif untuk berbagai alasan, dan kami selalu kekurangan perasaan yang tepat dengan motor.""

""Tak ada yang perlu dikhawatirkan. Tidak diragukan lagi, hari-hari yang lebih baik pasti akan datang: yang penting adalah siap ketika momen itu tiba. Toh masih ada banyak balapan di kalender, dan tidak terkelakkan karena setiap orang akan mengalami masa-masa sulit.""

""Di sebuah kejuaraan seketat MotoGP, sukses akan mendatangi mereka yang merespons tantangan dengan cara terbaik,"" cetus Dall'Igna."
"'Anggaran Pelatnas Asian Games Naik, Bukti Komitmen Presiden'",https://sport.detik.com/sport-lain/d-8617358/anggaran-pelatnas-asian-games-naik-bukti-komitmen-presiden,"Kamis, 13 Agu 2026 19:50 WIB","Menpora Erick Thohirmenyebut dukungan anggaran berkelanjutan untuk Pelatnas sudah mulai dikucurkan. Bukan hanya untukAsian Games 2026,tapi Olimpiade 2028 hingga persiapan Olimpiade 2032.

""Persiapan atlet itu harus tahunan. Bahkan untuk Olimpiade 2032 mestinya harus dilakukan hari ini (karena) negara lain sudah melakukan,"" kata Erick dalam keterangan tertulisnya, Kamis (13/8/2026).

Anggaran ini sekaligus menjadi bukti komitmen Presiden Prabowo Subianto dalam membangun prestasi olahraga nasional lewat program pemusatan latihan nasional jangka panjang.

Bukti paling nyata ada di Asian Games 2026 Aichi-Nagoya. Anggaran Pelatnas yang awalnya hanya Rp81 miliar, naik jadi Rp127 miliar. Bahkan, pemerintah kembali menambah Rp95 miliar sehingga totalnya menjadi Rp222 miliar khusus untuk Pelatnas.

Itu belum termasuk Rp61 miliar lain yang disiapkan untuk biaya pemberangkatan kontingen Indonesia ke Jepang.

""Kami bedakan anggaran Pelatnas dan pengiriman kontingen. Tapi ujungnya tetap satu: untuk prestasi terbaik di Asian Games,"" jelas Erick.

Erick Thohirjuga mengapresiasi Menkeu Purbaya Yudhi Sadewa yang mengamini arahan Presiden. Dukungan itu, kata Menpora berusia 56 tahun itu, sudah terasa sejak tahun ini dengan adanya anggaran untuk Olimpiade 2028.

Anggaran SEA Games pun sudah disiapkan dan nilainya akan jauh lebih besar tahun depan.

Erick lantas meminta seluruh pihak menjaga penggunaan anggaran secara transparan dan bertanggung jawab.

""Kita tak boleh menyalahgunakan. Kalau para atlet disunat anggarannya, lapor kita. Nanti kita lapor ke BPKP atau BPK. Kita harus tuntaskan hal korupsi. Kita harus bersih dan perlindungan atlet jadi yang utama.""

Dengan dana besar yang dikucurkan H-1 bulan menuju Asian Games, Erick Thohir berharap seluruh cabor sudah tidak lagi ragu-ragu.Di Asian Games, Indonesia menargetkan empat medali emas. Target itu diharapkan datang salah satunya dari bulutangkis.

""Sudah final. Persiapan cabang olahraga yang selama ini mungkin sudah berjalan tapi masih ragu-ragu, kembali kami bantu,"" ujarnya.

""Bulutangkis, angkat besi, dan panjat tebing kita minta berjibaku. Itu tumpuan kita. Lalu ada cabor lain yang berpotensi perak, siapa tahu bisa naik jadi emas,"" pungkas Erick."
"Marc Marquez Sadar, Tak Bisa Terus Serang Rider Lain Sepanjang Race",https://sport.detik.com/moto-gp/d-8617323/marc-marquez-sadar-tak-bisa-terus-serang-rider-lain-sepanjang-race,"Kamis, 13 Agu 2026 19:35 WIB","Marc Marqueztak meraih hasil maksimal di MotoGP Inggris. Baby Alien sadar sudah tak bisa terus-terusan menyerang rider lain.

Di Sirkuit Silverstone, Inggris, pada akhir pekan lalu, Marc Marquez finis ketujuh saat main race. Sementara di sprint race, pebalap berusia 33 tahun itu menempati posisi kesembilan.

Sempat bersaing di baris terdepan, Marc Marquez kemudian mulai tertinggal. Saat finis, Marc Marquez berjarak 9,550 detik dari Raul Fernandez yang menjadi pemenang main race.

Marc Marquezmengaku beberapa kali berisiko jatuh di tengah balapan MotoGP Inggris. Kondisi lengan kanan rider asal Spanyol itu juga tak maksimal.

Sepanjang kariernya sebagai pebalap, Marc Marquez beberapa kali mengalami masalah lengan kanan. Bahkan, dia sempat absen lama pada musim 2020 sampai awal musim 2021 untuk memulihkan lengan kanannya.

""Anda tidak bisa menyerang di setiap lap. Saya mengerti,"" kata Marc Marquez seperti dikabarkan oleh Marca.

""Ketika tubuh bagian bawah Anda tidak terasa nyaman... itu lebih mudah. Namun ketika tubuh bagian atas yang tidak merasa nyaman, hal terkecil sekalipun bisa membatasi Anda. Itu membatasi Anda karena posisi tubuh Anda tidak lagi berada di posisi yang benar,"" tambahnya.

MotoGP akan lanjut lagi pada 31 Agustus 2026. MampukahMarc Marquezmeraih hasil terbaik saat MotoGP Aragon dipentaskan?"
Jonatan Christie Terima Tawaran PBSI Tampil di Asian Games 2026: Ini Targetnya,https://sport.detik.com/raket/d-8617220/jonatan-christie-terima-tawaran-pbsi-tampil-di-asian-games-2026-ini-targetnya,"Kamis, 13 Agu 2026 18:30 WIB","Jonatan Christie menerima tawaran PBSI untuk tampil di Asian Games 2026. Bagi Jonatan, Ajang olahraga multievent terbesar di Asia itu memang sudah masuk dalam daftar targetnya sejak awal tahun.

Asian Games 2026 akan digelar di Aichi-Nagoya, Jepang, pada 19 September hingga 4 Oktober. Untuk cabang bulutangkis, pertandingan beregu dijadwalkan lebih dulu sebelum nomor perorangan.

PBSI sebelumnya menetapkan kuota 20 atlet bulutangkis untuk Asian Games 2026. Nama-nama resmi atlet yang akan dibawa belum diumumkan, tetapi Jonatan menjadi salah satu pemain non-pelatnas yang mendapat tawaran untuk memperkuat Indonesia.

Jonatan mengungkapkan tawaran tersebut datang langsung dari Kepala Bidang Pembinaan dan Prestasi PBSI, Eng Hian. Komunikasi itu dilakukan sekitar satu bulan lalu.

""Iya, Asian Games ditawarin. Ditelepon Koh Didi (Eng Hian, Kabid Binpres PBSI) itu kayaknya satu bulan lalu. Antara sebelum atau setelah China Open,"" ujar Jonatan saat ditemui di kawasan Kelapa Gading, Jakarta Utara, Kamis (13/8/2026).

Bagi Jonatan, keputusan menerima tawaran tersebut bukan tanpa alasan. Asian Games memang sudah menjadi salah satu target yang disusun bersama timnya sejak awal 2026. Selain Asian Games, Jonatan membidik sejumlah turnamen besar, termasuk All England, Indonesia Open, Kejuaraan Dunia, dan BWF World Tour Finals.

""Asian Games ini salah satu pertandingan besar juga kan. Selain Kejuaraan Dunia. Ini memang goals dari awal tahun. Jadi ya memang mau ikut,"" tegas peraih medali emas Asian Games 2018 itu.

Jonatan sendiri sudah memiliki pengalaman manis di Asian Games. Pada edisi 2018 di Jakarta-Palembang, ia berhasil merebut medali emas tunggal putra. Kini, delapan tahun berselang, Jonatan berpeluang kembali membela Indonesia di ajang yang sama. ""Mudah-mudahan (bisa mengulang 2028),"" kata Jonatan.

Keputusan menerima tawaran Asian Games membuat jadwal Jonatan semakin padat. Sebelum tampil di Aichi-Nagoya, ia harus lebih dulu melewati sejumlah agenda besar.

Kejuaraan Dunia 2026 di India menjadi salah satu tantangan terdekat. Turnamen tersebut berlangsung pada 17-23 Agustus, hanya beberapa pekan sebelum Asian Games. Setelah itu, Jonatan masih memiliki agenda BWF World Tour lainnya, termasuk China Masters.

Namun, pemain yang kini berada di peringkat tiga dunia tersebut memastikan tidak akan memilih-milih turnamen yang diikutinya. ""Saya tetap all out. Saya belajar dari Chou Tien Chen saja lah. Ke mana pokoknya sikat. Latihannya di pertandingan,"" tegas juara Asia 2024 itu.

Sikap tersebut juga menunjukkan ambisi Jonatan untuk tetap kompetitif di tengah padatnya kalender pertandingan. Jonatan sebelumnya memang menjadikan Indonesia Open sebagai salah satu target terbesar pada 2026. Ia bahkan berhasil menembus final di Istora, yang menjadi pencapaian terbaiknya di turnamen tersebut, meski akhirnya harus puas menjadi runner-up setelah kalah dari Victor Lai.

Dengan menerima tawaran PBSI untuk Asian Games 2026, Jonatan kini punya satu target besar tambahan dalam kalendernya. Jika mampu menjaga kondisi fisik dan konsistensi permainan, Jojo berpeluang kembali menjadi salah satu tumpuan Indonesia untuk meraih medali emas di Aichi-Nagoya.

""Nah, sisanya mungkin ada yang kita bagi ke grade 2, grade 3 gitu."""
Kata Jonatan Christie Soal Kecocokan Main di India,https://sport.detik.com/raket/d-8616776/kata-jonatan-christie-soal-kecocokan-main-di-india,"Kamis, 13 Agu 2026 14:50 WIB","Jonatan Christiemengomentari soal kecocokannya main diIndia.Sejauh ini, Jojo sapaan karibnya, dua kali sukses tampil di negeri bollywood tersebut.

Dalam dua edisi India Open 2025 dan 2026, Jonatan berhasil menembus semifinal dan keluar sebagai runner up. Meskipun belum juara, tapi tak salah jika ia disebut cukup cocok main di India.

Bukan tak mungkin, Kejuaraan Dunia yang juga diselenggarakan di New Delhi, India, akan memberikan dampak positif bagi Jonatan.Menanggapi itu, Jonatan enggan mendapatkan label tersebut. Menurutnya, semua itu bergantung pada kondisi dan lawan saat itu.

""Enggak sih. Enggak tahu kenapa bisa. Maksudnya balik lagi, tergantung ketemu musuhnya siapa. Sekali lagi, yang saya bilang itu cocok-cocokkan karena kondisi di India Open tahun ini, dengan India Open tahun lalu, berbeda. Dari besaran stadionnya juga berbeda, feel-nya beda, shuttlecock mungkin sama-sama Yonex,"" kata Jonatan saat ditemui di kawasan Kelapa Gading, Jakarta Utara, Kamis (13/8/2026).

""Namun, feel-nya karena stadionnya besar atau kecil, itu memengaruhi dari mana angin datang, dan segalanya. Jadi, mungkin ketika adaptasi kemarin berjalan baik, atau adaptasi pemain asing tidak berjalan baik, saya tidak tahu bagaimana mereka mengatasinya.""

""Ya, dalam dua tahun terakhir ini puji Tuhan setiap kali saya bermain di India, semuanya oke. Mudah-mudahan di Kejuaraan Dunia, bisa dapat hasil (bagus),"" tuturnya.

Sehubungan itu,Jonatanmenilai pengalamannya main di India sejauh ini selalu bagus. Walaupun sejumlah rekan-rekan sesama pebulutangkis sempat mengalami pengalaman kurang menyenangkan.

""Di India, selalu ada ceritanya sendiri, seperti di mana-mana, entah itu dari stadion, hotel, atau makanan.Jadi, kejuaraan dunia di India cukup menantang. Tapi terakhir di India Open secara keseluruhan oke, dengan pengalaman saya di India Open terakhir cukup baik,"" kata Juara Asian 2024 itu.

""Misalnya, soal makan, mungkin lebih spesifik lagi, saya memutuskan untuk makan, misalnya, di hotel, di mana ada restoran Jepang, saya makan di sana. Atau mungkin kami membawa makanan sendiri dari rumah, dari Jakarta. Jadi lebih meminimalisir makan di luar.""

""Selain itu, dari segi lapangan sendiri, karena India Open tahun ini adalah lapangan kejuaraan dunia. Secara keseluruhan, stadionnya bagus. Tempatnya juga oke. Tapi ya memang dari segi kebersihan, sedikit agak terlalu banyak debu, dan berbagai macam.""

""Dan untuk kejuaraan dunia kali ini, diadakan di tengah tahun. Jadi kondisi India juga lagi tidak dingin, karena awal tahun memang cukup dingin. Ini juga pertama kalinya. Jadi saya tidak tahu seperti apa kondisinya nanti, seperti apa, tapi mudah-mudahan dari pengalaman saya, kami bisa untuk mempersiapkan kejuaraan dunia,"" pungkasnya."
Kejuaraan Dunia Bulutangkis dan Rasa Penasaran Jonatan Christie,https://sport.detik.com/raket/d-8616717/kejuaraan-dunia-bulutangkis-dan-rasa-penasaran-jonatan-christie,"Kamis, 13 Agu 2026 13:50 WIB","Jonatan Christiemenyebut meraih medali diKejuaraan Dunia Bulutangkis 2026menjadi motivasi utamanya saat ini. Jojo penasaran!

Jojo, sapaan karibnya, akan tampil di Kejuaraan Dunia ketujuhnya. Sejak 2018, ia cuma meraih hasil terbaiknya yaitu perempatfinal 2019, 2022, dan 2025. Sisanya dia tersingkir di 64 besar.

Berangkat dari pencapaian itu, Jonatan berharap bisa memutus kegagalannya tersebut dengan meraih medali pada tahun ini.

""Bagi saya pribadi, karena saya masih penasaran dan belum pernah memenangkan medali. Karena hampir beberapa kali, tetapi tidak berhasil. Jadi harapannya minimal mendapat medali,"" kata Jonatan saat ditemui di kawasan Kelapa Gading, Jakarta Utara, Kamis (13/8/2026).

Namun begitu,Jonatan Christiemenyadari keinginan yang besar bisa mempengaruhi fokusnya. Makanya, juara All England 2024 itu akan berupaya untuk mengontrol ambisinya tersebut.

""Karena jika harapan dan keinginan terlalu besar, justru fokusnya bukan pada langkah pertama, langkah demi langkah. Jadi memang harus lebih diredam harapannya,"" tuturnya.

""Bukan untuk mengubur harapan, tetapi untuk mengetahui di mana tujuannya. Tapi untuk saat ini, pertahankan saja harapan itu. Fokusnya adalah pada pertandingan pertama, pertandingan kedua. Jadi, satu per satu.""

Tidak hanya soal fokus pribadi, Jojo juga akan menghadapi rintangan lainnya, baik teknik maupun nonteknis. Mulai dari karakter lawan, kondisi lapangan, angin, hingga shuttlecock.

""Jadi memang siapa yang beradaptasi lebih cepat, saya rasa itu yang bisa. Jadi fokusnya adalah untuk meningkatkan performa secepat mungkin,"" tegas pemain top 3 dunia itu."
Marc Marquez Tak Bisa Kendalikan Lengan Kanan di MotoGP Inggris,https://sport.detik.com/moto-gp/d-8616426/marc-marquez-tak-bisa-kendalikan-lengan-kanan-di-motogp-inggris,"Kamis, 13 Agu 2026 11:30 WIB","Marc Marquez mengungkap kondisi fisiknya setelah menjalani balapan sulit di MotoGP Inggris 2026. Pebalap Ducati itu mengaku sempat tak bisa mengendalikan lengan kanannya saat balapan di Silverstone.

Pernyataan tersebut terungkap dalam konten video Inside Ducati yang diunggah ke YouTube. Dalam video itu, Marc terlihat berbicara kepada tim Ducati setelah menyelesaikan balapan utama di posisi ketujuh.

Marc sebelumnya berharap kondisi lengannya lebih baik setelah jeda musim panas. Namun, MotoGP Inggris justru menjadi salah satu akhir pekan terberatnya sejak menjalani operasi pada Mei untuk mengatasi saraf yang terjepit.

Setelah balapan, Marc menyebut kondisi ban sebenarnya sudah lebih baik dibandingkan saat Sprint. Namun, kondisi fisiknya menjadi persoalan utama.

""Hari ini bannya lebih baik. Secara fisik, saya tidak berada dalam kondisi yang baik,"" kata Marc seperti dilansirCrash.net.

Marc kemudian mengungkap situasi yang lebih mengkhawatirkan. Ia mengaku kehilangan kendali atas lengan kanannya ketika mengendarai motor.

""Saya berada dalam risiko terjatuh. Saya tidak bisa mengendalikan lengan kanan saya.""

Marc juga mengaku sempat kehilangan kendali bagian depan motor di sejumlah tikungan. ""Dibandingkan saat latihan... saya kehilangan kendali bagian depan di Tikungan 1 dan 9. Saya tidak menyukainya.""

MotoGP Inggris menjadi akhir pekan yang sulit bagi Marc. Setelah mengalami penurunan performa ban belakang yang ekstrem pada Sprint, ia hanya mampu finis ketujuh dalam balapan utama.

Marc bahkan hanya menjadi pebalap Ducati terbaik ketiga. Ia berada di belakang Alex Marquez yang finis keempat dan Fabio Di Giannantonio di posisi keenam.

Podium Silverstone dikuasai Aprilia. Raul Fernandez keluar sebagai pemenang, diikuti Jorge Martin dan Marco Bezzecchi.

Hasil tersebut membuat Marc kini tertinggal 40 poin dari Jorge Martin dalam persaingan gelar juara dunia MotoGP 2026."
Menjaring Bibit Atlet Lewat Turnamen Tenis Piala Panglima,https://sport.detik.com/raket/d-8616057/menjaring-bibit-atlet-lewat-turnamen-tenis-piala-panglima,"Kamis, 13 Agu 2026 00:30 WIB","Tentara Nasional Indonesia (TNI) menggelar Open TournamentTenisLapangan Piala Panglima TNI 2026. Ajang ini sekaligus guna menjaring bibit atlet tenis potensial.

Piala Panglima TNI 2026 bergulir pada 6 sampai dengan 14 September dengan total hadiah Rp 500.000.000. Turnamen ini sekaligus menjadi rangkaian menuju HUT TNI ke-81.

""Harapan kami banyak dari para petenis baik itu yang pemula, baik itu yang baru belajar, baik itu yang sudah atlet, baik itu yang sudah berprestasi mari kita sama-sama ikut berserta di dalam pertandingan ini,"" kata Panglima Komando Daerah TNI Angkatan Udara (Pangkodau) I Marsekal Muda TNI Erwin Sugiandi.

Pertandingan ini terbuka untuk umum dan seluruh masyarakat, termasuk yang sudah menjadi atlet. Turnamen akan digelar di enam titik seputar wilayah Halim.

""Nanti, pada akhirnya, siapa yang menang atau berpotensi menjadi atlet tentunya akan kita laporkan ke Pengurus Pusat Pelti (Persatuan Tenis Seluruh Indonesia) sebagai salah satu input maupun masukan atau sebagai salah satu recruitment bahwa kita selain mencari prestasi juga dalam rangka mencari atlet,"" Erwin menjelaskan.

""Tentunya, kalau kita sudah mewadahi, sudah ada eventnya, mudah bagi atlet itu atau mudah dalam rangka mencari penjaringan atlet,"" sambungnya.

Piala Panglima TNI 2026 ini akan mempertandingkan enam kategori, yakni tunggal putra, tunggal putri, ganda putra, ganda putri, ganda campuran, serta pertandingan antara perwira tinggi TNI dan Polri. Awak media juga diminta ikut terlibat dalam pertandingan.

""Selain pertandingan untuk prestasi juga ada pertandingan antarperwira tinggi TNI dan Polri. Jadi, tidak melupakan semangat para Pati walaupun usianya rata-rata sudah lebih dari 50 tahun untuk berprestasi,"" ujar Erwin."
"Ambil Positifnya, Fikri: Siapa Tahu Kondisi India Bawa Rezeki buat Kami",https://sport.detik.com/raket/d-8615731/ambil-positifnya-fikri-siapa-tahu-kondisi-india-bawa-rezeki-buat-kami,"Rabu, 12 Agu 2026 19:10 WIB","Muhammad Shohibul Fikri memilih melihat sisi positif dari kondisi yang akan dihadapi di New Delhi, India. Ia dan Fajar Alfian akan tampil di Kejuaraan Dunia Bulutangkis 2026 yang digelar di sana.

Kejuaraan Dunia 2026 dijadwalkan berlangsung pada 17-23 Agustus di Indira Gandhi Sports Complex, New Delhi. Venue tersebut sebelumnya juga menjadi lokasi India Open.

India Open sempat diwarnai sejumlah persoalan nonteknis yang mendapat sorotan dari sejumlah atlet asing. Mulai dari isu kebersihan hingga kemunculan hewan di area pertandingan.

Fikri menyadari kondisi serupa bisa saja kembali menjadi tantangan di Kejuaraan Dunia. Namun, ia menilai seluruh peserta akan menghadapi kondisi yang sama sehingga kunci utamanya adalah kemampuan beradaptasi.

""Ya, itu sih harus siap ya. Kita harus cepat adaptasi juga karena bukan tim Indonesia saja, pasti tim negara lain pun akan merasakan hal yang sama dari segi hotel dan main hall-nya juga pasti akan sama,"" kata Fikri seusai latihan di Pelatnas PBSI Cipayung, Rabu (12/8/2026).

Alih-alih mengeluhkan kondisi di luar lapangan, Fikri memilih menjadikannya sebagai tantangan. Bahkan, ia berharap situasi tersebut justru membawa keberuntungan bagi Indonesia.

""Ya, ambil positifnya aja, jangan terganggu oleh seperti itu. Siapa tahu kan dengan kondisi yang bagaimanapun, di situ terdapat rezeki kita ya. Jadi siapa tahu kita malah hasilnya lebih bagus,"" tegasnya.

Fajar/Fikri telah menjalani rangkaian turnamen sebagai bagian dari persiapan menuju Kejuaraan Dunia. Setelah tampil di Japan Open dan China Open, keduanya terus mematangkan persiapan dalam dua pekan terakhir.

Fikri mengatakan tidak ada persiapan khusus yang berbeda dari turnamen-turnamen sebelumnya. Fokusnya kini lebih diarahkan kepada kesiapan diri sebelum menghadapi persaingan di New Delhi.

""Persiapan khusus sih enggak ada ya, lebih ke sama aja kayak kemarin sebelum pertandingan-pertandingan sebelumnya. Cuma persiapan khususnya mungkin di fokus diri saya sendiri aja sih. Mungkin Aa Fajar pun melakukan hal yang sama,"" kata Fikri.

Kejuaraan Dunia menjadi salah satu agenda penting bagi Fajar/Fikri. Dengan persiapan yang telah dilakukan dan kondisi lapangan yang akan dirasakan seluruh peserta, pasangan Indonesia tersebut memilih datang ke New Delhi dengan satu prinsip: beradaptasi, tidak terganggu, dan mengambil sisi positif dari setiap keadaan."
"Asian Games: Diananda Comeback Latihan, Kurang dari Sebulan usai Melahirkan",https://sport.detik.com/sport-lain/d-8615649/asian-games-diananda-comeback-latihan-kurang-dari-sebulan-usai-melahirkan,"Rabu, 12 Agu 2026 18:40 WIB","Atlet panah Indonesia Diananda Choirunisa kembali ke Pelatnas Asian Games 2026 setelah melahirkan anak keduanya. Belum genap sebulan setelah persalinan, Diananda sudah kembali berlatih dan langsung membidik performa terbaik di Aichi-Nagoya.

Diananda sebelumnya sempat menepi dari persiapan menuju Asian Games 2026 karena menunggu kelahiran anak keduanya. Buah hatinya lahir pada 15 Juli 2026 dan diberi nama Danisha Azka Azzahra.

Kini, Diananda sudah kembali bergabung dalam latihan bersama tim panahan Indonesia di Pelatnas Lapangan Panahan GBK, Jakarta, pada pekan ini. Pepanah yang akrab disapa Anis itu pun langsung mengarahkan fokusnya untuk mengejar kondisi terbaik setelah menjalani masa istirahat pascamelahirkan.

""Sekarang saya fokus dan berusaha sebaik mungkin agar dapat memberikan yang terbaik di Asian Games dan meraih tiket Olimpiade 2028,"" ujar Anis, sapaan karibnya, mengutip laman media sosial Indonesia.archery, Rabu (12/8/2026).

Kembalinya Diananda membuat persiapan tim panahan Indonesia menuju Asian Games 2026 semakin lengkap. Sebelumnya, Pengurus Pusat Persatuan Panahan Indonesia (PP Perpani) menyiapkan 10 atlet untuk berlaga di pesta olahraga Asia yang berlangsung pada 19 September-4 Oktober 2026 di Jepang tersebut.

PP Perpani memasang target medali untuk Asian Games 2026. Sekretaris Jenderal PP Perpani Irawadi Hanafi sebelumnya menyebut target Indonesia adalah meningkatkan pencapaian dari edisi sebelumnya.

""Target kami inginnya meningkat menjadi perak karena Asian Games 2023 kami dapat perunggu. Tapi itu sebelum ada masalah efisiensi, karena kalau bisa perak kan sudah capai final. Bisa dapat emas juga. Tapi dengan kondisi ini kami akan maksimal,"" kata Irawadi.

Target tersebut menjadi tantangan bagi Diananda dan rekan-rekannya. Diananda sendiri sudah memiliki pengalaman meraih medali di Asian Games.

Pada Asian Games 2022 Hangzhou yang digelar pada 2023, Diananda bersama Riau Ega Agatha Salsabila meraih medali perunggu nomor recurve beregu campuran. Mereka mengalahkan wakil Iran dengan skor 6-2 dalam perebutan medali perunggu.

Medali tersebut menjadi salah satu modal Diananda untuk kembali bersaing di Asian Games 2026. Kali ini, setelah melewati fase persiapan yang sempat terganggu karena kehamilan dan persalinan, ia kembali ke Pelatnas dengan target memberikan hasil terbaik sekaligus memburu tiket menuju Olimpiade Los Angeles 2028."
Kabar Dugaan Pelanggaran Integritas Tak Pengaruhi Kondisi Ganda Campuran PBSI,https://sport.detik.com/raket/d-8615579/kabar-dugaan-pelanggaran-integritas-tak-pengaruhi-kondisi-ganda-campuran-pbsi,"Rabu, 12 Agu 2026 17:30 WIB","Rumor dugaan pelanggaran integritas yang melibatkan sejumlah pebulutangkis Indonesia tak memengaruhi suasana di sektor ganda campuran Pelatnas PBSI Cipayung. Amri Syahnawi/Nita Violina Marwah memastikan tetap fokus mempersiapkan diri menghadapi Kejuaraan Dunia 2026.

Amri menyebut situasi di Pelatnas PBSI berjalan seperti biasa. Ia memilih tidak terganggu oleh isu yang tengah beredar dan mengarahkan perhatian pada persiapan bersama Nita.

""Suasananya sih sebenarnya sama saja ya, maksudnya enggak ada yang gimana-gimana. Kita lebih fokus sama persiapan kita di Kejuaraan Dunia saja ya,"" kata Amri di Pelatnas PBSI, Rabu (12/8/2026).

Amri juga tidak ingin berspekulasi mengenai isu tersebut. Menurutnya, masih banyak hal dalam permainannya bersama Nita yang perlu dibenahi menjelang Kejuaraan Dunia.

""Kalau misalkan isu-isu yang telah beredar ya saya tutup mata lah, sudah enggak mau... saya mau fokus sama perkembangan diri saya, perkembangan sama partner juga banyak yang harus PR-nya harus diberesin dari kita berdua juga. Jadi ya kita fokus sendiri saja,"" tambahnya.

Sebelumnya, PP PBSI melalui Sekretaris Jenderal Ricky Soebagdja menyatakan mengetahui adanya proses peradilan independen (judicial proceedings) yang sedang dijalankan Badminton World Federation (BWF) terkait dugaan pelanggaran integritas yang melibatkan sejumlah pemain Indonesia.

Namun, hingga kini belum diketahui siapa saja atlet Indonesia yang terkait dengan proses tersebut. PP PBSI juga memilih tidak memberikan komentar lebih jauh mengenai substansi perkara ataupun mengaitkan proses yang masih berjalan itu dengan atlet tertentu.

Di tengah proses tersebut, PBSI tetap mengingatkan para atlet mengenai pentingnya menjaga integritas sebagai pebulutangkis profesional. Para pemain juga mendapatkan aturan terbaru dari BWF untuk dipelajari. Amri membenarkan bahwa pengingat mengenai aturan integritas terus diberikan kepada para atlet.

""Iya selalu di-reminder ya, terus juga terakhir berapa minggu lalu gitu dikirim aturan baru ya dari BWF ke kita, buat dipelajari lagi karena banyak banget dan memang harus kita teliti lah, harus hati-hati,"" ujar Amri.

Menurut Amri, aturan tersebut tidak hanya diberikan untuk dibaca, tetapi juga kembali dijelaskan oleh pelatih kepada para pemain.

""Iya itu dijelasin kok, dijelasin terus juga selalu di-reminder dari pelatih hari-hari juga, terus dikasih (aturan dalam bentuk) PDF gitu dan kita disuruh pelajari. Nanti ada arahan lagi dari pelatih diingatkan terus setiap hari, setiap datang sama pelatih.""

Nita menambahkan, pengingat mengenai aturan tersebut disampaikan secara berjenjang melalui tim pelatih.

""Jadi mungkin kita reminder-nya dari pelatih, mungkin pengurus lewat pelatih, jadi pelatih ke atletnya gitu sih,"" Nita menegaskan.

Dengan proses yang masih berjalan dan belum adanya informasi mengenai atlet yang terlibat, Amri/Nita memilih tidak larut dalam rumor. Fokus mereka kini tetap pada persiapan menuju Kejuaraan Dunia Bulutangkis 2026 di New Delhi, India, 17-23 Agustus."
"Sebelum Daftar GTR Ultra 2026, Cek Dulu Info Race Pack dan Asuransinya",https://sport.detik.com/sportstyle/d-8615620/sebelum-daftar-gtr-ultra-2026-cek-dulu-info-race-pack-dan-asuransinya,"Rabu, 12 Agu 2026 17:10 WIB","Sudah niat ikut GTR Ultra 2026 tapi masih bingung soal proses setelah daftar? Selain rute dan kategori lomba, ada beberapa info teknis yang penting dicek supaya persiapan lebih matang.

Pengambilan race pack GTR Ultra 2026 dijadwalkan di d'Emmerick Hotel Salatiga padaJumat,25September2026, dua hari sebelum hari perlombaan. Pastikan waktu ini sudah masuk agenda supaya nggak kelewat, mengingat lokasi start ada di Lapangan Dusun Kayuwangi, Desa Gedong, Kecamatan Banyubiru, Kabupaten Semarang.

Setiap peserta juga mendapat asuransi kecelakaan yang berlaku selama rangkaian lomba berlangsung, jadi faktor keamanan sudah diperhitungkan panitia. Semua kategori, dari 7K sampai 52K, menyediakan podium dan hadiah uang bagi para pemenang.

GTR Ultra 2026 dibuka untuk lima kategori: 7K Umum, 7K Pelajar, 12K Umum, 30K Umum, dan 52K Umum. Kategori 12K mensyaratkan peserta pernah menyelesaikan lari 10K road atau 5K trail, sementara 7K Pelajar wajib menunjukkan kartu pelajar atau kartu mahasiswa D3, D4, atau S1.

Kategori 30K dan 52K juga memberikan Point ITRA, masing-masing 2 dan 3 poin, yang bisa dipakai peserta untuk kualifikasi ke race trail run internasional.

Buat yang baru pertama kali ikut trail run, kategori 7K bisa jadi pilihan awal yang pas sebelum naik ke elevation gain yang lebih menantang di edisi berikutnya. Informasi terbaru seputar acara bisa dipantau lewat akun Instagram resmi penyelenggara.

Lomba berlangsungMinggu,27September2026, dengan titik start dan finish di Lapangan Dusun Kayuwangi. Info lengkap dan pendaftaran ada di halaman event detikEvent.

Siapkan dokumen dan jadwalmu dari sekarang, daftar GTR Ultra 2026 sebelum kuota penuh!

Daftarkan dirimu didetikevent."
Ini 2 Pemenang Bold Riders Podium Picks Edisi MotoGP Inggris,https://sport.detik.com/moto-gp/d-8615541/ini-2-pemenang-bold-riders-podium-picks-edisi-motogp-inggris,"Rabu, 12 Agu 2026 16:44 WIB","Raul Fernandez berhasil menjadi pemenang MotoGP Inggris 2026 di Sirkuit Silverstone, Minggu (9/8). Rider Trackhouse Aprilia itu tampil kuat sejak awal balapan dan berhasil mempertahankan posisi terdepan hingga finis.

Fernandez yang memulai race dari posisi kedua langsung melesat ke depan selepas start. Sementara itu, Jorge Martin yang mengawali balapan dari pole position sempat tercecer sebelum kembali naik ke barisan depan.

Martin kemudian terlibat persaingan dengan Marco Bezzecchi untuk memperebutkan posisi kedua. Setelah berhasil melewati Bezzecchi, Martin mengamankan posisi tersebut hingga finis.

Fernandez akhirnya keluar sebagai juara dengan keunggulan 2,538 detik atas Martin. Bezzecchi melengkapi podium di posisi ketiga dengan selisih 3,393 detik dari sang pemenang. Hasil ini sekaligus membuat podium MotoGP Inggris 2026 dikuasai tiga rider Aprilia.

Alex Marquez juga berhasil menyelesaikan balapan dengan hasil positif. Rider Gresini Racing itu finis keempat, tepat di belakang tiga pebalap Aprilia yang menguasai podium.

Hasil akhir MotoGP Inggris kemudian mengalami perubahan setelah Fabio Quartararo mendapat penalti 16 detik akibat pelanggaran regulasi tekanan ban depan. Rider Yamaha yang sebelumnya finis ke-12 turun ke posisi ke-16 setelah hukuman tersebut diterapkan.

Dua Pemenang Bold Riders Podium Picks

Keseruan MotoGP Inggris tidak hanya terjadi di lintasan. Para penggemar juga ikut menguji prediksi mereka melalui Bold Riders Podium Picks.

Pada seri Silverstone kali ini, Aryadi dan Heri Purnawan berhasil menjadi dua peserta dengan perolehan poin tertinggi. Keduanya berhak mendapatkan voucher masing-masing senilai Rp 250.000.

Bold Riders Podium Picks merupakan kompetisi yang mengajak para penggemar MotoGP menebak rider yang akan finis di posisi pertama, kedua, dan ketiga pada setiap race.

Lewat kompetisi ini, peserta bisa mengandalkan pengetahuan dan insting mereka untuk memprediksi siapa saja yang akan berdiri di podium. Setiap seri juga menjadi kesempatan untuk mengumpulkan poin dan bersaing dengan peserta lainnya.

Selamat kepada Aryadi dan Heri Purnawan! Tim detikcom akan menghubungi masing-masing pemenang untuk proses verifikasi dan informasi lebih lanjut terkait pemberian hadiah.

Gabung Bold Riders

Buat lo yang belum gabung, sekarang waktunya join Bold Riders, official sponsor Gresini Racing MotoGP sekaligus wadah komunitas motor multi-genre terbesar di Indonesia.

Di sini, para rider bisa kumpul, riding bareng, dan seru-seruan bersama sesama pecinta roda dua. Komunitas ini juga menjadi ruang untuk berbagi pengalaman dan mengikuti berbagai aktivitas seputar dunia motor.

Pastiin juga lo sudah follow Instagram @boldriders biar nggak ketinggalan update seputar MotoGP, konten-konten seru, dan info event-event motor keren lainnya.

Bold Riders... Spirit of Brotherhood."
Amri/Nita Happy Dapat Pelatih Baru: Coach Nova Tahu Pola Ganda Campuran,https://sport.detik.com/raket/d-8615360/amri-nita-happy-dapat-pelatih-baru-coach-nova-tahu-pola-ganda-campuran,"Rabu, 12 Agu 2026 16:30 WIB","Ganda campuran Indonesia Amri Syahnawi/Nita Violina Marwah menyambut positif kembalinya Nova Widianto ke Pelatnas PBSI. Mereka menilai Nova memahami detail permainan yang dibutuhkan pasangan ganda campuran.

PBSI kembali menggandeng Nova untuk menangani sektor ganda campuran di Pelatnas Cipayung. Perubahan tersebut dilakukan setelah PBSI melakukan evaluasi terhadap jajaran pelatih sektor tersebut pada akhir Juli.

Namun, Nova belum mulai menangani Amri/Nita secara langsung. Untuk sementara, sektor ganda campuran masih didampingi pelatih pratama Muhammad Rijal dan Hendra Mulyono.

Nita menyambut antusias kehadiran Nova. Menurut dia, pengalaman Nova menangani ganda campuran menjadi nilai penting karena sektor tersebut membutuhkan perhatian terhadap detail-detail permainan.

""Ya kalau dibilang happy pasti happy karena mungkin dia yang tahu polanya ganda campuran tuh harus seperti apa, detailnya seperti apa, kita harus gimana dia tahu,"" kata Nita di Pelatnas PBSI, Rabu (12/8/2026).

Nita menilai pemain ganda campuran membutuhkan sosok pelatih yang bisa mengingatkan hal-hal kecil ketika pertandingan berlangsung. Detail tersebut dinilainya bisa berpengaruh terhadap permainan pasangan.

""Jadi ya sebenarnya pemain-pemain kita tuh itu yang dibutuhin, hal-hal kecilnya. Hal-hal kayak diingatkan ""Ini habis kayak gini ke sini, habis kayak gini harus kayak gini,"" itu sih yang perlu diingatkan.""

Menurut Nita, detail-detail seperti itu menjadi salah satu hal yang sempat terlewat dalam pembinaan ganda campuran Indonesia dalam beberapa tahun terakhir.

""Dan ya mungkin yang bisa dilihat semuanya beberapa tahun ini tuh itu yang miss (detail-detail) banget gitu, itu yang jadi kendala di ganda campuran. Kayak enggak ada yang ingetin kita harus bagaimana, main itu harus bagaimana.""

Karena itu, kehadiran Nova kembali diharapkan bisa membantu pemain lebih memahami pola permainan yang harus diterapkan di lapangan. ""Sekarang dengan Coach Nova balik dan kita dilatih sama Rijal untuk sementara gitu, ya itu diingatkan banget sih hal-hal detail kayak gitu tuh mereka ingatkan kita banget gitu sih,"" ujarnya.

Meski Nova sudah kembali ke lingkungan Pelatnas, Amri/Nita ternyata belum sempat berbicara langsung dengan pelatih yang sebelumnya menangani ganda campuran Indonesia tersebut.

Amri mengatakan dirinya baru sebatas bertegur sapa dengan Nova ketika bertemu di sejumlah turnamen. Keduanya sempat berada di lokasi yang sama saat mengikuti turnamen di Jepang dan China.

""Belum sih, ya saling tegur aja kalau ketemu di pertandingan belakangan ini gitu. Ya kalau pas di Jepang, China kan juga ketemu, cuma ya mau ngobrol juga mungkin Coach Novanya masih ada tanggung jawab di sana, jadi belum enak lah untuk ngobrol. Jadi paling ya sapa-sapa saja gitu ,"" kata Amri.

Amri/Nita sendiri merupakan salah satu pasangan ganda campuran Indonesia yang tengah menjadi tumpuan. Pada Maret 2026, mereka mencapai peringkat16 dunia, menurut data yang tercantum dalam profil BWF mereka.

Pasangan ini juga masih terus memburu konsistensi di level elite. Pada Indonesia Open 2026, Amri/Nita terhenti di babak 16 besar setelah kalah dari pasangan China Guo Xinwa/Chen Fanghui.

Dengan kembalinya Nova dan pendampingan sementara dari Rijal serta Hendra Mulyono, Amri/Nita berharap pembenahan detail permainan bisa membantu mereka berkembang dan tampil lebih konsisten di turnamen-turnamen berikutnya."
MotoGP Kaji Bursa Transfer untuk Rider seperti di Sepakbola!,https://sport.detik.com/moto-gp/d-8615237/motogp-kaji-bursa-transfer-untuk-rider-seperti-di-sepakbola,"Rabu, 12 Agu 2026 15:30 WIB","MotoGP sedang mengkaji kemungkinan menerapkantransfer window,alias bursa transfer,untuk perpindahan pebalap, sebuah konsep yang sudah lama digunakan dalam sepakbola.

Gagasan tersebut muncul setelah bursa pembalap MotoGP bergerak sangat cepat pada paruh pertama musim 2026. Kondisi itu bahkan dinilai berpotensi menggeser perhatian dari persaingan di lintasan.

Menurut laporanMotorsport.com, para pemangku kepentingan utama MotoGP tengah mempelajari mekanisme yang menetapkan periode tertentu bagi tim untuk mengikat pembalap. Kesepakatan yang dibuat di luar periode tersebut nantinya tidak akan dianggap sah.

Pembahasan mengenai gagasan itu berlangsung dalam pertemuan IRTA Management Council di paddock Silverstone pada Jumat pagi. Forum tersebut mempertemukan perwakilan asosiasi tim MotoGP, IRTA, serta tim-tim peserta. Direktur olahraga MotoGP Carlos Ezpeleta juga hadir.

Pertemuan berlangsung hampir tiga jam dan membahas sejumlah persoalan. Salah satunya adalah kemungkinan membuat sistem yang secara efektif menjadi ""transfer window"" MotoGP.

Gagasan tersebut tidak muncul tanpa alasan. Bursa pembalap untuk grid MotoGP 2027 bergerak jauh lebih cepat dibandingkan biasanya. Pada akhir Januari lalu, Fabio Quartararo dilaporkan sudah mencapai kesepakatan untuk bergabung dengan Honda. Jorge Martin kemudian diproyeksikan mengambil tempat Quartararo di Yamaha.

Tidak lama berselang, masih pada Januari, kesepakatan Pedro Acosta dengan Ducati juga mencuat. Acosta diproyeksikan mengisi kursi tim pabrikan Ducati dan menjadi rekan setim Marc Marquez. Pergerakan tersebut membuat sebagian besar kursi untuk MotoGP 2027 sudah terisi jauh sebelum jeda musim panas.

Sekitar 80 persen kursi yang tersedia disebut telah memiliki pembalap sebelum jeda musim panas. Padahal, periode tersebut secara tradisional menjadi masa ketika mayoritas kesepakatan perpindahan pembalap baru diselesaikan.

Secara aturan, kondisi tersebut sebenarnya tidak menjadi persoalan. Namun, ada kekhawatiran bahwa bursa pembalap yang bergerak terlalu dini justru mengurangi perhatian terhadap apa yang terjadi di lintasan.

Karena itu, para pihak terkait kini mempelajari kemungkinan mengadopsi sistem yang sudah dikenal luas di cabang olahraga lain, terutama sepakbola.

Dalam sepakbola, transfer window menetapkan periode tertentu ketika klub dapat melakukan pendaftaran dan perpindahan pemain. MotoGP tengah mempelajari konsep serupa untuk pasar pembalap. Namun, penerapannya tidak akan sesederhana membuat tanggal pembukaan dan penutupan bursa.

MotoGP harus mempertimbangkan sejumlah kondisi khusus, salah satunya promosi pembalap dari kelas yang lebih rendah. Sistem yang dibuat harus tetap memberikan ruang bagi pembalap dari Moto2 atau Moto3 untuk naik kelas.

Karena itu, kemungkinan diperlukan kerangka aturan khusus dengan sejumlah pengecualian.

Gagasan transfer window tersebut juga belum mendapat pandangan seragam dari seluruh tim. Menurut laporanMotorsport.com, terdapat perbedaan pendapat di antara pihak-pihak yang hadir dalam pembahasan di Silverstone.

Yamaha disebut termasuk pihak yang melihat gagasan tersebut sebagai sesuatu yang layak diterapkan dan berpotensi memberikan dampak positif. Sebaliknya, Ducati lebih berhati-hati. Pabrikan asal Italia itu menilai penerapan transfer window akan menjadi target yang sangat sulit diwujudkan.

Artinya, pembahasan masih berada dalam tahap awal. Belum ada keputusan bahwa MotoGP akan benar-benar menerapkan transfer window.

Jika terealisasi, aturan tersebut akan menjadi perubahan besar dalam cara bursa pembalap MotoGP bekerja. Bursa tidak lagi bisa bergerak bebas sepanjang musim, melainkan harus mengikuti periode yang telah ditentukan.

Dengan kata lain, MotoGP mulai mempertimbangkan ""transfer deadline"" ala sepakbola agar drama bursa pembalap tidak mengalahkan drama di lintasan."
"Percaya Diri Usai Juara Jepang-China, Bekal Fajar/Fikri di Kejuaraan Dunia",https://sport.detik.com/raket/d-8615182/percaya-diri-usai-juara-jepang-china-bekal-fajar-fikri-di-kejuaraan-dunia,"Rabu, 12 Agu 2026 14:10 WIB","Keberhasilan di Jepang dan China membuat mentalFajar Alfian/Muhammad Shohibul Fikriterangkat jelangKejuaraan Dunia 2026.Berbekal itu, mereka berfokus untuk kembali jadi juara dunia.

Diketahui, Fajar/Fikri menjadi juara back to back di Jepang Open dan China Open. Bahkan khusus di Negeri Tirai Bambu, mereka mempertahankan gelarnya pada tahun ini.

""Yang pasti bikin kami lebih percaya diri ya, termasuk saya dan Aa Fajar, bahwa kami bisa juara berturut-turut,"" kata Fikri saat ditemui seusai latihan di Pelatnas PBSI, Rabu (12/8/2026).

Walau begitu, Fikri tak ingin jemawa dengan hasil tersebut. Ia sadar betul lawan akan menganalisa permainan mereka. Apalagi, di Kejuaraan Dunia yang memiliki tekanan yang berbeda dari turnamen-turnamen bulutangkis lainnya.

""Setiap pertandingan mungkin kan orang juga latihan lagi, mereka juga pasti evaluasi kekurangan mereka dan mengetahui kekurangan saya dan kelebihan saya. Pasti ada perbedaan nanti saat pertandingan berikutnya,"" ujarnya.

""Ya, peluang pasti ada, untuk siapa pun peluang itu pasti terbuka lebar. Cuma balik lagi ke masing-masing individu ya, karena World Championship itu ya pertandingan yang cukup sangat ingin diraih. Jadi kadang kalau kita terlalu menggebu-gebu juga itu tidak baik. Jadi ya kita harus lebih fokus saja, step by step saja sih.""

Ia juga menegaskan tak akan meremehkan lawan-lawan, meski posisi mereka saat ini merupakan unggulan kedua di Kejuaraan Dunia yang berlangsung di New Delhi, 17-23 Agustus mendatang.

""Kami enggak boleh lengah mau lawan siapa pun. Jadi kami tidak hanya melihat pemain-pemain top saja, mungkin yang di bawah pemain-pemain top juga pasti mereka juga akan menjadi kuda hitam untuk meraih kemenangan. Dan itu sangat berbahaya sih,"" tegas Fikri."
Ngerinya Bilal Hasan: Petarung Indonesia yang dapat Kontrak UFC,https://sport.detik.com/sport-lain/d-8615036/ngerinya-bilal-hasan-petarung-indonesia-yang-dapat-kontrak-ufc,"Rabu, 12 Agu 2026 12:50 WIB","Perkenalkan, namanyaBilal Hasan.Bilal jadi petarung asal Indonesia yang dapat kontrak diUFC,rekornya sempurna belum pernah kalah. Ngeri!

Dilansir dariESPN,Bilal Hasanresmi mendapat kontrak bertarung di UFC setelah mengalahkan Mridul Saikia dalam Dana White's Contender Series (DWCS) di Meta Apex, Rabu (12/8) pagi waktu Indonesia.

Bilal menang TKO dengan pukulan lurus kanannya. Mridul terjatuh, Bilal habisi di bawah dan menang hanya dengan 45 detik!

[Gambas:Instagram]

Bilal Hasansetelahnya dapat kontrak dariUFC,jadi orang Indonesia pertama yang sukses meraihnya. Bilal lanjutkan perjuangan dari Jeka Saragih, yang sempat menjajal Road to UFC.

Bilal main di kelas flyweight. The Indo Ninja, begitu julukan petarung berusia 25 tahun tersebut.

Bilal lahir di Hawaii, lalu pindah ke Washington, AS. Orang tuanya berasal dari Jakarta.

Bilal pertama kali debut di dunia MMA profesional pada 2022. Rekor kemenangannya sempurna, 9-0 dengan sekali no contest.

Dari sembilan kemenangan itu, tujuh didapat via TKO, sekali submission, dan sekali decision. Serangan kombinasi jadi andalannya, pernah menang dengan tendangan berputar.

Bilal kini bakal bertualang diUFC.Menariknya, di kelas flyweight sang juara berasal dari Asia Tenggara yakni Joshua Van asal Myanmar. Bilal pun lanjutkan perjuangan Jeka Saragih yang sebelumnya juga bertarung di UFC.

Jalan Bilal masih panjang. Akankah Bilal bisa jadi petarung dari Indonesia yang pertama kali menang di UFC? Kita doakan!"
Satu Lagi Petarung Indonesia di UFC: Bilal Hasan!,https://sport.detik.com/sport-lain/d-8614856/satu-lagi-petarung-indonesia-di-ufc-bilal-hasan,"Rabu, 12 Agu 2026 11:10 WIB","Setelah Jeka Saragih, kini adaBilal Hasan.Bilal jadi petarung kedua diUFCdan sudah dapat kontrak. Dipuji Dana White lagi.

Dilansir dariESPN, Bilal Hasan resmi mendapat kontrak bertarung di UFC setelah mengalahkan Mridul Saikia dalam Dana White's Contender Series (DWCS) di Meta Apex, Rabu (12/8) pagi waktu Indonesia.

Bilal menang TKO dengan pukulan lurus kanannya. Mridul terjatuh, Bilal habisi di bawah dan menang hanya dengan 45 detik!

[Gambas:Instagram]

Presiden UFC, Dana White lempar pujian. Kata Dana,Bilal Hasanbuktikan dirinya pantas betarung diUFC!

""Dia datang denganhypeyang luar biasa. Benar-benar membuktikan itu,"" katanya.

""Ketika kamu jadi unggulan terbesar dalam sejarah Contender Series dalam 10 tahun, begitulah cara terbaiknya dan kamu benar-benar melakukan itu,"" sambungnya.

""Saya sangat terkesan dengan kamu. Saya tidak sabar menantikan kamu di masa mendatang. Saya sangat tidak sabar menonton pertarungan pertamamu di UFC. Selamat datang,"" sambungnya.

Bilal Hasanpunya julukan The Indo Ninja. Usianya 25 tahun, Bilal lahir di Oahu, Hawaii dan pindah ke Washington saat berusia 10 tahun. Bilal punya rekor kemenangan di MMA 9-0.

""Indonesia terima kasih buat semua dukungannya, Alhamdulillah menang malam ini. Insya Allah kita segera bertanding secepatnya, aku cinta kalian semua,"" ujar Bilal."
Marc Marquez: Tertinggal 40 Poin dari Martin Bukan Jarak yang Besar,https://sport.detik.com/moto-gp/d-8614482/marc-marquez-tertinggal-40-poin-dari-martin-bukan-jarak-yang-besar,"Selasa, 11 Agu 2026 23:15 WIB","Marc Marquezpercaya diri mampu mengejarJorge Martindi sisa kejuaraan. Marquez mengatakan, ketinggalan 40 poin diklasemen MotoGPbukanlah jarak yang besar.

Pebalap Ducati itu baru saja mengarungi akhir pekan untuk dilupakan di MotoGP Inggris 2026. Start dari baris kedua, Marquez cuma finis kesembilan di sprint lalu ketujuh di balapan grand prix. Marquez finis dengan selisih 9,5 detik dari Raul Fernandez, yang jadi pemenang di hari Minggu.

Karena hanya mendulang tiga poin, Marc Marquez melorot ke peringkat empat klasemen MotoGP. Marquez mengumpulkan 200 poin sementara Jorge Martin menempati urutan teratas setelah mengemas 240 poin.

Hal ini tidak membuat pebalap berusia 33 tahun itu merasa khawatir. Pasalnya, empat balapan berikutnya (Aragon, San Marino, Austria, Jepang)Marc Marquezcenderung mendapatkan hasil bagus.

Saat ditanya apakah Marquez yakin bisa menyusulJorge Martin, dia menjawab: ""Ya, tapi hal itu tergantung pada bagaimana performa pebalap-pebalap lainnya di sirkuit di mana aku pernah mendapatkan hasil yang lebih baik.""

""Kita akan melihatnya, sih. Memang benar bahwa ini (Silverstone-red) adalah sirkuit di mana aku mendapatkan hasil yang buruk. Tapi sekarang akan ada tiga atau empat sirkuit, yang jika kami ingin mencapai sesuatu, kami harus menyerang.""

""Haruskah aku memasukkan Jepang? Ya, tentu saja. Ketinggalan 40 poin... itu bukan jarak yang besar, tapi memang banyak; seluruh akhir pekan, jadi Anda harus terus berusaha,"" lugasMarc MarquezdilansirMotogpnews.

Usai Silverstone,MotoGP 2026akan berlanjut ke seri Aragon pada akhir bulan ini. Marquez sudah tujuh kali menang di sana yang jadi rekor, termasuk di dua musim terakhir."
Pelari Indonesia Berkesempatan Tampil di Nagoya Women's Marathon 2027,https://sport.detik.com/sport-lain/d-8614480/pelari-indonesia-berkesempatan-tampil-di-nagoya-womens-marathon-2027,"Selasa, 11 Agu 2026 22:44 WIB","Pelari perempuan Indonesia berkesempatan ambil bagian diNagoya Women's Marathon 2027. Ini merupakan ajang khusus perempuan yang terbesar di dunia.

Nagoya Women's Marathon 2027 akan digelar di Nagoya, Aichi, Jepang, pada Minggu, 14 Maret 2027. Pendaftaran bagi peserta internasional resmi dibuka mulai Selasa, 11 Agustus 2026.

Nagoya Women's Marathon dikenal sebagai maraton khusus perempuan terbesar di dunia dan telah memperoleh sertifikasi Guinness World Records. Ajang ini juga menyandang status World Athletics Platinum Label, level tertinggi dalam klasifikasi lomba lari jalan raya World Athletics.

Pada edisi 2027, kapasitas peserta ditambah sebanyak 2.000 pelari menjadi 22.000 peserta. Sebanyak 3.500 kuota diberikan untuk pelari internasional.

Perlombaan ini terbuka bagi perempuan dari berbagai usia dan tingkat kemampuan, mulai dari mereka yang baru pertama kali mengikuti maraton hingga pelari berpengalaman yang mengejar personal best.

Seluruh peserta akan menempuh jarak 42,195 kilometer dengan titik start dan finis di Vantelin Dome Nagoya. Karakter lintasan yang relatif datar serta batas waktu tujuh jam menjadi salah satu alasan perlombaan ini ramah bagi pelari dengan beragam level kemampuan.

Periode Early Entry berlangsung pada 11-24 Agustus 2026 dengan biaya pendaftaran sebesar JPY 24.000 (sekitar Rp 2,6 juta), sedangkan Regular Entry dibuka pada 25 Agustus-23 September 2026 dengan biaya JPY 25.000 (Rp 2,8 juta). Kuota menggunakan sistem first come, first served dan biaya pemrosesan tambahan akan diberlakukan.

Kaum pria juga bisa berpartisipasi di event ini karena penyelenggara juga menggelar Nagoya City Marathon 2027 pada hari yang sama. Dua kategori yang tersedia adalah Half Marathon serta Nagoya RUN sejauh 8,5 kilometer.

Untuk Nagoya City Marathon, biaya pendaftaran internasional ditetapkan sebesar JPY 17.000 (Rp 1,9 juta) untuk Half Marathon dan JPY 13.000 (Rp 1,4 juta) untuk Nagoya RUN 8,5 km.

Salah satu ciri khas Nagoya Women's Marathon adalah hadiah eksklusif untuk setiap finisher. Pelari yang berhasil mencapai garis finis akan menerima tumbler kristal Baccarat yang dibuat khusus untuk ajang tersebut. Baccarat merupakan rumah kristal mewah asal Prancis dengan sejarah lebih dari 260 tahun. Desain tersebut akan diperkenalkan pada Marathon EXPO yang berlangsung sehari sebelum perlombaan.

Tak hanya mengedepankan kompetisi, penyelenggara juga menempatkan kenyamanan dan keamanan pelari sebagai prioritas. Dukungan medis, ketersediaan toilet dalam jumlah banyak, ruang ganti yang luas hingga penggunaan stadion beratap sebagai area start dan finis menjadi bagian dari fasilitas yang disiapkan bagi peserta.

Dengan konsep tersebut, Nagoya Women's Marathon ingin mempertahankan identitasnya sebagai the world's greatest stage for women to shine, sebuah panggung bagi perempuan untuk merayakan kemampuan dan pencapaian mereka melalui olahraga."
Islam Makhachev Vs Ian Garry: Adu Striking atau Adu Gulat?,https://sport.detik.com/sport-lain/d-8614060/islam-makhachev-vs-ian-garry-adu-striking-atau-adu-gulat,"Selasa, 11 Agu 2026 19:30 WIB","UFC 330akan menyajikan duel utamaIslam Makhachev Vs Ian Garry.Bakal jadi adu striking atau adu gulat, nih?

UFC 330 akan main di Xfinity Mobile Arena, Philadelphia, AS pada Minggu (16/8). Duel utamanya adalah Islam Makhachev Vs Ian Garry.

Islam Makhachevselaku pemegang sabuk juara kelas welter.Ian Garryselaku penantang gelar, nomor dua di kelas welter saat ini.

Islam Makhachevbakal kali pertama pertahankan sabuk juara di kelas welter, yang sebelumnya menang atas Jack Della Maddalena. Ketika itu, Islam mengaku main aman.

""Saya tidak puas dengan pertarungan menghadapi Jack. Saya hanya mau menguncinya demi menangkan gelar,"" ungkapnya dalam wawancara denganMMA Junkie.

""Nanti hadapi Ian, saya mungkin akan menuntaskannya dengan KO,"" sambungnya.

Ian Garrykuat dalam pertarungan striking. Rekor kemenangannya lewat duel atas adalah tujuh kali, dari total 17 kemenangan di MMA.

""Saya akan hadapi Islam dengan cara apapun. Saya berani bergulat dengannya, saya punya teknik bertahan yang bagus,"" tegasnya.

Islam Makhachev punya rekor lima kemenangan dari total 28 kemenangan di MMA via TKO. Paling banyak menang dari pertarungan gulat, 13 kali.

Islam belum pernah kalah saat beradu gulat. Menariknya, Ian juga tidak pernah saat beradu gulat.

Lima kemenangan terakhir Ian didapat dari decision. Lima kemenangan terakhir Islam adalah dua decision, dua submission, dan sekali KO."
MotoGP 2026: Alex Marquez Menuju 100 Persen,https://sport.detik.com/moto-gp/d-8614053/motogp-2026-alex-marquez-menuju-100-persen,"Selasa, 11 Agu 2026 18:05 WIB","RiderGresini Racing,Alex Marquez, menegaskan kondisi fisiknya sudah menuju 100 persen. Dia menyebut hasil balapan di MotoGP Inggris cukup solid.

Dalam balapan, Minggu (9/8/2026) malam WIB, Raul Fernandez yang menjadi pemenang. Rider tim Trackhouse Aprilia itu melahap 20 lap dengan catatan waktu 39 menit 45,930 detik.

Alex Marquez memulai balapan dari posisi ketujuh. Setelah menjalani start bagus, Alex Marquez sempat merangsek ke posisi ketiga.

Tapi, dalam satu momen, Alex Marquez sempat melebar di tikungan 1. Alhasil, dia pun melorot ke posisi kelima.

Di sisa balapan,Alex Marquezterus mengejar Marco Bezzecchi untuk mengamankan podium. Usaha rider yang didukung olehBold Ridersitu tak berhasil hingga race selesai.

""Jujur saja, kami sebenarnya memiliki kecepatan untuk memperebutkan posisi kedua bersama Jorge hari ini. Sayangnya, kesalahan di Tikungan 1, yang sepenuhnya merupakan kesalahan saya, merusak balapan dan mungkin harus dibayar mahal dengan kehilangan podium,"" kata Alex Marquez di situs Gresini Racing.

""Bagaimanapun, kami meninggalkan akhir pekan yang sangat solid. Kami menjadi pebalap Ducati terbaik, dan kondisi fisik saya terus membaik. Sekarang kami akan terus bersiap, karena Aragon akan menjadi cerita yang sepenuhnya berbeda,"" kata dia menambahkan.

MotoGP akan lanjut lagi pada akhir Agustus. Balapan MotoGP Aragon yang akan dimainkan.Alex Marquezbisa menang lagi di balapan kandang?"
Asian Games 2026: Menanti Dukungan Puluhan Ribu WNI di Nagoya,https://sport.detik.com/sport-lain/d-8613919/asian-games-2026-menanti-dukungan-puluhan-ribu-wni-di-nagoya,"Selasa, 11 Agu 2026 17:10 WIB","Tim CdM bakal memaksimalkan puluhan ribu warga negara Indonesia diAsian Games 2026 Aichi-Nagoya.Dukungan ini penting bagi atlet-atlet yang akan berlaga di pesta olahraga empat tahunan tersebut.

Demikian disampaikan Wakil CdM Asian Games Harry Warganegara saat meninjau pemusatan latihan nasional soft tenis di kawasan Kebayoran Lama, Jakarta Selatan, Selasa (11/8/2026).

Menurut Harry, keberadaan masyarakat Indonesia di Nagoya menjadi potensi dukungan tersendiri. Diperkirakan terdapat sekitar 28.000 warga Indonesia di wilayah tersebut.

""Kami sudah berkomunikasi dengan masyarakat Indonesia di Nagoya dan nantinya akan melibatkan mereka sebagai relawan untuk membantu kontingen, misalnya dalam arrival-departure, transportasi, maupun kebutuhan lainnya,"" katanya.

Untuk mendukung kontingen selama berada di Jepang, Indonesia juga akan memiliki Rumah Indonesia di Nagoya sebagai pusat aktivitas Komite Olimpiade Indonesia (KOI), tim CdM, atlet, ofisial, hingga masyarakat Indonesia yang ingin memberikan dukungan.

Tim CdM bahkan menyiapkan makanan khas Indonesia yang akan dipesan dari katering lokal. Namun, Harry mengingatkan bahwa aturan membawa makanan ke Jepang cukup ketat, terutama makanan yang mengandung daging atau produk olahan tertentu.

""Kalau sebelum bertanding mungkin tidak boleh. Tetapi setelah selesai bertanding, sebelum kembali ke Indonesia, kami berharap atlet dan ofisial bisa mampir ke Rumah Indonesia untuk menikmati makanan khas Indonesia yang dibuat oleh orang-orang Indonesia di Nagoya,"" tuturnya.

""Sedangkan soal hal-hal teknis, khususnya seperti yang ada di soft tenis ini, kami serahkan kepada cabang olahraga, pengurus, dan pelatih. Tugas kami lebih kepada memastikan kebutuhan nonteknis atlet dan ofisial dapat terpenuhi dengan baik,"" jelas Harry.

Sehubungan itu, tim CdM bersama Komite Olimpiade Indonesia (KOI) telah mengunjungi sekitar 20 hingga 21 cabang olahraga guna memantau kesiapan masing-masing kontingen.

Dari kunjungan tersebut, ditemukan kebutuhan yang berbeda di setiap cabang olahraga, mulai dari penyesuaian jadwal keberangkatan hingga kebutuhan perlengkapan dan venue pertandingan.

""Untuk keberangkatan dan kebutuhan utama kontingen, pemerintah sudah menyiapkannya. Tinggal memastikan semuanya terdistribusi dengan baik. Informasi dari Pak CdM dan Kemenpora, paling lambat dalam minggu-minggu ini semuanya sudah terdistribusi,"" ujarnya.Selain itu, koordinasi teknis dengan cabang olahraga juga terus dilakukan, termasuk menyangkut sport entry, pencocokan data atlet dengan paspor, seragam hingga kebutuhan keberangkatan. Indonesia menurunkan 432 atlet dari 35 cabang olahraga di Asian Games 2026."
Daftar 21 Atlet Balap Sepeda Indonesia di Asian Games 2026,https://sport.detik.com/sport-lain/d-8613840/daftar-21-atlet-balap-sepeda-indonesia-di-asian-games-2026,"Selasa, 11 Agu 2026 16:10 WIB","Asian Games 2026 akan berlangsung pada 19 September-4 Oktober 2026. Khusus cabang balap sepeda, pertandingan dijadwalkan berlangsung pada 20 September-2 Oktober. Balap sepeda akan terbagi dalam lima disiplin, yakni Road Race, Mountain Bike (MTB), BMX Freestyle, BMX Racing, dan Track.

Nomor Road Race akan digelar di Circuit Course Shinshiro City pada 20-23 September. Setelah itu, nomor Mountain Bike berlangsung di Obata Ryokuchi Park pada 24-25 September.

BMX Freestyle kemudian digelar di Aichi Sky Expo pada 26-27 September. Sehari berselang, giliran BMX Racing yang berlangsung di Nagoya Velodrome BMX Race pada 28 September. Rangkaian balap sepeda ditutup nomor Track di Izu Velodrome pada 29 September-2 Oktober.

ICF memasang target tinggi di Aichi-Nagoya. Balap sepeda Indonesia membidik empat medali emas. Sekretaris Jenderal ICF Jadi Rajagukguk menyebut target tersebut berasal dari empat nomor, yakni BMX putri, balap sepeda jalan raya putri, MTB, dan trek.

""Target kami adalah mendapatkan 4 medali emas, satu di BMX Putri, satu di Balap Sepeda Jalan Raya Putri, satu di MTB, dan satu di Trek,"" kata Jadi.

Optimisme tersebut didasarkan pada posisi para atlet Indonesia dalam persaingan di level Asia.

""Semua berdasarkan data ranking. Rata-rata atlet kita berada di lima besar Asia, bahkan ada yang peringkat satu, dua, dan tiga. Itu yang membuat kami optimistis, meski hasil pertandingan tetap ditentukan oleh performa atlet dan faktor keberuntungan,"" tegasnya.

Berikut daftar lengkap atlet Indonesia yang akan tampil di Asian Games Aichi-Nagoya 2026:

Dengan komposisi 21 atlet tersebut, Indonesia akan berusaha memenuhi target empat emas yang telah dipasang ICF di Asian Games 2026 Aichi-Nagoya.

(mcy/krs)...Tautan telah disalin"
"Padel Jadi Gaya Hidup Aktif, Juego Padel Club Hadir di Jakarta Barat",https://sport.detik.com/advertorial-news-block/d-8613598/padel-jadi-gaya-hidup-aktif-juego-padel-club-hadir-di-jakarta-barat,"Selasa, 11 Agu 2026 14:03 WIB","Olahraga padel kini semakin diminati masyarakat urban. Selain menawarkan permainan yang dinamis, padel memadukan aktivitas fisik, hiburan, dan interaksi sosial dalam satu waktu.

Karakter tersebut membuat olahraga padel relevan bagi masyarakat perkotaan yang ingin tetap aktif di tengah rutinitas yang padat.

Owner Juego Padel Club,Malvin menyebut padel juga relatif mudah dipelajari sehingga pemula dapat menikmati permainan sejak pertama mencoba.

""Padel menawarkan kombinasi antara olahraga, hiburan, dan interaksi sosial dalam satu aktivitas. Permainannya dinamis dan menyenangkan, namun relatif mudah dipelajari, sehingga orang yang baru pertama kali mencoba pun bisa menikmati permainan tanpa membutuhkan waktu lama untuk beradaptasi,"" ujar Malvin dalam keterangannya, Selasa (11/8/2026).

Malvin mengungkapkan banyak pemain datang tidak hanya untuk berolahraga, tetapi juga untuk bertemu teman, memperluas komunitas, dan menikmati waktu bersama keluarga. Inilah yang membuat padel berkembang dari sekadar olahraga menjadi bagian dari gaya hidup aktif masyarakat urban.

Manfaat Olahraga Padel untuk Kebugaran dan Relaksasi

Padel melibatkan berbagai gerakan tubuh, mulai dari berjalan, berlari pendek, berpindah arah, hingga memukul bola. Jika dilakukan secara rutin dan sesuai kemampuan, olahraga ini dapat membantu melatih stamina, koordinasi, keseimbangan, dan kelincahan.

Selain manfaat fisik, permainan padel yang interaktif juga bisa menjadi cara untuk sejenak melepas diri dari pekerjaan dan rutinitas. Pemain dapat fokus pada pertandingan sambil bersosialisasi dengan teman.

Bagi pemula, padel juga relatif menyenangkan untuk dicoba karena tidak harus langsung menguasai teknik tingkat tinggi untuk bisa bermain dan melakukan rally bersama teman.

Olahraga Rutin yang Lebih Mudah Dinikmati

Konsistensi sering menjadi tantangan saat seseorang mulai menjalani gaya hidup aktif. Padel memiliki unsur permainan dan sosial yang kuat, sehingga olahraga ini bisa terasa lebih menyenangkan dan menjadi aktivitas yang dinantikan.

Pemain dapat memulainya secara bertahap, misalnya melalui sesi coaching atau bermain bersama partner dengan level kemampuan yang sesuai. Dari sekadar mencoba satu kali, pemain bisa menemukan partner bermain, bergabung dengan komunitas, mengikuti sesi latihan, hingga menjadikan padel sebagai bagian dari aktivitas mingguan.

Juego Padel Club: Ruang Bermain untuk Pemula hingga Komunitas

Bagi yang baru ingin mencoba padel, menemukan tempat bermain yang nyaman bisa menjadi langkah awal untuk mulai rutin berolahraga. Juego Padel Club hadir di kawasan Daan Mogot, Jakarta Barat, sebagai pilihan lapangan padel bagi masyarakat Jakarta Barat dan sekitarnya.

Mengusung konsep built by padel players, for padel players, Juego dirancang dengan perhatian pada pengalaman pemain, mulai dari kualitas lapangan, jarak antar-court, sirkulasi pemain dan udara, sampai area beristirahat.

""Juego ingin menghilangkan kesan bahwa padel adalah olahraga yang sulit atau eksklusif. Pemain bisa mulai dari level dasar, mengikuti coaching, lalu perlahan menemukan permainan dan komunitas yang sesuai dengan levelnya,"" kata Malvin.

Selain lapangan padel, Juego menyediakan coaching untuk anak-anak, remaja, dan dewasa dengan beragam tingkat kemampuan. Community session dan aktivitas klub juga menjadi wadah bagi pemain untuk menemukan partner bermain serta terhubung dengan komunitas padel.

Juego turut dilengkapi cafe, area bersantai, taman bunga, serta children's playground. Dengan fasilitas pendukung tersebut, Juego ingin menjadi sport and lifestyle destination yang dapat dinikmati bersama teman maupun keluarga.

Cara Booking Lapangan Padel di Juego

Pemain dapat melakukan booking Juego Padel Club melalui aplikasi AYO. Informasi mengenai jadwal coaching, community session, program anak, event, dan aktivitas terbaru dapat diperoleh melalui kanal resmi Juego Padel Club.

Juego terbuka bagi berbagai level pemain, termasuk masyarakat yang baru pertama kali memegang raket. Visi Juego adalah membangun ekosistem padel di mana orang dapat play, improve, connect, and enjoy dalam satu tempat."
Tantangan Terberat Soft Tenis RI di Asian Games: Tuan Rumah dan Angin,https://sport.detik.com/sport-lain/d-8613423/tantangan-terberat-soft-tenis-ri-di-asian-games-tuan-rumah-dan-angin,"Selasa, 11 Agu 2026 13:30 WIB","Soft tenis Asian Games 2026 akan digelar di Nagoya City Higashiyama Park Tennis Center pada September mendatang. Jepang sebagai tuan rumah menjadi salah satu kekuatan utama yang harus dihadapi Indonesia.

Dua atlet Indonesia, Tio Juliandi Hutauruk dan Allif Nafiiah, menjadi bagian dari skuad yang dipersiapkan tampil di Nagoya. Keduanya menyadari persaingan di level Asia tidak mudah.

Allif yang akan menjalani Asian Games keduanya mendapat gambaran mengenai kekuatan lawan setelah mengikutitry outdi Korea Selatan pada Juni lalu. Indonesia membawa pulang tiga medali perunggu dari ajang tersebut, masing-masing melalui tunggal putri, ganda campuran, dan ganda putri.

Pengalaman itu sekaligus membuat Allif semakin memahami level persaingan yang akan dihadapi di Asian Games.

""Memang saat try out di Korea dengan melihat persaingan di internasional kayak Taiwan, Jepang, Korea, (bisa dibilang) kami masih jauh ya untuk persaingan melawan mereka,"" kata Allif usai latihan di Lapangan Soft Tenis di kawasan Kebayoran Lama, Selasa (11/8/2026).

Meski demikian, Allif tidak ingin menjadikan hasil uji coba tersebut sebagai alasan untuk pesimistis. Ia percaya persiapan yang dilakukan bersama tim bisa menjadi modal untuk tampil maksimal di Jepang.

""Tapi kami tetap optimistis dengan kemampuan yang ada, dengan fasilitas yang diberikan oleh negara, sama dukungan pelatih, manajer, dan ketua. Kamu optimistis buat memberikan yang terbaik untuk Indonesia di Nagoya, Jepang,"" tegas Allif.

Selain kekuatan lawan, kondisi lapangan dan cuaca di Jepang juga menjadi perhatian. Allif menilai tim Indonesia membutuhkan proses adaptasi sebelum bertanding.

Soft tenis menggunakan bola karet yang jauh lebih ringan dibandingkan bola tenis lapangan. Karakter tersebut membuat kondisi angin menjadi salah satu faktor yang dirasakan pemain ketika mengontrol arah bola.

""Perlu sih (aklimatisasi). Dengan cuaca mungkin ya, dan lapangan. Dengan suhu di sana mungkin agak sejuk ya ketimbang di Jakarta yang panas seperti ini. Memang pengaruh juga ke bola, untuk pantulannya, seperti itu, angin,"" ujar atlet asal Jawa Tengah ini.

Tio juga merasakan hal serupa. Ia memiliki pengalaman menjalanitraining campdi Jepang ketika mempersiapkan diri menuju Asian Games Hangzhou 2022. Pengalaman tersebut membuat Tio memahami bahwa kondisi angin di Jepang bisa memberikan tantangan tersendiri bagi pemain.

""Kebetulan waktu itu kami sempat training camp di Jepang. Nah, itu anginnya tuh cukup dingin sama besar, jadi berpengaruh dengan arah bola sih sebenarnya,"" kata Tio.

Karakter bola yang ringan memang menjadi salah satu ciri khas soft tenis. Menurut Komite Olimpiade Jepang, bola soft tenis terbuat dari karet dan memiliki bobot yang jauh lebih ringan dibandingkan bola tenis lapangan, sehingga kontrol dan putaran bola menjadi aspek penting dalam permainan.

Karena itu, kemampuan beradaptasi dengan kondisi setempat akan menjadi bagian penting dari persiapan Indonesia sebelum bertanding.

Persiapan Indonesia menuju Asian Games memang tidak sepenuhnya ideal. Keterbatasan anggaran membuat tim hanya memiliki satu kesempatantry outinternasional di Korea Selatan pada Juni lalu. Tapi kondisi tersebut tidak membuat para atlet mengurangi intensitas latihan.

""Ya, untuk kami masing-masing kebetulan sudah mempersiapkan dengan matang untuk persiapan Asian Games ini. Untuk latihan cukup maksimal dan kebutuhan cukup terpenuhi,"" kata atlet asal Jawa Barat ini.

""Sebenarnya tinggal turnamen (try out) sih, cuma karena turnamen tidak ada, ya apa boleh buat kami maksimal di latihan saja.""

Indonesia akan berusaha meningkatkan pencapaian soft tenis dari Asian Games sebelumnya. Pada Hangzhou 2022 yang digelar pada 2023, Indonesia meraih satu medali perunggu, sementara Jepang tampil sangat dominan dengan merebut empat dari lima medali emas yang diperebutkan.

PP Persatuan Soft Tenis Indonesia (Pesti) sebelumnya mematok target dua medali perak dan satu perunggu di Aichi-Nagoya. Target tersebut tidak ingin menjadi beban bagi para atlet. Bagi Tio, fokus utama adalah memberikan penampilan terbaik, apa pun warna medali yang akhirnya dibawa pulang.

""Targetnya ingin mendapat hasil yang terbaik. Apa pun itu hasilnya dari medali perunggu, perak, atau emas. Kalau kami dari atlet ingin meraih yang terbaik lah untuk Asian Games ini,"" pungkas Tio.

Dengan lawan tangguh seperti Jepang, Korea Selatan, dan Taiwan serta tantangan kondisi lapangan dan angin, soft tenis Indonesia akan menghadapi ujian berat di Nagoya. Namun, para atlet memilih berangkat dengan optimisme dan menjadikan setiap faktor tersebut sebagai bagian dari tantangan yang harus ditaklukkan.(mcy/krs)...Tautan telah disalin"
"Soft Tenis RI Incar 2 Perak Asian Games, Minim Uji Coba Tak Halangi Target!",https://sport.detik.com/sport-lain/d-8613406/soft-tenis-ri-incar-2-perak-asian-games-minim-uji-coba-tak-halangi-target,"Selasa, 11 Agu 2026 12:30 WIB","Persiapan menuju Asian Games 2026 sudah dilakukan sejak Maret. Namun, keterbatasan anggaran membuat tim soft tenis Indonesia hanya mendapat satu kesempatantry outke luar negeri.

Tim manajer soft tenis Indonesia, Qamariah Ferly Montolalu, mengatakan skuad akan terus mematangkan persiapan hingga keberangkatan ke Jepang pada 15 September mendatang.

""Iya karena memang ada keterbatasan anggaran dari Kemenpora juga, kami hanya mendapat kesempatan satu kali try out di Korea pada Juni kemarin,"" ungkap Ferly saat ditemui seusai latihan di kawasan Kebayoran Lama, Selasa (11/8/2026).

Dalamtry outdi Korea Selatan tersebut, tim Indonesia mengikuti dua turnamen internasional, yakni di Incheon pada 15-22 Juni dan Sunchang pada 23-29 Juni. Hasilnya, Indonesia membawa pulang tiga medali perunggu.

Meski hanya memiliki satu agenda uji coba internasional, pengalaman tersebut menjadi modal penting untuk memetakan kekuatan calon lawan di Asian Games.

""Sudah mendapat gambaran calon yang kami hadapi di Asian Games, seperti edisi sebelumnya itu Jepang, Korea, dan Taiwan yang cukup dominan untuk cabor ini,"" ujarnya.

Pada Asian Games 2026, Indonesia akan menurunkan tujuh atlet, terdiri dari lima putra dan dua putri. Mereka adalah Tio Juliandi Hutauruk, Fernando Sanger, Bagus Angga Boedy Pradewa, Rizky Zammy Febrian Laluyan, Muhammad Reza Falevi, Siti Nur Arasy, dan Allif Nafiiah.

Ketujuh atlet tersebut diproyeksikan tampil di lima nomor, yakni beregu putra, ganda putri, tunggal putra, tunggal putri, dan ganda campuran. Dari lima nomor tersebut, Pesti sudah menentukan sektor yang dianggap paling realistis untuk menyumbangkan medali.

""Dua medali perak dan satu medali perunggu. Dari beregu putra, ganda campuran, dan tunggal putri,"" kata Ferly.

Target tersebut sekaligus menunjukkan ambisi soft tenis Indonesia untuk memperbaiki capaian pada dua Asian Games sebelumnya.

Pada Asian Games 2018 Jakarta-Palembang, soft tenis Indonesia mengoleksi satu medali perak dan tiga perunggu. Medali perak diraih Alexander Elbert Sie dari tunggal putra, sedangkan perunggu datang dari tunggal putra, tunggal putri, dan beregu putra.

Sementara pada Asian Games 2022 Hangzhou, yang digelar pada 2023, Indonesia hanya meraih satu medali perunggu dari nomor beregu putra. Dengan demikian, target dua perak dan satu perunggu di Aichi-Nagoya berpotensi menjadi peningkatan dibandingkan pencapaian di Hangzhou.

Ferly menyadari target tersebut tidak mudah. Jepang, Korea Selatan, dan Taiwan menjadi tiga negara yang selama ini memiliki kekuatan besar di cabang soft tenis Asia. Karena itu, Indonesia tidak memasang target emas. Pesti memilih sasaran yang dinilai lebih realistis berdasarkan peta persaingan.

""Iya kalau melihat peta kekuatan cukup berat buat kita (untuk mendapat medali emas). Yang realistis bagi kami adalah medali perak dari beregu putra dan ganda campuran,"" kata Ferly.

Selain dua perak tersebut, tunggal putri menjadi nomor yang diharapkan memberikan satu medali perunggu. Salah satu andalan di sektor putri adalah Siti Nur Arasy. Ia memiliki modal positif setelah menjuarai nomor tunggal putri Pathum Thani International 2025 di Thailand dengan mengalahkan wakil Taiwan Cheng Jul di final.

Soft tenis sendiri akan mempertandingkan lima nomor di Asian Games Aichi-Nagoya 2026, yakni tunggal putra, tunggal putri, ganda campuran, beregu putra, dan beregu putri.

Dengan persiapan yang terus digenjot hingga keberangkatan ke Jepang, tim soft tenis Indonesia berharap keterbatasan uji coba tidak menjadi penghalang untuk memenuhi target medali di Asian Games 2026.(mcy/krs)...Tautan telah disalin"
"Sudah 7 Pemenang di MotoGP 2026, Quartararo Tak Merasa Aneh",https://sport.detik.com/moto-gp/d-8613116/sudah-7-pemenang-di-motogp-2026-quartararo-tak-merasa-aneh,"Selasa, 11 Agu 2026 08:57 WIB","Sudah ada tujuh juara berbeda diMotoGP 2026. Rider YamahaFabio Quartararomenolak menyebut ini sebagai hal yang aneh.

Kemenangan Raul Fernandez di MotoGP 2026 akhir pekan lalu menandai munculnya tujuh nama berbeda yang juara musim ini. Sebelumnya sudah ada Marco Bezzecchi, Alex Marquez, Jorge Martin, Fabio Di Giannantonio, Marc Marquez, dan Ai Ogura.

Ini menandai musim yang sulit ditebak. Tapi bagi Quartararo, tak serta-merta bisa disebut musim yang aneh.

Menurutnya, meski berbeda-beda, para pebalap yang juara memang mereka yang sudah punya kecepatan bagus. Meski demikian, ia mengakui kalau jalannya balapan terkadang bisa aneh.

""Saya rasa tidak aneh. Maksud saya, kita bisa melihat bahwa Bezzecchi kembali ke podium, Jorge kencang, Raul juga belakangan kencang. Ogura jatuh, tapi pastinya dia juga sangat kencang,"" ujarnya dikutip Crash.

""Jadi menurut saya sih ini enggak aneh. Menurut saya Ducati kesulitan saja di trek ini. Tahun lalu juga mereka sangat kesulitan, kalau tidak salah ingat, di balapan.""

""Jadi saya tak merasa ini kejuaraan yang aneh, cuma balapannya saja yang bisa aneh. Tapi menurut saya di Aragon kita akan melihat seorang penunggang Ducati merah cukup kencang (Marc Marquez),"" ungkap juara dunia MotoGP ini."
"Juara Eshark Rok Cup, Pegokar Muda Ini Berharap Bisa ke Italia",https://sport.detik.com/sport-lain/d-8613012/juara-eshark-rok-cup-pegokar-muda-ini-berharap-bisa-ke-italia,"Selasa, 11 Agu 2026 05:15 WIB","Pegokar beliaMorgan Holindo Sonmoahitampil mencengangkan di putaran kelimaEshark Rok Cup Indonesia 2026. Ini jadi jalan dia menuju Italia.

Tampil pada kelas MiniRok Eshark Rok Cup Indonesia Round 5, Minggu (9/8/2026), di Sirkuit Internasional Karting Sentul, Bogor, Jawa Barat, Morgan membuat penonton berdecak kagum dengan aksinya.

Pebalap Dewa United Motorsport itu bermain apik dan konsisten sejak rangkaian balapan sebelumnya. Dari hasil yang dihimpun, Morgan sudah finis pertama sejak Pre Final Minggu pagi. Sebelumnya, ia juga mencatatkan hasil impresif pada sesi-sesi Heat.

Salah satu rival terkuatnya, Michael Vino Satrio, justru harus menerima sanksi pada Heat dan Pre Final. Kondisi tersebut membuat persaingan menuju Final semakin menarik.

Tapi, saat Final dimulai, Morgan membuktikan dirinya memang layak menjadi raja di kelas MiniRok. Ia melaju tenang dan mampu mengundang support lebih dari penonton.

Saat lampu start padam, Morgan langsung melesat dan mengambil posisi terdepan. Tak ingin mengulangi persaingan sebelumnya, Michael Vino langsung memberikan tekanan sejak lap-lap awal. Tekanan demi tekanan datang dari belakang. Tapi, Morgan kali ini tampil sangat rapi dan kalem.

Setiap tikungan dilewati dengan presisi, sementara celah sekecil apa pun yang bisa dimanfaatkan Michael untuk melakukan serangan berhasil ditutup rapat. Michael terus membuntuti sepanjang balapan.

Tapi Morgan mampu menjaga ritme dan konsentrasi hingga lap terakhir. Hingga akhirnya, kibaran bendera finis menjadi penanda kesempurnaan penampilan Morgan.

Morgan finis pertama sekaligus mengunci kemenangan Final A MiniRok Eshark Rok Cup Indonesia Round 5. Penampilan ini menjadi bukti kalau Morgan bukan hanya cepat, tapi juga punya kemampuan menjaga tekanan dan mengontrol balapan ketika berada di posisi terdepan.

""Memang inti dari menang balapan itu adalah tenang dan fokus. Itulah yang saya usahakan lakukan hingga bisa meraih hasil ini,"" tutur Morgan yang punya target tampil di Kejuaraan Dunia Karting di Italia itu.

Masih tersisa satu putaran lagi alias putaran pamungkas September nanti. Apakah Morgan, pelajar kelas 6 Tzu Chi School ini bisa menang lagi dan tampil di Kejuaraan Dunia Italia? Kita tunggu saja."
"Raul Fernandez Juara, MotoGP Inggris Lahirkan 12 Pemenang Berbeda",https://sport.detik.com/moto-gp/d-8612807/raul-fernandez-juara-motogp-inggris-lahirkan-12-pemenang-berbeda,"Senin, 10 Agu 2026 22:30 WIB","KemenanganRaul FernandezdiMotoGP Inggris 2026meneruskan sebuah tren unik.MotoGP Inggrisberarti sudah melahirkan 12 pemenang berbeda dalam 12 musim terakhir.

Di Sirkuit Silverstone pada Minggu (9/8/2026), rider Trackhouse itu tampil superior. Start dari grid kedua, Fernandez langsung menyalip pole sitter Jorge Martin lalu menjaga posisi terdepan sampai menyentuh garis finis.

Pebalap Spanyol itu mengasapi Martin dengan keunggulan 2,5 detik untuk meraih kemenangan kedua di dalam kariernya usai juara di Australia tahun lalu. Fernandez turut melanjutkan laju bagus dalam tiga grand prix terakhir setelah finis kedua di Belanda dan ketiga di Jerman.

""Aku benar-benar tidak tahu apa yang mesti kukatakan, karena kurasa hal ini terjadi ketika kamu mencapai sebuah hasil seperti ini atau memenangi sebuah balapan MotoGP, sesuatu yang diimpikan sejak masih kecil,"" kata Fernandez usai balapan diMotosan.

Dengan demikian,MotoGP Inggristerus menegaskan sebagai balapan yang pemenangnya sulit diprediksi. SebelumRaul Fernandez, balapan itu dimenangi Marco Bezzecchi, Enea Bastianini, Aleix Espargaro, Francesco Bagnaia, Fabio Quartararo, Alex Rins, Andrea Dovizioso, Maverick Vinales, Valentino Rossi, Marc Marquez, dan Jorge Lorenzo.

Lorenzo jadi rider terakhir yang berhasil memenangi MotoGP Inggris berturut-turut pada 2012-2013. Sedangkan rekor kemenangan di sana dipegang Rossi dengan empat kemenangan. Sebagai informasi, edisi 2020 ditiadakan sehubungan pandemi virus corona.

[Gambas:Twitter]"
"Rayakan Hari Jadi ke-50, PB Jaya Raya Ingin Terus Cetak Prestasi",https://sport.detik.com/raket/d-8612747/rayakan-hari-jadi-ke-50-pb-jaya-raya-ingin-terus-cetak-prestasi,"Senin, 10 Agu 2026 20:30 WIB","Klub bulu tangkis IndonesiaPB Jaya Rayamerayakan hari jadi ke-50. PB Jaya Raya bertekad untuk terus mencetak atlet berprestasi untuk Indonesia.

Bertempat di GOR PB Jaya Raya, Ciputat, Tangerang Selatan, Senin (10/8/2026), acara ini dihadiri para petinggi PB Jaya Raya seperti Candra Ciputra, Ketua UmumSusy Susanti, serta legenda bulu tangkis IndonesiaRudy Hartono.

Ada juga Presiden Direktur PT Pembangunan Jaya, Trisna Muliadi. Kini PB Jaya Raya dipimpin Susy yang baru ditunjuk sebagai Ketua Umum menggantikan Rudy Hartono, ia bertekad PB Jaya Raya tak sekadar merayakan perjalanan panjangnya.

""Sebagai ketua, saya melihat usia ke-50 tahun ini adalah membangun bulu tangkis Indonesia. Ke depan kami harus terus mencari dan membina talenta muda dengan program latihan yang baik dan lingkungan yang mendukung atlet dari teknik, mental, dan karakter,"" kata Susy kepada wartawan selepas acara.

""Prestasi adalah hasil dari proses disiplin, kerja keras, dan konsistensi. Untuk jadi juara, musuh terbesarnya adalah mengalahkan diri sendiri,"" ucap Susy.

Sementara Trisna Muliadi menyampaikan penghargaan setinggi langit kepada mendiang Ir. Ciputra yang telah berjasa mendirikan PB Jaya Raya. Dia turut memberikan apresiasi kepada seluruh jajaran pengurus serta pelatih yang sampai saat ini terus merawat semangat dalam mencetak atlet berbakat.

Dalam kesempatan ini, PB Jaya Raya juga memberikan penghargaan kepada para insan berprestasi. Dari atlet muda, hingga para pelatih pencetak atlet jempolan.

""Pada kesempatan ini, saya ingin menyampaikan penghargaan yang setinggi-tingginya kepada almarhum Bapak Ciputra yang meyakini bahwa prestasi adalah hasil, tapi pembentukan manusia adalah warisan yang sesungguhnya,"" ujar Trisna Muliadi.

""Terima kasih kepada seluruh pengurus, pelatih, atlet, serta seluruh keluarga besar PB Jaya Raya yang selama lima dekade telah menjaga dan meneruskan cita-cita tersebut,"" ucapnya.

Legenda Rudy Hartono turut mengutarakan harapannya. Peraih gelar juara delapan kali All England sektor tunggal putra berharap klubnya bisa memanfaatkan perubahan kepemimpinan untuk menjadi lebih baik.

""Saya bersyukur dan berterima kasih kepada Tuhan Yang Maha Kuasa, dan kepada para pembina PB Jaya Raya, yayasan, dan semua atlet yang di bawah saya 50 tahun yang telah berhasil memberikan darma baktinya kepada Indonesia,"" tutur Rudy.

""Yang memimpin sekarang ini adalah Saudari Susi, dan ketua hariannya Saudari Rosiana Tendean. Harapan saya sesudah ini memang harus terjadi perubahan-perubahan. Makanya saya sendiri merasa sebetulnya sudah waktunya, sudah lama sebetulnya,"" ucapnya.

Dalam kesempatan ini, PB Jaya Raya juga mengumumkan nama baru untuk GOR PB Jaya Raya di Ciputat, Tangerang Selatan. Tempat pembinaan atlet kini bernama GOR Ciputra PB Jaya Raya."
Sesal Alex Marquez Gagal Podium karena Kesalahan Bodoh,https://sport.detik.com/moto-gp/d-8612226/sesal-alex-marquez-gagal-podium-karena-kesalahan-bodoh,"Senin, 10 Agu 2026 18:30 WIB","Alex Marquezmenyesal betul setelah finis keempat diMotoGP Inggris 2026. Marquez yakin bisa podium, tapi kesempatan itu menguap karena kesalahannya sendiri.

Pebalap Gresini itu memulai dari grid ketujuh pada balapan di Sirkuit Silverstone, Minggu (9/8) malam WIB. Alex start dengan kencang lantas mampu memperbaiki posisinya lalu berduel denganMarco Bezzecchi.

Sekitar pertengahan lomba, Alex Marquez menyalip Bezzecchi sehingga merebut posisi ketiga. Namun, tidak lama kemudian rider Spanyol itu justru melakukan kesalahan di Tikungan pertama yang membuat dia melorot ke peringkat lima dengan selisih lebih dari sedetik.

Alex Marquezbutuh tujuh putaran untuk mengejar Bezzecchi lagi. Namun, Bezzecchi unjuk pertahanan yang bagus untuk mengamankan posisi ketiga di akhir lomba.

""Karena ketika Anda kehilangan sebuah podium karena sebuah kesalahan bodoh -- karena menurutku itu cukup tidak bisa diterima, karena di momen itu, aku hanya kelewatan sedikit dari titik rem -- ketika Anda punya potensi lebih besar dan Anda melihat finis podium itu realistis, maka ini menyakitkan,"" kata dia diCrash.

""Kurasa kesempatan kami pada hari ini adalah posisi kedua. Namun, kesalahan di tikungan pertama ketika aku menyalip Marco, saat itu aku terlalu optimistis dan aku mengerem sedikit terlambat, aku mengerem dengan rem depan dan kemudian kehilangan kontak dengan bagian belakang motor.""

""Itu yang membuat kami kehilangan podium pada hari ini. Namun demikian, kurasa aku sudah melakukan balapan yang sangat solid, kami kencang sampai akhir, berusaha sampai akhir, itulah yang utama,"" lugasAlex Marquez."
erafone Run 2026 Sukses Padukan Trail Run-Konser Musik di Tangkuban Perahu,https://sport.detik.com/sportstyle/d-8612182/erafone-run-2026-sukses-padukan-trail-run-konser-musik-di-tangkuban-perahu,"Senin, 10 Agu 2026 14:45 WIB","Memasuki tahun keempat penyelenggaraannya, erafone Run 2026 untuk pertama kalinya hadir di Jawa Barat melalui erafone Run 2026 Bandung Series. Digelar di kawasan wisata Gunung Tangkuban Perahu, tepatnya di Terminal Bus Jayagiri, pada Minggu (9/8), kegiatan ini memadukan olahraga lari dengan hiburan musik dan gaya hidup sehat dalam konsep Fun Trail Run bertema #RunTheBeat.

Sejak pertama kali digelar pada 2023 di Daerah Istimewa Yogyakarta, erafone Run terus berkembang menjadi agenda olahraga tahunan. Setelah sukses digelar di Yogyakarta pada 2025, tahun ini erafone Run hadir di Bandung dan diikuti sekitar 2.000 peserta.

Head of Region Erajaya Digital, Ronald Suryadinata menyampaikan kehadiran erafone Run 2026 Bandung Series menjadi komitmen erafone dalam mendukung gaya hidup sehat. Ajang ini juga mendorong perkembangan olahraga di Tanah Air, sekaligus memberikan pengalaman rekreasi yang tak terlupakan bagi pelanggannya.

""Bagi kami, erafone Run bukan sekadar kompetisi olahraga, tetapi merupakan bagian dari komitmen erafone dalam mendorong gaya hidup sehat dan aktif sekaligus membangun semangat kebersamaan melalui olahraga. Kami sangat mengapresiasi antusiasme seluruh peserta yang telah menjadi bagian dari erafone Run 2026 Bandung Series dan berharap pengalaman berlari di Tangkuban Perahu ini dapat menjadi momen yang berkesan bagi mereka."" ujar Ronald dalam keterangannya, Senin (10/8/20260.

Lebih dari Sekadar Lari: Tantangan Alam dan Keindahan Tangkuban Perahu

Berbeda dari ajang lari pada umumnya, erafone Run 2026 Bandung Series menawarkan rute yang memadukan road run dan trail run di kawasan Gunung Tangkuban Perahu. Peserta dapat memilih kategori Kategori 5K (Terbuka untuk Umum), Kategori 10K Open & Master (Terbuka untuk Umum & Master).

Adapun rute lintasan dibuat khusus untuk memberikan kepuasan bagi pesertanya. Para pelari tidak hanya memacu diri untuk mencetak catatan waktu terbaik (Personal Best), tetapi juga dimanjakan dengan suguhan alam yang memukau.

Sepanjang rute, peserta melewati jalur hutan yang rindang, menyusuri keindahan kawasan Lorong Lumut dan Kawah Domas, hingga menaklukkan tantangan tanjakan menuju titik Kawah Ratu, sebelum akhirnya kembali finis di area utama (Race Village).

#RunTheBeat: Rayakan Kemenangan dengan Sport, Music, dan Lifestyle

Tahun ini, erafone Run 2026 mengusung tema #RunTheBeat yang menjadi identitas event ini merupakan perpanjangan dari suksesnya konser musik erasoundwave Bandung 2025. Karena itu, euforia erafone Run Bandung Series dirancang agar tidak hanya berhenti di lintasan lari.

Begitu mencapai garis finis, seluruh pelari diajak masuk ke dalam atmosfer festival yang meriah di Race Village. Dengan konsep one-stop entertainment, area ini menawarkan paket hiburan dan relaksasi yang lengkap.

Para pelari dapat saling berbaur melalui Aktivitas Interaktif & Community Engagement yang penuh dengan games menarik. Untuk memulihkan energi, tersedia eksplorasi Activation Booth dari mitra pendukung.

Keseruan erafone Run 2026 Bandung Series juga berlanjut dengan sesi undian berhadiah. Peserta berkesempatan membawa pulang berbagai hadiah, mulai dari televisi hingga aksesori, serta Grand Prize dari sejumlah sponsor seperti erafone & more, OPPO, Indodana PayLater, dan Samsung.

Acara kemudian ditutup dengan penampilan The Changcuters yang menambah semarak suasana dan melengkapi perpaduan olahraga, musik, serta gaya hidup sehat dalam erafone Run 2026 Bandung Series.

Melalui erafone Run 2026 Bandung Series, erafone membuktikan bahwa gaya hidup sehat dapat dijalankan dengan cara yang menyenangkan, selaras dengan alam, dan penuh dengan energi positif."
"Raul Fernandez Marah Dulu, Menang MotoGP Inggris Kemudian",https://sport.detik.com/moto-gp/d-8611685/raul-fernandez-marah-dulu-menang-motogp-inggris-kemudian,"Senin, 10 Agu 2026 12:30 WIB","Raul Fernandez meraih kemenangan di race utama MotoGP Inggris 2026 setelah ""marah kepada diri sendiri"" akibat kegagalan di sesi Sprint Race Silverstone.

Fernandez meraih kemenangan pada MotoGP Inggris 2026 di Sirkuit Silverstone, Minggu (9/8/2026). Ia memimpin sejak lap pertama hingga finis dan mengalahkan Jorge Martin dengan keunggulan 2,538 detik.

Kemenangan itu menjadi yang pertama bagi Fernandez pada MotoGP 2026 sekaligus kemenangan keduanya di kelas premier. Ia juga menjadi pemenang ke-12 berbeda dalam 12 gelaran MotoGP Inggris terakhir.

Fernandez sebenarnya mengawali akhir pekan dengan baik. Ia merebut posisi kedua dalam kualifikasi, hanya terpaut 0,021 detik dari Jorge Martin yang meraih pole position.

Akan tetapi, performanya di Sprint justru berakhir buruk. Fernandez terjatuh pada fase awal ketika sedang bersaing di posisi depan.

Kegagalan itu membuat Fernandez datang ke sesi Warm Up pada hari Minggu pagi dengan emosi. Ia kemudian mendorong ban belakang medium terlalu keras. Dari situ, Fernandez justru mendapatkan pelajaran penting mengenai batas ban yang akan digunakannya dalam balapan utama.

""Balapan ini lebih baik dari yang kami perkirakan. Sejak tikungan pertama saya sudah berada di depan dan mulai mengatur ritme,"" kata Fernandez seperti dilansirCrash.net.

""Ketika saya melihat Jorge [Martin] mendekati saya tiga atau empat persepuluh detik, saya bilang, 'Oke, saya harus sedikit menekan', dan saya kembali memperlebar jarak. Artinya, kami melakukan pekerjaan yang sangat bagus selama balapan. Saya pikir ini balapan yang sempurna.""

Fernandez kemudian mengungkap bagaimana sesi Warm Up membantunya memahami karakter ban belakang. Rasa marah melecut semangatnya!

""Saya pikir sesi pemanasan membantu saya memahami batas ban belakang. Pagi ini, saya cukup marah kepada diri sendiri dan mungkin terlalu memaksakan diri.""

""Di sana, saya memahami bahwa batas ban itu ada di kisaran 1 menit 58,4 detik atau 1 menit 58,5 detik. Dan setelah itu, saya langsung mencoba berada di kisaran 1 menit 59 detik rendah. Jadi, pagi tadi saya belajar di mana batas ban belakang.""

""Karena itu, saya tidak terlalu memedulikan performa ban belakang pada akhir balapan.""

Pelajaran tersebut kemudian diterapkan Fernandez dalam balapan utama. Begitu balapan dimulai, rider Spanyol itu langsung mengambil posisi terdepan pada lap pertama. Setelah itu, ia mampu membangun jarak dari para rival.

Jorge Martin sempat mendekat sekitar 0,3-0,4 detik. Namun Fernandez kembali meningkatkan kecepatannya dan menjaga keunggulan sampai bendera finis.

Strategi mengelola ban menjadi sangat penting karena seluruh pebalap menggunakan ban belakang medium setelah masalahtyre dropyang terjadi pada Sprint.

Fernandez juga harus mengatur penggunaan bahan bakar sepanjang balapan. Ia menilai kemenangan di Silverstone bukan hanya ditentukan oleh kecepatan, tetapi juga ketenangan dalam mengelola balapan.

""Saya pikir balapan hari ini adalah soal mentalitas. Sulit untuk mengaturnya karena bukan hanya soal ban, tetapi juga bahan bakar. Dalam kasus saya, saya harus mengaturnya sejak lap pertama. Ya, saya sangat senang. Saya benar-benar tidak tahu harus berkata apa. Terima kasih kepada tim saya.""

Kemenangan tersebut menjadi jawaban Fernandez setelah kegagalan di Sprint. Ia juga mencatatkan namanya sebagai pemenang ke-12 berbeda dalam 12 balapan utama MotoGP Inggris terakhir.

Di belakang Fernandez, Jorge Martin finis kedua dan Marco Bezzecchi menempati posisi ketiga. Aprilia pun mendominasi podium MotoGP Inggris 2026."
Mencari 12 Pebasket Putri KU 19 buat Wakili Indonesia di Berlin,https://sport.detik.com/basket/d-8611644/mencari-12-pebasket-putri-ku-19-buat-wakili-indonesia-di-berlin,"Senin, 10 Agu 2026 11:30 WIB","Imma Do Great Basketball memberikan kesempatan emas kepadapebasket putri IndonesiaKU 19. Sebanyak 12 atlet terbaik akan mewakili RI di Berlin, Jerman.

Ajang ini menjadi kesempatan langka buat para pebasket muda putri dengan membawa bendera Indonesia di level internasional. Sesuatu yang menjadi impian banyak atlet akan dirasakan para pebasket yang lolos seleksi.

Kesempatan ini datang setelah Imma Do Great Basketball mendapatkan undangan langsung dari Alba Berlin, tim profesional Jerman untuk bertanding dalam turnamen eksibisi. Turnamen ini diselenggarakan dalam rangkaianFIBA Women's Basketball World Cup 2026yang juga digelar di Berlin.

Turnamen ini bertajuk ""adidas x Alba Next Up Tournament"". Khusus pada turnamen eksibisi ini, pesertanya merupakan Kelompok Usia (KU) 19 tahun ke bawah.

""Kami memang menjalin kerja sama pengembangan basket dengan Alba Berlin, salah satu klub basket terbaik Jerman. Oleh sebab itu, kami mendapatkan kesempatan untuk merepresentasikan Indonesia di turnamen ini,"" kata Head of Operation Imma Do Great Basketball, Krishna Juwono, dalam pernyataannya.

""Oleh karena itu, kami mengundang pemain putri di seluruh Indonesia, kelahiran maksimal tahun 2007 untuk turut serta dalam seleksi. Nantinya, akan ada 12 pemain yang berangkat ke Berlin. Seluruh akomodasi dalam perjalanan dan selama di Berlin akan ditanggung semua oleh kami dan sponsor,"" ujarnya menambahkan.

Seleksi atlet basket putri KU 19 digelar di Agora Sports Hall, Jakarta, pada 8 dan 9 Agustus 2026. Totalnya, ada 50 pemain yang terdaftar dalam seleksi dengan peserta datang dari berbagai kota.

Imma Do Great Basketball melibatkan pelatih senior Indonesia, Johannis Winar dan pemain peraih MVP 3 kali Indonesia, Abraham Grahita dalam proses seleksi dan persiapan ke Berlin. Setelah seleksi, tim akan menjalani Training Camp (TC) selama 8 hari yang bertempat di Agora Sports Hall dan ROAR Performance Center.

""Imma Do Great berdiri dengan harapan bisa membantu atlet-atlet basket Indonesia mencapai performa terbaik mereka. Salah satunya tentu dengan melihat cakrawala basket internasional,"" ucap Krishna.

""Nantinya, kami akan bermain empat kali plus menyaksikan dua laga FIBA Women's Basketball World Cup 2026. Semoga kita bisa memetik banyak manfaat dari perjalanan ini,"" tuturnya.

Imma Do Great Basketball berada di bawah naungan PT. Ambisi Dahsyat Gema Prestasi, sebuah institusi basket yang memiliki program untuk pembinaan pebasket muda dalam mengembangkan atlet menjadi versi terbaik dari dirinya. Menggandeng Alba Berlin sebagai partner untuk materi pengembangan atlet, Imma Do Great Basketball berharap Indonesia bisa menelurkan pebasket-pebasket yang bersaing di kancah internasional.

""Undangan ini memang sangat mendadak, tapi kami tidak ingin melewatkannya begitu saja. Harapan kami, pebasket-pebasket putri muda Indonesia ini bisa memanfaatkan kesempatan ini dengan baik. Kami tidak punya target macam-macam pada kesempatan kali ini. Merepresentasikan Indonesia, memberikan usaha yang sepenuhnya, dan belajar sebanyak-banyaknya,"" kata Krishna menjelaskan.

Total ada delapan tim yang akan berlaga di adidas x Alba Next Up Tournament. Mereka dibagi menjadi dua grup. Indonesia masuk ke Grup B bersama Basketball Magic Australia, CB Canarias, dan Sopron Basket. Nantinya pertandingan akan disiarkan di kanal resmi YouTube Alba Berlin.

Jadwal pertandingan Imma Do Great Basketball-Vs Basketball Magic Australia - 3 September 2026 (20:00 WIB)-Vs Sopron Basket - 4 September 2026 (19:00 WIB)-Vs CB Canarias - 5 September 2026 (19:00 WIB)-Classification Games - 6 September 2026 (TBC)."
Jorge Martin Cuek meski Puncaki Klasemen MotoGP,https://sport.detik.com/moto-gp/d-8611567/jorge-martin-cuek-meski-puncaki-klasemen-motogp,"Senin, 10 Agu 2026 10:30 WIB","Jorge Martinmelebarkan keunggulannya di puncakklasemen MotoGPusai balapan di Silverstone. Meski demikian, Martin tak merasakan tekanan soal gelar juara dunia.

Martin finis kedua di balapanMotoGP Inggris 2026yang digelar di Sirkuit Silverstone, Minggu (9/8/2026) malam WIB. Sehari sebelumnya, rider Aprilia itu menjadi pemenang di sprint race.

Martin kini mengumpulkan 240 poin di puncak klasemen MotoGP, unggul 31 poin atas Marco Bezzecchi yang ada di urutan kedua. Padahal sebelumnya ia cuma unggul 14 poin atas Ai Ogura setelah balapan MotoGP Jerman.

Meski demikian, Martin menepis pembicaraan soal gelar juara dunia MotoGP. Fokusnya saat ini adalah menjaga konsistensi.

""Saya tidak terlalu peduli apakah saya pertama atau kedua atau apa pun,"" ujar Martin seperti dilansir Crash.

""Saya cuma mencoba terus berkembang, secara terus-menerus, agar punya peluang untuk bertarung untuk gelar juara di akhir. Buat saya, itu cukup bagus.""

""Dua tahun lalu, saya sangat terobsesi dengan selalu mencoba ada di depan, mencoba memimpin. Tapi jujur saja itu menguras energi.""

""Jadi sekarang saya cuma fokus untuk jadi Jorge yang lebih baik. Dan konsekuensinya adalah kami melakukan hal yang tepat dan saya memimpin,"" katanya."
Hasil MotoGP Inggris 2026 usai Adanya Penalti,https://sport.detik.com/moto-gp/d-8611593/hasil-motogp-inggris-2026-usai-adanya-penalti,"Senin, 10 Agu 2026 09:30 WIB","Hasil MotoGP Inggris 2026 mengalami perubahan setelah Fabio Quartararo mendapat penalti 16 detik. Rider Monster Yamaha itu semula terklasifikasi finis ke-12, tapi kini harus turun ke posisi ke-16 atau terakhir di antara pebalap yang menyelesaikan balapan.

MotoGP Inggris 2026 digelar di Sirkuit Silverstone, Minggu (9/8/2026). Raul Fernandez keluar sebagai pemenang, disusul Jorge Martin dan Marco Bezzecchi. Podium didominasi para rider yang menunggangi Aprilia.

Namun, hasil akhir baru benar-benar ditetapkan setelah penalti diberikan kepada Quartararo. Quartararo sebelumnya menyentuh garis finis di posisi ke-12 dengan catatan waktu 42,883 detik di belakang Fernandez. Setelah tambahan hukuman 16 detik, posisinya turun menjadi ke-16.

Penalti tersebut berkaitan dengan pelanggaran regulasi tekanan ban depan. Data teknis pada motor Quartararo dinilai tidak memenuhi ketentuan yang berlaku sehingga hukuman waktu diterapkan setelah balapan.

Perubahan posisi Quartararo membuat Jack Miller naik ke posisi ke-12. Pol Espargaro dan Toprak Razgatlioglu masing-masing ikut naik ke posisi ke-13 dan ke-14, sementara Augusto Fernandez berada di urutan ke-15.

Di luar perubahan akibat penalti, Raul Fernandez tampil dominan untuk memenangi MotoGP Inggris 2026. Rider Trackhouse Aprilia tersebut memimpin sejak lap pertama hingga finis. Ia mengalahkan Jorge Martin dengan keunggulan 2,538 detik.

Marco Bezzecchi melengkapi podium. Hasil tersebut membuat tiga posisi teratas ditempati pebalap Aprilia, meski Fernandez berasal dari tim Trackhouse sedangkan Martin dan Bezzecchi memperkuat tim pabrikan Aprilia.

Bagi Fernandez, kemenangan ini menjadi kemenangan keduanya di kelas MotoGP dan yang pertama pada musim 2026. Ia sekaligus menebus kegagalan finis dalam Sprint Race sehari sebelumnya.

Berikut hasil akhir MotoGP Inggris 2026 setelah penalti Fabio Quartararo:

Tujuh pebalap lainnya gagal finis, yakni Ai Ogura, Francesco Bagnaia, Cal Crutchlow, Iker Lecuona, Enea Bastianini, Alex Rins, dan Joan Mir."
Fasilitas Olahraga di GMSB Jakarta Kini Semakin Lengkap,https://sport.detik.com/sport-lain/d-8611578/fasilitas-olahraga-di-gmsb-jakarta-kini-semakin-lengkap,"Senin, 10 Agu 2026 08:45 WIB","Fasilitas olahraga diGelanggang Mahasiswa Soemantri Brodjonegoro(GMSB), Kuningan, Jakarta, kini semakin lengkap. Tersedia lapanganpickleballhingga voli.

Sebelumnya, Soemantri Brodjonegoro, lebih identik dengan lapangan sepakbola yang terletak di jantung Jakarta. Lapangan ini bahkan pernah digunakan klub-klub Indonesia sebagai venue kandang di era Liga Indonesia.

Pengelola kawasan kemudian mengembangkan area ini dengan membangun fasilitas olahraga lain. Bertempat di lokasi strategis, fasilitas ini bisa diakses dengan mudah untuk siapapun yang ingin menggunakan fasilitas olahraga seperti bulutangkis, voli, hingga pickleball.

""Di tengah kesibukan Jakarta yang tidak pernah berhenti bergerak, kita sering kali sibuk mengejar target, pekerjaan, dan berbagai aktivitas. Namun di balik semua itu, ada satu hal yang tidak boleh kita abaikan, yaitu kesehatan,"" kata Kata Presiden Direktur PT Bakrieland Development Tbk, Resza Adikresna, Minggu (9/8/2026).

""Karena ketika tubuh kita sehat, kita bisa bekerja lebih baik, berkarya lebih maksimal, dan menikmati hidup dengan lebih bermakna. Berangkat dari semangat itulah Athlon hadir,"" ujarnya menambahkan.

GMSB sekaligus menjadi fasilitas olahraga cabang kelima Athlon setelah lebih dulu hadir di Bogor, Sentul, Sidoarjo, dan Sawangan (Depok). Belum lama ini, Athlon Sawangan juga diperkenalkan sebagai kawasan olahraga dengan sejumlah fasilitas terbaru.

Wakil Ketua Umum Indonesia Pickleball Federation (IPF), Harlin E Rahardjo, memberikan apresiasi atas dibukanya Athlon GMSB Kuningan. Kehadiran lapangan pickleball diharapkan mampu meningkatkan animo masyarakat dalam menggeluti olahraga ini.

""Pertama-tama saya sangat mengapresiasi dari tim Bakrieland dan eh Bakrie Pesona Rasuna atas dibukanya GMSB Kuningan ini. Yang jelas ini Insyaallah akan bermanfaat ya bagi masyarakat,"" tutur Harlin.

""Kami penggemar pickleball nih, karena memang dengan dibukanya Athlon ini, di awal ada tiga lapangan, itu menambah gairah dari teman-teman untuk memperluas pickleball ini supaya lebih dikenal oleh masyarakat, begitu,"" ucapnya."
Marc Marquez Sudah Menduga Akan Kesulitan di Silverstone,https://sport.detik.com/moto-gp/d-8611491/marc-marquez-sudah-menduga-akan-kesulitan-di-silverstone,"Senin, 10 Agu 2026 06:29 WIB","Marc Marquezhanya finis di posisi ketujuh di balapanMotoGP Inggris 2026. Enggan berdalih, riderDucatiitu sudah menduga akan menghadapi kesulitan.

Dalam balapan di Sirkuit Silverstone, Minggu (9/8/2026) malam WIB, Marquez tak pernah menjadi ancaman untuk para rider di posisi depan. Sempat berada di posisi keempat di awal balapan, Marquez beberapa kali disalip hingga akhirnya finis ketujuh dengan selisih 9,6 detik lebih lambat dari pemenang balapan Raul Fernandez.

""Motornya bekerja dengan baik, bannya juga. Hanya saja hari ini saya tidak bisa menemukan cara agar lebih baik dan posisi ketujuh adalah hal yang di atas kertas sudah kami duga,"" ujar Marquez seperti dilansir Crash.

""Kalau hasil optimistis lima besar, tapi kami tidak bisa mengelolanya dengan sebaik mungkin dan kami finis ketujuh.""

Marquez datang ke MotoGP Inggris 2026 dengan selisih hanya 18 poin dari Jorge Martin usai dua kemenangan di Sachsenring. Kini juara dunia MotoGP tujuh kali itu tertinggal 40 poin dari Martin.

""Ambisi saya masih sama. Cara saya mendekati balapan di akhir pekan masih sama. Tapi selalu realistis dan tidak buru-buru,"" ucap Marquez.

""Kemarin saya punya masalah besar dengan ban yang tidak berhasil saya jaga dengan baik. Saya finis kesembilan. Hari ini saya merasa mustahil bersaing dengan yang lain. Saya tidak melakukan perlawanan. Jadi begitulah adanya.""

""Saya sudah cukup berjuang selama karier saya. Saya akan melawan ketika saya merasa sehat. Tapi kalau tidak, saya ingin bertahan di atas motor,"" katanya."
"Akademi Dewa United Punya Markas Baru, Demi Masa Depan Basket RI",https://sport.detik.com/basket/d-8611410/akademi-dewa-united-punya-markas-baru-demi-masa-depan-basket-ri,"Senin, 10 Agu 2026 02:10 WIB","Dewa United Basketballbaru saja membuka markas baru untuk akademi mereka. Ini jadi cara Dewa United ikut membangun masa depan basket nasional.

Pembinaan usia dini menjadi salah satu fondasi yang menentukan bagaimana wajah olahraga basket dalam beberapa tahun mendatang. Bukan hanya tentang menemukan pemain berbakat, tetapi juga menyediakan ruang yang memungkinkan talenta muda berkembang secara konsisten, terarah, dan berkelanjutan.

Semangat itulah yang coba dibangun Dewa United melalui Gedung Dewa United Basketball Academy di Gading Serpong, Tangerang, Banten yang resmi dikukuhkan Sabtu (8/8). Setelah hampir tiga tahun menjalankan program akademi sejak terlibat di kompetisi Indonesia Basketball League (IBL), Dewa United menghadirkan fasilitas yang lebih lengkap untuk menunjang proses pembinaan para atlet muda.

Gedung Latihan Dewa United Basketball Academy langsung diresmikan Gubernur Banten Andra Soni. Hadir juga dalam peresmian tersebut Founder JHL Group Jerry Hermawan Lo, CEO Dewa United Academy Archangela Lina, Presiden Dewa United Basketball Club Michael Ow, Kapolres Tangsel AKBP Boy Jumalolo.

CEO Dewa United (Group) Lexyndo Hakim, menyebut pembangunan fasilitas tersebut merupakan bagian dari upaya mempersiapkan masa depan basket Indonesia.

""Jadi kalau akademinya sendiri kan memang sudah hampir tahun ketiga ya setelah klub profesional kita terlibat di IBL, kemudian kita bentuk untuk akademinya. Dan hari ini kita siapkan fasilitas lebih buat adik-adik yang berlatih di Dewa United Academy,"" ujar Lexyndo dalam rilis kepadadetikSport.

Namun, akademi ini tidak mau hanya untuk memenuhi kebutuhan Dewa United. Sebab mereka punya cita-cita yang lebih besar, yakni menjadikan pembinaan di level akar rumput sebagai salah satu fondasi kekuatan basket nasional.

""Ini bukan sekadar soal hari ini atau Dewa United saja, tetapi bagaimana kita bisa melihat masa depan basket Indonesia. Dalam 10 hingga 15 tahun ke depan, diharapkan kekuatan Tim Nasional Basket Indonesia bisa terus berkembang dan berawal dari pembinaan di sini,"" sambung Lexyndo.

Dewa United Basketball Academy dibangun di atas lahan sekitar 2.100 meter persegi. Proses pembangunannya berlangsung selama kurang lebih dua tahun, dengan bangunan yang terdiri dari tiga setengah lantai.

Rancangan tersebut dibuat untuk mengakomodasi kebutuhan atlet secara menyeluruh. Latihan teknis bukan satu-satunya aspek yang diperhatikan. Pengembangan fisik, nutrisi, kesehatan, pemulihan, hingga pengalaman mengenal perjalanan olahraga juga ditempatkan dalam satu ekosistem.

Lexyndo menggambarkan akademi ini sebagai rumah bagi calon talenta basket Indonesia.

""Dewa United Basketball Academy ini bukan sekadar gedung latihan biasa, melainkan rumah bagi para calon talenta dan generasi baru bola basket Indonesia di masa depan,"" ujarnya.

Perjalanan memasuki akademi dimulai dari area basement yang difungsikan sebagai tempat parkir. Area tersebut memiliki kapasitas hingga 32 mobil dan dilengkapi tempat parkir sepeda motor.

Naik ke lantai pertama, suasananya berubah menjadi lebih terbuka. Terdapat lobi dan kafeteria yang disiapkan untuk mendukung kebutuhan para atlet muda. Anak-anak yang berlatih dapat menikmati makanan dan minuman dengan pilihan yang lebih beragam dan bernutrisi.

Di lantai yang sama terdapat pro shop yang menyediakan perlengkapan olahraga seperti sepatu basket dan berbagai merchandise.

Pusat aktivitas basket berada di lantai kedua. Selain area kantor yang ditempati tim manajemen dan staf pendukung, terdapat lapangan basket dengan lantai kayu berlisensi FIBA.

Fasilitas tersebut terdiri dari tiga court multifungsi. Dalam kebutuhan pertandingan, ketiganya dapat dikonfigurasi menjadi satu lapangan utama. Area tersebut juga dilengkapi tribun teleskopik di sisi kiri dan kanan, sehingga dapat menyesuaikan kebutuhan penyelenggaraan pertandingan.

Sementara untuk latihan, konfigurasi lapangan dapat digunakan dengan total enam ring basket. Dengan fasilitas tersebut, beberapa kelompok atlet dapat menjalani program latihan secara bersamaan.

Bagi akademi yang menempatkan pembinaan usia dini sebagai salah satu fokus utama, fleksibilitas fasilitas menjadi penting. Anak-anak tidak hanya datang untuk bermain, tetapi menjalani proses latihan yang dirancang untuk membangun kemampuan mereka secara bertahap.

Perjalanan seorang atlet tidak berhenti ketika sesi latihan selesai. Maka dari itu, Dewa United Basketball Academy turut menyediakan fasilitas pendukung untuk pengembangan fisik dan kesehatan.

Di lantai atas terdapat pusat kebugaran yang dirancang untuk kebutuhan atlet muda. Program strength and conditioning diberikan untuk membantu meningkatkan kekuatan, kebugaran, serta kemampuan fisik mereka secara terukur.

Fasilitas tersebut dilengkapi locker room dan area medis dengan ruang fisioterapi. Para atlet mendapatkan dukungan dari terapis olahraga profesional, baik untuk menjaga kondisi tubuh, menjalani proses recovery, maupun menangani cedera.

Pendekatan tersebut menunjukkan bahwa pembinaan di akademi tidak hanya diarahkan pada kemampuan teknis bermain basket. Ada aspek fisik dan kesehatan yang turut dipersiapkan sejak awal agar para atlet memiliki fondasi yang lebih kuat dalam menjalani karier.

Pada akhirnya, Dewa United Basketball Academy bukan hanya tentang tiga lapangan basket, gym, ruang fisioterapi, atau deretan trofi yang dipajang di museum. Lebih jauh, fasilitas tersebut menjadi bagian dari sebuah gagasan mengenai bagaimana masa depan basket Indonesia dipersiapkan."
"Sempat Insiden, DMO Garage Pertamax Turbo Fin+ Mampu Comeback di APRC Sumut",https://sport.detik.com/sport-lain/d-8611403/sempat-insiden-dmo-garage-pertamax-turbo-fin-mampu-comeback-di-aprc-sumut,"Senin, 10 Agu 2026 01:10 WIB","DMO Garage Pertamax Turbo Fin+ tampil gigih di Asia Pacific Rally Championship (APRC) dan Kejurnas Rally di Sumatera Utara. Sempat insiden, mereka bisa bangkit.

Setelah menghadapi insiden berat pada Leg 1, Sabtu (8/8/2026), pasangan Aldio Oekon dan Respati Adhi atau yang akrab disapa Adhi KZ, berhasil bangkit pada Leg 2. Keduanya meraih hasil yang positif.

Mengandalkan Hyundai i20 N Rally2, Aldio Oekon dan Adhi KZ mengalami insiden mobil terbalik pada Leg 1. Kejadian itu bikin mobil mengalami sejumlah kerusakan, termasuk kaca depan sampai pecah.

Berkat kerja keras kru dan mekanik DMO Garage Pertamax Turbo Fin+, mobil bisa diperbaiki dan ditancap gas lagi di Leg 2. Aldio jadi menghadapi tantangan tersendiri untuk menyelesaikan perlombaan.

Siapa sangka, perjuangannya membuahkan hasil. Aldio, yang sempat terpuruk usai menempati posisi ke-14, bisa bangkit dan menyelesaikan kompetisi dengan sangat baik, yakni menempati peringkat keempat

Secara penuh, ia sukses menyelesaikan seluruh rangkaian perlombaan dengan total waktu 2 jam 31 menit 27,3 detik. Bagi Aldio, keberhasilan menyelesaikan perlombaan setelah mengalami insiden pada hari sebelumnya menjadi bukti penting timnya punya kualitas dan mental baja di lintasan.

""Setelah kejadian di Leg 1, fokus kami sebenarnya sederhana: bagaimana mobil bisa kembali siap dan kami bisa kembali ke lintasan. Kondisinya tentu tidak ideal, apalagi kami sempat mengalami mobil terbalik dan kaca depan pecah. Tapi seluruh tim bekerja sangat keras untuk memperbaiki mobil. Di Leg 2, kami berusaha melupakan apa yang terjadi sebelumnya, fokus dari satu special stage ke special stage berikutnya, dan yang paling penting adalah membawa mobil sampai finis,"" ujar Aldio.

Sementara pasangan Donny M dan Pramurahardjo, yang memacu Subaru WRX STi, juga menghadapi tantangan tersendiri. Di Leg 1, keduanya mengalami kendala kelistrikan pada mobil, yang juga bisa ditangani dengan cepat.

Meski begitu, keberuntungan belum berpihak kepada Donny dan Pramurahardjo. Keduanya kembali mengalami kerusakan, kali ini pada bagian gearbox, yang bikin perjuangannya harus terhenti.

DMO Garage Pertamax Turbo Fin+ di Sumatera Utara membuktikan bisa menghadapi karakter balap reli yang penuh tantangan dan tidak bisa diprediksi. Hasil yang diraih Aldio Oekon dan Respati Adhi jelas menjadi modal penting dan memberi pengalaman berharga dari sisi teknis maupun nonteknis.

""Bisa bangkit dan finis di posisi keempat tentu menjadi hasil yang sangat kami syukuri. Ini menunjukkan bahwa kami tidak menyerah meskipun sempat mengalami situasi yang sulit,"" pungkas Aldio.

Selain berhasil menyelesaikan APRC dan Kejurnas Rally di peringkat keempat, Aldio juga berhasil menempati peringkat ketiga di Kategori RC2.

Atas keberhasilan tersebut, DMO Garage Pertamax Turbo Fin+ berkomitmen untuk terus memberikan performa terbaik di setiap ajang yang diikuti, sekaligus menjadikan setiap perlombaan sebagai bagian dari proses pengembangan kemampuan pembalap, navigator, mekanik, dan seluruh kru tim."
"Dorong Gaya Hidup Sehat, Perwakin pun Didirikan",https://sport.detik.com/sportstyle/d-8611390/dorong-gaya-hidup-sehat-perwakin-pun-didirikan,"Minggu, 09 Agu 2026 23:40 WIB","Wisata kebugaranatau wellness tourism belakangan lagi jadi tren di masyarakat urban. Oleh karenanya Perkumpulann Wisata Kebugaran Indonesia (Perwakin) didirikan.

Kongres pendirian Perwakin itu digelar di Park Hyatt Jakarta, Sabtu, (8/8/2026). Perwakin hadir sebagai wadah kolaborasi nasional yang mempertemukan berbagai pemangku kepentingan di bidang kesehatan, kebugaran, olahraga, pariwisata, akademisi, dan dunia usaha.

Nantinya seluruh stakeholder bersama-sama mengembangkan serta mempromosikan potensi wellness tourism Indonesia di tingkat nasional maupun internasional.

Kongres pertama itu dihadiri oleh praktisi kebugaran dan olahraga, profesional kesehatan, akademisi, pelaku usaha pariwisata, serta perwakilan instansi pemerintah terkait yang merupakan para pengurus pusat Perwakin.

Dalam Kongres Pendirian tersebut, sejumlah agenda organisasi disepakati, antara lain penetapan Anggaran Dasar dan Anggaran Rumah Tangga (AD/ART) serta pengukuhan Yuliandre Darwis sebagai Ketua Umum Perwakin.

Ketua Organizing Committee Kongres Pendirian Perwakin, Fikri Aziz, mengatakan Indonesia memiliki modal sosial, budaya, dan kekayaan alam yang sangat besar untuk menjadi salah satu destinasi wellness tourism unggulan di Asia.

""Perwakin hadir bukan hanya sebagai perkumpulan, melainkan sebagai penggerak ekosistem. Fokus utama kami adalah mengangkat kearifan lokal kebugaran Nusantara agar memiliki standar kualitas tinggi, bersertifikasi, dan mampu menarik wisatawan domestik maupun mancanegara secara berkelanjutan. Nantinya juga diharapkan Perwakin dapat menjadi pengerak para pelaku usaha yang membutuhkan akselerasi yang lebih dalam"" sehingga sejalan antara industri dan regulasi,"" ujar Fikri dalam keterangan kepadadetikSport.

Kehadiran Perwakin diharapkan dapat memperkuat kolaborasi lintas sektor dalam membangun ekosistem wellness tourism Indonesia. Pengembangan sumber daya manusia, peningkatan kualitas layanan, standardisasi dan sertifikasi, inovasi produk, hingga promosi destinasi menjadi bagian penting dalam upaya meningkatkan daya saing industri.

Perwakin juga diharapkan menjadi ruang kolaborasi bagi para profesional, pelaku usaha, akademisi, praktisi olahraga dan kesehatan, serta berbagai pihak terkait untuk menciptakan inovasi dan peluang baru dalam industri wellness tourism.

Oleh karenanya, Perwakin menunjuk eks pevoli top nasional Berlian Marsheilla sebagai bagian dari inisiator. Sheilla yang dulu berposisi libero itu masuk Perwakin sebagai representasi pentingnya kontribusi dunia olahraga dan kebugaran dalam membangun ekosistem wellness tourism Indonesia.

Dengan mempertemukan berbagai kompetensi dan latar belakang, Perwakin diharapkan mampu melahirkan kolaborasi strategis yang tidak hanya memperkuat industri kebugaran dan pariwisata nasional, tetapi juga membawa potensi kebugaran dan kearifan lokal Indonesia ke panggung global."
Jawa Barat Juara Umum di Indonesia Muay Thai Championship,https://sport.detik.com/sport-lain/d-8611379/jawa-barat-juara-umum-di-indonesia-muay-thai-championship,"Minggu, 09 Agu 2026 22:36 WIB","Indonesia Muay Thai Championship (IMC)2026 telah berakhir, Minggu (9/8/2026). Jawa Barat menjadi daerah yang meraih perolehan medali terbanyak.

Ajang ini bergulir di GOR Abdu Rosyad, Kota Bekasi. Jawa Barat mengoleksi 41 medali emas, 49 perak, dan 48 perunggu atau total 138 medali, mengungguli Jawa Timur dengan 55 medali dan DKI Jakarta dengan 41 medali.

""Kita semua telah menyaksikan sebuah perubahan besar. Hasil dari Pelatihan Wasit dan Juri berstandar IFMA yang baru saja kita laksanakan, benar-benar diaplikasikan dalam Kejurnas ini,"" kata Ketua Pengurus Besar Muay Thai Indonesia (PBMI), AA La Nyalla Mahmud Mattalitti, dalam rilis kepadadetikSport.

IMC diikuti oleh 544 peserta. Para atlet terbaik dari IMC 2026 akan masuk dalam proses seleksi untuk menghadapi berbagai agenda internasional, termasuk SEA Games 2027 dan PON 2028. Untuk SEA Games 2027 di Malaysia, PBMI menargetkan sedikitnya dua medali emas bagi Indonesia.

""Semua final berjalan lancar. Pastinya ada cedera karena ini olahraga combat, tetapi semuanya dapat ditangani dengan baik oleh tim medis. Kejurnas ini menjadi ajang penyaringan bakat PBMI ke acara-acara internasional, khususnya tahun depan,"" kata Sekretaris Jenderal PBMI Azwan Karim.

Dalam IMC 2026, sebanyak 18 Pengprov Muay Thai Indonesia hadir. Keberadaan berbagai daerah tersebut menunjukkan semakin luasnya ekosistem pembinaan Muay Thai nasional.

PBMI juga tengah mempersiapkan Indonesia sebagai tuan rumah Asian Muay Thai Championship yang direncanakan berlangsung di Jakarta pada 2027. Azwan menegaskan, para juara Kejurnas tidak serta-merta mendapatkan tempat permanen di Pelatnas karena ada sistem promosi dan degradasi.

La Nyalla menyampaikan apresiasi kepada seluruh pihak yang telah berkontribusi menyukseskan kejuaraan, mulai dari panitia penyelenggara, Pemerintah Kota Bekasi, aparat keamanan, tim medis, para Ketua Pengprov Muay Thai Indonesia, manajer tim, pelatih, atlet, hingga masyarakat. Keberhasilan IMC 2026 bukan hanya diukur dari lahirnya para juara, tetapi juga dari semakin kuatnya persaudaraan antardaerah.

Sekretaris Umum Pengprov Muay Thai Jawa Barat, D.K.P. Tine Yowargana, mengatakan keberhasilan Jawa Barat menjadi daerah dengan perolehan medali terbanyak merupakan hasil dari proses pembinaan. Menurutnya, capaian tersebut tidak terlepas dari kesiapan atlet, kualitas pelatih, serta kerja keras seluruh tim sejak masa persiapan hingga pertandingan.

""Saya sangat bersyukur , hasil ini sangat membanggakan. Para atlet Jawa Barat tampil luar biasa, bukan hanya dari sisi teknik dan fisik, tetapi juga mental bertanding. Mereka mampu menjaga fokus, menjalankan strategi yang diberikan pelatih, dan menunjukkan semangat juang yang tinggi di setiap pertandingan,"" ujar wanita yang biasa disapa Tingting.

""Medali ini bukan sekadar angka. Di balik setiap medali ada latihan panjang, disiplin, pengorbanan, dan keberanian para atlet untuk bertanding membawa nama Jawa Barat. Kami sangat mengapresiasi perjuangan mereka. Ini harus menjadi pijakan untuk meningkatkan kualitas atlet agar semakin siap menghadapi kejuaraan nasional maupun internasional,"" tegasnya."
"Hasil Moto3 Inggris 2026: Almansa Juara, Veda Ega Finis ke-9",https://sport.detik.com/moto-gp/d-8611330/hasil-moto3-inggris-2026-almansa-juara-veda-ega-finis-ke-9,"Minggu, 09 Agu 2026 21:17 WIB","David Almansamenjadi juara diMoto3 Inggris 2026. Veda Ega Pratamamampu finis di posisi ke-9 meski start dari urutan ke-16.

Moto3 2026 yang berlangsung di Sirkuit Silverstone, Minggu (9/8/2026). David Almansa melesat ke depan selepas start. Ia memimpin balapan dibuntuti oleh Alvaro Carpe.

Pebalap Indonesia, Veda Ega Pratama, start dengan cukup baik. Start dari peringkat ke-16, ia bisa berada di peringkat ke-9.

Almansa sempat kehilangan posisi pertama usai disalip oleh Brian Uriarte. Namun, ia bisa kembali mengambil alih status pemimpin balapan dari Uriarte.

Pebalap asal Malaysia, Hakim Danish mengalami crash di lap keenam. Ia tak bisa melanjutkan balapan.

Almansa mampu memimpin balapan hingga balapan tersisa lima lap. Carpe terus memepet pebalap asal Spanyol tersebut. Sementara, Veda berada di peringkat ke-10 di lima lap terakhir.

Uriarte menyalip Carpe untuk berada di peringkat kedua. Carpe tercecer setelah Adrian Fernandez juga mengasapinya.

Almansa, Carpe, dan Fernandez bersaing sengit untuk meraih podium pertama di tiga lap tersisa. Almansa bisa memperlebar jarak hingga nyaman terdepan.

Uriarte mengalami crash di lap terakhir. Almansa finis terdepan untuk juara Moto3 Inggris 2026.

Carpe kembali ke peringkat kedua setelah memenangi pertarungan dengan Fernandez. Fernandez kembali tersalip oleh Valentin Perrone sesaat sebelum finis. Perrone meraih podim ketiga.

Veda Ega mengakhiri balapan di posisi ke-9. Torehan yang cukup apik mengingat Veda start dari peringkat ke-16."
Klasemen MotoGP 2026: Martin Perlebar Jarak Jadi Unggul 31 Poin,https://sport.detik.com/moto-gp/d-8611291/klasemen-motogp-2026-martin-perlebar-jarak-jadi-unggul-31-poin,"Minggu, 09 Agu 2026 20:39 WIB","Jorge Martinkukuh di puncak klasemenpebalap MotoGP 2026usai finis kedua di MotoGP Inggris. Ia memperlebar jarak dengan Marco Bezzecchi jadi selisih 31 poin.

MotoGP Inggris 2026 yang berlangsung di Sirkuit Silverstone, Minggu (9/8/2026). Raul Fernandez meraih juara usai memimpin balapan sejak selepas start.

Jorge Martin finis di urutan kedua. Ia mengungguli Marco Bezzecchi yang meraih podium ketiga.

Martin sebenarnya meraih pole position. Namun, ia memulai balapan dengan kurang apik.

Hal ini membuat Martin gagal menyandingkan gelar juara sprint race MotoGP Inggris 2026 dengan juara race utama.

Meski begitu, Martin masih nyaman di puncak klasemen pebalap. Ia memperlebar jarak dengan Bezzecchi berkat hasil di race utama MotoGP Inggris 2026.

Martin di urutan teratas dengan 240 poin. Ia unggul 31 poin dari Bezzecchi di posisi kedua. Dua pebalap Aprilia ini mendominasi klasemen pebalap.

Ai Ogura di posisi ketiga dengan raihan 203 poin. Pebalap Jepang ini gagal menambah poin di race MotoGP Inggris 2026 karena mengalami crash.

Lima besar klasemen pebalap dilengkapi oleh Marc Marquez dengan raihan 200 poin dan Fabi Di Giannantonio dengan 199 poin. Raul Fernandez yang memenangi MotoGP Inggris 2026 di peringkat keenam usai mengumpulkan 184 poin.

Klasemen Pebalap MotoGP 2026"
MotoGP Inggris 2026: Raul Fernandez Juara dengan Balapan Sempurna,https://sport.detik.com/moto-gp/d-8611258/motogp-inggris-2026-raul-fernandez-juara-dengan-balapan-sempurna,"Minggu, 09 Agu 2026 19:57 WIB","Rider TrackhouseRaul Fernandezsukses memenangi balapan utamaMotoGP Inggris 2026. Fernandez tak tersentuh dari start sampai melintasi garis finis.

Di Sirkuit Silverstone, Minggu (9/8/2026) malam WIB, Fernandez memulai balapan di grid kedua di belakang Jorge Martin. Pebalap Spanyol itu langsung melesat setelah lampu hijau dinyalakan, kemudian terus menjaga jarak aman dengan rival-rivalnya untuk meraih kemenangan.

Ini jadi kemenangan kedua Raul Fernandez musim ini, setelah juara sprint race di Mugello. Secara keseluruhan, Fernandez berarti mengantongi tiga kemenangan usai juara di grand prix Australia tahun lalu.

Aprilia menegaskan dominasinya dengan menempatkan duet rider pabrikan Jorge Martin dan Marco Bezzecchi di posisi dua dan tiga berturut-turut. Marc Marquez kesulitan di sepanjang lomba sehingga harus puas finis ketujuh.

Adapun tujuh pebalap yang gagal menyelesaikan balapanMotoGP Inggris 2026, yaitu Joan Mir, Alex Rins, Enea Bastianini, Iker Lecouna, Cal Crutchlow, Francesco Bagnaia, dan Ai Ogura.

Jalannya Balapan

Raul Fernandez merebut posisi terdepan setelah start. Pole sitter Jorge Martin menyalip Marc Marquez untuk menempati posisi ketiga di belakang Marco Bezzecchi.

Mulai putaran kedua, Fernandez membuka jarak 1,2 detik dengan Bezzecchi. Jarak lebih dari sedetik juga terjadi di antara Bezzecchi dengan Martin.

Sementara itu Joan Mir dan Alex Rins sama-sama jatuh di tikungan ketujuh. Mir retired, Rins melanjutkan balapan meski akhirnya retired juga.

Enea Bastianini jatuh, Alex Marquez menyodok ke posisi empat setelah menyalip kakaknya di lap keenam. Raul Fernandez setelah mengungguli Bezzecchi 3,7 detik di putaran selanjutnya.

Jorge Martin akhirnya meng-takeover Bezzecchi untuk merebut posisi kedua. Pedro Acosta berhasil memangkas jarak, menyalip Alex Marquez sehingga menempati P4. Sementara itu Ai Ogura retired setelah crash di akhir putaran 10.

Melewati separuh balapan, Raul Fernandez terus terdepan dengan selisih 4,5 detik dari Jorge Martin. Sedangkan Bezzecchi di posisi ketiga ditempel ketat Acosta.

Serangan Alex Marquez membuahkan hasil setelah berhasil menyalip Acosta. Alex kembali ke posisi empat di depan Acosta dan Marc Marquez.

Francesco Bagnaia retired di fase akhir balapan setelah crash untuk kedua kalinya. Raul Fernandez nyaman di posisi terdepan dengan keunggulan lebih dari empat detik dari Jorge Martin, dan 5,3 detik dari Bezzecchi.

Marc Marquez kembali melorot, setelah disalip Fabio Di Giannantonio pada putaran ketiga dari akhir.

Raul Fernandez akhirnya memenangi balapan dengan selisih 2,5 detik dari Jorge Martin. Bezzecchi, Alex Marquez, dan Acosta melengkapi lima besar. Di Giannantonio kelima di depan Marc Marquez, Brad Binder, Luca Marini, dan Diogo Moreira berturut-turut finis keenam sampai sepuluh."
Hasil MotoGP Inggris 2026: Fernandez Juara Ungguli Martin,https://sport.detik.com/moto-gp/d-8611244/hasil-motogp-inggris-2026-fernandez-juara-ungguli-martin,"Minggu, 09 Agu 2026 19:47 WIB","Raul Fernandezmeraih podium pertama diMotoGP 2026. Ia finis terdepan mengungguli Jorge Martin dan Marco Bezzecchi.

MotoGP Inggris 2026 yang berlangsung di Sirkuit Silverstone, Minggu (9/8/2026). Raul Fernandez yang start dari posisi kedua melesat ke depan selepas start.

Jorge Martin yang meraih pole position tercecer. Martin mampu menempati peringkat ketiga usai bisa menyalip Alex Marquez. Martin di belakang Fernandez dan Marco Bezzecchi yang berada di posisi pertama dan kedua.

Francesco Bagnaia mengalami crash di tikungan tujuh saat race memasuki lap ke-8.

Bezzecchi dan Martin terlibat persaingan sengit memperebutkan peringkat ke kedua. Martin bisa mengasapi Bezzecchi untuk mengambil alih posisi kedua.

Ai Ogura crash! Pebalap Jepang ini yak bisa menguasai motornya saat menikung saat race berjalan 10 lap. Ogura tak bisa melanjutkan balapan.

Fernandez memimpin balapan hingga lap ke-15. Ia dibuntuti oleh Martin dan Bezzecchi di posisi kedua dan ketiga.

Fernandez terus menjauh dari Martin dan Bezzecchi. Pebalap asal Spanyol ini nyaman memimpin balapan.

Raul Fernandez memenangi MotoGP Inggris 2026. Posisi Martin dan Bezzecchi juga tak berubah hingga finis.

Martin dan Bezzecchi finis di peringkat kedua dan ketiga. Alex Marquez dan Pedro Acosto melengkapi lima besar MotoGP Inggris 2026."
MotoGP Inggris 2026: Bagnaia dan Ogura Crash!,https://sport.detik.com/moto-gp/d-8611238/motogp-inggris-2026-bagnaia-dan-ogura-crash,"Minggu, 09 Agu 2026 19:33 WIB","Dua pebalap crash diraceMotoGP Inggris 2026. Francesco Bagnaia dan Ai Ogura tak bisa melanjutkan balapan akibat crash.

MotoGP Inggris 2026 yang berlangsung di Sirkuit Silverstone, Minggu (9/8/2026). Raul Fernandez yang start dari posisi kedua melesat ke depan saat start.

Jorge Martin yang meraih pole position tercecer. Martin mampu menempati peringkat ketiga usai bisa menyalip Alex Marquez. Martin di belakang Fernandez dan Marco Bezzecchi di posisi pertama dan kedua.

Francesco Bagnaia mengalami crash di tikungan tujuh saat race memasuki lap ke-8.

ð¥@peccobagnaiaalso ends up in the gravel#BritishGPð¬ð§pic.twitter.com/CX3fVzKCCd

Bezzecchi dan Martin terlibat persaingan sengit memperebutkan peringkat ke kedua. Martin bisa mengasapi Bezzecchi untuk mengambil alih posisi kedua.

Ai Ogura crash! Pebalap Jepang ini yak bisa menguasai motornya saat menikung saat race berjalan 10 lap. Ogura tak bisa melanjutkan balapan.

Fernandez memimpin balapan hingga lap ke-15. Ia dibuntuti oleh Martin dan Bezzecchi di posisi kedua dan ketiga.

For the first time this year@AiOgura79CRASHES OUT ð¤¯#BritishGPð¬ð§pic.twitter.com/k2i1KpAuHj"
Live Reaction MotoGP Inggris 2026: Saksikan d'Race Talks di detikSport!,https://sport.detik.com/moto-gp/d-8611064/live-reaction-motogp-inggris-2026-saksikan-drace-talks-di-detiksport,"Minggu, 09 Agu 2026 17:15 WIB","Seri MotoGP 2026 berlanjut ke puncaknya di Sirkuit Silverstone, Inggris, Minggu (9/8/2026). Balapan utama MotoGP Inggris 2026 akan menjadi penentu lanjutan persaingan gelar juara dunia yang semakin panas.

detikSport kembali menghadirkan Live Reaction MotoGP dalam d'Race Talks untuk menemani para pencinta balap motor menyaksikan keseruan race utama Silverstone. Jalannya balapan akan dibahas secara langsung, mulai dari persaingan di lintasan, momen-momen penting, hingga hasil akhir race.

Jorge Martin datang dengan modal sangat kuat. Rider Aprilia itu meraih pole position sekaligus memecahkan rekor lap Silverstone pada kualifikasi. Martin kemudian melanjutkan dominasinya dengan memenangi Sprint Race, Sabtu (8/8).

Kemenangan tersebut membuat Martin semakin kokoh di puncak klasemen MotoGP 2026. Ia kini mengoleksi 220 poin, unggul 17 poin atas Ai Ogura yang berada di posisi kedua. Martin pun berpeluang menyapu bersih akhir pekan MotoGP Inggris dengan kembali finis terdepan pada balapan utama.

Di sisi lain, Marc Marquez menghadapi pekerjaan rumah besar. Juara bertahan MotoGP itu hanya finis kesembilan dalam Sprint setelah mengalami masalah grip ban belakang. Marquez bahkan nyaris kehilangan satu poin terakhirnya.

Hasil tersebut membuat Marquez kini tertinggal 29 poin dari Martin di klasemen sementara. Ia akan memulai balapan utama dari posisi keenam.

Dengan kondisi tersebut, race utama di Silverstone menjadi kesempatan penting bagi Marquez untuk memangkas jarak sekaligus bagi Martin untuk semakin menjauh dalam perburuan gelar.

detikSport akan menghadirkan Live Reaction d'Race Talks MotoGP Inggris 2026 mulai pukul 18.45 WIB, atau 15 menit sebelum balapan utama dimulai pada pukul 19.00 WIB.

Live reaction ini akan membahas berbagai hal menarik sepanjang race, mulai dari duel Jorge Martin dan para pesaingnya, upaya Marc Marquez bangkit setelah masalah di Sprint, persaingan klasemen MotoGP 2026, hingga analisis jalannya balapan utama di Silverstone.

Jangan lewatkan keseruannya. Saksikan Live Reaction MotoGP Inggris 2026 hanya di detikSport!"
"Starting Grid MotoGP Inggris 2026: Martin Pole, Marc Marquez Start Keenam",https://sport.detik.com/moto-gp/d-8610696/starting-grid-motogp-inggris-2026-martin-pole-marc-marquez-start-keenam,"Minggu, 09 Agu 2026 12:15 WIB","Jorge Martin akan memulai balapan utama MotoGP Inggris 2026 dari posisi terdepan. Rider Aprilia itu mengamankan pole position di Silverstone setelah mencatat rekor lap baru.

Martin membukukan waktu 1 menit 56,160 detik pada sesi kualifikasi, Sabtu (8/8/2026). Ia unggul tipis atas Raul Fernandez dengan selisih 0,021 detik. Ai Ogura melengkapi baris terdepan dengan menempati posisi ketiga.

Dengan demikian, tiga rider Aprilia menguasai baris pertama MotoGP Inggris. Martin kemudian melanjutkan performa apiknya dengan memenangi Sprint 10 lap pada Sabtu.

Martin mengalahkan Ogura, sedangkan Marco Bezzecchi finis ketiga. Raul Fernandez justru gagal menyelesaikan Sprint setelah mengalami kecelakaan.

Marc Marquez akan memulai balapan dari posisi keenam. Rider Ducati Lenovo itu menempati posisi tersebut setelah mencatat waktu 0,367 detik lebih lambat dari Martin.

Marquez sebenarnya sempat berada dalam persaingan posisi terdepan, tetapi kemudian kesulitan di Sprint akibat masalah grip ban belakang. Ia hanya finis kesembilan.

Di baris kedua, Marquez akan ditemani Fabio Di Giannantonio dan Bezzecchi. Di Giannantonio menjadi pebalap Ducati dengan posisi start terbaik, yakni keempat.

Alex Marquez menjadi pebalap Gresini Ducati terbaik dengan start dari posisi ketujuh. Ia akan berada satu baris dengan Franco Morbidelli dan Pedro Acosta.

Francesco Bagnaia mengalami akhir pekan yang sulit sejauh ini. Juara bertahan MotoGP tersebut gagal melewati Q1 sehingga hanya menempati posisi ke-16.

Bagnaia kemudian juga finis ke-17 dalam Sprint. Ia akan memulai balapan utama dari baris keenam bersama Alex Rins dan Brad Binder.

Sementara itu, Jack Miller menjadi pebalap Yamaha dengan posisi start terbaik di urutan ke-11. Joan Mir menjadi pebalap Honda terdepan dengan start dari posisi ke-12.

Tidak ada penalti yang mengubah susunan grid untuk balapan utama MotoGP Inggris 2026.

Baris 1

Baris 24. Fabio Di Giannantonio - VR46 Ducati5. Marco Bezzecchi - Aprilia6. Marc Marquez - Ducati Lenovo

Baris 37. Alex Marquez - Gresini Ducati8. Franco Morbidelli - VR46 Ducati9. Pedro Acosta - KTM

Baris 410. Iker Lecuona - Gresini Ducati11. Jack Miller - Pramac Yamaha12. Joan Mir - Honda

Baris 513. Fabio Quartararo - Yamaha14. Diogo Moreira - LCR Honda15. Luca Marini - Honda

Baris 616. Francesco Bagnaia - Ducati Lenovo17. Alex Rins - Yamaha18. Brad Binder - KTM

Baris 719. Enea Bastianini - KTM Tech320. Cal Crutchlow - LCR Honda21. Pol Espargaro - KTM Tech3

Baris 822. Toprak Razgatlioglu - Pramac Yamaha23. Augusto Fernandez - Yamaha"
"Semarak Kemerdekaan, Ribuan Pesilat Unjuk Jurus di Bundaran HI",https://sport.detik.com/fotosport/d-8610646/semarak-kemerdekaan-ribuan-pesilat-unjuk-jurus-di-bundaran-hi,"Minggu, 09 Agu 2026 12:00 WIB","Jakarta- Ribuan pesilat memenuhi Bundaran HI, Jakarta, dalam aksi flash mob menyambut HUT Ke-81 RI. Sebanyak 6.500 peserta bergerak serentak di tengah Car Free Day."
Marc Marquez Ungkap Biang Kerok Hasil Buruk di Sprint Silverstone,https://sport.detik.com/moto-gp/d-8610631/marc-marquez-ungkap-biang-kerok-hasil-buruk-di-sprint-silverstone,"Minggu, 09 Agu 2026 11:15 WIB","Marc Marquez mengungkap penyebab dirinya kesulitan di Sprint MotoGP Inggris 2026. Rider Ducati Lenovo itu mengalami masalahgrainingpada ban belakang sejak lap keempat hingga harus puas finis kesembilan.

Marquez sebenarnya sempat bersaing di posisi empat besar pada awal Sprint 10 lap di Sirkuit Silverstone, Sabtu (8/8/2026). Namun, kecepatannya kemudian merosot drastis.

Selisih waktu antara lap tercepat dan terlambat Marquez bahkan mencapai sekitar lima detik. Ia finis kesembilan dan hanya mengamankan satu poin, unggul tipis 0,027 detik dari rider di belakangnya. Marquez mengatakan masalah tersebut mengejutkan karena tidak muncul sepanjang sesi latihan.

""Saya kecewa karena kami mengalami hal baru dalam balapan Sprint. Dalam latihan, kami tidak pernah mengalami penurunan performa ban belakang seperti itu,"" kata Marquez kepada media, termasuk Crash, Sabtu (8/8).

""Saya bukan satu-satunya yang mengalaminya; banyak pebalap juga merasakannya. Namun, saya yang paling terdampak karena masalah itu muncul sangat awal. Pada lap keempat saya sudah mulai merasakan penurunan yang sangat besar. Setelah itu saya hanya berusaha bertahan dan menyelesaikan balapan.""

""Ketika berada di posisi ketujuh atau keenam, saya sangat kesulitan dan mengambil banyak risiko untuk menghindari kecelakaan. Selisih poin antara finis keenam dan tidak mendapat poin hanya tiga atau empat angka.""

""Jadi saya memilih menyelesaikan balapan dan melihat apakah besok saya bisa memperbaikinya, apakah saya bisa mengelola ban belakang dengan lebih baik dan apakah tim bisa menemukan solusi untuk membantu kondisi ban belakang.""

Marquez menjelaskan masalah yang dialaminya bukan sekadar degradasi ban. Ia menyebutnya sebagaigraining, kondisi ketika permukaan ban tidak bekerja pada temperatur yang tepat sehingga daya cengkeram terganggu.

""Ini bukan karena temperaturnya jauh lebih dingin. Biasanya dengan suhu dingin... Masalahnya, ini bukan degradasi ban, melainkangraining. Ketika terjadigraining, karet ban tidak bekerja pada temperatur yang tepat.""

""Jadi kita lihat apakah besok (hari Minggu ini) bisa menemukan solusi. Masalahnya, kami tetap tidak tahu bagaimana kondisinya ketika balapan dimulai karena pada sesi latihan danwarm-up, masalah ini tidak akan terasa."""
Klasemen MotoGP 2026: Martin Unggul 17 Poin Jelang Race Utama Silverstone,https://sport.detik.com/moto-gp/d-8610606/klasemen-motogp-2026-martin-unggul-17-poin-jelang-race-utama-silverstone,"Minggu, 09 Agu 2026 10:15 WIB","Jorge Martin kokoh di puncak klasemen MotoGP 2026 jelang balapan utama MotoGP Inggris di Silverstone. Kemenangan pada Sprint Race membuat rider Aprilia itu memperlebar keunggulannya atas Ai Ogura menjadi 17 poin.

Sprint MotoGP Inggris berlangsung di Sirkuit Silverstone, Sabtu (8/8/2026). Martin keluar sebagai pemenang setelah menuntaskan 10 lap dengan keunggulan 1,530 detik atas Ogura. Marco Bezzecchi finis ketiga. Hasil tersebut membuat rider Aprilia itu naik ke posisi ketiga klasemen dengan 193 poin.

Sementara itu, Marc Marquez harus puas finis kesembilan. Rider Ducati Lenovo itu terlihat mengalami persoalan grip dan kehilangan poin penting dalam persaingan papan atas. Marquez kini berada di posisi keempat dengan 191 poin, tertinggal 29 angka dari Martin.

Sebelum Sprint digelar, lima pebalap masih berada dalam jarak 24 poin dari Martin. Namun, hasil balapan 10 lap tersebut mengubah peta persaingan.

Martin kini memimpin dengan 220 poin. Ogura berada di posisi kedua dengan 203 poin atau tertinggal 17 angka. Bezzecchi menguntit di posisi ketiga dengan 193 poin. Ia hanya berjarak 10 poin dari Ogura dan dua poin di depan Marquez.

Fabio Di Giannantonio melengkapi lima besar dengan 189 poin. Rider VR46 itu kini terpaut 31 poin dari Martin. Dengan kondisi tersebut, hanya Martin dan Ogura yang secara matematis punya kemungkinan berada di puncak klasemen setelah race utama Silverstone."
Jadwal MotoGP Inggris 2026: Balapan Utama Mulai Jam Berapa?,https://sport.detik.com/moto-gp/d-8610562/jadwal-motogp-inggris-2026-balapan-utama-mulai-jam-berapa,"Minggu, 09 Agu 2026 09:45 WIB","MotoGP Inggris 2026 memasuki klimaks. Balapan utama di Sirkuit Silverstone akan digelar hari ini, Minggu (9/8/2026), dengan jadwal race pada pukul 19.00 WIB.

Sebelum balapan utama, para pebalap MotoGP lebih dulu menjalani sesi Warm Up pada pukul 15.40-15.50 WIB. Selain MotoGP, rangkaian balapan juga menghadirkan race di kelas Moto2 dan Moto3. Moto2 Race dijadwalkan berlangsung pukul 17.15 WIB, sedangkan Moto3 Race menjadi balapan penutup pada pukul 20.30 WIB.

Berikut jadwal lengkap MotoGP Inggris 2026 untuk Minggu (9/8) dalam waktu Indonesia Barat (WIB):

Jorge Martin akan memulai balapan utama dari posisi terdepan. Rider Aprilia Racing tersebut merebut pole position setelah mencatat waktu 1 menit 56,160 detik di kualifikasi. Catatan itu sekaligus menjadi rekor lap baru di Silverstone.

Martin akan ditemani Raul Fernandez dan Ai Ogura di baris terdepan. Raul hanya terpaut 0,021 detik dari rekan sesama Aprilia tersebut, sedangkan Ogura berada 0,189 detik di belakang Martin.

Marc Marquez akan memulai balapan dari posisi keenam. Sementara juara bertahan Francesco Bagnaia harus bekerja lebih keras setelah hanya menempati posisi ke-16.

Martin juga mengantongi modal penting setelah memenangi Sprint Race MotoGP Inggris, Sabtu (8/8). Ia finis pertama dalam balapan 10 lap tersebut, mengungguli Ai Ogura dan Marco Bezzecchi. Hasil itu membuat Aprilia menyapu bersih tiga posisi teratas Sprint.

Marc Marquez justru hanya finis kesembilan. Hasil tersebut membuat persaingan perebutan gelar kembali menarik untuk disimak pada balapan utama.

Dari kelas Moto3, pebalap Indonesia Veda Ega Pratama akan memulai balapan dari posisi ke-16. Veda sebelumnya tampil menjanjikan dengan finis ketiga pada sesi Practice. Ia bahkan sempat berada di posisi kedua pada awal kualifikasi.

Namun, kecepatannya menurun menjelang akhir sesi. Rider Honda Team Asia itu akhirnya harus puas dengan posisi start ke-16. Balapan Moto3 Inggris sendiri akan berlangsung pukul 20.30 WIB, setelah MotoGP dan Moto2 selesai digelar."
Indonesia Raih 2 Medali di Kejuaraan Asia Hoki Bawah Air,https://sport.detik.com/sport-lain/d-8610447/indonesia-raih-2-medali-di-kejuaraan-asia-hoki-bawah-air,"Minggu, 09 Agu 2026 05:39 WIB","Kejuaraan Asia Hoki Bawah Air CMAS 2026 telah tuntas. Perwakilan Indonesia meraih dua medali.

Kejuaraan Asia Hoki Bawah Air CMAS 2026 berlangsung di Kolam Renang Utama Hotel Seruni, Cisarua, Kabupaten Bogor, Jawa Barat, pada 5-8 Agustus. Ajang ini diikuti perwakilan tujuh negara yakni, Singapura, Malaysia, Filipina, Thailand, Jepang, China, dan Indonesia.

Indonesia menyabet medali perak dari tim Cucut Underwater Hockey di kategori U-15. mereka kalah setelah kalah melawan wakil Malaysia A dengan skor akhir 4-5.

Pada kategori lainnya di Ellite Man dan Woman, tim Underwater Hockey Woman kebanggaan tanah air finish di urutan ketiga dan berhak atas medali perunggu. Janis Rosalita dan kawan-kawan belum berhasil meraih kemenangan kala melawan tim UWH Elite dari negara Filipina dan hanya meraih 3 poin berbanding 11 dari lawannya.

""Apresiasi setinggi-tingginya bagi seluruh Atlet Underwater Hockey tanah air yang telah mengikuti kejuaraan ini. Selamat juga atas perolehan medali yang diraih Tim Elite Woman dan Klub Cucut UWH,"" kata Sekjen PB POSSI, Nur Kholis, dalam keterangan persnya.

Ketua Umum PB POSSI, Makhruzi Rahman, dalam kesempatan terpisah menyampaikan rasa terima kasihnya kepada para atlet. Dia berpesan seluruh atlet untuk terus giat berlatih.

""Kepada seluruh atlet agar terus berlatih dan fokus pada pengembangan skill dan kemampuan diri agar ke depan Underwater Hockey dapat mengharumkan nama bangsa di berbagai ajang pertandingan,"" kata Makhruzi.

""Berharap melalui kejuaraan tingkat Asia ini, cabang olahraga hoki bawah air akan lebih dikenal oleh seluruh masyarakat di Indonesia, sehingga dapat terus berkembang dan menorehkan prestasi membanggakan di kemudian hari,"" sambungnya."
POTSI Perkuat Tata Kelola dan Prestasi Teqball,https://sport.detik.com/sport-lain/d-8610435/potsi-perkuat-tata-kelola-dan-prestasi-teqball,"Minggu, 09 Agu 2026 02:29 WIB","Pengurus Pusat Persatuan Teqball Seluruh Indonesia (PP POTSI)telah menggelar Rapat Kerja Nasional (Rakernas). Agendanya memperkuat tata kelola dan prestasi.

Rakernas PP POTSI berlangsung di Auditorium Hall Fakultas Ilmu Keolahragaan dan Kesehatan (FIKK) Universitas Negeri Surabaya, Jawa Timur, Jumat (7/9/2026). Ketua Umum PP POTSI, Jovinus Carolus menyebut Rakernas menjadi forum penting untuk menyatukan langkah seluruh pengurus daerah dalam memperkuat tata kelola organisasi.

""Sinergi antara organisasi olahraga, pemerintah daerah, dan seluruh pemangku kepentingan menjadi faktor penting dalam mempercepat pertumbuhan teqball di Indonesia,"" kata Ketua Umum PP POTSI, Jovinus Carolus, dalam keterangan persnya.

""Lahirnya berbagai rekomendasi strategis untuk memperkuat tata kelola organisasi, meningkatkan kualitas pembinaan atlet, memperluas penyelenggaraan kompetisi, serta mendorong pemerataan pengembangan teqball di Tanah Air,"" sambungnya.

Perkembangan cabang olahraga Teqball cukup siginifikan. Bukan hanya sudah tampil dalam pertandingan ekshibisi pada Pekan Olahraga Nasional (PON) Aceh-Sumatera Utara (Sumut) 2024, Teqball sudah menyumbangkan tiga medali perak dan dua perunggu untuk Indonesia pada SEA Games Thailand 2025.

Tim Teqball Indonesia nantinya juga akan tampil di Asian Games yang berlangsung di Aichi-Nagoya, Jepang, 19 September hingga 4 Oktober 2026. Akan ada empat atlet yang mewakili Indonesia, yakni Yoga Ardika Putra akan tampil di nomor tunggal putra, Zikrha Dwi Putri di tunggal putri, dan Husni Uba dan Mardhani nomor ganda putra.

""Mereka mendapat tiket ke Asian Games Aichi-Nagoya 2026 karena menjadi finalis pada SEA Games Thailand 2025. Dan, kita menujuk Gabriella Kota karena sangat memahami karakter atlet Indonesia,"" kata Wakil Ketua Umum PP POTSI yang juga Manajer Tim Teqball Indonesia, Umar Aryo Seno Junior."
16 Peserta Audisi PB Djarum ke Fase Karantina,https://sport.detik.com/raket/d-8610413/16-peserta-audisi-pb-djarum-ke-fase-karantina,"Minggu, 09 Agu 2026 00:40 WIB","16 atlet muda berhasil meraih Super Tiket pada Audisi Umum PB Djarum 2026 - Makassar. Mereka selanjutnya menjalani fase karantina.

Pencarian talenta bulutangkis ini berlangsung di GOR Dafest pada tanggal 4 sampai 8 Agustus 2026. Audisi Umum PB Djarum 2026 ini diikuti tak kurang 233 peserta dari 73 kota/kabupaten dengan tiga kategori usia yaitu U-11, KU 11, dan KU 12 baik putra maupun putri.

Setelah mengikuti berbagai rangkaian kegiatan, terpilih 16 orang untuk lanjut ke fase karantina pada 14 September - 9 Oktober 2026. Pada tahap ini akan ada dua kali eliminasi, yakni 28 September dan 10 Oktober sebelum resmi bergabung dengan klub PB Djarum.

""Kami tim pencari bakat cukup kagum dengan karakter permainan para atlet di Audisi Umum PB Djarum 2026 - Makassar. Banyak dari mereka sudah memiliki kemampuan dasar yang baik dan tidak sedikit pula sudah pernah ikut audisi. Namun kami harus memilih yang terbaik sesuai dengan kebutuhan PB Djarum. Kami ucapkan kepada peraih Super Tiket, dan bagi yang belum berhasil jangan berkecil hati,"" kta Ketua Tim Pencari Bakat Audisi Umum PB Djarum 2026, Sigit Budiarto, dalam keterangan persnya.

Liliyana Natsir yang turut memantau Audisi Umum PB Djarum 2026 - Makassar sejak hari pertama mengungkapkan, atlet-atlet putri yang mengikuti seleksi memiliki potensi yang cukup menjanjikan. Legenda bulutangkis kelahiran Manado, Sulawesi Utara, tersebut menilai mayoritas peserta memiliki postur yang relatif tinggi serta kekuatan pukulan yang menjadi modal penting untuk berkembang di level yang lebih tinggi.

""Kalau melihat atlet-atlet putri di Makassar, saya melihat banyak yang memiliki postur tinggi dan power yang cukup bagus. Ini tentu menjadi modal awal yang baik, walaupun masih perlu mengasah teknik, konsistensi, dan kemampuan bermain supaya bisa berkembang lebih jauh,"" ujar peraih medali emas Olimpiade Rio de Janeiro 2016 bersama Tontowi Ahmad tersebut.

Berikut daftar peraih Super Tiket dari jalur turnamen maupun pilihan tim pencari bakat beserta asal kota dan klub:

Super Tiket Jalur Turnamen

* U-11 Putri : Arachely Sabila Kinga - Gorontalo, Gorontalo (Billionaires Gorontalo)* KU 11 Putri : Andi Nahwah Khaliqah - Makassar, Sulawesi Selatan (PB Champion Makassar)* KU 12 Putri : Kresensia Lembayung Ubung Mering - Balikpapan, Kalimantan Timur (Champion Klaten)* U-11 Putra : Muh. Nur Rizki Ismail - Kendari, Sulawesi Tenggara (PB Indojaya Kendari)* KU 11 Putra : Russel Junior Sumual - Minahasa Utara, Sulawesi Utara (PB Talenta)* KU 12 Putra : Muhammad Abidzar Alghifari - Balikpapan, Kalimantan Timur (PB Terpadu)

Super Tiket Pilihan Tim Pencari Bakat

U-11 Putri1. Balqis Maharani S - Makassar, Sulawesi Selatan (Karsa Mandiri Makassar)

KU 11 Putri1. Kartika Madelynne Tambahani - Minahasa, Sulawesi Utara (Manguni Badminton Club)

KU 12 Putri1. Nadine Serenity Maweru Runtu - Makassar, Sulawesi Selatan (PB Avanti)2. Ainiyah Farah Dai - Gorontalo, Gorontalo (Pelatkot Gorontalo)3. Nur Hidayah - Makassar, Sulawesi Selatan (PB Yanti Jaya Makassar)

U-11 Putra1. Mickael Desman Pekey - Jayapura, Papua (Jayawijaya Badminton Club)2. JJ Miguel Ongels - Ambon, Maluku (PB Micky)

KU 11 Putra1. Kean Alfa Y Warankiran - Makassar, Sulawesi Selatan (PB Tiga Berlian Makassar)

KU 12 Putra1. Muh. Faiz Athallah - Makassar, Sulawesi Selatan (PB Ukhuwah Makassar)2. Geralldy Mananggel - Minahasa Utara, Sulawesi Utara (PB Talenta)"
Hasil Sprint Race MotoGP Inggris 2026: Jorge Martin Juara!,https://sport.detik.com/moto-gp/d-8610304/hasil-sprint-race-motogp-inggris-2026-jorge-martin-juara,"Sabtu, 08 Agu 2026 22:31 WIB","Jorge Martintampil sangat dominan diSprint RaceMotoGP Inggris 2026. Ia memimpin sedari start dan tak tersentuh hingga melintasi garis finis.

Sprint Race MotoGP Inggris 2026 berlangsung di sirkuit Silverstone, Sabtu (8/8/2026) malam WIB. Balapan ini berjalan selama 10 putaran dan Martin memimpin setiap lapnya.

Jorge Martin start dengan baik dan mempertahankan posisi terdepan. Ia diikuti Ai Ogura dan Fabio Di Giannantonio, sementaraMarc Marqueznaik ke posisi empat usai melewati Marco Bezzecchi di akhir lap pertama.

Tiga putaran berjalan, Martin membuka jarak hingga setengah detik. Marc Marquez di posisi empat cukup kesulitan mengikuti laju Ogura dan Diggia di depannya dan sudah tertinggal 0,6 detik di titik ini.

Bezzecchi berhasil melewati Marc Marquez di putaran kelima bermodal akselerasi kuat selepas tikungan. Marc kemudian juga dilewati adiknya, Alex.

Marc yang keteteran dengan lajunya terus melorot. Pedro Acosta mendahuluinya saat balapan tersisa dua putaran. Berikutnya giliran Mir yang menyalip Marc.

Di saat yang sama, Alex naik ke posisi empat. Ia berhasil melewati Diggia. Di last lap, Marc lanjut turun ke posisi sembilan setelah diasapi Franco Morbidelli.

Martin finis pertama diikuti Ogura dan Bezzecchi. Alex Marquez, Diggia, Acosta di posisi 4-6. Mir, Morbidelli, Marc Marquez, dan Diogo Moreira melengkapi 10 besar.

Hasil Sprint Race MotoGP Inggris 2026"
Kualifikasi Moto3 Inggris 2026: Veda Ega Pratama Bakal Start ke-16,https://sport.detik.com/moto-gp/d-8610222/kualifikasi-moto3-inggris-2026-veda-ega-pratama-bakal-start-ke-16,"Sabtu, 08 Agu 2026 20:47 WIB","Moto3 Inggris 2026 sudah merampungkan sesi kualifikasinya. Rider Indonesia, Veda Ega Pratama, bakal start dari posisi ke-16.

Di Sirkuit Silverstone, Sabtu (8/8/2026), Veda Ega sedianya bermodal catatan waktu apik ke kualifikasi. Ia sempat finis ketiga di sesi practice kemarin.

Di kualifikasi, Veda Ega gagal bersaing dengan rider lain. Meski sempat melesat ke posisi dua di awal sesi, ia gagal mempertahankannya hingga akhir.

Alhasil, rider Honda Team Asia itu cuma bisa finis ke-16. Ia bakal start dari posisi tersebut pada balapan hari Minggu (9/8).

Kualifikasi Moto3 Inggris 2026 akhirnya dikuasai Scott Ogden. Rider Inggris itu mencatat waktu 2 menit 09.126 detik.

Di posisi dua ada Adrian Cruces, disusul Valentin Perrone di posisi tiga. David Almansa dan Alvaro Carpe mengunci lima besar.

Rider Malaysia, Hakim Danish, bakal start dari posisi ke-9. Sementara Maximo Quilles, yang sempat crash, harus start dari posisi ke-11."
Hasil Kualifikasi MotoGP Inggris 2026: Martin Raih Pole dan Pecah Rekor,https://sport.detik.com/moto-gp/d-8610106/hasil-kualifikasi-motogp-inggris-2026-martin-raih-pole-dan-pecah-rekor,"Sabtu, 08 Agu 2026 18:42 WIB","Jorge Martinmenjadi yang tercepat di sesi kualifikasiMotoGP Inggris 2026. Rider Aprilia itu juga memecahkan rekor waktu tercepat di Sirkuit Silverstone.

Di Sirkuit Silverstone, Sabtu (8/8/2026), sesi Q1 digelar lebih dulu. Hasilnya, Franco Morbidelli keluar menjadi yang tercepat, disusul Iker Lecuona. Keduanya lolos ke Q2 dan berhak ikut berebut pole position.

Di sesi Q2, rider-rider tercepat langsung gaspol. Marquez bersaudara, Alex dan Marc, sempat saling sikat mencatat waktu terbaik.

Marco Bezzecchi juga sempat melesat ke posisi tercepat. Ia memimpin kualifikasi saat menyisakan tiga menit lagi.

Tak lama berselang, waktunya dipatahkan Raul Fernandez. Di akhir kualifikasi,Jorge Martinakhirnya melesat menjadi yang tercepat!

Rider Aprilia itu mencatat waktu 1 menit 56.160 detik. Catatan itu menjadi rekor baru, mematahkan rekor Fabio Quartararo tahun lalu.

Martin akhirnya merebut pole position di MotoGP Inggris 2026. Sementara Raul Fernandez harus puas di urutan dua, dan Ai Ogura di tempat ketiga.

Fabio Di Giannantonio di posisi empat, disusul Bezzecchi menutup lima besar. Marc Marquez harus start dari posisi 6, disusul adiknya, Alex. Morbidelli di urutan 8, disusul Pedro Acosta dan Iker Lecuona menutup 10 besar.

Hasil Kualifikasi MotoGP Inggris 2026"
"SEA Women's V Cup 2026: Revans atas Vietnam, Bikin Indonesia Pede Lawan Thailand",https://sport.detik.com/sport-lain/d-8610082/sea-womens-v-cup-2026-revans-atas-vietnam-bikin-indonesia-pede-lawan-thailand,"Sabtu, 08 Agu 2026 18:16 WIB","Kemenangan Indonesia mengamankan laga pertama melawan Vietnam diSEA Women's V Cup 2026,menjadi bekal kepercayaan diri dalam menghadapi Thailand.

Hal itu disampaikan Manajer Timnas Voli Putri Indonesia Luciana Taroreh, yang menyebut kemenangan 3-2 atas Vietnam bukan cuma menambah poin bagi timnya, melainkan bekal penting untuk menghadapi pertandingan selanjutnya.

Bagaimana pun, Indonesia sempat kalah dari Vietnam 1-3 (25-20, 15-25, 19-25, 20-25) di Leg pertama SEA V Cup pada 1 Agustus lalu. Namun, mereka sukses revans.

""Kemenangan ini penting untuk meningkatkan kepercayaan diri tim. Kamitetap akan melakukan evaluasi untuk memperbaiki beberapa aspek permainan menjelang pertandingan berikutnya,"" ujar Luciana dalam keterangannya, dikutip Sabtu (8/8/2026).

Indonesia diketahui menang comeback dari ketertinggalan 0-2, kemudian bangkit dan menang atas Vietnam 3-2 (20-25, 18-25, 25-22, 25-20, 15-9) pada Jumat (7/8).

Indonesia bangkit lewat permainan lebih disiplin di blok dan serangan yang dipimpin Arsella Nuari Purnama dan Ersandrina Devega. Keduanya sama-sama menyumbang 20 poin dan menjadi motor kebangkitan di set ketiga hingga penentuan.

""Syukur kepada Tuhan, hari ini (Jumat) tim berhasil meraih kemenangan 3-2 atas Vietnam dalam pertandingan yang sangat ketat,"" kata Luciana.

""Para pemain menunjukkan semangat juang dan mental yang baik saat menghadapi tekanan.""

Timnas voli putri Indonesia dijadwalkan bertanding melawan Thailand pada hari ini. Di laga kedua ini, Indonesia diharapkan mampu kembali revans.

Pada Leg 1 SEA V Cup pada akhir Juli lalu, Indonesia juga kalah dari Thailand 1-3 (21-25, 34-32, 21-25, 19-25)."
Selamat! Ini 3 Pemenang Kuis Pantun untuk Alex Marquez & Aldeguer,https://sport.detik.com/moto-gp/d-8609941/selamat-ini-3-pemenang-kuis-pantun-untuk-alex-marquez-aldeguer,"Sabtu, 08 Agu 2026 16:14 WIB","Challenge seru dari Bold Riders bersama detikcom kembali hadir untuk para penggemar MotoGP. Kali ini, fans diajak menunjukkan kreativitas dengan membuat pantun yang kreatif dan lucu untuk menyemangati Fermin Aldeguer atau Alex Marquez.

Kuis ini pun mendapat antusiasme tinggi dari para pencinta MotoGP Tanah Air. Beragam pantun kreatif pun bermunculan sebagai bentuk dukungan untuk kedua rider yang tengah bersaing di MotoGP 2026.

Setelah periode kuis berakhir, terpilih tiga peserta yang berhak mendapatkan hadiah saldo e-wallet. Berikut nama-namanya:

@naufaltoriq17

@ayahnya_caca

@dejanglipalmvilla.semarang

[Gambas:Instagram]

Selamat kepada para pemenang! Tiga pemenang dengan pantun terbaik berkesempatan membawa pulang hadiah berupa saldo e-wallet masing-masing senilai Rp 250 ribu.

Tim detikcom nantinya akan menghubungi masing-masing pemenang melalui direct message untuk proses verifikasi data dan informasi pengiriman hadiah. Bagi yang belum beruntung, jangan berkecil hati. Nantikan kuis-kuis MotoGP berikutnya di detikSport dan ikuti keseruannya.

Jadi, pastikan kamu terus pantau Instagram @detikcom dan @boldriders agar tidak ketinggalan update challenge berikutnya. Siapa tahu, giliran kamu yang membawa pulang hadiahnya!"
